Astro ID,tic_id,planetno,model_no,disp_p,disp_e,disp_n,disp_j
37705123101,377051231,1,0,0.15010548,0.070768714,0.078041956,0.70108384
37710239002,377102390,2,0,0.1507111,0.027961954,0.06536979,0.7559571
37719614202,377196142,2,0,0.050343573,0.03364991,0.051830463,0.86417603
37719706801,377197068,1,0,0.57615787,0.16857056,0.10339758,0.15187404
37719706802,377197068,2,0,0.6249298,0.11954236,0.09260497,0.16292284
37720065601,377200656,1,0,0.5299262,0.040145483,0.09416351,0.33576474
37720230301,377202303,1,0,0.34124574,0.24705422,0.1149762,0.29672375
37725765001,377257650,1,0,0.7071548,0.15246324,0.08962591,0.050755907
37725765002,377257650,2,0,0.13679044,0.34807953,0.12997898,0.38515103
37730581201,377305812,1,0,0.76354676,0.106069,0.08468013,0.04570409
37730581202,377305812,2,0,0.051515732,0.11559806,0.05378675,0.7790995
37730715001,377307150,1,0,0.039947707,0.101806045,0.06379006,0.7944562
37847449101,378474491,1,0,0.54311687,0.029326214,0.08230003,0.34525695
37847583202,378475832,2,0,0.0003342918,0.010381839,0.015687333,0.9735965
37885843102,378858431,2,0,0.00021708327,0.008464477,0.017720254,0.97359824
37886310201,378863102,1,0,0.2708142,0.5172508,0.092643395,0.11929162
37886310202,378863102,2,0,0.03398618,0.27993268,0.0850172,0.60106397
37898918701,378989187,1,0,0.41470504,0.030977648,0.13181141,0.4225059
37898918707,378989187,7,0,0.31405485,0.025704788,0.085223615,0.5750167
37899039501,378990395,1,0,0.62632585,0.1092566,0.0754994,0.18891817
37899039502,378990395,2,0,0.09371579,0.038226932,0.05185405,0.81620324
37908757001,379087570,1,0,0.45556706,0.05051369,0.086137675,0.4077817
37909219001,379092190,1,0,0.0865635,0.0497303,0.050840892,0.8128653
37924683102,379246831,2,0,0.00080760627,0.018244725,0.029390356,0.9515574
37937215202,379372152,2,0,0.55878145,0.028089417,0.109673515,0.30345565
37937803001,379378030,1,0,0.99632305,0.00026363437,0.00030880678,0.0031044513
37952882005,379528820,5,0,0.8145256,0.033762217,0.06315723,0.08855509
37962880501,379628805,1,0,0.8055835,0.10973245,0.057946555,0.026737649
37962880505,379628805,5,0,0.04336512,0.01956035,0.057882752,0.8791918
37963391605,379633916,5,0,0.0054843,0.013604112,0.033613455,0.9472981
37963586801,379635868,1,0,0.28572735,0.0510779,0.085824005,0.57737076
38367399002,383673990,2,0,0.0029091714,0.008853336,0.024871042,0.96336645
38367545302,383675453,2,0,0.014278502,0.11160411,0.057116162,0.8170012
38459596801,384595968,1,0,0.73888123,0.07038737,0.07726288,0.11346863
38460249302,384602493,2,0,0.16434745,0.08386843,0.09190477,0.6598792
38460249304,384602493,4,0,0.52350223,0.07159358,0.092065774,0.3128384
38460249305,384602493,5,0,0.6242813,0.11302533,0.09460651,0.1680869
38460249306,384602493,6,0,0.63406116,0.06952747,0.081342384,0.215069
38460249309,384602493,9,0,0.48155963,0.23503445,0.12383339,0.1595725
38460249311,384602493,11,0,0.28582168,0.09910309,0.11558349,0.49949163
38460249312,384602493,12,0,0.6911183,0.09308267,0.090557896,0.12524131
38472792201,384727922,1,0,0.92952,0.010878736,0.04156576,0.01803544
38473540501,384735405,1,0,0.20035186,0.3444018,0.115755595,0.3394907
38473712601,384737126,1,0,0.85216874,0.02638661,0.063945405,0.0574992
38481496701,384814967,1,0,0.13337356,0.054586466,0.0704761,0.7415639
38491884501,384918845,1,0,0.31907612,0.07270283,0.091076724,0.5171443
38491987201,384919872,1,0,0.12648335,0.023488846,0.09860044,0.75142735
38498678901,384986789,1,0,0.40027604,0.038149614,0.090208046,0.47136632
38498678902,384986789,2,0,0.6648166,0.060568925,0.104083814,0.17053066
38504076501,385040765,1,0,0.656832,0.0497435,0.09905,0.19437444
38504076701,385040767,1,0,0.7551365,0.04119802,0.08340165,0.12026383
38504108601,385041086,1,0,0.15890299,0.45860228,0.114428796,0.2680659
38504108602,385041086,2,0,0.0012409587,0.0205271,0.016218008,0.962014
38509973202,385099732,2,0,0.059687853,0.8083437,0.06383317,0.068135284
38509973203,385099732,3,0,0.009372859,0.4459809,0.07032088,0.47432536
38510077902,385100779,2,0,0.4584717,0.06393504,0.10862171,0.3689715
38510562401,385105624,1,0,0.91311103,0.030901352,0.044836845,0.011150745
38510772701,385107727,1,0,0.29125702,0.1698591,0.11814279,0.4207411
38515369302,385153693,2,0,0.4468467,0.04806497,0.10994665,0.39514166
38519587002,385195870,2,0,0.042849336,0.7989699,0.05760464,0.10057617
38520103503,385201035,3,0,0.00030003485,0.012294245,0.014654249,0.9727515
38520103504,385201035,4,0,0.0033357604,0.047948964,0.03382433,0.914891
38520103505,385201035,5,0,0.0092876945,0.82739556,0.053111613,0.1102051
38520103507,385201035,7,0,0.011686598,0.34053954,0.075356565,0.5724173
38520274802,385202748,2,0,0.48050505,0.06864146,0.09491215,0.3559412
38525796201,385257962,1,0,0.6868697,0.04086432,0.09155542,0.1807106
38533542301,385335423,1,0,0.68966,0.059081547,0.09797055,0.1532879
38534408501,385344085,1,0,0.52200514,0.15573256,0.08044366,0.24181864
38540271501,385402715,1,0,0.034328435,0.11263697,0.056594077,0.7964404
38540271502,385402715,2,0,0.017422833,0.10353072,0.04683552,0.8322109
38540364902,385403649,2,0,0.013365752,0.01123657,0.031531416,0.9438663
38540424902,385404249,2,0,0.011474502,0.038476672,0.03874256,0.9113062
38540677303,385406773,3,0,0.4840882,0.027182955,0.09931704,0.3894118
38543841103,385438411,3,0,0.2484542,0.029600976,0.10883536,0.61310947
38550601702,385506017,2,0,0.25027934,0.026521819,0.09952279,0.623676
38555543004,385555430,4,0,0.1300759,0.024136558,0.0610458,0.7847417
38555552102,385555521,2,0,0.032562856,0.041363876,0.052136727,0.8739365
38559280703,385592807,3,0,0.00042337237,0.9931979,0.0041795354,0.0021990289
38723707601,387237076,1,0,0.5968813,0.20839919,0.10508878,0.08963082
38725962601,387259626,1,0,0.8698624,0.06547678,0.0494654,0.015195334
38725962603,387259626,3,0,0.00029179902,0.0105035445,0.01031985,0.9788849
38726191801,387261918,1,0,0.30915388,0.064424194,0.09387361,0.53254825
38726895502,387268955,2,0,0.0386023,0.12770084,0.10432868,0.7293682
38735740302,387357403,2,0,0.043733083,0.03446758,0.044049606,0.87774974
38741303702,387413037,2,0,0.7724334,0.11554269,0.07971607,0.032307796
38741303703,387413037,3,0,0.83507335,0.051746033,0.07602961,0.037151046
38750415604,387504156,4,0,0.011380219,0.007202565,0.02633648,0.95508075
38750419701,387504197,1,0,0.35781625,0.12489932,0.1188325,0.3984519
38750468401,387504684,1,0,0.22921996,0.11270653,0.10797518,0.55009824
38752948901,387529489,1,0,0.47129312,0.30928972,0.10944165,0.10997545
38756526804,387565268,4,0,0.0015328501,0.00053665094,0.014104667,0.98382586
38760611702,387606117,2,0,0.031421773,0.028838681,0.04255256,0.89718705
38770225602,387702256,2,0,0.00030497168,0.003264535,0.01043114,0.9859993
38770225603,387702256,3,0,0.0003554465,0.0031960118,0.010596876,0.98585165
38775831901,387758319,1,0,0.38046187,0.07923434,0.10422753,0.43607628
38783490701,387834907,1,0,0.65694726,0.17322625,0.09977416,0.07005224
38783490702,387834907,2,0,0.0010366153,0.016514814,0.024170233,0.9582784
38789548302,387895483,2,0,0.003630568,0.008645863,0.03730575,0.9504177
38789653001,387896530,1,0,0.25596154,0.44944564,0.117977716,0.17661506
38789791904,387897919,4,0,0.0025948014,0.0037671959,0.017901318,0.9757367
38795197501,387951975,1,0,0.14068423,0.0697231,0.07788339,0.71170926
38795197503,387951975,3,0,0.023683218,0.02477267,0.02915674,0.92238736
38843171003,388431710,3,0,3.385436e-05,0.00637821,0.005811213,0.9877767
38843171004,388431710,4,0,0.0023651572,0.04041216,0.03157478,0.92564785
38843171103,388431711,3,0,2.3737677e-05,0.0032649646,0.004926596,0.99178463
38843171104,388431711,4,0,0.0014057283,0.027467674,0.02512236,0.9460042
38843174002,388431740,2,0,0.67260104,0.10992674,0.09540744,0.12206488
38843174202,388431742,2,0,0.52243936,0.095546134,0.09477987,0.28723466
38850464401,388504644,1,0,0.8897419,0.03145909,0.053796966,0.025002033
38850534501,388505345,1,0,0.88712895,0.04589816,0.041814443,0.02515851
38852850802,388528508,2,0,0.04461584,0.052065652,0.040737476,0.862581
38856631101,388566311,1,0,0.009210373,0.010744993,0.024875848,0.9551688
38860109905,388601099,5,0,0.00084273325,0.005523199,0.01779419,0.97583985
38985019404,389850194,4,0,0.21891648,0.029663965,0.089258045,0.6621615
39001944105,390019441,5,0,0.0025965236,0.0063382876,0.030163825,0.9609013
39040098902,390400989,2,0,0.050883424,0.07499814,0.0682142,0.80590427
39041031901,390410319,1,0,0.5713084,0.059661906,0.11166862,0.25736108
39041155702,390411557,2,0,0.4805348,0.08275376,0.10907006,0.32764134
39045979309,390459793,9,0,0.0001244731,0.0024495395,0.01566936,0.9817566
39046255401,390462554,1,0,0.68151075,0.10428014,0.06660061,0.14760844
39046726701,390467267,1,0,0.059764802,0.015028226,0.051859505,0.87334734
39052256503,390522565,3,0,0.7182939,0.039449822,0.07738637,0.16486989
39057252201,390572522,1,0,0.0010665276,0.0064298683,0.022520192,0.9699835
39066355403,390663554,3,0,0.14168718,0.050261106,0.07495051,0.73310125
39066549701,390665497,1,0,0.2908844,0.05538208,0.098455094,0.55527836
39074150703,390741507,3,0,0.05824501,0.11287897,0.081022434,0.7478535
39074150704,390741507,4,0,0.06634296,0.118427314,0.09091918,0.7243105
39085710803,390857108,3,0,0.31143823,0.029626489,0.119770296,0.539165
39088730701,390887307,1,0,0.8118108,0.11243924,0.053163555,0.022586415
39088945501,390889455,1,0,0.24417213,0.21629469,0.05972033,0.4798128
39089663702,390896637,2,0,0.00865445,0.39876175,0.06866612,0.52391773
39089785601,390897856,1,0,0.10056608,0.60473126,0.09758084,0.19712184
39089785602,390897856,2,0,0.0011945579,0.02254706,0.014289462,0.9619689
36785902901,367859029,1,0,0.27546567,0.04902011,0.08838712,0.58712715
36791098501,367910985,1,0,0.43300226,0.052228946,0.09523865,0.41953018
36792488104,367924881,4,0,0.54467326,0.10009028,0.12481585,0.23042056
36792719301,367927193,1,0,0.30307755,0.39882487,0.13346519,0.16463241
36792719302,367927193,2,0,0.08941908,0.5893003,0.11091352,0.2103672
36792860001,367928600,1,0,0.5491739,0.03105942,0.089501694,0.330265
36793438302,367934383,2,0,0.36376423,0.05040797,0.08093008,0.5048976
36793945802,367939458,2,0,0.119421154,0.623939,0.09333406,0.16330576
36794066204,367940662,4,0,6.84046e-05,0.0016840197,0.0070583606,0.9911892
36799809601,367998096,1,0,0.19299614,0.65859,0.074033424,0.074380405
36799809602,367998096,2,0,0.109166145,0.41987696,0.11528327,0.3556736
36801301001,368013010,1,0,0.059044044,0.43204808,0.09520568,0.4137022
36801301002,368013010,2,0,0.017751498,0.30579245,0.07199649,0.60445946
36806473501,368064735,1,0,0.45778492,0.12973857,0.116661206,0.29581532
36807369203,368073692,3,0,0.34724206,0.06921939,0.11386358,0.46967503
36811820401,368118204,1,0,0.69256884,0.18169507,0.07460697,0.051129173
36814959504,368149595,4,0,0.0015833649,0.005314922,0.01921624,0.9738855
36816561903,368165619,3,0,0.07603174,0.036131535,0.05283276,0.8350039
36817378702,368173787,2,0,0.3994558,0.048699822,0.09553667,0.45630774
36817378704,368173787,4,0,0.04845184,0.015920937,0.050353408,0.88527375
36824219703,368242197,3,0,0.5262452,0.070604496,0.11063004,0.29252014
36826386701,368263867,1,0,0.6680501,0.030097453,0.10385594,0.19799647
36826462202,368264622,2,0,0.160754,0.107086755,0.08769191,0.6444674
36826894701,368268947,1,0,0.11325106,0.29838336,0.10042747,0.48793814
36827509801,368275098,1,0,0.6768286,0.03409942,0.083632894,0.20543905
36830150101,368301501,1,0,0.6870922,0.11037224,0.09378129,0.10875435
36838627401,368386274,1,0,0.03616453,0.017414011,0.053879738,0.8925418
36838627406,368386274,6,0,0.017071841,0.012778002,0.03296267,0.93718755
36838740305,368387403,5,0,0.010010589,0.023054222,0.025417723,0.9415175
36839870703,368398707,3,0,0.00038204473,0.002324374,0.010552533,0.9867409
36844647002,368446470,2,0,0.0043325988,0.013735566,0.024753746,0.95717806
36845851601,368458516,1,0,0.82193565,0.06804462,0.06916123,0.040858496
36851479601,368514796,1,0,0.041648477,0.07405325,0.046400696,0.83789754
36853483801,368534838,1,0,0.26088247,0.2012842,0.123187885,0.41464537
36859781102,368597811,2,0,0.14892204,0.034072317,0.07585075,0.74115485
36859781103,368597811,3,0,0.13697757,0.025876714,0.083653234,0.75349253
36859896404,368598964,4,0,0.00029319746,0.004129584,0.011135039,0.9844422
36860334402,368603344,2,0,0.43436894,0.04131461,0.09937905,0.4249373
36873349301,368733493,1,0,0.20007616,0.3941291,0.10982253,0.29597226
36873643201,368736432,1,0,0.69884545,0.022248648,0.09472785,0.184178
36879338702,368793387,2,0,0.4676016,0.03768823,0.098906964,0.39580324
36883526501,368835265,1,0,0.12010611,0.06674361,0.06382204,0.7493282
36891826001,368918260,1,0,0.23342912,0.036235414,0.13120663,0.59912896
36891919801,368919198,1,0,0.6132535,0.01765125,0.11031312,0.2587822
36891969601,368919696,1,0,0.33833787,0.0820353,0.10069503,0.47893184
36897733001,368977330,1,0,0.18174966,0.23319747,0.10502735,0.48002553
36897733002,368977330,2,0,0.0016321483,0.026042586,0.014251907,0.9580733
36905341501,369053415,1,0,0.30966547,0.2552501,0.13027345,0.30481097
36920251001,369202510,1,0,0.8583922,0.03634965,0.06385155,0.04140663
36925552901,369255529,1,0,0.09289314,0.596555,0.08807336,0.22247846
36925552902,369255529,2,0,0.0008491823,0.017144304,0.013077923,0.96892864
36925926506,369259265,6,0,0.0038742875,0.04289021,0.026306408,0.926929
36925926507,369259265,7,0,0.0010803349,0.010853283,0.01321247,0.9748539
36925970401,369259704,1,0,0.56733227,0.26892492,0.09534093,0.06840185
36926419801,369264198,1,0,0.5025128,0.12164376,0.08739305,0.2884504
36927378403,369273784,3,0,0.62631154,0.0314287,0.0747706,0.26748914
36927984501,369279845,1,0,0.081118055,0.54304504,0.11273749,0.26309934
36927984504,369279845,4,0,0.0008618997,0.0062502767,0.014916525,0.97797126
36928303501,369283035,1,0,0.7092429,0.17561115,0.06964163,0.04550431
36935185403,369351854,3,0,0.1630072,0.028575972,0.09206728,0.71634954
36938369501,369383695,1,0,0.11089455,0.050433733,0.0658889,0.77278274
36946124001,369461240,1,0,0.12113217,0.032308552,0.069693595,0.77686566
37121754901,371217549,1,0,0.04636344,0.03908725,0.03589292,0.8786563
37170909801,371709098,1,0,0.21373883,0.19667518,0.13573378,0.45385224
37170909802,371709098,2,0,0.16703027,0.18301956,0.14153813,0.50841206
37211381403,372113814,3,0,0.117303774,0.027582575,0.064592585,0.790521
37213204501,372132045,1,0,0.23314068,0.061640546,0.10641968,0.5987991
37219644702,372196447,2,0,0.0038031668,0.06558341,0.03958329,0.89102995
37225669701,372256697,1,0,0.04749739,0.04144279,0.06094531,0.85011446
37226548503,372265485,3,0,0.6681591,0.03221155,0.08964616,0.20998307
37226739505,372267395,5,0,0.9045671,0.017267633,0.051866088,0.026299229
37256273301,372562733,1,0,0.8700963,0.06900825,0.045645244,0.015250203
37256273302,372562733,2,0,0.862078,0.06779556,0.049559437,0.020566955
37256273303,372562733,3,0,0.732015,0.14473522,0.07651678,0.046732947
37256277901,372562779,1,0,0.4173811,0.31409267,0.113999225,0.15452693
37256939001,372569390,1,0,0.59213585,0.050747514,0.10773108,0.24938564
37262223801,372622238,1,0,0.30574572,0.026600825,0.10130808,0.56634533
37262249401,372622494,1,0,0.66189015,0.16093084,0.096441135,0.08073774
37274766702,372747667,2,0,0.040605694,0.06057797,0.030906891,0.8679095
37278943109,372789431,9,0,0.0006026142,0.0032442568,0.01616683,0.9799863
37301708201,373017082,1,0,0.032842528,0.017055187,0.05527109,0.89483124
37302159601,373021596,1,0,0.55659986,0.2512197,0.111362085,0.08081834
37302159602,373021596,2,0,0.10495833,0.27143425,0.14812,0.47548744
37302159603,373021596,3,0,0.057155848,0.4541698,0.10271344,0.38596088
37306142803,373061428,3,0,0.0037877597,0.016896509,0.046530608,0.9327851
37313341201,373133412,1,0,0.888216,0.053512845,0.046477947,0.01179334
37313341202,373133412,2,0,0.0003075225,0.0074919746,0.016749306,0.9754511
37314329401,373143294,1,0,0.030422082,0.15242083,0.060023777,0.75713336
37331855202,373318552,2,0,0.49960133,0.05193526,0.10112167,0.34734178
37332285801,373322858,1,0,0.5332184,0.115593396,0.11067228,0.24051589
37332285802,373322858,2,0,0.08463221,0.08333418,0.07667167,0.755362
37332681501,373326815,1,0,0.3482578,0.15610164,0.09751348,0.39812702
37346298801,373462988,1,0,0.15208112,0.100998744,0.08290476,0.6640153
37346316104,373463161,4,0,0.00014315132,0.003593621,0.01021915,0.986044
37369686505,373696865,5,0,0.04705571,0.055807468,0.0655413,0.8315954
37378304502,373783045,2,0,0.6406543,0.12249482,0.096912965,0.13993798
37395037501,373950375,1,0,0.7689074,0.048771594,0.072527476,0.10979343
37395841601,373958416,1,0,0.8153121,0.045275033,0.072517864,0.06689493
37413159608,374131596,8,0,0.6150312,0.17253934,0.1114623,0.10096702
37422150102,374221501,2,0,0.041239202,0.038168855,0.048447564,0.87214434
37439040004,374390400,4,0,0.0013535928,0.040539965,0.031628903,0.9264775
37439040005,374390400,5,0,0.002714815,0.054327127,0.03460258,0.90835553
37439040006,374390400,6,0,0.0030651074,0.030901596,0.039048042,0.92698514
37439040008,374390400,8,0,0.024833933,0.37051314,0.09008726,0.51456565
37439040009,374390400,9,0,0.016165962,0.39526853,0.073368475,0.515197
37439525601,374395256,1,0,0.03873388,0.673661,0.060375206,0.22722991
37440059901,374400599,1,0,0.7712016,0.13983531,0.0647487,0.024214331
37559863304,375598633,4,0,0.0001420439,0.002483762,0.01319642,0.9841778
37559863306,375598633,6,0,0.00017053189,0.0013759724,0.011311616,0.98714185
37565456601,375654566,1,0,0.6908697,0.18978369,0.077102974,0.042243615
37565457203,375654572,3,0,0.0025721276,0.009285193,0.024906026,0.96323663
37578038001,375780380,1,0,0.8024058,0.054153465,0.07499768,0.06844308
37590496806,375904968,6,0,0.000188092,0.0017521932,0.011191131,0.9868686
37590726402,375907264,2,0,0.013888545,0.0106521305,0.024740139,0.9507192
37608816404,376088164,4,0,0.0016674106,0.00517477,0.016230587,0.9769272
37611987503,376119875,3,0,0.0002657188,0.003378806,0.010381696,0.9859738
37630277501,376302775,1,0,0.6830994,0.12829018,0.11476144,0.073849104
37635350901,376353509,1,0,0.9434605,0.011825838,0.034165017,0.010548586
37636746701,376367467,1,0,0.30357105,0.45176473,0.11181685,0.13284728
37636873501,376368735,1,0,0.4870101,0.035005093,0.099202566,0.37878233
37653974001,376539740,1,0,0.18281028,0.33361083,0.1018443,0.38173437
37655003402,376550034,2,0,0.64635485,0.05750218,0.09170492,0.20443803
37655003403,376550034,3,0,0.36005422,0.051115535,0.11469161,0.47413862
37658921603,376589216,3,0,0.0062296093,0.0071410798,0.030975193,0.95565414
37658982701,376589827,1,0,0.023787025,0.00976757,0.04254579,0.92389965
37668464305,376684643,5,0,0.08386284,0.017004106,0.06378121,0.8353518
37668553005,376685530,5,0,0.001147394,0.0043516634,0.023998102,0.97050285
37684011301,376840113,1,0,0.38086972,0.38830826,0.11039097,0.12043101
37684862301,376848623,1,0,0.63615847,0.042454448,0.09427725,0.22710986
37688312003,376883120,3,0,0.18476342,0.023416298,0.07247574,0.7193445
37697146301,376971463,1,0,0.09059737,0.66684735,0.08559199,0.15696327
37697146302,376971463,2,0,0.04890576,0.49512765,0.09095228,0.36501434
20749536404,207495364,4,0,0.23181865,0.025886483,0.07961449,0.6626804
20749570201,207495702,1,0,0.20504782,0.17126474,0.060126524,0.56356096
20750385601,207503856,1,0,0.23424374,0.023060707,0.06581107,0.6768846
21909079502,219090795,2,0,0.021207172,0.43344572,0.08617425,0.45917296
21910793001,219107930,1,0,0.32427865,0.032859825,0.11489149,0.52797
21911081401,219110814,1,0,0.87813896,0.060417775,0.048162267,0.013280947
21911816301,219118163,1,0,0.100598924,0.090795256,0.07251345,0.7360924
21975037801,219750378,1,0,0.1442068,0.058821663,0.059623025,0.73734844
21975061801,219750618,1,0,0.6475569,0.0913197,0.12484478,0.13627858
21975061802,219750618,2,0,0.5038561,0.14757565,0.15481232,0.19375591
21975323902,219753239,2,0,0.15304008,0.012974131,0.14498675,0.688999
21975342701,219753427,1,0,0.051709376,0.072490126,0.06479362,0.81100684
21975342702,219753427,2,0,0.043988373,0.12307876,0.03847897,0.7944539
21976316303,219763163,3,0,9.097426e-05,0.002109708,0.007415935,0.99038345
21976541101,219765411,1,0,0.17129192,0.022012422,0.026448242,0.7802474
21981102602,219811026,2,0,0.39982268,0.03338334,0.111527495,0.45526645
21984448001,219844480,1,0,0.06434517,0.023782738,0.063619815,0.84825224
21984593104,219845931,4,0,0.034444135,0.014189002,0.040129792,0.911237
21985315004,219853150,4,0,0.00089520577,0.0029408594,0.013035954,0.98312795
21985701201,219857012,1,0,0.93868256,0.015673075,0.034671817,0.010972594
21987589701,219875897,1,0,0.07545057,0.01707038,0.07779288,0.8296861
21987756801,219877568,1,0,0.59281427,0.23575993,0.10271322,0.068712555
21988226201,219882262,1,0,0.858035,0.06960279,0.056157738,0.016204383
21988226202,219882262,2,0,0.080077976,0.2742528,0.09439404,0.5512752
21989270501,219892705,1,0,0.7278939,0.14702831,0.079149395,0.04592825
21989771003,219897710,3,0,0.049616657,0.016296187,0.06602177,0.86806536
22459542601,224595426,1,0,0.3358707,0.07296172,0.099844605,0.49132293
22459542602,224595426,2,0,0.3438784,0.07325832,0.10138241,0.48148093
22459542603,224595426,3,0,0.3614428,0.07514089,0.09728502,0.46613127
22459542604,224595426,4,0,0.049975365,0.037350785,0.078058556,0.8346153
22459542605,224595426,5,0,0.020233214,0.028505228,0.04868164,0.90257984
22459542606,224595426,6,0,0.03545865,0.041696165,0.061470415,0.86137474
22459838401,224598384,1,0,0.9078382,0.036834437,0.043798402,0.011528825
22460392102,224603921,2,0,0.38898793,0.023696663,0.09527782,0.4920375
22939931701,229399317,1,0,0.29809967,0.23711236,0.13385107,0.3309369
22940064303,229400643,3,0,0.00021047023,0.0032877524,0.009064911,0.98743683
22943976101,229439761,1,0,0.013067636,0.025948022,0.06319158,0.8977928
22944449304,229444493,4,0,0.0018432047,0.005814624,0.01841049,0.97393167
22945500101,229455001,1,0,0.8045429,0.034351338,0.06524723,0.09585855
22947433802,229474338,2,0,0.009133879,0.02683998,0.035030805,0.9289954
22950223002,229502230,2,0,0.6715716,0.06266808,0.080845445,0.1849148
22950705301,229507053,1,0,0.03908261,0.03689306,0.040347487,0.8836769
22950744904,229507449,4,0,0.0065139295,0.005889833,0.018649029,0.96894723
22951086601,229510866,1,0,0.6673442,0.13295528,0.098456435,0.10124399
22958536501,229585365,1,0,0.09976029,0.68595773,0.08220302,0.13207893
22968326501,229683265,1,0,0.369788,0.025854105,0.11829556,0.48606244
22970430601,229704306,1,0,0.8015639,0.022811728,0.06267601,0.1129483
22974272201,229742722,1,0,0.82626873,0.047959972,0.081538014,0.04423325
22975942701,229759427,1,0,0.23155381,0.31905258,0.1462589,0.30313462
22975942702,229759427,2,0,0.27309257,0.19075286,0.11946263,0.41669196
22977836802,229778368,2,0,0.04565381,0.050002024,0.06067819,0.84366596
22994116102,229941161,2,0,0.7145002,0.04205003,0.08378525,0.15966454
22994116103,229941161,3,0,0.45518127,0.06517752,0.10284196,0.37679935
22994892101,229948921,1,0,0.24767631,0.4972853,0.11693658,0.1381019
22997973101,229979731,1,0,0.5342212,0.17641096,0.12507373,0.16429421
22999847003,229998470,3,0,0.002911768,0.017254606,0.024609841,0.95522374
23000379702,230003797,2,0,0.25947592,0.509954,0.10472948,0.12584065
23001732501,230017325,1,0,0.9318659,0.016592631,0.042057,0.009484481
23002373403,230023734,3,0,0.89031017,0.04617602,0.049122605,0.014391265
23007098302,230070983,2,0,0.0027931088,0.022448868,0.02785582,0.9469023
23007939903,230079399,3,0,0.07929275,0.08506491,0.09692106,0.7387212
23008837001,230088370,1,0,0.9337891,0.023937387,0.036572892,0.0057007335
23009133002,230091330,2,0,0.12559178,0.08816426,0.085087866,0.701156
23011800102,230118001,2,0,0.18513772,0.022016766,0.10258171,0.69026375
23012952201,230129522,1,0,0.64068884,0.053734846,0.09387924,0.2116971
23037457201,230374572,1,0,0.03904246,0.02280417,0.03959501,0.89855826
23037613603,230376136,3,0,0.006524259,0.58258855,0.050808776,0.36007842
23037750501,230377505,1,0,0.9419376,0.0098186,0.037882112,0.010361615
23037750503,230377505,3,0,0.8917331,0.014077405,0.0501658,0.044023655
23038215901,230382159,1,0,0.013078544,0.018571613,0.027742453,0.94060737
23038468604,230384686,4,0,0.04037333,0.013895212,0.03242925,0.9133022
23038628401,230386284,1,0,0.03270262,0.5546238,0.0995876,0.31308603
23038628402,230386284,2,0,0.021840751,0.6490436,0.079960406,0.24915522
23262690504,232626905,4,0,0.08899218,0.019318942,0.057809923,0.833879
23262907702,232629077,2,0,0.0002990813,0.039941937,0.023779428,0.9359796
23263677302,232636773,2,0,0.053160813,0.020197205,0.05284305,0.87379897
23263691302,232636913,2,0,0.012724416,0.011116955,0.064181976,0.91197675
23263737601,232637376,1,0,0.023535969,0.0403174,0.050397616,0.8857489
23264339201,232643392,1,0,0.34783044,0.39798135,0.117766544,0.13642162
23264339202,232643392,2,0,0.049027607,0.3562082,0.091711715,0.5030525
23267553201,232675532,1,0,0.015342286,0.016796323,0.03221362,0.9356477
23267966201,232679662,1,0,0.7084373,0.14583221,0.091055475,0.054675
23298255803,232982558,3,0,0.82622766,0.03108203,0.0739575,0.06873278
23300910902,233009109,2,0,0.91460425,0.021190675,0.039404202,0.02480079
23305620703,233056207,3,0,0.010695513,0.007844481,0.0239967,0.95746326
23305898704,233058987,4,0,0.4760577,0.04463137,0.11483729,0.36447358
23307153501,233071535,1,0,0.09252998,0.03425045,0.06949138,0.80372816
23307182203,233071822,3,0,0.89064205,0.014953545,0.053527795,0.04087651
23307630901,233076309,1,0,0.013201084,0.061653025,0.056181613,0.8689644
23308625804,233086258,4,0,0.00042293678,0.0025911687,0.018677466,0.9783083
23308786002,233087860,2,0,0.9351977,0.015963461,0.039562337,0.009276483
23312194801,233121948,1,0,0.6148714,0.23083176,0.08735211,0.06694479
23312194802,233121948,2,0,0.53610504,0.29840276,0.093714856,0.07177726
23315407501,233154075,1,0,0.8645104,0.06933572,0.051664542,0.014489157
23315665202,233156652,2,0,0.21744832,0.02360506,0.08631592,0.67263067
23316107302,233161073,2,0,0.014631461,0.016768366,0.047729846,0.9208703
23319394402,233193944,2,0,0.0001860659,0.008820439,0.02013471,0.97085875
23319505801,233195058,1,0,0.42409542,0.36437428,0.09933758,0.112192675
23319505802,233195058,2,0,0.09190885,0.39778158,0.096223705,0.41408578
23320510204,233205102,4,0,0.5456038,0.04881434,0.084952064,0.32062978
23320630201,233206302,1,0,0.07345697,0.06662351,0.067951314,0.79196817
23320630202,233206302,2,0,0.2883037,0.18263592,0.12315715,0.4059031
23321022501,233210225,1,0,0.0030481524,0.011192137,0.033885736,0.9518739
23353992602,233539926,2,0,0.05457274,0.015743842,0.038912557,0.89077085
23356914101,233569141,1,0,0.90880954,0.036732603,0.041259862,0.013197972
23356914102,233569141,2,0,0.0023691047,0.025878236,0.0371435,0.9346092
23356960401,233569604,1,0,0.011781683,0.10207179,0.13395207,0.75219446
23357688002,233576880,2,0,0.00016531104,0.014552298,0.011190957,0.9740915
23361422401,233614224,1,0,0.0311968,0.12683104,0.057470288,0.7845018
23361597101,233615971,1,0,0.017689971,0.1824138,0.05832215,0.74157417
23368065101,233680651,1,0,0.9327527,0.010021387,0.038876873,0.018349001
23368482201,233684822,1,0,0.918654,0.017326178,0.04473879,0.019281058
23372027602,233720276,2,0,0.040575974,0.8598841,0.030142317,0.06939761
23372210801,233722108,1,0,0.036217466,0.07590314,0.07576757,0.8121119
23372539701,233725397,1,0,0.15716177,0.1980515,0.101388805,0.54339796
23372539702,233725397,2,0,0.14665997,0.17727253,0.09855128,0.57751614
23372539703,233725397,3,0,0.1333496,0.19563016,0.09561028,0.57540995
23372539704,233725397,4,0,0.15696786,0.20282087,0.100350104,0.5398612
23372539705,233725397,5,0,0.32702294,0.08863459,0.117824905,0.46651754
23373506801,233735068,1,0,0.7468731,0.11798422,0.08924262,0.045900088
23373506802,233735068,2,0,0.0008560179,0.020312902,0.01949477,0.9593363
23567432603,235674326,3,0,0.33656073,0.03019516,0.08945016,0.5437939
23571412603,235714126,3,0,0.00033661516,0.003010532,0.02115352,0.9754994
23571653903,235716539,3,0,0.0002614226,0.004362911,0.011158745,0.9842169
23590320301,235903203,1,0,0.4770787,0.32099998,0.10331202,0.0986092
23594613101,235946131,1,0,0.07146249,0.013064272,0.070793904,0.84467936
23594657601,235946576,1,0,0.1375536,0.04803592,0.061210338,0.75320023
23595351004,235953510,4,0,0.020639077,0.013198173,0.04272945,0.9234333
23597787201,235977872,1,0,0.28563315,0.006465586,0.000977348,0.7069239
23597798601,235977986,1,0,0.39205217,0.32812077,0.12242474,0.1574023
23597798602,235977986,2,0,0.44441348,0.28471956,0.123772226,0.14709467
23597798604,235977986,4,0,0.09465358,0.14814784,0.0789019,0.6782966
23598799904,235987999,4,0,7.381102e-05,0.0014331304,0.010513487,0.9879796
23599640101,235996401,1,0,0.8724342,0.05983742,0.051863432,0.015865011
23599640102,235996401,2,0,0.00068494206,0.03994692,0.026168995,0.9331991
23600119102,236001191,2,0,0.0067259497,0.007966674,0.025696205,0.9596112
23676144701,236761447,1,0,0.27364507,0.029595232,0.10456657,0.5921932
23677675003,236776750,3,0,0.00027156182,0.003311692,0.00956831,0.9868484
23686391902,236863919,2,0,0.4325166,0.05544325,0.086431265,0.4256088
23693527701,236935277,1,0,0.12047614,0.049161665,0.06567635,0.7646858
23696932001,236969320,1,0,0.033368576,0.046145592,0.038491357,0.8819945
23698427801,236984278,1,0,0.046912823,0.04438533,0.05360088,0.855101
23711605102,237116051,2,0,0.055338524,0.5990146,0.096174814,0.2494722
23711687001,237116870,1,0,0.16848008,0.5694554,0.10789369,0.15417093
23711687002,237116870,2,0,0.0015528089,0.07134224,0.028657855,0.8984471
23711751201,237117512,1,0,0.53820884,0.15804115,0.10612175,0.19762829
23711759101,237117591,1,0,0.64083093,0.23621576,0.077539235,0.045414217
23711759102,237117591,2,0,0.00013275992,0.006508417,0.016468354,0.9768904
23715601005,237156010,5,0,0.0076182336,0.01623105,0.028945932,0.9472049
23720327103,237203271,3,0,0.0001925668,0.0036349262,0.022474116,0.9736984
23720396902,237203969,2,0,0.54080915,0.03301012,0.09524652,0.33093432
23720514101,237205141,1,0,0.5107413,0.11406335,0.10239074,0.27280456
23720622304,237206223,4,0,0.0034298962,0.0041739643,0.019574549,0.97282165
23721733401,237217334,1,0,0.1750063,0.23792619,0.10377515,0.48329234
23721852403,237218524,3,0,0.18685822,0.0533359,0.10076098,0.659045
23722286401,237222864,1,0,0.94785905,0.01541016,0.030346474,0.006384356
23723204401,237232044,1,0,0.9309346,0.016230715,0.040602718,0.012231956
23723531601,237235316,1,0,0.7594105,0.020314816,0.07949555,0.14077906
23723616801,237236168,1,0,0.44697326,0.37726712,0.09853663,0.07722303
23727897505,237278975,5,0,0.00021002395,0.0026654662,0.012445597,0.984679
23728020301,237280203,1,0,0.17879471,0.4984138,0.11913232,0.20365901
23728020302,237280203,2,0,0.22514975,0.4114031,0.1237108,0.23973633
23728020304,237280203,4,0,0.014684384,0.01651334,0.026718952,0.9420834
23730203201,237302032,1,0,0.4808572,0.07956503,0.098015234,0.3415626
23882721802,238827218,2,0,0.2681227,0.08763577,0.12948833,0.5147532
23882883402,238828834,2,0,0.112424046,0.04498466,0.066038124,0.7765532
23890855002,238908550,2,0,0.11476713,0.5082369,0.10234121,0.27465475
23894318504,238943185,4,0,0.63292396,0.03985933,0.09490419,0.23231247
23894487604,238944876,4,0,0.00036761173,0.002353679,0.011240061,0.9860386
23895732401,238957324,1,0,0.05988752,0.71903723,0.075669244,0.145406
23895732402,238957324,2,0,0.13157687,0.32883024,0.10599226,0.43360057
23897449301,238974493,1,0,0.11332465,0.37404948,0.11083965,0.40178618
23897449302,238974493,2,0,0.10029608,0.33213758,0.1129395,0.45462683
23897449303,238974493,3,0,0.11856534,0.297493,0.096292846,0.48764881
23897449305,238974493,5,0,0.037411187,0.03622046,0.06526569,0.8611027
23897827903,238978279,3,0,0.2433992,0.028120495,0.08841089,0.6400694
23901074901,239010749,1,0,0.39671433,0.26665333,0.10658956,0.23004271
23901487701,239014877,1,0,0.76058537,0.10855894,0.08589194,0.04496377
23901832309,239018323,9,0,0.00079304306,0.0032173016,0.014639914,0.98134977
23902173902,239021739,2,0,0.059065115,0.039244056,0.04829886,0.85339195
23965758402,239657584,2,0,0.64018935,0.059987996,0.09094251,0.20888008
23966111702,239661117,2,0,0.0003470139,0.0045532933,0.011320541,0.9837792
23966111703,239661117,3,0,0.00031123703,0.004411528,0.011177687,0.9840995
23966482701,239664827,1,0,0.25419566,0.58087426,0.08431491,0.08061527
23966482702,239664827,2,0,0.072925955,0.5611473,0.09164737,0.27427948
23967458302,239674583,2,0,0.7236363,0.050137494,0.0756214,0.15060478
23970191801,239701918,1,0,0.55976766,0.07815117,0.09462125,0.2674599
23970251304,239702513,4,0,0.0009689956,0.0035438829,0.01294546,0.98254174
23971018801,239710188,1,0,0.33988377,0.10778063,0.12510003,0.42723566
23971581401,239715814,1,0,0.64757365,0.18528226,0.099311806,0.06783231
23972109204,239721092,4,0,0.00023891071,0.0042178333,0.012928855,0.98261446
24325912403,243259124,3,0,0.0018647677,0.0057646213,0.014255979,0.9781145
24327611103,243276111,3,0,0.0007015216,0.0035689096,0.011167803,0.98456174
24328136204,243281362,4,0,0.00017756429,0.0019106088,0.0120594,0.98585236
24331541201,243315412,1,0,0.0009001591,0.0050121928,0.023920922,0.97016674
24539491906,245394919,6,0,0.050543558,0.020020287,0.045308486,0.88412756
24539697102,245396971,2,0,0.1483442,0.08996461,0.07504945,0.68664163
24541729202,245417292,2,0,0.2744908,0.09607746,0.08258494,0.54684687
24542065905,245420659,5,0,0.5355782,0.050658487,0.11172661,0.30203673
24546748503,245467485,3,0,0.2246341,0.21398334,0.058409307,0.5029733
24547040804,245470408,4,0,0.47699198,0.0878415,0.094927706,0.3402388
24547419303,245474193,3,0,0.8990453,0.020681767,0.052619442,0.027653439
24548071502,245480715,2,0,0.89131075,0.03407144,0.049728245,0.02488955
24553426201,245534262,1,0,0.14771089,0.032069027,0.07885251,0.7413676
24555219701,245552197,1,0,0.47857553,0.11386989,0.113274865,0.29427972
24555325102,245553251,2,0,0.5740192,0.067799926,0.11766516,0.24051575
24555325103,245553251,3,0,0.7117922,0.040847946,0.10104966,0.14631012
24555325104,245553251,4,0,0.7783435,0.052816637,0.0790772,0.08976262
24558733902,245587339,2,0,0.27897236,0.29643503,0.11757242,0.30702013
24558733903,245587339,3,0,0.070052765,0.03801867,0.05614412,0.83578444
24562066702,245620667,2,0,0.018127803,0.017946735,0.049044114,0.9148814
24569703001,245697030,1,0,0.7881286,0.05571153,0.06323301,0.092926875
24570224103,245702241,3,0,0.4496984,0.047839507,0.10432964,0.39813247
24571272301,245712723,1,0,0.0012160272,0.9520493,0.017300695,0.02943395
24571272302,245712723,2,0,0.02642729,0.31835046,0.082214296,0.5730079
24574760702,245747607,2,0,0.3483758,0.040789172,0.084381275,0.52645373
24575047303,245750473,3,0,0.5008634,0.051040776,0.07566823,0.37242752
24575701402,245757014,2,0,0.8934701,0.017558973,0.053411428,0.035559475
25105362001,251053620,1,0,0.4549425,0.07001387,0.08570246,0.38934124
25110475703,251104757,3,0,0.0074940734,0.010024525,0.020996613,0.9614848
25112343501,251123435,1,0,0.3735777,0.14311942,0.09525295,0.38804993
25112941102,251129411,2,0,0.47937322,0.04983679,0.09081869,0.37997127
25114485801,251144858,1,0,0.15592381,0.036101513,0.094028264,0.71394634
25116838502,251168385,2,0,0.7002459,0.036763534,0.0907189,0.17227161
25122648401,251226484,1,0,0.49508247,0.1775615,0.07710794,0.25024816
25124703101,251247031,1,0,0.1429238,0.19363815,0.09657845,0.5668596
25125015207,251250152,7,0,0.0012059154,0.005513107,0.014081272,0.97919977
25127662501,251276625,1,0,0.13224651,0.5854807,0.09671583,0.18555692
25127662502,251276625,2,0,0.019066017,0.70533776,0.06830204,0.20729424
25129715502,251297155,2,0,0.006603741,0.016804574,0.024737889,0.9518538
25130540901,251305409,1,0,0.48850262,0.04746457,0.09816571,0.36586702
25136006902,251360069,2,0,0.0318864,0.03112451,0.06491979,0.8720693
25138427501,251384275,1,0,0.46133417,0.09123781,0.11464496,0.33278313
25138486901,251384869,1,0,0.53338724,0.27064508,0.10085757,0.09511013
25138671404,251386714,4,0,0.36415392,0.03091719,0.117217146,0.48771182
25140328401,251403284,1,0,0.11996017,0.1913374,0.09295034,0.59575206
25140812801,251408128,1,0,0.3385815,0.0642782,0.07875333,0.5183869
25140812802,251408128,2,0,0.13014424,0.04497876,0.0940833,0.73079365
25140812804,251408128,4,0,0.0043319543,0.011879487,0.028942145,0.9548463
25143050002,251430500,2,0,0.018566526,0.026055843,0.035985783,0.9193918
25143050003,251430500,3,0,0.038782436,0.03845197,0.051968217,0.8707974
25143462905,251434629,5,0,0.4629202,0.11904169,0.118793584,0.29924467
25145899601,251458996,1,0,0.6672028,0.03975711,0.09569626,0.19734383
25146923701,251469237,1,0,0.5099057,0.038392827,0.10519427,0.34650725
25149624003,251496240,3,0,0.13139187,0.05315748,0.053990413,0.76146024
25149691101,251496911,1,0,0.3109927,0.39524865,0.11066751,0.18309104
25151524301,251515243,1,0,0.74208623,0.07783306,0.09639586,0.083684884
25152004804,251520048,4,0,0.6743772,0.06386398,0.10885178,0.15290704
25153811801,251538118,1,0,0.43596944,0.030622795,0.11688442,0.4165234
25153811803,251538118,3,0,0.391622,0.037096526,0.10840109,0.46288037
25153992202,251539922,2,0,0.6105841,0.057745446,0.08521467,0.2464559
25159551901,251595519,1,0,0.7130626,0.09856745,0.08479104,0.103578955
25161907302,251619073,2,0,0.34087586,0.46531722,0.09653663,0.097270235
25161907303,251619073,3,0,0.25720927,0.5038262,0.099973336,0.13899125
25165244801,251652448,1,0,0.48197323,0.3792597,0.08681322,0.051953796
25165806401,251658064,1,0,0.18772222,0.3834352,0.120915085,0.3079274
25171017303,251710173,3,0,0.008370576,0.009120276,0.025173064,0.9573362
25172563901,251725639,1,0,0.48528314,0.06430275,0.0895569,0.36085725
25175805001,251758050,1,0,0.403781,0.04638845,0.08997609,0.45985445
25176666301,251766663,1,0,0.7920173,0.03924234,0.075858,0.092882425
25178811501,251788115,1,0,0.4747065,0.09019442,0.11259467,0.32250434
25178920301,251789203,1,0,0.23596185,0.51885545,0.100510955,0.14467171
25178920302,251789203,2,0,0.23100291,0.5819521,0.08278427,0.10426073
25179163101,251791631,1,0,0.50799775,0.043898527,0.08646592,0.3616378
40287661602,402876616,2,0,0.058874995,0.021914402,0.06302518,0.8561853
40289399101,402893991,1,0,0.024910018,0.05230665,0.042288136,0.88049513
40289825002,402898250,2,0,0.06206435,0.083598875,0.048255257,0.8060815
40293537502,402935375,2,0,0.033420045,0.011339992,0.04206605,0.9131739
40311391901,403113919,1,0,0.10059982,0.069464535,0.06212761,0.76780796
40311393501,403113935,1,0,0.665176,0.13252503,0.110587455,0.09171145
40311393502,403113935,2,0,0.001347494,0.028497862,0.022787735,0.9473669
40311423503,403114235,3,0,0.35901198,0.029008139,0.0928254,0.5191544
40333288908,403332889,8,0,0.011845316,0.009488261,0.032738652,0.9459278
40368134904,403681349,4,0,0.35066584,0.06157063,0.09579529,0.49196813
40368289704,403682897,4,0,0.0733974,0.088986374,0.055295542,0.7823206
40374097901,403740979,1,0,0.5539596,0.03461661,0.10118266,0.31024104
40383106502,403831065,2,0,0.4175694,0.037837923,0.11891728,0.42567542
40383415001,403834150,1,0,0.47224426,0.33751836,0.10171987,0.08851747
40394158303,403941583,3,0,0.00203578,0.0051668966,0.017968465,0.9748289
40394812601,403948126,1,0,0.32911628,0.076141216,0.0988903,0.49585208
40399958807,403999588,7,0,0.00056878355,0.004562485,0.015234994,0.97963375
40400126501,404001265,1,0,0.76104546,0.054544806,0.09612576,0.08828405
40653567803,406535678,3,0,4.6769022e-05,0.0017214791,0.006376338,0.9918553
40663169601,406631696,1,0,0.59495527,0.25744304,0.08558271,0.062018972
40663444402,406634444,2,0,0.102988936,0.6405965,0.09203312,0.16438137
40667751602,406677516,2,0,0.2802409,0.04436908,0.071149856,0.60424006
40667770407,406677704,7,0,0.00016652663,0.0013902951,0.013801989,0.9846412
40667872702,406678727,2,0,0.54513925,0.24812475,0.1017893,0.10494662
40667872703,406678727,3,0,0.06445964,0.48829207,0.104579434,0.3426688
40668136001,406681360,1,0,0.83066374,0.06623118,0.06607878,0.037026096
40668136002,406681360,2,0,0.2632605,0.39207232,0.1380542,0.20661297
40668136003,406681360,3,0,0.023808971,0.039019745,0.03328173,0.9038896
40668284001,406682840,1,0,0.10413827,0.12208129,0.07164146,0.7021391
40712093602,407120936,2,0,0.04117959,0.044087,0.047428094,0.86730534
40712093606,407120936,6,0,0.03194273,0.027589805,0.046722263,0.89374524
40715280802,407152808,2,0,0.31139764,0.38993293,0.11057251,0.18809684
40721004804,407210048,4,0,0.17642635,0.042528447,0.0790901,0.7019552
40734619601,407346196,1,0,0.238882,0.03494101,0.07755793,0.648619
40734748401,407347484,1,0,0.51498,0.038817413,0.089824066,0.3563786
40734748402,407347484,2,0,0.22129297,0.03375405,0.0812885,0.66366434
40739150404,407391504,4,0,0.1377404,0.024701858,0.055502404,0.7820554
40739474801,407394748,1,0,0.7431444,0.114401914,0.081792146,0.060661513
40742205501,407422055,1,0,0.39650968,0.13722727,0.10710236,0.35916066
40793362601,407933626,1,0,0.47307235,0.037423693,0.12170424,0.36779976
40819480103,408194801,3,0,0.0004978003,0.0033939264,0.012974361,0.9831339
40827946102,408279461,2,0,0.06725441,0.014941369,0.05631374,0.8614904
40828505701,408285057,1,0,0.25522736,0.049859453,0.0954097,0.59950346
40830481901,408304819,1,0,0.17216818,0.13275376,0.08341448,0.61166364
40834229402,408342294,2,0,0.0002233793,0.015760668,0.020455519,0.9635604
40834545502,408345455,2,0,0.85250896,0.020735081,0.060738552,0.06601739
40842839804,408428398,4,0,0.0030009605,0.0059443447,0.02042402,0.97063065
40843268801,408432688,1,0,0.59622914,0.20596635,0.11229104,0.08551342
40852021002,408520210,2,0,0.0386694,0.012418073,0.038927592,0.909985
40854930501,408549305,1,0,0.27727568,0.040429585,0.09895599,0.5833387
40858181402,408581814,2,0,0.62605864,0.028358474,0.10054661,0.2450364
40861899901,408618999,1,0,0.93626165,0.017635053,0.034329496,0.011773898
40866094302,408660943,2,0,0.92679274,5.825323e-11,1.433189e-17,0.07320729
40888734004,408887340,4,0,6.3629195e-05,0.0020172424,0.007957998,0.9899611
40893919101,408939191,1,0,0.83435196,0.083620936,0.05703652,0.024990575
40899087801,408990878,1,0,0.80407155,0.026947547,0.07746566,0.09151529
40899555501,408995555,1,0,0.35848236,0.10609734,0.10721705,0.42820317
40899951801,408999518,1,0,0.06569523,0.030743519,0.058459606,0.8451016
40900357801,409003578,1,0,0.18599114,0.26474407,0.111910984,0.43735364
40904510203,409045102,3,0,0.06875225,0.06256049,0.06636506,0.80232215
40905144002,409051440,2,0,0.44756866,0.0753854,0.10606947,0.37097642
40905526901,409055269,1,0,0.0064037247,0.8045011,0.04715517,0.14194006
40905526902,409055269,2,0,0.005006311,0.30331272,0.062240575,0.6294403
40905532701,409055327,1,0,0.026971802,0.7409471,0.0698976,0.16218358
40905532702,409055327,2,0,0.018949734,0.24293661,0.07233777,0.66577584
40910455203,409104552,3,0,0.0005799078,0.0041038627,0.011748242,0.9835679
40910497401,409104974,1,0,0.22739805,0.12590845,0.085137635,0.56155586
40918333501,409183335,1,0,0.71387345,0.13816057,0.08448303,0.063482925
40918465903,409184659,3,0,0.044331364,0.034257095,0.051582545,0.869829
40918465904,409184659,4,0,0.010699126,0.013161354,0.031453993,0.94468546
40918465905,409184659,5,0,0.024769552,0.02470542,0.044801537,0.9057235
40918602501,409186025,1,0,0.68411076,0.20531617,0.0768538,0.033719312
40918602509,409186025,9,0,8.4459454e-05,0.002165306,0.010157894,0.9875923
40955168102,409551681,2,0,0.0006377332,0.0036801947,0.012274483,0.98340756
40961223402,409612234,2,0,0.3071956,0.03250914,0.11033542,0.5499598
40961226903,409612269,3,0,0.19165947,0.040768024,0.089090526,0.6784819
40961448101,409614481,1,0,0.08638932,0.031624258,0.06385705,0.8181294
40961472101,409614721,1,0,0.5310035,0.35154295,0.07714592,0.0403077
40961472102,409614721,2,0,0.49831986,0.31157425,0.102742404,0.08736345
40972121101,409721211,1,0,0.04829568,0.3573405,0.086187415,0.5081764
40972121102,409721211,2,0,0.03349447,0.33603796,0.08093787,0.5495296
40972121103,409721211,3,0,0.00063386536,0.005165504,0.009605418,0.9845952
40972121104,409721211,4,0,0.0007160012,0.005500305,0.010674304,0.9831094
40972381001,409723810,1,0,0.3571513,0.058632378,0.08830207,0.4959142
40972669802,409726698,2,0,0.0011714523,0.00961232,0.014030609,0.9751855
40972669804,409726698,4,0,0.0028916942,0.0035857756,0.01228554,0.98123705
40972676301,409726763,1,0,0.0039339974,0.024036948,0.019836819,0.9521923
40972676302,409726763,2,0,0.0040880274,0.030348944,0.018276066,0.9472869
40972676303,409726763,3,0,0.23363413,0.22471966,0.07121665,0.47042945
40980994301,409809943,1,0,0.36307862,0.03139435,0.10840755,0.49711943
40990912907,409909129,7,0,0.00017051815,0.0017173217,0.011983207,0.98612887
40991069001,409910690,1,0,0.5769694,0.1397878,0.08108867,0.20215407
40998285601,409982856,1,0,0.79220206,0.08413077,0.08963897,0.034028087
40998285602,409982856,2,0,0.89528364,0.024327831,0.051208958,0.029179517
40998703501,409987035,1,0,0.54576564,0.25335458,0.107497886,0.09338193
41019230103,410192301,3,0,0.00052152626,0.0031032565,0.011456652,0.98491865
41019657902,410196579,2,0,0.08827578,0.032332517,0.05239569,0.82699597
41020277201,410202772,1,0,0.77443504,0.030555278,0.08403477,0.11097488
41037638005,410376380,5,0,0.00087794376,0.005610934,0.017311042,0.9762
41070841001,410708410,1,0,0.005553801,0.007630507,0.019756036,0.9670597
41070904201,410709042,1,0,0.13633274,0.08877543,0.077925496,0.6969664
41074113101,410741131,1,0,0.7346559,0.044505794,0.09116724,0.12967093
41080649601,410806496,1,0,0.39566287,0.05860748,0.1013267,0.444403
41080700501,410807005,1,0,0.39282715,0.033673618,0.0814845,0.49201474
41489182204,414891822,4,0,0.00083614385,0.005873698,0.016349752,0.97694033
41489584401,414895844,1,0,0.32917958,0.20670868,0.1030879,0.36102375
41489773101,414897731,1,0,0.2442455,0.3880522,0.1031386,0.2645637
41489773102,414897731,2,0,0.002196033,0.039256223,0.02312936,0.93541837
41489807701,414898077,1,0,0.50340325,0.26455545,0.11251993,0.11952133
41491513402,414915134,2,0,0.097987905,0.039808296,0.05829063,0.8039131
41491533504,414915335,4,0,0.10242349,0.019508582,0.060789734,0.8172782
41491927502,414919275,2,0,0.47065988,0.089770816,0.08791702,0.35165223
41608983802,416089838,2,0,0.002279444,0.0065933405,0.026470713,0.96465653
41608987202,416089872,2,0,0.0020401955,0.012330453,0.017067373,0.968562
41610834303,416108343,3,0,0.12054272,0.024556946,0.072341695,0.78255874
41611312802,416113128,2,0,0.0008503342,0.010686238,0.01143098,0.97703236
41627365801,416273658,1,0,0.37348157,0.052124728,0.1058773,0.4685164
41627602702,416276027,2,0,0.49405932,0.050268218,0.10121521,0.35445717
41627735101,416277351,1,0,0.7743228,0.1243296,0.07058085,0.030766796
41627735102,416277351,2,0,0.0029000773,0.089082815,0.03848201,0.8695351
41627735301,416277353,1,0,0.69743735,0.18479902,0.08267071,0.035092972
41627735302,416277353,2,0,0.8703654,0.056227393,0.055230416,0.018176818
41634677802,416346778,2,0,0.3360998,0.056267288,0.09247819,0.5151548
41635106601,416351066,1,0,0.27404404,0.09188187,0.11982079,0.5142534
41635106602,416351066,2,0,0.14565206,0.09278909,0.107965186,0.65359366
41723224804,417232248,4,0,0.00017023971,0.0015178235,0.013030582,0.9852814
41741550001,417415500,1,0,0.44290122,0.03270013,0.11203791,0.41236067
41741824901,417418249,1,0,0.58669937,0.022633797,0.09734439,0.29332238
41742015802,417420158,2,0,0.2559378,0.054768518,0.09423136,0.59506226
41745437704,417454377,4,0,0.012963725,0.010874639,0.03229095,0.9438707
41748349603,417483496,3,0,0.32418302,0.053289995,0.11814716,0.5043798
41755242503,417552425,3,0,0.7893411,0.025307873,0.09430765,0.09104341
41755815801,417558158,1,0,0.28147277,0.49055135,0.1031882,0.12478763
210086502,2100865,2,0,0.45834047,0.030515842,0.10514161,0.40600207
210469602,2104696,2,0,0.7070874,0.043668184,0.07116847,0.17807594
210506702,2105067,2,0,0.001726214,0.0982429,0.037501812,0.862529
210511901,2105119,1,0,0.37993014,0.41811264,0.105306454,0.096650615
210631301,2106313,1,0,0.28863835,0.521932,0.08849378,0.10093588
210631302,2106313,2,0,0.116436854,0.71264786,0.07706124,0.09385407
214848708,2148487,8,0,0.0023443552,0.008159208,0.023632247,0.9658642
223061401,2230614,1,0,0.7488704,0.05806485,0.0869916,0.10607321
223100101,2231001,1,0,0.5382498,0.2915283,0.09665558,0.07356641
223100102,2231001,2,0,0.35266683,0.3973343,0.11675137,0.13324745
223298401,2232984,1,0,0.7840849,0.07431512,0.0723303,0.06926964
223472301,2234723,1,0,0.19129233,0.3381074,0.1225369,0.34806338
233314802,2333148,2,0,0.012013806,0.016477454,0.03300387,0.9385049
233314803,2333148,3,0,0.0338754,0.03132475,0.045438085,0.8893618
233388301,2333883,1,0,0.13777235,0.39547938,0.11008248,0.35666576
243133801,2431338,1,0,0.17856973,0.19936003,0.11048965,0.5115806
243133802,2431338,2,0,0.20085858,0.19028412,0.11036141,0.49849588
243350003,2433500,3,0,0.0010836102,0.0054437225,0.017103748,0.97636884
243389703,2433897,3,0,0.16785309,0.020492474,0.077770546,0.7338838
243881703,2438817,3,0,0.0049982495,0.00937897,0.023568913,0.9620538
250754702,2507547,2,0,0.06265768,0.017430473,0.04657349,0.8733384
267975201,2679752,1,0,0.8471804,0.053245056,0.070292085,0.029282352
268548101,2685481,1,0,0.8343818,0.020982618,0.06790471,0.076730825
268838401,2688384,1,0,0.47795382,0.37904137,0.09183934,0.051165354
268838402,2688384,2,0,0.34785032,0.3758485,0.10701787,0.16928327
277817701,2778177,1,0,0.057541307,0.7217552,0.07303675,0.14766681
285246901,2852469,1,0,0.2846574,0.03346861,0.09943246,0.58244157
285635501,2856355,1,0,0.2975269,0.2191452,0.06584096,0.41748685
293883102,2938831,2,0,0.0014132563,0.032284867,0.016933767,0.94936806
294074003,2940740,3,0,5.2256102e-05,0.0025900688,0.006586378,0.9907713
294074004,2940740,4,0,6.529486e-05,0.002823432,0.0073209605,0.9897904
302232901,3022329,1,0,0.67628914,0.10385535,0.1021899,0.11766562
303032201,3030322,1,0,0.64563143,0.04452475,0.09522863,0.2146152
303326101,3033261,1,0,0.3858201,0.05767509,0.12840353,0.4281013
303326102,3033261,2,0,0.82722324,0.03326705,0.067177564,0.072332144
303326103,3033261,3,0,0.06627945,0.021738356,0.0713786,0.84060353
303326104,3033261,4,0,0.1675871,0.025671469,0.07473758,0.7320039
303500001,3035000,1,0,0.45218694,0.39583015,0.08847372,0.06350915
303500002,3035000,2,0,0.3605827,0.3559344,0.10054807,0.18293475
310286501,3102865,1,0,0.6805451,0.09616165,0.105011895,0.11828144
310286502,3102865,2,0,0.4002761,0.095528476,0.095739305,0.40845606
310286503,3102865,3,0,0.6619132,0.031263687,0.0923493,0.21447384
310445901,3104459,1,0,0.31924987,0.411684,0.10525648,0.16380958
310879804,3108798,4,0,0.0011195225,0.0065176827,0.016136738,0.9762261
322414603,3224146,3,0,0.00059347163,0.0035463965,0.0106344465,0.98522574
331056701,3310567,1,0,0.3567259,0.20685294,0.14709258,0.28932852
331188801,3311888,1,0,0.033965804,0.8166418,0.04042907,0.10896324
331940601,3319406,1,0,0.11080305,0.15242115,0.080315314,0.6564604
354205302,3542053,2,0,0.02136048,0.013549211,0.035285074,0.9298052
354296605,3542966,5,0,0.021561842,0.0129018305,0.031675633,0.93386066
830656102,8306561,2,0,0.19202736,0.038899846,0.06567137,0.70340145
840084201,8400842,1,0,0.93214244,0.022972794,0.0372479,0.0076367473
840715501,8407155,1,0,0.17612208,0.05077859,0.09614781,0.6769515
840821701,8408217,1,0,0.34289744,0.14349748,0.08999216,0.4236129
848527201,8485272,1,0,0.3379288,0.16832207,0.10635811,0.38739106
849589904,8495899,4,0,7.13086e-05,0.0029767663,0.009240428,0.9877115
857493201,8574932,1,0,0.1703435,0.19610263,0.05671669,0.5768371
860878201,8608782,1,0,0.8630575,0.023112655,0.057164155,0.056665707
861143901,8611439,1,0,0.5010226,0.2853421,0.12111457,0.09252079
861143902,8611439,2,0,0.30777103,0.4863098,0.105481,0.10043809
869982501,8699825,1,0,0.74985754,0.028976077,0.07946136,0.141705
877247401,8772474,1,0,0.47132155,0.14044186,0.111773595,0.27646294
888845001,8888450,1,0,0.6019511,0.023606338,0.094488114,0.27995446
913488201,9134882,1,0,0.7275122,0.053487245,0.081582695,0.13741772
913488601,9134886,1,0,0.7778962,0.07156174,0.08066964,0.0698724
913488602,9134886,2,0,0.14526035,0.22920902,0.120294906,0.50523585
913911602,9139116,2,0,0.00020784541,0.015940767,0.01565474,0.96819663
928012301,9280123,1,0,0.3386639,0.15639834,0.11311048,0.39182726
928012302,9280123,2,0,0.36864448,0.14333387,0.12569478,0.36232683
928377002,9283770,2,0,0.01946154,0.060907673,0.042254984,0.87737584
937210001,9372100,1,0,0.671541,0.06248561,0.075020336,0.19095317
944631001,9446310,1,0,0.102061436,0.19130047,0.047732174,0.65890586
948691710,9486917,10,0,0.0006656542,0.0022004289,0.011452924,0.985681
957386401,9573864,1,0,0.5375242,0.04118795,0.112212926,0.30907494
957487501,9574875,1,0,0.7583658,0.038135245,0.08437468,0.1191243
957689808,9576898,8,0,0.00060339714,0.0023236824,0.021511076,0.97556174
965888703,9658887,3,0,0.001649037,0.009972142,0.015209769,0.973169
974781501,9747815,1,0,0.054567844,0.045215216,0.052144103,0.8480728
975097201,9750972,1,0,0.12389941,0.033203084,0.07299774,0.76989967
983026602,9830266,2,0,0.18837623,0.48492962,0.13260393,0.19409022
983497501,9834975,1,0,0.75732297,0.14469577,0.06482259,0.03315862
983786101,9837861,1,0,0.47451094,0.09016668,0.094247065,0.3410752
988969501,9889695,1,0,0.09200147,0.028198188,0.058619253,0.82118106
989008001,9890080,1,0,0.30050513,0.34526548,0.12617709,0.22805235
989010801,9890108,1,0,0.23599951,0.239896,0.111912586,0.41219184
995145101,9951451,1,0,0.21942855,0.052946255,0.090101235,0.637524
1001648401,10016484,1,0,0.25534755,0.046366666,0.11010712,0.58817863
1001666701,10016667,1,0,0.21150695,0.04536928,0.100257,0.6428668
1001878409,10018784,9,0,0.008056978,0.008506403,0.037858255,0.9455784
1034944503,10349445,3,0,0.0020533188,0.0065438766,0.01704559,0.9743572
1035284603,10352846,3,0,0.24430242,0.026439287,0.08204839,0.64720994
1035414501,10354145,1,0,0.49623156,0.19103096,0.10941129,0.20332615
1043249605,10432496,5,0,0.036503892,0.041028284,0.056348644,0.86611915
1043249606,10432496,6,0,0.20627932,0.052586067,0.08447792,0.6566567
1070635303,10706353,3,0,0.29584348,0.11702708,0.095395334,0.49173412
1071099203,10710992,3,0,0.5394833,0.23308887,0.094079986,0.13334772
1078879102,10788791,2,0,0.7422015,0.0250389,0.078388885,0.1543708
1079208101,10792081,1,0,0.8540459,0.04013062,0.06918405,0.036639508
1079208104,10792081,4,0,0.864507,0.026217394,0.061866205,0.047409285
1097212604,10972126,4,0,0.00050164,0.0037876975,0.011583149,0.98412746
1097680203,10976802,3,0,0.31613573,0.033645973,0.10527874,0.5449395
1106656705,11066567,5,0,6.8150155e-05,0.0015206501,0.006744264,0.991667
1124446002,11244460,2,0,0.08907085,0.022220273,0.05582006,0.83288884
1125363801,11253638,1,0,0.42857417,0.07336135,0.1155364,0.38252798
1133807601,11338076,1,0,0.24637526,0.5892171,0.08365788,0.0807498
1133807602,11338076,2,0,0.007929124,0.12565462,0.043839574,0.82257664
1133807604,11338076,4,0,0.08651276,0.03399688,0.051081367,0.828409
1199633401,11996334,1,0,0.19221404,0.5670782,0.093874544,0.14683321
1200006401,12000064,1,0,0.20945251,0.30857864,0.10170486,0.38026404
1210223504,12102235,4,0,0.0015695976,0.0059761144,0.022802275,0.969652
1210223505,12102235,5,0,0.001317845,0.0049383687,0.020668678,0.97307515
1222590901,12225909,1,0,0.57201874,0.046621446,0.07383894,0.30752078
1232631202,12326312,2,0,0.43668213,0.03933035,0.114507,0.40948045
1239981101,12399811,1,0,0.6345643,0.23631364,0.08449155,0.04463047
1239981102,12399811,2,0,0.15596905,0.3811514,0.111667395,0.35121205
1248353102,12483531,2,0,0.72307146,0.077657774,0.077134036,0.12213684
1255135401,12551354,1,0,0.5078768,0.32081538,0.09229366,0.07901416
1255135402,12551354,2,0,0.58625245,0.25178295,0.09374823,0.068216376
1264819701,12648197,1,0,0.6032282,0.17369564,0.106451854,0.11662438
1264819702,12648197,2,0,0.2929589,0.4349988,0.11439585,0.15764642
1273361301,12733613,1,0,0.11228148,0.16429046,0.078534916,0.64489305
1273517301,12735173,1,0,0.016020918,0.78857684,0.052920096,0.14248219
1273517302,12735173,2,0,0.0007451467,0.05168219,0.022532685,0.9250399
1274055903,12740559,3,0,0.6600759,0.05012497,0.073603824,0.21619527
1289931901,12899319,1,0,0.44959867,0.04703322,0.10221494,0.40115327
1298140106,12981401,6,0,0.0005756311,0.003531081,0.013741018,0.9821523
1307832102,13078321,2,0,0.0002805123,0.0041685808,0.011794048,0.9837569
1326061102,13260611,2,0,0.08760009,0.02354359,0.06766275,0.8211935
1326480902,13264809,2,0,0.021025827,0.0768327,0.046326432,0.855815
1335194101,13351941,1,0,0.007887333,0.7835131,0.047697652,0.1609019
1335194102,13351941,2,0,0.008211397,0.29076892,0.03525558,0.6657641
1335372501,13353725,1,0,0.301232,0.22480702,0.1126524,0.36130857
26030031601,260300316,1,0,0.35637027,0.03337772,0.09357248,0.5166796
26036363001,260363630,1,0,0.4834911,0.06364362,0.11498371,0.33788145
26037647702,260376477,2,0,0.00026244714,0.010109162,0.022620732,0.9670077
26038043102,260380431,2,0,0.055823863,0.014398667,0.059491303,0.87028617
26038626701,260386267,1,0,0.23938422,0.050778672,0.088743106,0.6210939
26048184301,260481843,1,0,0.18591495,0.024101852,0.08784505,0.70213807
26069047703,260690477,3,0,0.17562668,0.03774213,0.08186321,0.70476794
26069811503,260698115,3,0,0.0019748248,0.0045809723,0.017014941,0.9764292
26078938801,260789388,1,0,0.7945021,0.10373197,0.070257664,0.031508338
26078938802,260789388,2,0,0.004982383,0.20463549,0.048184115,0.74219805
26078941301,260789413,1,0,0.81979823,0.086097084,0.06647047,0.02763426
26085871103,260858711,3,0,0.00017864413,4.2845204e-33,4.4331055e-26,0.9998214
26114258506,261142585,6,0,0.08705646,0.04244096,0.07764129,0.7928612
26124814704,261248147,4,0,0.020102322,0.010755534,0.039707854,0.92943424
26161935701,261619357,1,0,0.26422775,0.0896593,0.100092046,0.5460209
26162016402,261620164,2,0,0.051549748,0.8013642,0.056485727,0.090600364
26162016403,261620164,3,0,0.007889794,0.16133544,0.054236807,0.7765379
26162016405,261620164,5,0,0.038069773,0.14230998,0.058428317,0.76119184
26171455201,261714552,1,0,0.004217341,0.018789394,0.046774067,0.93021923
26171672501,261716725,1,0,0.2693744,0.364788,0.12355528,0.24228232
26181081701,261810817,1,0,0.26427668,0.44041294,0.11841004,0.1769003
26182111404,261821114,4,0,0.0070875646,0.009467379,0.032390516,0.95105445
26182229102,261822291,2,0,0.18641149,0.04109954,0.089907676,0.68258137
26200888402,262008884,2,0,0.77348757,0.033745985,0.066102445,0.126664
26209846201,262098462,1,0,0.025408885,0.24705996,0.08562957,0.64190155
26209846202,262098462,2,0,0.025837552,0.15636043,0.07811917,0.7396828
26209846203,262098462,3,0,0.02548109,0.14775956,0.07575213,0.7510072
26209846204,262098462,4,0,0.0011525482,0.019893926,0.02211005,0.9568434
26209846205,262098462,5,0,0.0011632453,0.019516475,0.022137173,0.9571831
26209846206,262098462,6,0,0.001219315,0.020523572,0.023321284,0.9549358
26210280701,262102807,1,0,0.27139363,0.20003997,0.09257332,0.435993
26210280702,262102807,2,0,0.39170656,0.05039234,0.08744619,0.4704548
26210435301,262104353,1,0,0.46531388,0.05847253,0.08530866,0.39090487
26216507302,262165073,2,0,0.06592647,0.6980077,0.07730116,0.15876469
26216929701,262169297,1,0,0.002463624,0.7910925,0.039459243,0.1669846
26217398501,262173985,1,0,0.45771757,0.2652619,0.12182317,0.15519738
26225125401,262251254,1,0,0.25638863,0.036709797,0.09202014,0.61488134
26393078101,263930781,1,0,0.14949623,0.39781344,0.093429334,0.359261
26393078102,263930781,2,0,0.08505312,0.31482562,0.089141294,0.51098007
26396966401,263969664,1,0,0.1779538,0.43406257,0.12894161,0.25904208
26400529401,264005294,1,0,0.034477226,0.012037183,0.10049876,0.8529868
26417627401,264176274,1,0,0.1511839,0.06783554,0.07916179,0.7018187
26419501303,264195013,3,0,0.021608649,0.4149623,0.0825452,0.48088387
26419501304,264195013,4,0,0.021217436,0.41461384,0.08410207,0.4800668
26430333301,264303333,1,0,0.8445706,0.0147889005,0.06811615,0.07252435
26440231104,264402311,4,0,0.00023500381,0.002435732,0.010333495,0.9869957
26446928604,264469286,4,0,0.030228851,0.07618944,0.045345377,0.8482364
26467853401,264678534,1,0,0.933395,0.023057165,0.032377917,0.011169912
26473879701,264738797,1,0,0.3422397,0.19418678,0.13300647,0.33056697
26479874101,264798741,1,0,0.06837354,0.046596866,0.05851886,0.8265108
26480394301,264803943,1,0,0.4375589,0.14039238,0.13843349,0.28361517
26480397101,264803971,1,0,0.024099667,0.2743177,0.06744185,0.63414073
26480397102,264803971,2,0,0.021883884,0.21277127,0.05837613,0.7069687
26480532001,264805320,1,0,0.33367217,0.2550229,0.095500164,0.31580484
26484455703,264844557,3,0,0.00025615946,0.004339391,0.009934769,0.98546976
26484469906,264844699,6,0,8.6084256e-05,0.0019334117,0.012768698,0.98521185
26492209201,264922092,1,0,0.011827307,0.7943614,0.055546086,0.13826522
26492209202,264922092,2,0,0.012125789,0.1855638,0.04949914,0.7528112
26492209203,264922092,3,0,0.0030502926,0.7728896,0.034015577,0.19004454
26500620601,265006206,1,0,0.526832,0.14965747,0.088696584,0.23481384
26500620602,265006206,2,0,0.21426275,0.048514973,0.09126626,0.645956
26500620603,265006206,3,0,0.12826009,0.037710655,0.06375934,0.77026993
26500704901,265007049,1,0,0.83183056,0.0637868,0.07325586,0.031126821
26506092101,265060921,1,0,0.6515851,0.17423598,0.09860755,0.075571425
26506092102,265060921,2,0,0.6520942,0.15154698,0.09632831,0.100030616
26508915701,265089157,1,0,0.178122,0.094996005,0.077187896,0.64969414
26508981802,265089818,2,0,0.014846329,0.024625065,0.029698903,0.93082976
26509274401,265092744,1,0,0.0054562404,0.028347842,0.025140252,0.9410557
26525342604,265253426,4,0,0.010554292,0.007382404,0.019337367,0.9627259
26538373405,265383734,5,0,0.33194098,0.032934878,0.10534938,0.5297748
26542623301,265426233,1,0,0.78644454,0.053249292,0.079474546,0.08083171
26542623302,265426233,2,0,0.67475665,0.094885096,0.09550777,0.13485052
26547148501,265471485,1,0,0.34345692,0.45247552,0.09610005,0.107967526
26557030103,265570301,3,0,0.695094,0.050975658,0.08095916,0.17297126
26558222101,265582221,1,0,0.1380528,0.052724518,0.066374935,0.74284774
26567831101,265678311,1,0,0.14210317,0.039518684,0.07280536,0.74557275
26568074803,265680748,3,0,0.0002671068,0.0045463406,0.009539008,0.9856476
26576124601,265761246,1,0,0.8941784,0.01974363,0.048483517,0.037594553
26576506108,265765061,8,0,0.0004302079,0.0025525682,0.015741836,0.9812754
26576701206,265767012,6,0,0.0024590595,0.77820545,0.033600148,0.18573536
26588074901,265880749,1,0,0.25818563,0.091542065,0.10605045,0.5442219
26598582001,265985820,1,0,0.6331233,0.039263606,0.1005845,0.2270286
26598670606,265986706,6,0,0.010067774,0.010071563,0.026774677,0.9530859
26598670606,265986706,6,0,0.010067779,0.010071567,0.026774691,0.9530859
26598670606,265986706,6,0,0.010067774,0.010071557,0.026774691,0.9530859
26598670606,265986706,6,0,0.010067768,0.010071567,0.026774677,0.9530859
26598984801,265989848,1,0,0.68461984,0.058074705,0.10217227,0.15513325
26599249601,265992496,1,0,0.47785884,0.0880965,0.11606182,0.31798285
26603408301,266034083,1,0,0.3134693,0.053914003,0.07721691,0.5553997
26603935402,266039354,2,0,0.8823638,0.019038385,0.05794185,0.0406559
26604499101,266044991,1,0,0.46149376,0.040145192,0.13019468,0.36816642
26614145701,266141457,1,0,0.061610725,0.27063927,0.07926364,0.58848643
26614145702,266141457,2,0,0.05231651,0.23670208,0.07168381,0.63929754
26614145703,266141457,3,0,0.04623005,0.10191634,0.058386836,0.7934667
26614145704,266141457,4,0,0.040850326,0.099724144,0.04991713,0.80950844
26614299901,266142999,1,0,0.3435338,0.092429854,0.10676703,0.45726925
26615075001,266150750,1,0,0.4919279,0.07634175,0.14150628,0.2902241
26633427601,266334276,1,0,0.8308877,0.03617741,0.07310068,0.059834193
26633601602,266336016,2,0,0.7222284,0.027320972,0.08778507,0.16266562
26633719404,266337194,4,0,0.45964867,0.06799776,0.07396349,0.39839005
26639529501,266395295,1,0,0.590006,0.23043367,0.11283741,0.06672285
26639529503,266395295,3,0,0.3832156,0.38102862,0.10313897,0.1326167
26639533101,266395331,1,0,0.88664836,0.055047143,0.04383809,0.014466249
26639533102,266395331,2,0,0.61343545,0.28536528,0.06843734,0.032761928
26639533103,266395331,3,0,0.5570928,0.30689862,0.082584836,0.053423747
26639534501,266395345,1,0,0.7015362,0.14668417,0.08847204,0.06330759
26639534502,266395345,2,0,0.42176604,0.376448,0.10835633,0.093429565
26639534503,266395345,3,0,0.0051719085,0.31111363,0.057075545,0.6266389
26639604401,266396044,1,0,0.77027154,0.05641986,0.06413071,0.109177776
26649792101,266497921,1,0,0.005620629,0.039360818,0.042992707,0.9120259
26649792102,266497921,2,0,0.004071449,0.032487188,0.03715796,0.92628336
26649975403,266499754,3,0,0.011916112,0.01943503,0.034184184,0.93446475
26650099201,266500992,1,0,0.9081799,0.02263915,0.051600844,0.01758002
26660536601,266605366,1,0,0.1295158,0.036099516,0.0964903,0.7378945
26660536604,266605366,4,0,0.6710996,0.10730717,0.111579135,0.110014066
26666985803,266669858,3,0,0.24566326,0.29180685,0.11587808,0.34665182
26667124801,266671248,1,0,0.7156885,0.03693276,0.0814548,0.16592395
26667124802,266671248,2,0,0.69339526,0.025393149,0.08471294,0.19649869
26667610302,266676103,2,0,0.5446565,0.0793981,0.092343695,0.2836017
26677131901,266771319,1,0,0.5038408,0.36192968,0.08167722,0.052552298
26677131902,266771319,2,0,0.8848978,0.05500049,0.045929722,0.014171913
26677131903,266771319,3,0,0.005314313,0.29853714,0.05401015,0.6421384
26677310101,266773101,1,0,0.03564203,0.045738485,0.04045363,0.8781659
26677349203,266773492,3,0,0.5121958,0.035177626,0.0986533,0.3539733
26678218101,266782181,1,0,0.031162553,0.78335685,0.06112412,0.12435646
26678218103,266782181,3,0,0.026264142,0.2297153,0.08272582,0.6612947
26678218104,266782181,4,0,0.028110078,0.17497128,0.08147082,0.7154479
26688299201,266882992,1,0,0.027651932,0.07187154,0.053925674,0.8465509
26688299202,266882992,2,0,0.0010516802,0.0059089856,0.014237757,0.97880155
26688503802,266885038,2,0,0.6169269,0.029120395,0.08522148,0.26873127
26689357601,266893576,1,0,0.017740432,0.0717483,0.06662556,0.84388566
26689357602,266893576,2,0,0.03138485,0.07819713,0.068468004,0.82194996
35774715802,357747158,2,0,0.13833767,0.03486379,0.09851787,0.7282805
35774715803,357747158,3,0,0.32146445,0.03563551,0.11463677,0.52826333
35783066701,357830667,1,0,0.44124094,0.0213582,0.113064855,0.42433617
35802966101,358029661,1,0,0.5128041,0.13203953,0.11497464,0.24018165
35803131903,358031319,3,0,0.15964387,0.16412152,0.14358282,0.53265184
35803131904,358031319,4,0,0.12890913,0.14790432,0.114165485,0.6090211
35803131905,358031319,5,0,0.15752885,0.114574954,0.12812269,0.59977347
35938781201,359387812,1,0,0.35594553,0.32228667,0.13324334,0.18852448
35949636801,359496368,1,0,0.8825839,0.032736443,0.059213027,0.025466664
35949741801,359497418,1,0,0.5527101,0.28831714,0.09056014,0.06841246
35949741802,359497418,2,0,0.71737397,0.13091682,0.087035924,0.06467329
35963148201,359631482,1,0,0.0018003458,0.019088054,0.01696407,0.9621475
35963279101,359632791,1,0,0.83309877,0.022248019,0.06467142,0.07998177
35963357201,359633572,1,0,0.4806353,0.37754002,0.08478018,0.057044555
35963357202,359633572,2,0,0.05473639,0.7689813,0.06509519,0.11118712
35967512702,359675127,2,0,0.13781865,0.029989045,0.051239394,0.7809529
35967584901,359675849,1,0,0.31005538,0.33887544,0.10884229,0.24222696
36002129204,360021292,4,0,0.0026301332,0.007270218,0.019630956,0.9704687
36210429301,362104293,1,0,0.13825019,0.5092485,0.11433161,0.23816973
36210429302,362104293,2,0,0.041572917,0.44137308,0.092771895,0.4242821
36222610802,362226108,2,0,0.28680933,0.0451979,0.074520126,0.5934726
36225985501,362259855,1,0,0.017246393,0.117323875,0.04382882,0.821601
36225985502,362259855,2,0,0.016015664,0.12054584,0.043675918,0.8197625
36225985504,362259855,4,0,0.0006131467,0.005466345,0.0084100375,0.9855105
36376121601,363761216,1,0,0.9019877,0.039787162,0.04652797,0.011697327
36407447901,364074479,1,0,0.17966147,0.45211184,0.09901296,0.2692138
36412043902,364120439,2,0,0.09668967,0.4762057,0.112538874,0.31456575
36412101802,364121018,2,0,0.17246173,0.03766489,0.07414868,0.71572465
36417503302,364175033,2,0,0.36671633,0.01323466,0.05219815,0.5678508
36417630602,364176306,2,0,0.0327098,0.0132188685,0.04009989,0.9139714
36418245101,364182451,1,0,0.003944097,0.02390076,0.021231817,0.95092326
36418245102,364182451,2,0,0.005381096,0.028513553,0.023289962,0.9428154
36418245103,364182451,3,0,0.0002108149,0.0023173115,0.0069785086,0.9904934
36418619701,364186197,1,0,0.91233057,0.044542924,0.035123933,0.00800253
36418619702,364186197,2,0,0.554019,0.12813413,0.08869419,0.22915277
36594179501,365941795,1,0,0.31449065,0.040134043,0.08822934,0.55714595
36608500201,366085002,1,0,0.6706914,0.021248607,0.10797446,0.20008557
36608702601,366087026,1,0,0.7607429,0.12992524,0.07283679,0.03649503
36621658603,366216586,3,0,0.009469498,0.005712725,0.017705392,0.96711236
36621843401,366218434,1,0,0.19225632,0.03730689,0.08073165,0.68970513
36641614402,366416144,2,0,0.004520353,0.009891133,0.019267248,0.96632123
36641753202,366417532,2,0,0.021846587,0.007378935,0.03393192,0.9368425
36647449001,366474490,1,0,0.22065352,0.23179826,0.057679765,0.48986834
36650331802,366503318,2,0,0.120529816,0.025427986,0.04831353,0.8057287
36651325302,366513253,2,0,0.00081513595,0.00957767,0.01121645,0.9783908
36651351201,366513512,1,0,0.6240229,0.040787738,0.0931676,0.24202178
36651733703,366517337,3,0,0.011701237,0.805629,0.04381706,0.13885267
36656059302,366560593,2,0,0.13613841,0.02150027,0.081923686,0.76043767
36656345201,366563452,1,0,0.9082936,0.013021547,0.04636331,0.032321595
36658154401,366581544,1,0,0.34828088,0.0646285,0.08163471,0.5054558
36658154402,366581544,2,0,0.27396944,0.04612128,0.079553664,0.60035557
36659390303,366593903,3,0,0.00062313234,0.0019955083,0.012201159,0.98518014
36659490501,366594905,1,0,0.15907638,0.14277723,0.118729815,0.5794166
36659987103,366599871,3,0,0.08023148,0.028763382,0.059826538,0.8311786
36660173602,366601736,2,0,0.05404307,0.034938686,0.035514876,0.87550336
36663996103,366639961,3,0,0.0001875521,0.00241379,0.008057612,0.9893411
36663996104,366639961,4,0,0.00021305784,0.002442521,0.0080100475,0.98933434
36666624702,366666247,2,0,0.00964342,0.01810237,0.027124627,0.9451296
36671376004,366713760,4,0,0.075456254,0.017892959,0.07122829,0.8354225
36671507803,366715078,3,0,4.7980087e-05,0.0018857425,0.006481576,0.99158466
36671507804,366715078,4,0,4.9800678e-05,0.0019297025,0.006438028,0.9915824
36675848602,366758486,2,0,0.031647384,0.025763638,0.049261764,0.89332724
36675848604,366758486,4,0,0.01881754,0.018165583,0.04509928,0.91791755
36675916101,366759161,1,0,0.11116427,0.0260051,0.071748465,0.79108214
36676179002,366761790,2,0,0.23292232,0.08396268,0.09493956,0.5881754
36676179003,366761790,3,0,0.12321432,0.11681408,0.08896766,0.67100394
36678018401,366780184,1,0,0.8443343,0.050868314,0.069804065,0.034993287
36678018402,366780184,2,0,0.69790524,0.02659018,0.09401248,0.18149205
36678128101,366781281,1,0,0.10459278,0.0428029,0.051934082,0.8006702
36681152502,366811525,2,0,0.31074402,0.043626387,0.091165535,0.55446404
36681200901,366812009,1,0,0.57979023,0.04141091,0.09321583,0.28558302
36681570702,366815707,2,0,0.6823621,0.03179972,0.09047975,0.19535856
36681570703,366815707,3,0,0.10878891,0.032702208,0.0766312,0.78187776
36682426302,366824263,2,0,0.15018316,0.08733064,0.098567486,0.6639187
36682426303,366824263,3,0,0.12533885,0.07847176,0.095240414,0.700949
36682426306,366824263,6,0,0.0054838043,0.010823454,0.018655427,0.9650373
36683236403,366832364,3,0,4.1583036e-05,0.001628138,0.00622595,0.99210423
36683236404,366832364,4,0,4.1467752e-05,0.0016078618,0.006228391,0.9921222
36686920604,366869206,4,0,0.02347814,0.01261877,0.04443184,0.91947114
36687009701,366870097,1,0,0.44997707,0.3850706,0.10066221,0.0642901
36687565902,366875659,2,0,0.00054640236,0.008760097,0.01156501,0.97912854
36691822201,366918222,1,0,0.49356017,0.06614092,0.09095164,0.34934726
36697547503,366975475,3,0,0.0012161093,0.0042753173,0.01792189,0.9765867
36700726601,367007266,1,0,0.7249739,0.066634655,0.091406755,0.11698455
36700861903,367008619,3,0,0.014919709,0.010049328,0.037043277,0.9379877
36707313804,367073138,4,0,0.092233576,0.023263779,0.057971388,0.82653123
36707571401,367075714,1,0,0.28157324,0.028013803,0.112175494,0.5782374
36707966001,367079660,1,0,0.34775317,0.4223978,0.10638756,0.12346143
36709474601,367094746,1,0,0.24437895,0.03925983,0.09689628,0.6194649
36709924301,367099243,1,0,0.802696,0.11090215,0.06451595,0.021885842
36710258101,367102581,1,0,0.8711239,0.06477873,0.04965741,0.014439918
36710646903,367106469,3,0,0.0046041505,0.42798603,0.047680553,0.51972926
36711156804,367111568,4,0,0.023801934,0.01548134,0.038343366,0.9223733
36718433905,367184339,5,0,0.012738199,0.012937168,0.036752995,0.93757164
36724060904,367240609,4,0,0.00033656065,0.0023078802,0.013235932,0.9841196
36724184202,367241842,2,0,0.031782348,0.014583853,0.05492661,0.89870715
36724488002,367244880,2,0,0.026162494,0.0095366975,0.03555737,0.9287434
36730853402,367308534,2,0,0.4483719,0.02853892,0.10033805,0.4227511
36732302502,367323025,2,0,0.0059732185,0.009344665,0.020779017,0.9639031
36732302503,367323025,3,0,0.03531294,0.021560628,0.04025974,0.9028666
36735396701,367353967,1,0,0.60914075,0.0757978,0.08854772,0.22651379
36735690401,367356904,1,0,0.114430666,0.22092998,0.049321562,0.61531776
36736631801,367366318,1,0,0.9068262,0.04204987,0.03904078,0.012083131
36744173401,367441734,1,0,0.28626785,0.12823229,0.103260376,0.48223948
36744805803,367448058,3,0,0.8651204,0.045517102,0.060386393,0.028976094
36744961501,367449615,1,0,0.80276746,0.041146565,0.07231216,0.08377373
36751979101,367519791,1,0,0.59584296,0.17281714,0.10153736,0.12980255
36752477701,367524777,1,0,0.08174675,0.66271853,0.10786529,0.14766945
36752477702,367524777,2,0,0.0084300395,0.20894086,0.060823638,0.7218054
36754061703,367540617,3,0,0.33713105,0.1674208,0.0949783,0.40046978
36759323601,367593236,1,0,0.40074563,0.054579794,0.09907561,0.44559893
36761610503,367616105,3,0,0.004154254,0.013031656,0.027557468,0.95525664
36761745301,367617453,1,0,0.3512409,0.04958326,0.10676056,0.49241522
36762590101,367625901,1,0,0.20863684,0.24886295,0.11881526,0.42368495
36762809801,367628098,1,0,0.7308319,0.028545698,0.09453199,0.14609034
36762809802,367628098,2,0,0.26927486,0.042083435,0.103459306,0.5851825
36765061403,367650614,3,0,0.7953171,0.033224586,0.0772301,0.094228275
36770286303,367702863,3,0,0.0012676368,0.007018621,0.014372758,0.97734094
36773877901,367738779,1,0,0.6938584,0.12678649,0.100767806,0.07858736
36773877902,367738779,2,0,0.45949697,0.2466604,0.13017786,0.16366474
36775298101,367752981,1,0,0.05647038,0.022248438,0.0484481,0.872833
36776859202,367768592,2,0,0.002272483,0.019608608,0.021186754,0.95693225
36776904301,367769043,1,0,0.043893646,0.027319878,0.04619046,0.88259614
36777742101,367777421,1,0,0.46439442,0.3742228,0.09251769,0.06886516
36778462701,367784627,1,0,0.019108627,0.012060962,0.038037784,0.9307927
36778462703,367784627,3,0,0.068158515,0.039232142,0.06352138,0.8290879
36778542601,367785426,1,0,0.49087024,0.25167632,0.10801136,0.1494421
36778624402,367786244,2,0,0.32657996,0.1796154,0.12176303,0.3720416
36778624403,367786244,3,0,0.008125373,0.04069929,0.036185566,0.91498977
36778956303,367789563,3,0,0.58034045,0.18294404,0.11561322,0.121102236
36785578901,367855789,1,0,0.08162151,0.022747563,0.051812973,0.84381783
36785803501,367858035,1,0,0.94042563,0.011724542,0.03718417,0.01066565
39109048401,391090484,1,0,0.27048534,0.12529896,0.09081302,0.5134027
39109164401,391091644,1,0,0.12381555,0.07735252,0.09505563,0.7037763
39111362801,391113628,1,0,0.038284205,0.12710753,0.07211093,0.76249737
39111362802,391113628,2,0,0.008359123,0.011643502,0.024804058,0.95519334
39119445402,391194454,2,0,0.574447,0.17822444,0.12382749,0.12350097
39141305401,391413054,1,0,0.28453812,0.064651266,0.0888843,0.5619263
39141305402,391413054,2,0,0.09069641,0.040998697,0.06611168,0.8021932
39148365103,391483651,3,0,0.38423765,0.04193754,0.07723809,0.4965867
39183273204,391832732,4,0,0.00063373055,0.0052573974,0.014710409,0.9793985
39183572202,391835722,2,0,0.28284967,0.15923655,0.10998415,0.4479296
39212387001,392123870,1,0,0.2875311,0.44469383,0.10476475,0.16301037
39212387002,392123870,2,0,0.112623245,0.043336358,0.047651924,0.79638845
39212496603,392124966,3,0,0.50900006,0.027270583,0.12666492,0.33706433
39218051601,392180516,1,0,0.19455811,0.4751063,0.0990826,0.23125292
39218051602,392180516,2,0,0.0013152086,0.021449046,0.015635524,0.96160024
39222380305,392223803,5,0,0.00021892705,0.0028958928,0.014057561,0.98282766
39222687401,392226874,1,0,0.2714498,0.039793525,0.08183353,0.6069231
39223150702,392231507,2,0,0.21417642,0.18874933,0.08776582,0.5093083
39223150703,392231507,3,0,0.0045488817,0.8717713,0.043375026,0.08030473
39231570401,392315704,1,0,0.32142383,0.04411253,0.09856418,0.5358994
39236986804,392369868,4,0,0.013361803,0.016643701,0.02778958,0.94220495
39237130303,392371303,3,0,0.026218338,0.013607603,0.042861734,0.91731226
39237130305,392371303,5,0,0.0040072096,0.007796504,0.027728055,0.96046823
39237474101,392374741,1,0,0.18509479,0.6317082,0.094172865,0.08902411
39237474102,392374741,2,0,0.34781075,0.29930964,0.13769294,0.21518673
39238077001,392380770,1,0,0.09355947,0.03312151,0.08267213,0.79064685
39242671501,392426715,1,0,0.45755437,0.14650421,0.096758455,0.29918304
39243528601,392435286,1,0,0.067834325,0.023381878,0.060086478,0.8486973
39254542801,392545428,1,0,0.76150805,0.06531071,0.081856966,0.09132416
39256940201,392569402,1,0,0.68535995,0.083881065,0.09085157,0.13990742
39267877701,392678777,1,0,0.22327247,0.1277381,0.0887532,0.5602362
39268154501,392681545,1,0,0.62393755,0.042721003,0.08075569,0.25258583
39288200001,392882000,1,0,0.2871236,0.10218797,0.10234909,0.50833946
39288476901,392884769,1,0,0.3006826,0.34340352,0.13972248,0.21619134
39288980502,392889805,2,0,0.000855141,0.01401387,0.013353407,0.9717776
39302075902,393020759,2,0,0.0052845916,0.012237134,0.02027423,0.962204
39302227101,393022271,1,0,0.36873436,0.041368525,0.10632241,0.4835747
39313709103,393137091,3,0,0.036914416,0.015975755,0.04156541,0.90554446
39408955401,394089554,1,0,0.013902255,0.0073788073,0.02276774,0.9559511
39412921302,394129213,2,0,0.0002577162,0.008391145,0.02234221,0.9690089
39539045201,395390452,1,0,0.26836628,0.41669172,0.11050141,0.20444064
39540970401,395409704,1,0,0.3338582,0.050367866,0.10274856,0.5130254
39540979903,395409799,3,0,0.1468437,0.028107705,0.07387319,0.7511754
39541328602,395413286,2,0,0.30869195,0.53349,0.08701201,0.07080601
39558514506,395585145,6,0,0.55821407,0.054057997,0.11433943,0.27338845
39569638403,395696384,3,0,0.004239236,0.004891838,0.018419363,0.97244966
39576918901,395769189,1,0,0.25670233,0.05174048,0.09509117,0.596466
39577332401,395773324,1,0,0.49063617,0.19048381,0.106290385,0.21258964
39577446102,395774461,2,0,0.34977454,0.044645067,0.10044598,0.5051344
39586548702,395865487,2,0,0.0051946538,0.029974898,0.024899134,0.93993133
39586622702,395866227,2,0,0.0010853829,0.006585237,0.01575433,0.9765751
39593857001,395938570,1,0,0.13012002,0.35215646,0.13595018,0.3817733
39594341502,395943415,2,0,0.5340152,0.026956268,0.10064602,0.33838254
39601246002,396012460,2,0,0.6591701,0.03618893,0.088645615,0.21599528
39605999202,396059992,2,0,0.3007282,0.3309287,0.11958166,0.24876136
39606155404,396061554,4,0,0.007162171,0.009884804,0.027016763,0.95593613
39606528301,396065283,1,0,0.7074101,0.16299291,0.08204991,0.04754704
39611316004,396113160,4,0,0.20185545,0.06351231,0.09093146,0.6437008
39623784801,396237848,1,0,0.803913,0.039186355,0.074068904,0.082831755
39623784802,396237848,2,0,0.15530053,0.08304689,0.09603397,0.6656186
39624023303,396240233,3,0,0.00019846146,0.002825562,0.0105754,0.98640054
39624210701,396242107,1,0,0.12829454,0.051686265,0.06891118,0.75110805
39638727201,396387272,1,0,0.82000613,0.09426145,0.056418035,0.029314438
39647366804,396473668,4,0,0.0021907391,0.50922346,0.0327941,0.45579168
39648562802,396485628,2,0,0.61452633,0.06636384,0.08927441,0.22983536
39648562803,396485628,3,0,0.41638818,0.07151749,0.14152327,0.37057105
39648667502,396486675,2,0,0.02444837,0.0129970005,0.03615838,0.92639625
39648667504,396486675,4,0,0.008237592,0.0067603956,0.03143185,0.95357007
39648693101,396486931,1,0,0.07680609,0.6969524,0.0834077,0.14283371
39653130103,396531301,3,0,0.058805883,0.025877727,0.051835675,0.8634807
39656249001,396562490,1,0,0.79704076,0.03222148,0.08387093,0.086866915
39666381501,396663815,1,0,0.0014666786,0.008781448,0.026603177,0.96314865
39671371901,396713719,1,0,0.20120125,0.6714535,0.073994435,0.05335089
39671385001,396713850,1,0,0.46496,0.3908254,0.08912893,0.055085637
39671622303,396716223,3,0,0.41143054,0.06927864,0.09507371,0.42421713
39723369702,397233697,2,0,0.0034084949,0.031305667,0.03454702,0.93073875
39728416301,397284163,1,0,0.032365374,0.10923163,0.07669142,0.7817116
39779893702,397798937,2,0,0.011415031,0.006115885,0.033097897,0.9493712
39792152404,397921524,4,0,0.0003739631,0.0023577134,0.010638125,0.98663014
39801796902,398017969,2,0,0.19867836,0.040646162,0.09598101,0.6646945
39806865103,398068651,3,0,0.25679395,0.21990211,0.059152342,0.46415162
39807429906,398074299,6,0,0.73508364,0.021994255,0.07484175,0.16808024
39815608001,398156080,1,0,0.38927212,0.094080724,0.12354238,0.3931048
39815608002,398156080,2,0,0.7268099,0.050902307,0.07491999,0.1473677
39815742501,398157425,1,0,0.3356519,0.5240734,0.07966399,0.060610503
39815742502,398157425,2,0,0.015378795,0.27994937,0.07101266,0.6336591
39815933504,398159335,4,0,0.562395,0.036012802,0.079534516,0.3220577
39816027301,398160273,1,0,0.42078736,0.029469727,0.08287693,0.46686605
39828402302,398284023,2,0,0.00583075,0.00644008,0.019229382,0.96849984
39833857504,398338575,4,0,0.00032844668,0.0024414046,0.014702205,0.9825279
39926266701,399262667,1,0,0.44676232,0.418354,0.08468432,0.050199386
39926266702,399262667,2,0,0.0063191187,0.3985476,0.06360224,0.53153104
39926284805,399262848,5,0,0.0050102687,0.0043817083,0.025634585,0.9649734
39927081402,399270814,2,0,0.87489736,0.06343259,0.046441402,0.015228707
39927081403,399270814,3,0,0.7357011,0.14861958,0.073263906,0.042415395
39944837101,399448371,1,0,0.8154159,0.06035107,0.07671488,0.047518015
39962839302,399628393,2,0,0.15165265,0.4359482,0.11133366,0.30106556
39962942405,399629424,5,0,0.0003600454,0.0029366803,0.012701585,0.9840016
39973711401,399737114,1,0,0.017706795,0.046315778,0.04444267,0.8915348
39976173501,399761735,1,0,0.13965662,0.031911306,0.07280444,0.7556277
39978868102,399788681,2,0,0.009985639,9.676655e-05,0.007507421,0.9824102
39983107201,399831072,1,0,0.14560913,0.08726653,0.06379507,0.7033293
39992960502,399929605,2,0,0.49027416,0.035627715,0.11617819,0.35791987
39996175004,399961750,4,0,0.0019919178,0.008762299,0.020134505,0.9691113
40002636101,400026361,1,0,0.11240727,0.05881313,0.07390649,0.7548731
40002636102,400026361,2,0,0.076500334,0.049385626,0.062848136,0.8112658
40009303601,400093036,1,0,0.648108,0.04190392,0.08290961,0.22707844
40009350201,400093502,1,0,0.8260543,0.021025633,0.06845309,0.084466994
40012880202,400128802,2,0,0.5375954,0.032426406,0.09489473,0.33508337
40073542201,400735422,1,0,0.009261412,0.019999607,0.020082278,0.9506567
40073706201,400737062,1,0,0.451153,0.16028471,0.11837371,0.2701886
40082438301,400824383,1,0,0.43007,0.34480283,0.1116041,0.113523014
40082501501,400825015,1,0,0.70344365,0.15485899,0.07659488,0.0651024
40082501502,400825015,2,0,0.3478751,0.21923259,0.09254059,0.34035158
40082603101,400826031,1,0,0.04857331,0.04634026,0.092342146,0.81274426
40082603103,400826031,3,0,0.2705599,0.03366413,0.08085091,0.61492497
40082693301,400826933,1,0,0.128566,0.038699884,0.07739113,0.755343
40108044003,401080440,3,0,0.00018549236,0.010682342,0.015378694,0.9737535
40108044004,401080440,4,0,0.00013760068,0.00570327,0.012978317,0.9811807
40108044006,401080440,6,0,0.003669028,0.8556901,0.038446188,0.10219464
40109012901,401090129,1,0,0.34361956,0.052618377,0.09981193,0.5039501
40128577301,401285773,1,0,0.7852856,0.033624467,0.075112306,0.10597754
40132025201,401320252,1,0,0.57465094,0.18100736,0.12308401,0.12125776
40132208701,401322087,1,0,0.34017298,0.0712205,0.11451437,0.4740921
40149884402,401498844,2,0,0.00018956473,0.02268484,0.015073919,0.96205175
40150260501,401502605,1,0,0.55682695,0.17996474,0.1277622,0.13544603
40223780603,402237806,3,0,0.03996638,0.01848023,0.06213919,0.87941426
40265595401,402655954,1,0,0.12931308,0.36241457,0.10473009,0.40354228
40265912101,402659121,1,0,0.30007014,0.32653072,0.13553673,0.23786245
40265931701,402659317,1,0,0.4823352,0.07832024,0.094472006,0.3448724
40278388201,402783882,1,0,0.20793629,0.09084645,0.0729333,0.628284
40278388203,402783882,3,0,0.07541277,0.017090324,0.04332226,0.86417466
25179163102,251791631,2,0,0.59267014,0.052150495,0.079726815,0.27545258
25179163103,251791631,3,0,0.30082068,0.04959121,0.07417756,0.5754105
25181250401,251812504,1,0,0.0052075125,0.02349808,0.026172126,0.94512224
25181328301,251813283,1,0,0.57503295,0.16174406,0.093269415,0.16995361
25220885601,252208856,1,0,0.4643058,0.0902964,0.11053856,0.33485925
25221159501,252211595,1,0,0.20614487,0.03569133,0.078346,0.67981774
25222784603,252227846,3,0,0.009334232,0.012559234,0.040621962,0.93748456
25223411305,252234113,5,0,0.8456487,0.021145402,0.06500013,0.06820581
25225471401,252254714,1,0,0.269883,0.050899714,0.09869348,0.5805238
25225471402,252254714,2,0,0.3341573,0.03333539,0.09235609,0.5401512
25227285202,252272852,2,0,0.61323524,0.08439065,0.09285146,0.20952266
25227418402,252274184,2,0,0.625505,0.04776285,0.102481045,0.22425096
25228627007,252286270,7,0,7.068468e-05,0.0017529555,0.008247764,0.9899285
25229470901,252294709,1,0,0.8689211,0.072154365,0.047131684,0.011792783
25229790601,252297906,1,0,0.20634516,0.14822829,0.11569689,0.52972966
25230734401,252307344,1,0,0.5536698,0.07767582,0.093436554,0.2752178
25232494001,252324940,1,0,0.6261633,0.06844615,0.10131072,0.20407979
25232593604,252325936,4,0,0.035553306,0.05318211,0.050547834,0.8607167
25233185501,252331855,1,0,0.460352,0.055414584,0.11255181,0.37168163
25233222501,252332225,1,0,0.87828827,0.05931235,0.047798827,0.014600626
25234473803,252344738,3,0,0.060883258,0.028497899,0.05195827,0.8586606
25237484907,252374849,7,0,0.00024231974,0.0029685884,0.012167742,0.98462135
25240337601,252403376,1,0,0.8624455,0.05850356,0.05987733,0.019173754
25242266103,252422661,3,0,0.6569581,0.032800697,0.07135747,0.2388837
25242677903,252426779,3,0,0.0006487524,0.003436744,0.013017796,0.9828968
25244253201,252442532,1,0,0.031131368,0.0114884265,0.03976697,0.91761327
25244468501,252444685,1,0,0.6998222,0.07355174,0.080083035,0.14654301
25245120102,252451201,2,0,0.6770075,0.19482726,0.08208207,0.046083156
25281290703,252812907,3,0,0.00022350992,0.004469052,0.01054745,0.98476
25281509504,252815095,4,0,0.05546077,0.050833598,0.08211853,0.8115871
25282102403,252821024,3,0,8.712383e-05,0.0021541002,0.0063933474,0.9913654
25282438303,252824383,3,0,0.65778506,0.036228683,0.08798469,0.21800151
25283171702,252831717,2,0,0.00030487217,0.0049400884,0.010364443,0.9843906
25283714401,252837144,1,0,0.8023788,0.07545809,0.09114969,0.031013392
25283969502,252839695,2,0,0.5946403,0.04648728,0.101104304,0.25776818
25284479604,252844796,4,0,7.392106e-05,0.0024252895,0.0078405645,0.98966014
25284536401,252845364,1,0,0.90383625,0.023404172,0.05027515,0.022484493
25285241903,252852419,3,0,0.4104207,0.037181653,0.077094026,0.47530353
25285589302,252855893,2,0,0.91082716,0.019591736,0.046709903,0.022870954
25285676201,252856762,1,0,0.34310243,0.10845386,0.11592877,0.4325149
25286669503,252866695,3,0,0.0011167964,0.003413734,0.011703932,0.98376554
25562127502,255621275,2,0,0.6548785,0.054871637,0.09035327,0.19989668
25586535103,255865351,3,0,0.68197984,0.025015617,0.07355411,0.21945043
25586813002,255868130,2,0,0.0019961714,0.008792779,0.020259414,0.96895164
25592119704,255921197,4,0,0.0122626545,0.019162344,0.021189684,0.9473853
25599273001,255992730,1,0,0.29660517,0.25609407,0.11622304,0.3310778
25599273002,255992730,2,0,0.0036732105,0.030238193,0.020349696,0.9457389
25599351702,255993517,2,0,0.024059191,0.010367016,0.041849267,0.92372453
25599377702,255993777,2,0,0.00054944266,0.005483123,0.012775503,0.9811919
25599377703,255993777,3,0,0.00051682943,0.005501337,0.012333121,0.9816486
25599386201,255993862,1,0,0.32353017,0.03924958,0.08319011,0.5540301
25599433601,255994336,1,0,0.9402291,0.018062817,0.034392234,0.007315852
25632437701,256324377,1,0,0.43102077,0.08419854,0.09059362,0.39418706
25638399701,256383997,1,0,0.063102245,0.05176006,0.062153473,0.8229843
25642808301,256428083,1,0,0.31982177,0.05687265,0.09148633,0.5318193
25642808304,256428083,4,0,0.24854971,0.06224965,0.094235465,0.59496516
25648688301,256486883,1,0,0.020788971,0.018371921,0.026941355,0.93389785
25650396001,256503960,1,0,0.09420804,0.54503846,0.118994474,0.24175894
25650396002,256503960,2,0,0.0076971664,0.7189555,0.065929115,0.20741819
25650876601,256508766,1,0,0.63564634,0.022705775,0.105349496,0.2362984
25651575202,256515752,2,0,0.16214867,0.026449313,0.050885964,0.76051605
25660881304,256608813,4,0,0.21129957,0.50343746,0.10759646,0.17766652
25660881306,256608813,6,0,0.04183889,0.2946685,0.068360455,0.59513205
25661799402,256617994,2,0,0.039040647,0.01753797,0.056458976,0.88696235
25664056103,256640561,3,0,0.0008800902,0.014961625,0.015159275,0.96899897
25677390501,256773905,1,0,0.0024581677,0.005795718,0.020582987,0.97116315
25686420801,256864208,1,0,0.9186857,0.02773496,0.043175943,0.010403314
25686420802,256864208,2,0,0.34455636,0.18871656,0.112260446,0.35446668
25839355801,258393558,1,0,0.46501178,0.33959574,0.120927714,0.0744647
25839355802,258393558,2,0,0.2588119,0.16123562,0.14667626,0.43327627
25850999601,258509996,1,0,0.8466273,0.054778267,0.0636118,0.03498248
25850999602,258509996,2,0,0.5227523,0.13165516,0.099743605,0.24584892
25854914002,258549140,2,0,0.02655827,0.011787137,0.04085868,0.9207959
25863178401,258631784,1,0,0.53629696,0.05742216,0.103757456,0.30252343
25877372104,258773721,4,0,0.00031341938,0.0021969576,0.011434481,0.9860552
25877713701,258777137,1,0,0.80494046,0.08654457,0.072877124,0.035637762
25879924502,258799245,2,0,0.0010630602,0.011622975,0.032358155,0.9549558
25882681602,258826816,2,0,0.004366294,0.022507908,0.0292892,0.9438366
25882693401,258826934,1,0,0.84056383,0.03889863,0.059833508,0.060703978
25882711601,258827116,1,0,0.27958423,0.06973092,0.1049441,0.5457407
25882945001,258829450,1,0,0.8152285,0.020578608,0.07028638,0.09390635
25883121302,258831213,2,0,0.6548874,0.022888925,0.110713676,0.21150993
25883121303,258831213,3,0,0.59869254,0.025406782,0.11628711,0.2596136
25886991702,258869917,2,0,0.27022225,0.023881165,0.09562136,0.6102752
25887244501,258872445,1,0,0.04163696,0.7833697,0.06975311,0.105240144
25887244502,258872445,2,0,0.018689701,0.7183213,0.07337084,0.189618
25887541402,258875414,2,0,0.42317325,0.026853783,0.112235405,0.43773744
25895684301,258956843,1,0,0.020224625,0.046842054,0.04598302,0.8869503
25895684302,258956843,2,0,0.02165179,0.04921679,0.04572919,0.8834022
25900374301,259003743,1,0,0.07336245,0.10606275,0.057071656,0.7635031
25900618502,259006185,2,0,0.29034513,0.41634536,0.12554222,0.16776738
25900618503,259006185,3,0,0.8594082,0.07095837,0.04897085,0.020662583
25903753901,259037539,1,0,0.012667411,0.0037320035,0.047307916,0.9362927
25910825204,259108252,4,0,0.004081258,0.004643294,0.022524161,0.96875125
25910835101,259108351,1,0,0.5219283,0.13171393,0.12588328,0.22047447
25911007703,259110077,3,0,0.60005957,0.059312973,0.11252581,0.22810163
25911028703,259110287,3,0,0.0005027971,0.0034098844,0.012841009,0.98324627
25912645302,259126453,2,0,0.5816753,0.2450401,0.102958344,0.07032622
25914438601,259144386,1,0,0.49727297,0.03939601,0.09288439,0.3704466
25915052002,259150520,2,0,0.025961248,0.015248865,0.034651183,0.9241388
25915117002,259151170,2,0,0.0024107283,0.05206436,0.018798295,0.92672664
25923759702,259237597,2,0,0.12577106,0.5036292,0.12126203,0.2493377
25923761001,259237610,1,0,0.24926148,0.40876096,0.12684157,0.21513592
25924683201,259246832,1,0,0.4064044,0.062341847,0.103661716,0.42759213
25932191301,259321913,1,0,0.27761358,0.051248346,0.081922844,0.5892152
25932608801,259326088,1,0,0.55816483,0.24434014,0.11539796,0.082097024
25933108301,259331083,1,0,0.3247326,0.19771789,0.061644483,0.41590512
25940113001,259401130,1,0,0.568258,0.1552903,0.12597826,0.1504734
25940113002,259401130,2,0,0.7013037,0.12356834,0.09172065,0.08340726
25946814901,259468149,1,0,0.29854012,0.06966958,0.09448486,0.5373055
25949946502,259499465,2,0,0.43781218,0.21518177,0.10148557,0.24552046
25950581201,259505812,1,0,0.69013083,0.17968374,0.08446812,0.045717273
25954780701,259547807,1,0,0.09977946,0.039368033,0.055462223,0.80539024
25955052503,259550525,3,0,7.576692e-05,0.0017793694,0.0070972317,0.9910476
25955073301,259550733,1,0,0.23645,0.0431414,0.102038555,0.61837
25955197201,259551972,1,0,0.5028984,0.07035218,0.097560234,0.32918915
25958268202,259582682,2,0,0.03737948,0.07890244,0.06470635,0.8190117
25958278605,259582786,5,0,0.07209171,0.029274473,0.0650057,0.8336281
25974192802,259741928,2,0,0.015493493,0.018020738,0.035633307,0.9308525
25974192803,259741928,3,0,0.015035286,0.01982271,0.03359162,0.93155044
25974192804,259741928,4,0,0.023104202,0.022554867,0.038118746,0.9162222
25981697501,259816975,1,0,0.31905192,0.056248423,0.11124336,0.5134564
25989233701,259892337,1,0,0.83870894,0.08456273,0.06038599,0.016342415
26005580501,260055805,1,0,0.86834836,0.040837612,0.06293056,0.027883505
26015698201,260156982,1,0,0.80975664,0.029565535,0.07219266,0.08848516
26022936901,260229369,1,0,0.070328176,0.49088705,0.094899826,0.34388494
26022936902,260229369,2,0,0.13001935,0.47384673,0.09924703,0.29688686
26022936903,260229369,3,0,0.040349424,0.2748303,0.07354038,0.61127996
26023660601,260236606,1,0,0.6569974,0.050551992,0.097016394,0.19543417
26027316101,260273161,1,0,0.6270011,0.18074962,0.0892644,0.1029848
26027470702,260274707,2,0,0.21417622,0.020694112,0.08179124,0.68333846
26027776201,260277762,1,0,0.047611475,0.017499909,0.037927967,0.89696056
26027776203,260277762,3,0,0.0035266154,0.024017623,0.0585426,0.91391313
15627260501,156272605,1,0,0.43872914,0.045121666,0.13396873,0.38218045
15627593602,156275936,2,0,0.33586615,0.049714595,0.08335489,0.53106433
15641001001,156410010,1,0,0.31902435,0.3204578,0.12496109,0.2355568
15649058401,156490584,1,0,0.22776498,0.14978409,0.116027094,0.50642383
15651902201,156519022,1,0,0.452795,0.16811804,0.10028182,0.27880517
15651902202,156519022,2,0,0.23606397,0.1755347,0.112418965,0.47598225
15660694101,156606941,1,0,0.30886003,0.07715241,0.09419229,0.51979524
15667655701,156676557,1,0,0.42347786,0.3039371,0.111608066,0.1609769
15671925301,156719253,1,0,0.42152408,0.09173137,0.1347471,0.3519973
15671925304,156719253,4,0,0.7343733,0.05372377,0.09453876,0.11736418
15672314101,156723141,1,0,0.71761674,0.03358654,0.07111276,0.17768404
15672471901,156724719,1,0,0.69634676,0.15341069,0.100049436,0.05019307
15679900503,156799005,3,0,0.0028298316,0.006121872,0.023143366,0.9679048
15933326905,159333269,5,0,8.16913e-05,0.0024878245,0.017074818,0.98035556
15934321801,159343218,1,0,0.9192063,0.023776747,0.03811108,0.018905776
15934459701,159344597,1,0,0.004590147,0.02828477,0.02268589,0.94443923
15941745503,159417455,3,0,0.1098621,0.018485874,0.04975839,0.82189363
15941835302,159418353,2,0,0.88824373,0.0285174,0.046810437,0.036428366
15943836703,159438367,3,0,0.01023042,0.0152226165,0.022214692,0.95233226
15945273302,159452733,2,0,0.0040120017,0.0044934046,0.022443708,0.96905077
15946546701,159465467,1,0,0.03720567,0.010192846,0.051028114,0.9015733
15951010902,159510109,2,0,0.009037546,0.021400535,0.032544356,0.9370176
16014319703,160143197,3,0,0.07657231,0.015024791,0.052189894,0.856213
16019539302,160195393,2,0,0.00021508744,0.009429222,0.008524276,0.9818314
16048932603,160489326,3,0,0.68535626,0.04100582,0.08640104,0.18723692
16053610201,160536102,1,0,0.55436033,0.09946352,0.093941584,0.25223443
16053610202,160536102,2,0,0.26466078,0.15175028,0.09017688,0.49341196
16058572901,160585729,1,0,0.40538728,0.36331588,0.11491522,0.11638156
16058572902,160585729,2,0,0.042741343,0.47925302,0.089269206,0.38873646
16059968302,160599683,2,0,0.23359224,0.056747172,0.10782229,0.6018383
16060245201,160602452,1,0,0.25647125,0.22205038,0.05939769,0.46208075
16061849402,160618494,2,0,0.21662843,0.5628731,0.093684785,0.12681358
16061849501,160618495,1,0,0.65490466,0.123687655,0.082644574,0.13876311
16550244701,165502447,1,0,0.8728377,0.053761456,0.057968248,0.015432492
17100365101,171003651,1,0,0.42049372,0.035852075,0.09438018,0.44927394
17116024301,171160243,1,0,0.8742804,0.05874807,0.04935238,0.017619139
17119601102,171196011,2,0,0.08980599,0.034065403,0.07027137,0.8058572
18703213401,187032134,1,0,0.3159561,0.047199395,0.09278037,0.5440642
18703358801,187033588,1,0,0.6156029,0.04271214,0.09228798,0.24939692
18709055301,187090553,1,0,0.22123945,0.050412674,0.0918798,0.636468
18717242001,187172420,1,0,0.37617618,0.32552356,0.116401196,0.18189907
18717845201,187178452,1,0,0.55156624,0.03830288,0.089059204,0.3210717
18718047701,187180477,1,0,0.5641645,0.041291013,0.10005071,0.29449376
18719118703,187191187,3,0,0.6549116,0.0413404,0.0874432,0.21630478
18719955501,187199555,1,0,0.18879336,0.028574375,0.09847196,0.6841604
18720252301,187202523,1,0,0.40319887,0.30072626,0.11743911,0.1786358
18725602101,187256021,1,0,0.29750633,0.06535667,0.10047773,0.53665936
18728265003,187282650,3,0,6.774139e-05,0.003066347,0.008180295,0.98868555
18732007901,187320079,1,0,0.8896958,0.028322145,0.04554595,0.036435913
18732753202,187327532,2,0,0.6868029,0.03216573,0.09334554,0.18768579
18732753203,187327532,3,0,0.6725305,0.028917292,0.0985322,0.20002006
18743003301,187430033,1,0,0.79166406,0.09424233,0.07541234,0.038681317
18743087501,187430875,1,0,0.37577587,0.037889574,0.08318656,0.50314796
18743423302,187434233,2,0,0.00013972359,0.0049408083,0.008674679,0.9862448
18748363001,187483630,1,0,0.24127994,0.352901,0.12840855,0.27741042
18748713503,187487135,3,0,0.012200187,0.009839326,0.025904087,0.95205635
18749008801,187490088,1,0,0.28235546,0.040969048,0.09575584,0.5809197
18753839302,187538393,2,0,0.50046545,0.07165774,0.11699206,0.31088486
18758691101,187586911,1,0,0.31945798,0.4295824,0.11605792,0.13490175
18758691102,187586911,2,0,0.35509294,0.40417933,0.10528044,0.1354473
18758801702,187588017,2,0,0.00011588374,0.0066057793,0.013064864,0.98021346
18762221301,187622213,1,0,0.39790922,0.028494895,0.09904989,0.47454596
18762254501,187622545,1,0,0.6132413,0.13656601,0.10658782,0.14360479
18762254502,187622545,2,0,0.222272,0.1937575,0.12123135,0.46273914
18762254503,187622545,3,0,0.2207534,0.21052895,0.122107916,0.4466098
18762534203,187625342,3,0,0.00042866508,0.0020330118,0.010216919,0.9873214
18763037501,187630375,1,0,0.76139766,0.105905294,0.08422223,0.048474867
18763244702,187632447,2,0,0.12308581,0.056830313,0.06624747,0.75383633
18769102309,187691023,9,0,0.00017125663,0.0033470152,0.016238045,0.98024374
18769553403,187695534,3,0,0.65571535,0.03905342,0.09983807,0.20539309
18769836401,187698364,1,0,0.02868699,0.57367045,0.089927986,0.30771467
18769836501,187698365,1,0,0.014342411,0.78386676,0.059230044,0.14256088
19284207701,192842077,1,0,0.26903975,0.37958008,0.0992831,0.25209704
19293559201,192935592,1,0,0.015193538,0.792675,0.058752865,0.13337864
19293559202,192935592,2,0,0.012066505,0.7265436,0.06462601,0.19676386
19293559203,192935592,3,0,0.09300836,0.085969426,0.08020384,0.7408184
19473641801,194736418,1,0,0.94821334,0.016854368,0.028799077,0.006133199
19478221801,194782218,1,0,0.032720394,0.026651789,0.037238505,0.90338933
19478343206,194783432,6,0,0.1828588,0.022387678,0.0654212,0.72933227
19485358101,194853581,1,0,0.12085789,0.3626987,0.1001474,0.41629598
19816195702,198161957,2,0,0.03622449,0.0254657,0.049722143,0.8885877
19818155201,198181552,1,0,0.6710135,0.17251757,0.088406384,0.06806252
19818760001,198187600,1,0,0.7855126,0.12424177,0.06392112,0.026324509
19818760002,198187600,2,0,0.7778007,0.09279864,0.079868674,0.04953201
19821333201,198213332,1,0,0.8148864,0.021987323,0.07488158,0.088244714
19821333202,198213332,2,0,0.73736465,0.05744621,0.0894228,0.11576628
19835653302,198356533,2,0,0.90864545,0.021519013,0.044094864,0.02574076
19836345601,198363456,1,0,0.16269478,0.70558155,0.07285955,0.058864202
19836345602,198363456,2,0,0.51010764,0.34830478,0.08734061,0.054246984
19838348602,198383486,2,0,0.014782468,0.015339446,0.028749574,0.9411285
19839024701,198390247,1,0,0.9427564,0.012852415,0.03616837,0.008222773
19839088501,198390885,1,0,0.0015674833,0.030966818,0.02449861,0.94296706
19839101102,198391011,2,0,0.0304087,0.03282607,0.036709692,0.9000556
19841048001,198410480,1,0,0.08725212,0.16357297,0.07749224,0.6716826
19841356201,198413562,1,0,0.032957084,0.0048923255,0.046451665,0.91569895
19845912502,198459125,2,0,0.1661227,0.19944753,0.05659223,0.5778375
19845923901,198459239,1,0,0.35704195,0.04465893,0.09856685,0.49973223
19957420801,199574208,1,0,0.05063178,0.74694616,0.07511105,0.12731093
19957420802,199574208,2,0,0.15822724,0.5374608,0.112470135,0.19184195
19963506501,199635065,1,0,0.27971148,0.05913948,0.095219105,0.56592995
19966191501,199661915,1,0,0.5909072,0.2129217,0.09199409,0.10417704
19968847101,199688471,1,0,0.25029853,0.511302,0.10339298,0.13500656
19968847201,199688472,1,0,0.8334966,0.08730543,0.057500005,0.021697931
19971257202,199712572,2,0,0.82713574,0.016672004,0.06169139,0.0945009
20069715701,200697157,1,0,0.5098281,0.034592636,0.11155957,0.34401983
20069715901,200697159,1,0,0.24070622,0.0355713,0.10105945,0.622663
20073911801,200739118,1,0,0.35046557,0.049746938,0.09261106,0.50717646
20077926601,200779266,1,0,0.046247702,0.09360084,0.054531988,0.8056195
20077955403,200779554,3,0,0.42222577,0.027936788,0.0984873,0.45135015
20079260601,200792606,1,0,0.28626984,0.5079292,0.095682494,0.11011853
20085494801,200854948,1,0,0.83111256,0.026337136,0.07356967,0.068980634
20091686301,200916863,1,0,0.06912544,0.2638293,0.0835462,0.58349913
20091686302,200916863,2,0,0.06829594,0.2261271,0.104757175,0.60081977
20092162102,200921621,2,0,0.42084298,0.32915866,0.11996947,0.13002898
20093941802,200939418,2,0,0.00013900598,0.004314687,0.0076722815,0.987874
20100375601,201003756,1,0,0.6685971,0.18677208,0.08248263,0.062148158
20100375603,201003756,3,0,0.00090577,0.019952863,0.013355268,0.9657862
20100375604,201003756,4,0,0.7008822,0.032454677,0.09243694,0.17422624
20100861402,201008614,2,0,0.46118215,0.07163297,0.09065224,0.37653264
20100861403,201008614,3,0,0.20125048,0.040619753,0.08906221,0.6690675
20101021601,201010216,1,0,0.50341076,0.05628301,0.10727233,0.33303392
20101021602,201010216,2,0,0.35446188,0.038218565,0.079452045,0.52786744
20101021603,201010216,3,0,0.018388463,0.012675896,0.033305056,0.93563056
20115449301,201154493,1,0,0.5535753,0.2594663,0.093881264,0.0930772
20115449302,201154493,2,0,0.32189542,0.35781115,0.10384865,0.21644472
20130196302,201301963,2,0,0.10408995,0.030810978,0.069262706,0.7958364
20135748901,201357489,1,0,0.17868523,0.07766113,0.06916869,0.67448485
20138297401,201382974,1,0,0.8041559,0.09573857,0.06537521,0.034730256
20743773002,207437730,2,0,0.7398193,0.030292282,0.08240193,0.14748651
20743938902,207439389,2,0,0.8763896,0.034748215,0.05901384,0.029848324
20746807101,207468071,1,0,0.93717444,0.018963344,0.03713698,0.0067250775
20746866501,207468665,1,0,0.87375844,0.014947004,0.01929971,0.09199482
20749315201,207493152,1,0,0.8929865,0.04883372,0.04392916,0.014250672
1335878901,13358789,1,0,0.35097924,0.051565763,0.10774634,0.4897087
1336087702,13360877,2,0,0.0007171982,0.0048767105,0.013655509,0.98075056
1336283901,13362839,1,0,0.38688222,0.10779394,0.08390285,0.42142108
1345309901,13453099,1,0,0.6223514,0.13171716,0.12188614,0.124045275
1352936905,13529369,5,0,0.05166029,0.069356404,0.06610049,0.81288284
1370703601,13707036,1,0,0.7740171,0.028019296,0.075066686,0.12289691
1404203101,14042031,1,0,0.73375314,0.11970147,0.08714843,0.059397105
2097361303,20973613,3,0,0.0004085814,0.0024852208,0.009572716,0.9875335
2097363602,20973636,2,0,0.7488961,0.024756912,0.07752346,0.14882347
2097363603,20973636,3,0,0.57392687,0.029081758,0.08916983,0.30782148
2112535602,21125356,2,0,0.026460566,0.01233639,0.037448227,0.92375475
2113324601,21133246,1,0,0.029516827,0.029903607,0.040657297,0.89992225
2113324603,21133246,3,0,0.005517344,0.0060055493,0.019583127,0.968894
2114315701,21143157,1,0,0.060822207,0.14356172,0.07608557,0.7195305
2114319601,21143196,1,0,0.025638351,0.26963124,0.07320721,0.63152313
2114319602,21143196,2,0,0.01706577,0.20126744,0.058167752,0.7234991
2118937902,21189379,2,0,0.00034496153,0.02322668,0.022712383,0.953716
2124098801,21240988,1,0,0.3104346,0.11733538,0.111325756,0.4609042
2131546701,21315467,1,0,0.044078015,0.027217625,0.039246343,0.88945794
2131557803,21315578,3,0,0.48534015,0.07046653,0.079325594,0.3648676
2132196603,21321966,3,0,0.8864425,0.024140153,0.05697447,0.032442875
2145166701,21451667,1,0,0.49657363,0.14310817,0.11339915,0.246919
2639857401,26398574,1,0,0.3324939,0.07323462,0.08828865,0.50598276
2643386901,26433869,1,0,0.4437475,0.28508312,0.113995455,0.15717392
2643586401,26435864,1,0,0.17969693,0.09524071,0.07305646,0.6520059
2650032202,26500322,2,0,0.0028702402,0.0043777707,0.015261339,0.9774907
2653320701,26533207,1,0,0.04272044,0.09390206,0.07013358,0.7932439
2665313703,26653137,3,0,0.33957693,0.03360114,0.09018669,0.5366352
2709942402,27099424,2,0,0.63282114,0.03221721,0.0931246,0.24183689
2719782701,27197827,1,0,0.28391254,0.09540164,0.108324915,0.5123609
2720085101,27200851,1,0,0.02233231,0.33196875,0.074735135,0.5709638
2720705203,27207052,3,0,0.003131458,0.004996164,0.017507369,0.974365
2724581201,27245812,1,0,0.5589342,0.086254045,0.099902675,0.254909
2734641801,27346418,1,0,0.7649129,0.042271417,0.082328364,0.11048731
2742466201,27424662,1,0,0.32375917,0.12238791,0.13595279,0.4179002
2743007803,27430078,3,0,0.0001150943,0.0023567018,0.00671488,0.9908133
2759526602,27595266,2,0,0.67356503,0.034006294,0.08859003,0.2038386
2767539203,27675392,3,0,0.009034326,0.013418215,0.028090743,0.94945675
2793519401,27935194,1,0,0.6863104,0.15556043,0.0927382,0.065391
2825101002,28251010,2,0,0.00020878384,0.0055037886,0.009927518,0.9843599
2825302505,28253025,5,0,0.39417896,0.068971656,0.11923576,0.4176137
2825828303,28258283,3,0,0.045415305,0.012111844,0.048189983,0.89428294
2849846302,28498463,2,0,0.06547195,0.017913513,0.06477568,0.85183895
2866434702,28664347,2,0,0.12269501,0.03669152,0.08638225,0.7542312
2866724401,28667244,1,0,0.15405811,0.4673139,0.103636764,0.2749912
2866766405,28667664,5,0,0.3023886,0.079040736,0.08846459,0.5301061
2866964804,28669648,4,0,0.29468018,0.026265386,0.08639197,0.59266245
2874646502,28746465,2,0,0.07181961,0.029883334,0.08009333,0.81820375
2890198103,28901981,3,0,0.00031235,0.0040005133,0.011401848,0.9842853
2890459802,28904598,2,0,0.84048575,0.04947187,0.056181423,0.053861015
2907616501,29076165,1,0,0.1739019,0.6294274,0.09019507,0.10647559
2907616502,29076165,2,0,0.008311271,0.28616235,0.06421042,0.6413159
2907616504,29076165,4,0,0.08621997,0.059568733,0.05385278,0.80035853
2929573601,29295736,1,0,0.78683275,0.022427173,0.07549023,0.11524981
2929573602,29295736,2,0,0.1491694,0.026328923,0.079922035,0.7445796
2929665305,29296653,5,0,0.056580056,0.018722508,0.05221475,0.87248266
2955045401,29550454,1,0,0.15037829,0.52496654,0.12398419,0.20067096
2955045402,29550454,2,0,0.25637773,0.24754354,0.13508086,0.36099786
2955045404,29550454,4,0,0.49365363,0.15974104,0.1411428,0.20546252
2955045406,29550454,6,0,0.2765825,0.19133538,0.11760111,0.4144809
2955478903,29554789,3,0,0.5739021,0.051033743,0.09760847,0.27745566
2955779801,29557798,1,0,0.31287843,0.08185001,0.11247459,0.49279696
3515397505,35153975,5,0,0.02146048,0.016514102,0.036403295,0.92562205
3515817804,35158178,4,0,0.20127432,0.08262079,0.093474194,0.6226307
3520119601,35201196,1,0,0.1600625,0.018675523,0.06944257,0.75181943
3520119603,35201196,3,0,0.46365842,0.0551741,0.09610158,0.38506594
3520362704,35203627,4,0,0.5907353,0.03021278,0.09463277,0.28441912
4772945302,47729453,2,0,0.2009683,0.08496561,0.078260854,0.63580525
4775630003,47756300,3,0,0.015285657,0.011746922,0.035449702,0.93751764
4775778501,47757785,1,0,0.73535925,0.1177805,0.07933042,0.06752981
4775778502,47757785,2,0,0.2947608,0.26546627,0.13557227,0.30420074
4781974101,47819741,1,0,0.0658692,0.03227329,0.04191823,0.85993934
4793176601,47931766,1,0,0.7943784,0.13333072,0.054873105,0.017417723
4801859602,48018596,2,0,0.82016385,0.021273213,0.06419867,0.0943642
4801860402,48018604,2,0,0.15544716,0.034152396,0.084088415,0.72631204
4808740101,48087401,1,0,0.5452084,0.34101272,0.0759392,0.03783963
4813458305,48134583,5,0,0.069123834,0.037342686,0.058126934,0.8354066
4813524302,48135243,2,0,0.4701301,0.03452824,0.105166495,0.39017522
4813684403,48136844,3,0,0.3727856,0.031971157,0.12067153,0.4745717
4813945806,48139458,6,0,0.43248522,0.06920418,0.111777395,0.38653326
4842465501,48424655,1,0,0.19521259,0.018148763,0.088627055,0.69801164
4844656601,48446566,1,0,0.073568225,0.70826477,0.08798275,0.1301841
4844656602,48446566,2,0,0.63575,0.1771127,0.10046945,0.08666794
4844658501,48446585,1,0,0.24677157,0.10163593,0.1250107,0.5265819
4850062901,48500629,1,0,0.0060071787,0.008503444,0.024429236,0.96106017
4965805603,49658056,3,0,0.6456243,0.041633334,0.08991182,0.2228305
4972158202,49721582,2,0,0.43584162,0.12943958,0.12435469,0.31036398
4979777403,49797774,3,0,0.0039647375,0.0063171466,0.015178231,0.9745398
4985875701,49858757,1,0,0.53432274,0.28892037,0.097236,0.079520956
5004315501,50043155,1,0,0.34951535,0.4051615,0.11740615,0.12791708
5004315502,50043155,2,0,0.15383965,0.55214953,0.09739268,0.19661807
5004744602,50047446,2,0,0.29692745,0.06860012,0.09547417,0.53899825
5004793201,50047932,1,0,0.18158327,0.33967963,0.13079533,0.3479418
5004793202,50047932,2,0,0.00016920382,0.00522832,0.00988378,0.9847187
5004835103,50048351,3,0,0.0061103916,0.015068916,0.024641698,0.9541789
5011910002,50119100,2,0,0.120778196,0.025683405,0.04762655,0.80591184
5011998003,50119980,3,0,0.00020853305,0.0027667258,0.010498899,0.98652583
5012002402,50120024,2,0,6.6424596e-05,0.0027765005,0.0077957413,0.98936135
5012041401,50120414,1,0,0.91012055,0.024390616,0.045924265,0.019564504
5012375801,50123758,1,0,0.009768091,0.11680051,0.06556668,0.8078648
5012375802,50123758,2,0,0.021607805,0.2296954,0.08758983,0.66110694
5012375803,50123758,3,0,0.013882406,0.135423,0.07102616,0.7796684
5019164802,50191648,2,0,0.00013695845,0.027279848,0.012699475,0.95988375
5035053702,50350537,2,0,0.00040792095,0.021883285,0.020378454,0.95733035
5036088801,50360888,1,0,0.5354966,0.21678981,0.08574826,0.16196539
5045324201,50453242,1,0,0.660892,0.15837786,0.08454439,0.09618579
5045520101,50455201,1,0,0.051475435,0.6305228,0.07455038,0.24345139
5045627503,50456275,3,0,0.0029362605,0.009496447,0.01711747,0.97044986
5052077203,50520772,3,0,0.23368911,0.12408315,0.084371164,0.5578566
5069366103,50693661,3,0,0.5565956,0.033313468,0.109326825,0.30076405
5077242003,50772420,3,0,0.0004500628,0.005120304,0.011555814,0.98287386
5094456702,50944567,2,0,0.0003058483,0.002437818,0.010727643,0.98652864
5094506002,50945060,2,0,0.00923464,0.8710441,0.05550464,0.06421652
5094679403,50946794,3,0,0.36498085,0.3236636,0.09854931,0.21280624
5102694503,51026945,3,0,0.07310496,0.03235782,0.06465937,0.8298779
5102717102,51027171,2,0,0.8743816,0.015065228,0.06270158,0.04785149
5102970002,51029700,2,0,0.70381045,0.086614884,0.09694707,0.1126277
5103113704,51031137,4,0,0.00042899608,0.004502358,0.018742763,0.9763259
5192251801,51922518,1,0,0.6075265,0.22693224,0.101658635,0.063882664
5192251802,51922518,2,0,0.19147587,0.36622185,0.1416312,0.30067107
5645539401,56455394,1,0,0.8459137,0.024578193,0.05606733,0.073440745
5810796202,58107962,2,0,0.023157889,0.026613234,0.036351893,0.91387695
5810796203,58107962,3,0,0.023484165,0.028208168,0.037808795,0.9104988
5846878702,58468787,2,0,0.107706435,0.036007207,0.05578122,0.80050516
5854087601,58540876,1,0,0.8200175,0.07554822,0.06404484,0.040389474
5863901502,58639015,2,0,0.023642551,0.015879942,0.035285693,0.9251919
6519934201,65199342,1,0,0.19784781,0.045861814,0.09804806,0.6582422
6520053301,65200533,1,0,0.39642105,0.11314412,0.089277126,0.40115768
6520057901,65200579,1,0,0.71013826,0.15004212,0.078875266,0.060944255
6520108001,65201080,1,0,0.8505518,0.075694166,0.05117027,0.022583852
6520337701,65203377,1,0,0.14985643,0.03722724,0.08119745,0.73171884
6528070502,65280705,2,0,0.5472447,0.033942565,0.106616005,0.31219676
26689358701,266893587,1,0,0.14030221,0.11538788,0.15358935,0.59072053
26712930201,267129302,1,0,0.7329443,0.047529634,0.086234,0.13329199
26722367701,267223677,1,0,0.71798205,0.063006,0.10078829,0.1182237
26741665804,267416658,4,0,0.08602772,0.03284956,0.062474836,0.8186479
26741754401,267417544,1,0,0.8664906,0.0526043,0.058379408,0.02252555
26754272802,267542728,2,0,0.027282653,0.029294834,0.034833193,0.90858936
26757632701,267576327,1,0,0.066089444,0.0485042,0.060880337,0.82452595
26761268008,267612680,8,0,5.2480107e-05,0.000940155,0.010692269,0.98831517
26761279602,267612796,2,0,0.03942536,0.053927507,0.070634864,0.83601224
26762110201,267621102,1,0,0.41509575,0.27851486,0.126436,0.17995337
26769157201,267691572,1,0,0.28658852,0.14126241,0.11077288,0.46137622
26769428301,267694283,1,0,0.7356389,0.104130834,0.087016106,0.07321419
26781247401,267812474,1,0,0.18166652,0.28462073,0.10021721,0.43349555
26781247402,267812474,2,0,0.31812018,0.18308829,0.10291746,0.39587402
26781852801,267818528,1,0,0.81358576,0.049356483,0.07673342,0.060324416
26790027006,267900270,6,0,0.00015510783,0.0024780442,0.015621312,0.98174554
26790488901,267904889,1,0,0.5497158,0.31786272,0.08100831,0.05141311
26799688301,267996883,1,0,0.19728766,0.5360725,0.11252479,0.154115
26800081603,268000816,3,0,0.03777009,0.045100562,0.03962953,0.8774999
26800310606,268003106,6,0,0.0003960157,0.004320058,0.015163124,0.9801208
26800380702,268003807,2,0,0.76924896,0.02417874,0.09566171,0.110910535
26817011601,268170116,1,0,0.82681113,0.034254357,0.075404145,0.06353028
26817295902,268172959,2,0,0.035372514,0.011565933,0.040673453,0.9123881
26817519702,268175197,2,0,0.697731,0.043700114,0.068012275,0.19055663
26827840302,268278403,2,0,0.76453364,0.0691176,0.08952608,0.07682265
26828602403,268286024,3,0,0.2455153,0.050148413,0.07669851,0.62763774
26831954502,268319545,2,0,0.041879307,0.02148567,0.04991101,0.88672405
26832191701,268321917,1,0,0.5555582,0.034453925,0.10959359,0.3003942
26833447301,268334473,1,0,0.9421369,0.013563407,0.03558479,0.00871492
26840345101,268403451,1,0,0.92466766,0.028608536,0.038233526,0.008490367
26840373801,268403738,1,0,0.1964678,0.40172637,0.104893304,0.29691255
26929122601,269291226,1,0,0.04676131,0.27953845,0.07093055,0.6027698
26929122602,269291226,2,0,0.12127387,0.3363896,0.09507078,0.4472657
26929553502,269295535,2,0,0.002123395,0.017745746,0.017458968,0.9626718
26929694002,269296940,2,0,0.0002904228,0.009320689,0.020768452,0.96962047
26929695102,269296951,2,0,0.00037799077,0.010019499,0.023294257,0.9663082
26959692801,269596928,1,0,0.010675157,0.0050381795,0.02702664,0.95725995
26969643002,269696430,2,0,0.39886835,0.36251506,0.11288914,0.12572734
26969643801,269696438,1,0,0.4216959,0.44859177,0.08297914,0.04673318
26970114701,269701147,1,0,0.9442759,0.020889351,0.027914438,0.0069202203
26970114702,269701147,2,0,0.94532144,0.017810168,0.028743353,0.008125185
26970114703,269701147,3,0,0.93515086,0.018065276,0.037375275,0.00940867
27335527702,273355277,2,0,0.329576,0.052551173,0.08961616,0.52825665
27335941702,273359417,2,0,0.032612126,0.033506446,0.045985594,0.8878958
27483862301,274838623,1,0,0.8569953,0.019986976,0.06303034,0.059987385
27495471101,274954711,1,0,0.6408497,0.18601705,0.0854307,0.08770252
27498266902,274982669,2,0,0.0009912582,0.009716453,0.016654486,0.97263783
27505678908,275056789,8,0,0.097319804,0.028940659,0.05977861,0.81396097
27513608703,275136087,3,0,0.00020212462,0.0033797394,0.010000685,0.98641735
27514837201,275148372,1,0,0.14263713,0.047795974,0.06584993,0.7437169
27518759901,275187599,1,0,0.025527878,0.008135709,0.049663194,0.9166733
27519254203,275192542,3,0,4.320293e-05,0.0018321845,0.0068011293,0.9913234
27519254204,275192542,4,0,4.887806e-05,0.001853476,0.006767925,0.99132967
27519309901,275193099,1,0,0.50729716,0.028831868,0.10585868,0.35801226
27526208702,275262087,2,0,0.55167073,0.039472383,0.10445258,0.30440426
27536403601,275364036,1,0,0.13910344,0.021327432,0.08234347,0.75722563
27536613401,275366134,1,0,0.21997398,0.042354885,0.08656246,0.6511087
27546022605,275460226,5,0,0.00038169642,0.005068296,0.0119854435,0.98256457
27546306402,275463064,2,0,0.026301209,0.0489354,0.046215538,0.8785479
27563532401,275635324,1,0,0.058725107,0.5647937,0.13316442,0.24331675
27563532402,275635324,2,0,0.014792433,0.5904541,0.0734623,0.32129112
27570414401,275704144,1,0,0.08232491,0.031446036,0.05802629,0.82820284
27576997001,275769970,1,0,0.18967146,0.07238703,0.09750059,0.64044094
27576997002,275769970,2,0,0.011045825,0.02145247,0.029856054,0.9376455
27577023002,275770230,2,0,0.001029254,0.020791959,0.038800657,0.9393781
27585356102,275853561,2,0,0.16662012,0.04793935,0.07306777,0.7123728
27590578401,275905784,1,0,0.6148137,0.058671594,0.09629838,0.23021632
27590578402,275905784,2,0,0.17557377,0.052803986,0.090871036,0.6807513
27618850303,276188503,3,0,0.10014629,0.12110363,0.06618002,0.71257
27623042002,276230420,2,0,0.68336916,0.057590675,0.07952041,0.17951979
27885537803,278855378,3,0,0.6985546,0.04309357,0.07603104,0.18232074
27885571702,278855717,2,0,0.3208396,0.038978826,0.11003376,0.5301478
27885961701,278859617,1,0,0.2604616,0.28185314,0.11316018,0.34452507
27885961702,278859617,2,0,0.27566186,0.24903929,0.12655866,0.34874016
27899926201,278999262,1,0,0.70484483,0.048783354,0.105267845,0.14110394
27900149201,279001492,1,0,0.22297211,0.04288234,0.08578903,0.6483564
27900255401,279002554,1,0,0.16990766,0.06900611,0.06981411,0.6912721
27900255402,279002554,2,0,0.20305023,0.08360133,0.10691929,0.60642904
27907800001,279078000,1,0,0.7630285,0.03828351,0.08139471,0.11729329
27907982906,279079829,6,0,0.0002706185,0.0044948873,0.016738553,0.978496
27907982907,279079829,7,0,0.00021314975,0.0038902783,0.016290514,0.9796061
27921240701,279212407,1,0,0.30333695,0.051976867,0.06742705,0.57725906
27925759201,279257592,1,0,0.88166654,0.0068789083,0.0073006544,0.104153894
27925890801,279258908,1,0,0.5481915,0.035248753,0.086184196,0.33037552
27926208001,279262080,1,0,0.8964275,0.01826367,0.049669314,0.035639513
27946260501,279462605,1,0,0.9278347,0.022916785,0.040164728,0.009083675
27949968602,279499686,2,0,0.55863816,0.024988014,0.10706851,0.30930537
27959263501,279592635,1,0,0.5439951,0.2824775,0.103445284,0.07008205
27959730001,279597300,1,0,0.100045204,0.023919435,0.058228172,0.81780714
27971644701,279716447,1,0,0.8485855,0.037401907,0.056898195,0.05711445
27976135601,279761356,1,0,0.64614177,0.049694043,0.085385464,0.2187787
27984600801,279846008,1,0,0.38810232,0.04371435,0.09839545,0.46978793
27984780001,279847800,1,0,0.085810445,0.65041804,0.08611805,0.17765339
27984780002,279847800,2,0,0.059667364,0.59033525,0.09337618,0.25662118
27987786103,279877861,3,0,0.2823233,0.06365995,0.09246153,0.56155527
27989439703,279894397,3,0,0.003289524,0.33979842,0.043512426,0.6133997
27998093803,279980938,3,0,6.7948844e-05,0.0015679059,0.0074903537,0.9908738
27998093804,279980938,4,0,7.0837945e-05,0.0015674586,0.0073258323,0.99103576
28003391804,280033918,4,0,8.9135276e-05,0.0022173652,0.008126098,0.9895674
28007426701,280074267,1,0,0.017857047,0.12340432,0.06262946,0.79610914
28012828701,280128287,1,0,0.3386935,0.05754417,0.110975556,0.49278685
28032314001,280323140,1,0,0.56876856,0.11827337,0.11401422,0.1989438
28046301601,280463016,1,0,0.13553137,0.086058624,0.084089175,0.69432086
28046301602,280463016,2,0,0.10422694,0.12323116,0.08479103,0.6877509
28046703701,280467037,1,0,0.26521263,0.5219036,0.095736414,0.117147274
28046785412,280467854,12,0,0.1605478,0.04579495,0.061545886,0.73211133
28057066501,280570665,1,0,0.004886854,0.007400614,0.019854609,0.9678579
28062709401,280627094,1,0,0.7719287,0.07714969,0.06882915,0.08209235
28080697302,280806973,2,0,0.06658629,0.015782239,0.04378081,0.87385064
28088356102,280883561,2,0,0.076559015,0.023018183,0.06680539,0.83361745
28088390801,280883908,1,0,0.19033153,0.5612884,0.107232556,0.1411475
28088506201,280885062,1,0,0.081261754,0.086675085,0.068300895,0.7637622
28093581001,280935810,1,0,0.3800197,0.14595543,0.1442384,0.32978648
28097756301,280977563,1,0,0.21213964,0.04389203,0.07943003,0.6645383
28097839902,280978399,2,0,0.5063136,0.2920604,0.093101226,0.108524695
28111429901,281114299,1,0,0.4726947,0.36275342,0.101294585,0.06325728
28111429902,281114299,2,0,0.004472667,0.15672849,0.048202053,0.7905967
28111430301,281114303,1,0,0.4398018,0.40833598,0.092706,0.059156198
28111430302,281114303,2,0,0.0026058466,0.11862779,0.045413733,0.83335257
28111587901,281115879,1,0,0.7367814,0.021619603,0.09412189,0.14747702
28119015701,281190157,1,0,0.81016994,0.036885533,0.07231768,0.08062682
28119015702,281190157,2,0,0.31416473,0.049286928,0.13214983,0.5043986
28127949701,281279497,1,0,0.47033408,0.29670683,0.123739585,0.109219566
28127949702,281279497,2,0,0.8434072,0.039461214,0.07287492,0.044256695
28148591604,281485916,4,0,5.1673876e-05,0.0028104892,0.008006915,0.9891309
28148690602,281486906,2,0,0.8615195,0.044674087,0.06873757,0.02506882
28160289803,281602898,3,0,0.032101784,0.03915454,0.059031732,0.8697119
28160639701,281606397,1,0,0.4238535,0.038368534,0.09309243,0.44468555
28169435701,281694357,1,0,0.38675517,0.30316865,0.09950789,0.21056822
28411537601,284115376,1,0,0.03096879,0.087287076,0.06607914,0.815665
28411796202,284117962,2,0,0.14187697,0.034841813,0.06885297,0.75442815
28419134401,284191344,1,0,0.18889384,0.02513399,0.06746726,0.718505
28435974201,284359742,1,0,0.51815593,0.14339446,0.12908454,0.20936508
41758319701,417583197,1,0,0.71337926,0.14876951,0.08978206,0.04806917
41758319702,417583197,2,0,0.21718454,0.45230776,0.11376693,0.21674085
41760042301,417600423,1,0,0.78272396,0.023718987,0.079703525,0.11385347
41766333601,417663336,1,0,0.5034398,0.08794505,0.12024132,0.28837377
41767259804,417672598,4,0,0.11091248,0.022105508,0.06456585,0.8024162
41767298001,417672980,1,0,0.6936116,0.072939806,0.09515002,0.13829851
41770569001,417705690,1,0,0.84475857,0.06401864,0.06280322,0.028419608
41770828407,417708284,7,0,0.22786835,0.028916381,0.073152825,0.6700623
41770828408,417708284,8,0,0.046959948,0.03009668,0.04725061,0.8756927
41772846301,417728463,1,0,0.47953698,0.38091263,0.085019484,0.05453084
41773188103,417731881,3,0,0.6731622,0.043785185,0.11491403,0.16813852
41773485304,417734853,4,0,0.07267157,0.3867254,0.081585936,0.459017
41773485305,417734853,5,0,0.02041431,0.06417772,0.046118602,0.8692894
41788884801,417888848,1,0,0.4329578,0.28264186,0.1168406,0.16755974
41792348401,417923484,1,0,0.5613625,0.31005287,0.08388759,0.044696942
41811058201,418110582,1,0,0.06439407,0.06899809,0.061358355,0.8052496
41820521701,418205217,1,0,0.7355764,0.022889111,0.07771682,0.16381769
41820912304,418209123,4,0,0.3509082,0.055933326,0.07893182,0.51422673
41822416401,418224164,1,0,0.7505805,0.102693886,0.08765101,0.05907466
41826836701,418268367,1,0,0.73640543,0.025121279,0.08156148,0.15691185
41830164301,418301643,1,0,0.9000258,0.02670358,0.047360927,0.025909835
41834496903,418344969,3,0,0.00028630786,0.002480203,0.011469196,0.9857643
42011477201,420114772,1,0,0.6738764,0.16081864,0.09371645,0.07158854
42026859601,420268596,1,0,0.07371756,0.1853483,0.07935403,0.6615801
42030334401,420303344,1,0,0.026602421,0.004259042,0.039228182,0.92991036
42047491201,420474912,1,0,0.11026059,0.06537814,0.07561903,0.7487423
42049759801,420497598,1,0,0.76942605,0.05986424,0.08209021,0.08861954
42049759802,420497598,2,0,0.87857103,0.019547744,0.05956945,0.04231183
42049759804,420497598,4,0,0.54345584,0.038139172,0.109262764,0.30914205
42049914701,420499147,1,0,0.4231824,0.3114065,0.12505679,0.14035426
42057705203,420577052,3,0,0.0005361793,0.0044451905,0.010906876,0.9841117
42064207602,420642076,2,0,0.45566258,0.043293856,0.11845065,0.38259295
42064518901,420645189,1,0,0.73837817,0.12679279,0.082681656,0.052147415
42064595201,420645952,1,0,0.5755558,0.16653101,0.09593518,0.16197784
42064595202,420645952,2,0,0.60520154,0.13646196,0.10148679,0.15684968
42072892903,420728929,3,0,0.009486629,0.016837724,0.04534683,0.9283289
42073618803,420736188,3,0,0.009071821,0.0081508765,0.029487431,0.9532899
42074717401,420747174,1,0,0.2958101,0.042089783,0.08792275,0.5741773
42074802705,420748027,5,0,9.0513975e-05,0.0020229074,0.009279678,0.9886068
42075767003,420757670,3,0,0.0004454632,0.0038072737,0.008998192,0.98674893
42088763702,420887637,2,0,0.0018453264,0.0058954954,0.012536515,0.9797227
42130835701,421308357,1,0,0.8812909,0.035224818,0.061759368,0.021724986
42130839501,421308395,1,0,0.18910868,0.47817808,0.116572864,0.21614026
42130839502,421308395,2,0,0.289825,0.31344023,0.11825869,0.27847603
42242559401,422425594,1,0,0.84181696,0.017528072,0.068874784,0.07178018
42242559404,422425594,4,0,0.21375416,0.030140553,0.09873593,0.6573694
42256012201,422560122,1,0,0.1902652,0.029554278,0.08764712,0.69253343
42256027402,422560274,2,0,0.09676393,0.14896047,0.08335968,0.670916
42266071104,422660711,4,0,0.005645908,0.0058034696,0.022127587,0.96642303
42266303404,422663034,4,0,0.006526584,0.11622626,0.023487272,0.85375994
42266305201,422663052,1,0,0.012744755,0.8008363,0.054773044,0.13164593
42266305202,422663052,2,0,0.04586735,0.6743167,0.0841455,0.19567047
42274618801,422746188,1,0,0.22080147,0.5437153,0.111295894,0.12418731
42274618802,422746188,2,0,0.00042485152,0.06015439,0.033287298,0.9061334
42283813301,422838133,1,0,0.9398129,0.016048254,0.033415176,0.010723679
42303810002,423038100,2,0,0.6212312,0.08917173,0.10726557,0.18233141
42346095201,423460952,1,0,0.16963102,0.2004417,0.054658454,0.5752688
42346110301,423461103,1,0,0.34396902,0.053930093,0.0855564,0.5165445
42346115801,423461158,1,0,0.55950755,0.07329297,0.0983964,0.2688031
42374545201,423745452,1,0,0.36576372,0.03575618,0.09863825,0.49984202
42375455703,423754557,3,0,0.00046312672,0.0030520065,0.011743827,0.984741
42400235904,424002359,4,0,0.0018279214,0.006167332,0.018240988,0.9737638
42400247002,424002470,2,0,0.17749481,0.042946894,0.10182136,0.6777368
42400257206,424002572,6,0,0.0014252546,0.0060455417,0.019855963,0.9726732
42408899501,424088995,1,0,0.12224525,0.058248114,0.065020144,0.75448644
42409083603,424090836,3,0,0.01881743,0.024816884,0.07414371,0.882222
42409156701,424091567,1,0,0.1911438,0.044907756,0.092430815,0.67151767
42409309301,424093093,1,0,0.5558915,0.24146187,0.09222797,0.11041865
42411512501,424115125,1,0,0.12750544,0.08125447,0.0726595,0.71858054
42419026501,424190265,1,0,0.38579178,0.11031384,0.1216444,0.3822501
42427716003,424277160,3,0,0.1588519,0.18431719,0.103194796,0.5536361
42480632702,424806327,2,0,0.6078455,0.063792184,0.07088412,0.2574782
42614273202,426142732,2,0,0.034677576,0.05635753,0.05852041,0.8504444
42614273203,426142732,3,0,0.001041177,0.0047161994,0.011565686,0.98267704
42614273204,426142732,4,0,0.0011302142,0.0050713103,0.0118582705,0.9819402
42614472501,426144725,1,0,0.1048074,0.06699565,0.06665116,0.7615457
42666663402,426666634,2,0,0.2826478,0.044321187,0.102683656,0.5703474
42667165201,426671652,1,0,0.46549866,0.11049394,0.106142044,0.3178654
42676353801,426763538,1,0,0.20748179,0.46594554,0.1253919,0.20118067
42702798804,427027988,4,0,0.037526827,0.013676089,0.04348771,0.9053095
42751700505,427517005,5,0,0.117222875,0.033205707,0.06379278,0.7857786
42758572201,427585722,1,0,0.4277724,0.0946257,0.09853578,0.37906617
42760608002,427606080,2,0,0.0015964506,0.005719023,0.017856069,0.9748284
42760608003,427606080,3,0,0.0012433643,0.0049667433,0.016366037,0.9774238
42764010401,427640104,1,0,0.1239571,0.09169139,0.06751043,0.716841
42772863802,427728638,2,0,0.42824024,0.044370443,0.09934828,0.42804107
42772895304,427728953,4,0,0.00027119296,0.0030270037,0.014269001,0.9824329
42816693202,428166932,2,0,0.22047797,0.11899784,0.11229652,0.5482277
42824930101,428249301,1,0,0.031835947,0.7505279,0.06897909,0.14865701
42824930102,428249301,2,0,0.0053002443,0.27680498,0.063918605,0.6539762
42829555801,428295558,1,0,0.08400704,0.027954273,0.05182908,0.8362098
42829835402,428298354,2,0,0.4821395,0.08768113,0.079590864,0.35058856
42829910303,428299103,3,0,0.004439442,0.0073799402,0.025192987,0.96298754
42829977802,428299778,2,0,0.01049707,0.0374065,0.036361042,0.91573536
42832012204,428320122,4,0,0.03165064,0.011891586,0.029215554,0.9272422
42832209901,428322099,1,0,0.042566903,0.0230941,0.041230556,0.8931085
42832785502,428327855,2,0,0.003115173,0.2591145,0.052929647,0.68484056
42833110401,428331104,1,0,0.44261757,0.063066155,0.14750795,0.34680828
42838509502,428385095,2,0,0.75105405,0.036817692,0.09035702,0.121771224
42845055902,428450559,2,0,0.016230687,0.068240575,0.04304442,0.8724842
42845246904,428452469,4,0,0.25087568,0.029256212,0.07060347,0.6492647
42845266101,428452661,1,0,0.20782891,0.20060101,0.11137657,0.48019353
42845524501,428455245,1,0,0.026564367,0.008589915,0.035215132,0.9296306
42846444803,428464448,3,0,0.00020107484,0.0040611555,0.009393954,0.98634386
42846816001,428468160,1,0,0.25714603,0.429539,0.10510596,0.20820893
42851403801,428514038,1,0,0.70067966,0.11497218,0.07660253,0.10774561
42851593701,428515937,1,0,0.3140607,0.44114965,0.11362335,0.13116622
42851593703,428515937,3,0,0.7843768,0.096218534,0.07359868,0.045805927
42851593704,428515937,4,0,0.0002315749,0.0029569885,0.014424116,0.9823873
42851665002,428516650,2,0,0.0031620476,0.0075718565,0.016836725,0.9724293
42861654302,428616543,2,0,0.62693834,0.07919187,0.094866514,0.19900334
42867062401,428670624,1,0,0.78946525,0.035479974,0.07767289,0.097381875
42867062402,428670624,2,0,0.8629148,0.022634136,0.06732558,0.047125466
42867556304,428675563,4,0,0.0027151124,0.011972157,0.01696112,0.9683516
42867960701,428679607,1,0,0.93205523,0.013156281,0.040821336,0.0139671685
42869303201,428693032,1,0,0.0039997213,0.00937377,0.025570711,0.9610557
42870395905,428703959,5,0,0.041022502,0.035214435,0.038101736,0.8856613
42875083501,428750835,1,0,0.026104107,0.5165471,0.072888285,0.38446048
42875083502,428750835,2,0,0.027359942,0.5832912,0.07040224,0.3189466
42875083503,428750835,3,0,0.004165673,0.010353046,0.019635726,0.9658455
42876275202,428762752,2,0,0.40340614,0.08323125,0.09933452,0.414028
42876309701,428763097,1,0,0.4528299,0.052707303,0.094179384,0.40028343
42876701801,428767018,1,0,0.9443534,0.013572206,0.036764003,0.005310369
42876755701,428767557,1,0,0.6510871,0.24884719,0.06812251,0.03194318
42876755702,428767557,2,0,0.22748797,0.48562533,0.11783003,0.16905656
42877018602,428770186,2,0,0.00028174664,0.006437585,0.010922493,0.98235816
42877018705,428770187,5,0,0.00011077454,0.0023288887,0.012075164,0.98548514
42877315501,428773155,1,0,0.2079257,0.22504266,0.0572709,0.50976074
42877462504,428774625,4,0,0.0843283,0.14510253,0.07455468,0.69601446
42877569202,428775692,2,0,0.00086479186,0.016826663,0.024667485,0.957641
42878467401,428784674,1,0,0.68559724,0.20383455,0.07464086,0.03592742
42878467402,428784674,2,0,0.00023520483,0.0048308186,0.017329047,0.97760487
42878501501,428785015,1,0,0.4799685,0.1666056,0.10133341,0.25209254
42878548401,428785484,1,0,0.3389978,0.08097717,0.07936773,0.50065726
42879552702,428795527,2,0,0.055523038,0.48614642,0.08781954,0.37051103
42880577103,428805771,3,0,0.6566338,0.063433684,0.10778493,0.17214763
42881204901,428812049,1,0,0.833827,0.023346322,0.06632514,0.0765016
42886416402,428864164,2,0,0.000105398,0.0036563808,0.007679863,0.98855835
42886647501,428866475,1,0,0.7986517,0.07972581,0.072184585,0.04943801
42886790601,428867906,1,0,0.8575638,0.025791619,0.06379337,0.05285124
42888384601,428883846,1,0,0.5208177,0.13907188,0.10275571,0.23735467
42891175001,428911750,1,0,0.20523025,0.06305237,0.094531864,0.63718545
42894068701,428940687,1,0,0.5413525,0.16859707,0.08234168,0.20770872
42896177601,428961776,1,0,0.07293404,0.03385703,0.055905487,0.83730334
42897677601,428976776,1,0,0.25862497,0.047233332,0.08227611,0.6118656
42897857801,428978578,1,0,0.15342715,0.047957636,0.07390965,0.7247055
42898701802,428987018,2,0,0.32091576,0.05020557,0.12389576,0.50498295
42898898101,428988981,1,0,0.90536356,0.02239042,0.044303056,0.027943032
42900207904,429002079,4,0,0.02480111,0.02635882,0.035524923,0.9133152
42901022401,429010224,1,0,0.073420234,0.037430834,0.066362865,0.8227861
42903075205,429030752,5,0,6.430808e-05,0.0012741546,0.010834301,0.98782724
42905409501,429054095,1,0,0.0039160973,0.016390288,0.038549393,0.9411442
42906182701,429061827,1,0,0.8748671,0.062088266,0.05190306,0.011141632
42909840803,429098408,3,0,0.17984957,0.03449129,0.1038684,0.6817907
42909925504,429099255,4,0,0.010715334,0.008637004,0.038227256,0.94242036
42912032801,429120328,1,0,0.025830913,0.024322985,0.03912846,0.9107176
43037304701,430373047,1,0,0.8338402,0.046989765,0.07047987,0.04869013
43037895002,430378950,2,0,0.48754343,0.036262225,0.1196983,0.3564961
43174173003,431741730,3,0,0.023375273,0.01431685,0.033349272,0.9289586
43176088003,431760880,3,0,0.00059534615,0.00270583,0.010417533,0.9862812
43176711101,431767111,1,0,0.6342238,0.21412028,0.08770792,0.063947946
43176711102,431767111,2,0,0.00020675291,0.0069822213,0.010518702,0.98229223
43176741201,431767412,1,0,0.7978547,0.120268226,0.063590564,0.018286465
43177161304,431771613,4,0,9.955542e-05,0.001799092,0.008193389,0.989908
43180275801,431802758,1,0,0.64115983,0.10120955,0.08705228,0.17057826
43180275802,431802758,2,0,0.3334479,0.25796932,0.12199268,0.28659013
43185938501,431859385,1,0,0.35214007,0.048421573,0.10774969,0.4916886
43186017401,431860174,1,0,0.30705473,0.41468528,0.10738845,0.17087151
43186119901,431861199,1,0,0.7097112,0.058667015,0.09072472,0.14089704
43186381303,431863813,3,0,0.010139208,0.0076917745,0.028389495,0.9537795
43186381305,431863813,5,0,0.008322606,0.017807774,0.046068083,0.9278015
43187200201,431872002,1,0,0.5190672,0.14648356,0.103655666,0.23079354
43189127202,431891272,2,0,0.30106568,0.039398525,0.077178635,0.58235717
43189623904,431896239,4,0,0.0010576743,0.005338184,0.016597262,0.97700673
43189778502,431897785,2,0,0.3864623,0.21245745,0.105250925,0.29582927
43189848502,431898485,2,0,0.016139353,0.007952467,0.026086563,0.94982165
43189914001,431899140,1,0,0.8265556,0.07115768,0.07165553,0.030631138
43195069603,431950696,3,0,4.716005e-05,0.00092101836,0.0073112887,0.9917205
43196208401,431962084,1,0,0.020770943,0.06330652,0.058155995,0.8577666
43196208402,431962084,2,0,0.07669971,0.04591657,0.08314713,0.7942366
43201674102,432016741,2,0,0.0001564909,0.011253042,0.012227101,0.9763633
43205034301,432050343,1,0,0.30021253,0.05186203,0.11105315,0.5368724
43208009603,432080096,3,0,0.0015298484,0.0036887038,0.014504392,0.980277
43211533002,432115330,2,0,0.011127148,0.016809322,0.02637458,0.94568896
43211883802,432118838,2,0,0.0034472651,0.018033426,0.024762932,0.95375633
43211883803,432118838,3,0,0.039130908,0.74099433,0.068056986,0.15181772
43217678403,432176784,3,0,0.21485467,0.04407094,0.077944286,0.6631301
43350107202,433501072,2,0,0.30641475,0.057983484,0.08325712,0.5523447
43350194105,433501941,5,0,0.0004621384,0.0030496772,0.013988216,0.9824999
43559394504,435593945,4,0,0.0007495393,0.006993027,0.019687828,0.9725695
43574457101,435744571,1,0,0.41351363,0.039438095,0.10162962,0.44541872
43574490602,435744906,2,0,0.008856621,0.015713466,0.025985926,0.949444
43574490603,435744906,3,0,0.3281885,0.082746945,0.10667972,0.4823847
43582051402,435820514,2,0,0.06406074,0.017404495,0.05514079,0.86339396
44171807401,441718074,1,0,0.5476243,0.28648633,0.097617924,0.0682714
44172010401,441720104,1,0,0.22965963,0.23658873,0.104658045,0.42909345
44173215101,441732151,1,0,0.83420616,0.0818592,0.06541667,0.018517982
44173314102,441733141,2,0,0.024808463,0.016981801,0.046830676,0.9113791
44173593401,441735934,1,0,0.7592848,0.02297531,0.06627939,0.15146041
44173645001,441736450,1,0,0.032289416,0.041980866,0.030697973,0.8950317
44173902001,441739020,1,0,0.915519,0.030570151,0.0439095,0.01000118
44173902002,441739020,2,0,0.88182324,0.020282852,0.050937817,0.046956073
44173915303,441739153,3,0,0.0027997873,0.86820394,0.04355198,0.085444294
44173915304,441739153,4,0,0.0028308588,0.86939895,0.043373015,0.08439717
44179672401,441796724,1,0,0.19185607,0.037437208,0.097130485,0.6735762
44181005401,441810054,1,0,0.022859903,0.025404047,0.03150066,0.92023534
44411650006,444116500,6,0,0.42647073,0.1399632,0.09578037,0.33778572
44412105802,444121058,2,0,0.87245053,0.03285634,0.063514754,0.031178229
44412190706,444121907,6,0,0.680835,0.047108326,0.07489771,0.19715893
44412347502,444123475,2,0,0.3176317,0.07875426,0.101698264,0.5019159
44413725605,444137256,5,0,0.092034735,0.23796445,0.102303915,0.5676969
44472555601,444725556,1,0,0.12146449,0.4612857,0.10679241,0.31045744
44479633702,444796337,2,0,0.25427192,0.036780544,0.092976995,0.61597055
44480103202,444801032,2,0,0.013469737,0.5660041,0.08175194,0.33877426
44570646101,445706461,1,0,0.053497735,0.6135466,0.081754304,0.2512014
44570646102,445706461,2,0,0.0113828,0.12246858,0.08250982,0.78363883
44579132301,445791323,1,0,0.08769855,0.52466273,0.09832276,0.28931588
44579132302,445791323,2,0,0.0030819874,0.13563602,0.04082972,0.82045215
44579230002,445792300,2,0,0.27924967,0.06602909,0.100519374,0.5542019
44579468201,445794682,1,0,0.6633045,0.16526635,0.08408521,0.08734376
44601030701,446010307,1,0,0.65096855,0.120286986,0.08764285,0.14110173
44601180404,446011804,4,0,0.22126298,0.04000334,0.091389455,0.6473441
44601680001,446016800,1,0,0.43152136,0.049959324,0.10848348,0.41003576
44604130602,446041306,2,0,0.19737893,0.03832833,0.0791896,0.68510306
44608177001,446081770,1,0,0.8808578,0.02547581,0.04720697,0.0464594
44609287003,446092870,3,0,0.018888196,0.02430924,0.03338446,0.9234181
44609500701,446095007,1,0,0.81767267,0.03523724,0.069214985,0.07787516
44610225505,446102255,5,0,0.29487273,0.023841375,0.09146941,0.58981645
44991099701,449910997,1,0,0.50407946,0.23836571,0.10997543,0.1475794
44991350603,449913506,3,0,0.056463737,0.018010797,0.048688248,0.8768372
44991784901,449917849,1,0,0.2588474,0.2151408,0.11314081,0.41287097
44992483401,449924834,1,0,0.10524947,0.032303486,0.06867995,0.79376704
44993736003,449937360,3,0,0.012044323,0.02717726,0.04088739,0.91989106
44993843901,449938439,1,0,0.056003332,0.01681628,0.052266575,0.8749138
44997821101,449978211,1,0,0.3500317,0.39793935,0.109049045,0.14297998
45013331605,450133316,5,0,0.036268324,0.038324196,0.045339577,0.880068
45013869102,450138691,2,0,0.23023154,0.057194296,0.07728251,0.63529164
45014014905,450140149,5,0,0.8898211,0.018563043,0.061211694,0.030404205
45014719701,450147197,1,0,0.8539454,0.024982944,0.06605999,0.05501161
45017890301,450178903,1,0,0.82132095,0.0976681,0.05959075,0.021420155
45021881002,450218810,2,0,0.0012760812,0.0123038925,0.023660839,0.96275914
45023919301,450239193,1,0,0.59197146,0.18201433,0.11462475,0.11138943
45023978601,450239786,1,0,0.79182535,0.05865852,0.07435198,0.07516408
45030919702,450309197,2,0,0.00742073,0.012662845,0.023192735,0.95672363
45030919703,450309197,3,0,0.04650858,0.058334008,0.053203933,0.84195346
45301978904,453019789,4,0,0.000104887826,0.0029692948,0.009007285,0.9879185
45304686604,453046866,4,0,0.004581062,0.012850761,0.029543959,0.9530242
45304686605,453046866,5,0,0.002797553,0.01036108,0.02649656,0.96034473
45304686606,453046866,6,0,0.0025849175,0.010657977,0.025756823,0.96100026
45311381601,453113816,1,0,0.5032968,0.048190173,0.095190056,0.35332298
45311850701,453118507,1,0,0.6025428,0.044504054,0.10241704,0.2505361
45311850702,453118507,2,0,0.44429004,0.045546453,0.103352845,0.4068106
45311850703,453118507,3,0,0.5381703,0.041472737,0.10791598,0.312441
45311907501,453119075,1,0,0.6681214,0.036595676,0.106444016,0.18883893
45312797602,453127976,2,0,0.73899543,0.096617706,0.07309311,0.09129375
45607860101,456078601,1,0,0.2028868,0.22150947,0.102133475,0.4734702
45607872901,456078729,1,0,0.18136546,0.03142538,0.07716541,0.7100438
45608165901,456081659,1,0,0.79728276,0.033511505,0.08257827,0.086627536
45613389201,456133892,1,0,0.6762963,0.038516693,0.08470402,0.20048305
45613621001,456136210,1,0,0.7000638,0.12551858,0.0693807,0.10503687
45613744303,456137443,3,0,0.7008743,0.04107054,0.091480315,0.16657484
45613744304,456137443,4,0,0.7534117,0.033924147,0.091895826,0.12076838
45614437603,456144376,3,0,0.12636593,0.025127668,0.07112166,0.7773847
45614448301,456144483,1,0,0.46756107,0.3020662,0.11797765,0.112395175
45616324601,456163246,1,0,0.72129685,0.14724293,0.07666198,0.05479827
6528324002,65283240,2,0,0.00060321426,0.02873566,0.022420397,0.9482407
6528898901,65288989,1,0,0.5098872,0.10098775,0.14728124,0.24184382
6535357502,65353575,2,0,0.5378255,0.1490517,0.11451198,0.19861078
6543878802,65438788,2,0,0.644635,0.03472339,0.08828969,0.2323519
6564652901,65646529,1,0,0.27924985,0.28619325,0.11168874,0.32286817
6565041801,65650418,1,0,0.20075612,0.10039154,0.11628722,0.5825651
6565041804,65650418,4,0,0.010105111,0.013106432,0.03560461,0.94118387
6568455101,65684551,1,0,0.23063406,0.52958745,0.10128377,0.13849466
6581721801,65817218,1,0,0.8185357,0.07020064,0.07078325,0.04048037
6581721803,65817218,3,0,0.75120413,0.05854391,0.1081983,0.082053564
6583218302,65832183,2,0,0.060425043,0.03289723,0.050833467,0.85584426
6583317002,65833170,2,0,0.06505638,0.026814487,0.06388401,0.8442451
6583775802,65837758,2,0,0.011342387,0.010758469,0.033889186,0.9440099
6589093701,65890937,1,0,0.36105466,0.26109663,0.09985259,0.2779961
6589093702,65890937,2,0,0.003602996,0.018654188,0.018961312,0.9587816
6591455302,65914553,2,0,0.44822812,0.038701516,0.106787756,0.4062827
6595509901,65955099,1,0,0.020704312,0.7872468,0.059806563,0.13224238
6595509902,65955099,2,0,0.011269452,0.35126078,0.067010224,0.5704595
6595726401,65957264,1,0,0.63110954,0.1260773,0.09209365,0.15071942
6608955101,66089551,1,0,0.6794202,0.02940219,0.09284119,0.19833644
6613044401,66130444,1,0,0.029799616,0.03470996,0.040171575,0.8953189
6621028901,66210289,1,0,0.41370106,0.033316348,0.10205524,0.45092744
6621444701,66214447,1,0,0.048464846,0.015962686,0.051426254,0.8841462
6630284503,66302845,3,0,0.008291896,0.007660111,0.017055376,0.96699256
6631865401,66318654,1,0,0.06750725,0.074760176,0.0819791,0.7757534
6631865402,66318654,2,0,0.010895219,0.030568266,0.035107665,0.9234289
6631936302,66319363,2,0,0.6451724,0.042095654,0.10646486,0.20626697
6631942401,66319424,1,0,0.26575047,0.09867199,0.13730302,0.49827445
6631988801,66319888,1,0,0.22301692,0.047902737,0.09134914,0.6377312
6631988802,66319888,2,0,0.3415553,0.03301755,0.09844728,0.5269799
6632618801,66326188,1,0,0.64074546,0.2305943,0.082677744,0.045982562
6632803905,66328039,5,0,0.00043466772,0.004334836,0.014057806,0.9811727
6640141001,66401410,1,0,0.6752338,0.046712343,0.07960148,0.1984524
6645923001,66459230,1,0,0.31864285,0.03619013,0.10755469,0.5376124
6646319001,66463190,1,0,0.36364964,0.07267536,0.104172796,0.45950207
6646325801,66463258,1,0,0.59829223,0.030542167,0.10629743,0.2648682
6646326101,66463261,1,0,0.5718375,0.0360428,0.12393856,0.2681813
6651725601,66517256,1,0,0.31212163,0.03802046,0.08486437,0.5649936
6656140801,66561408,1,0,0.597582,0.035467334,0.0987919,0.26815864
6657159403,66571594,3,0,0.00073911774,0.003269542,0.013556444,0.982435
6666184401,66661844,1,0,0.009944476,0.7339688,0.059344538,0.19674231
6666184402,66661844,2,0,0.0034645076,0.8371585,0.0455731,0.113803826
6684740602,66847406,2,0,0.0015443718,0.006361989,0.0131178945,0.97897565
6685129304,66851293,4,0,8.97953e-05,0.0016801315,0.007848206,0.99038196
6685129305,66851293,5,0,0.0005225166,0.0023317176,0.011850522,0.98529524
6694886902,66948869,2,0,0.72669464,0.13148661,0.09474344,0.047075287
6695284701,66952847,1,0,0.325751,0.1892498,0.09671045,0.38828877
6695487002,66954870,2,0,0.5834854,0.06717503,0.10813713,0.2412024
6703148002,67031480,2,0,0.72280484,0.056832783,0.08688204,0.13348037
6710121001,67101210,1,0,0.28331685,0.13991937,0.10667188,0.47009194
6710615603,67106156,3,0,0.08332202,0.028690975,0.052176844,0.8358101
6718121403,67181214,3,0,0.0005280851,0.003294502,0.011917448,0.98425996
6718183001,67181830,1,0,0.6354081,0.03240082,0.083571024,0.2486201
6719456601,67194566,1,0,0.44703832,0.036800593,0.10604752,0.41011348
6729490902,67294909,2,0,0.76018006,0.039360594,0.081920005,0.1185393
6729951303,67299513,3,0,0.00029440376,0.003893785,0.011813292,0.98399854
6735586101,67355861,1,0,0.10411925,0.18185855,0.10795748,0.6060648
6736006601,67360066,1,0,0.5679273,0.3027306,0.08218895,0.047153194
6736006602,67360066,2,0,0.052302733,0.35982463,0.0928521,0.49502036
6736032101,67360321,1,0,0.20670193,0.55982405,0.105659455,0.12781453
6736032102,67360321,2,0,0.5403596,0.14863448,0.103791736,0.20721413
6736132801,67361328,1,0,0.69181204,0.0770066,0.0833911,0.1477902
6736132802,67361328,2,0,0.14632323,0.07095325,0.13875407,0.6439694
6736228601,67362286,1,0,0.25175834,0.54018146,0.08804064,0.12001952
7218723601,72187236,1,0,0.9059354,0.031866375,0.046689894,0.015508367
7218723602,72187236,2,0,0.30803505,0.28862482,0.11945341,0.2838868
7218723603,72187236,3,0,0.2005795,0.2617041,0.1515904,0.38612598
7229195201,72291952,1,0,0.6099876,0.11753409,0.09023333,0.18224484
7245238701,72452387,1,0,0.28581673,0.12284702,0.086641975,0.50469416
7251991607,72519916,7,0,0.0005583215,0.01048946,0.011185919,0.9777663
7251991608,72519916,8,0,0.000105691186,0.002577554,0.011280992,0.9860357
7251991609,72519916,9,0,6.38885e-05,0.0024814163,0.009392664,0.988062
7253202703,72532027,3,0,0.014789445,0.008033155,0.027067073,0.9501104
7260860501,72608605,1,0,0.3713354,0.114867814,0.12539725,0.38839948
7261970501,72619705,1,0,0.34657028,0.047341716,0.08076156,0.5253265
7262039501,72620395,1,0,0.3074942,0.0871291,0.0878138,0.5175628
7286987902,72869879,2,0,0.4503894,0.05118115,0.11662248,0.381807
7287421001,72874210,1,0,0.35821837,0.07403516,0.10087932,0.46686715
7287990501,72879905,1,0,0.541874,0.110147946,0.12189837,0.22607967
8137854501,81378545,1,0,0.5295746,0.05220676,0.06960969,0.34860894
8138165201,81381652,1,0,0.13771358,0.13141704,0.078675024,0.6521944
8138631701,81386317,1,0,0.17431396,0.16838725,0.118637756,0.53866106
8139001001,81390010,1,0,0.0050536706,0.9078841,0.043216486,0.043845605
8139001002,81390010,2,0,0.004982622,0.87679225,0.047027297,0.07119787
8151835301,81518353,1,0,0.102501,0.7569692,0.073084265,0.067445494
8168863103,81688631,3,0,0.39928088,0.029875115,0.11266828,0.45817575
8168863105,81688631,5,0,0.34890625,0.035927877,0.08977794,0.52538794
8168966801,81689668,1,0,0.7084758,0.07629166,0.08936131,0.12587121
8175249701,81752497,1,0,0.39858142,0.36484155,0.10871342,0.12786359
8175249702,81752497,2,0,0.03492828,0.08545011,0.06609736,0.81352425
8182442501,81824425,1,0,0.061277185,0.7192553,0.0856311,0.13383634
8182442502,81824425,2,0,0.50860107,0.24227105,0.110783964,0.13834393
8183037701,81830377,1,0,0.40931478,0.07946696,0.09512798,0.4160902
8183109501,81831095,1,0,0.83439547,0.02902411,0.0780345,0.05854603
8191085101,81910851,1,0,0.49171177,0.035471667,0.08926111,0.38355547
8191616601,81916166,1,0,0.78920734,0.027578775,0.074734025,0.10847983
8201023202,82010232,2,0,0.014861452,0.016621679,0.029749487,0.93876725
8201065702,82010657,2,0,0.12865414,0.40129858,0.12990294,0.34014425
8201149102,82011491,2,0,0.75187165,0.030545438,0.082500905,0.13508202
8201293001,82012930,1,0,0.81719846,0.036141504,0.06611648,0.08054354
8216979302,82169793,2,0,0.36438552,0.046986423,0.10405805,0.48456997
8216984502,82169845,2,0,0.24903296,0.3886869,0.12696978,0.23531039
8217155704,82171557,4,0,0.0063080336,0.011375113,0.041523967,0.94079286
8233780901,82337809,1,0,0.8787901,0.047292743,0.05522006,0.018697213
8233810502,82338105,2,0,0.59308505,0.032561697,0.10763682,0.26671645
8233935801,82339358,1,0,0.21915138,0.58753115,0.0975895,0.09572792
8233935802,82339358,2,0,0.054428637,0.38776746,0.10657293,0.45123088
8234325601,82343256,1,0,0.0798626,0.569563,0.10324195,0.24733242
8234325602,82343256,2,0,0.0019391545,0.034387294,0.039897244,0.92377615
8239285201,82392852,1,0,0.31232113,0.072024815,0.084857225,0.5307968
8248985101,82489851,1,0,0.6116245,0.07591252,0.09011567,0.22234733
8262072501,82620725,1,0,0.35969132,0.22483149,0.09888107,0.31659597
8262091401,82620914,1,0,0.28737357,0.11583277,0.096360505,0.5004331
8262091402,82620914,2,0,0.05033644,0.04555923,0.060729366,0.84337497
8262091403,82620914,3,0,0.3520871,0.056843556,0.077327125,0.51374215
8268772201,82687722,1,0,0.14776406,0.049113393,0.08765315,0.71546936
8269603103,82696031,3,0,0.0017998004,0.00437201,0.015309439,0.9785187
8274288101,82742881,1,0,0.7651805,0.034363084,0.09622141,0.10423486
8274318601,82743186,1,0,0.35278463,0.04851402,0.092423715,0.50627756
8274334001,82743340,1,0,0.3506402,0.2413416,0.13539845,0.27261978
8274808501,82748085,1,0,0.37637737,0.04184063,0.0809684,0.5008136
8288375101,82883751,1,0,0.7897046,0.025512595,0.07257239,0.11221045
8289109703,82891097,3,0,0.09337477,0.021092555,0.05806443,0.8274682
8430596103,84305961,3,0,0.0002166816,0.0038391491,0.008383289,0.9875608
8433498804,84334988,4,0,0.005342293,0.007335922,0.02520165,0.96212006
8434052401,84340524,1,0,0.48992255,0.08136585,0.10817536,0.32053623
8434272501,84342725,1,0,0.027884519,0.39803898,0.07566321,0.49841332
8465208502,84652085,2,0,0.66002995,0.028425474,0.09399675,0.21754779
8466113804,84661138,4,0,0.052805956,0.026465232,0.082565,0.8381638
8471436801,84714368,1,0,0.12268214,0.098426655,0.08227557,0.69661564
8476980202,84769802,2,0,0.42371273,0.04916214,0.09287017,0.43425494
8482600101,84826001,1,0,0.34311655,0.35434607,0.104479685,0.19805773
8482600102,84826001,2,0,0.057828832,0.22421463,0.094759606,0.62319696
28435975602,284359756,2,0,0.60562366,0.080378875,0.07697409,0.23702335
28436015601,284360156,1,0,0.056117825,0.010336438,0.042969875,0.8905758
28456423001,284564230,1,0,0.9230473,0.02141035,0.04356328,0.011979103
28466554202,284665542,2,0,0.70769626,0.07164683,0.07866376,0.14199314
28475102501,284751025,1,0,0.7070316,0.03489212,0.0628605,0.19521578
28530401902,285304019,2,0,0.011810693,0.008002535,0.017201854,0.9629849
28530650203,285306502,3,0,0.0073538893,0.009051426,0.029779084,0.9538156
28541414201,285414142,1,0,0.29321164,0.3486073,0.115267746,0.2429134
28541414203,285414142,3,0,0.18974115,0.32530087,0.11226651,0.37269142
28541486901,285414869,1,0,0.6981641,0.17928733,0.07833969,0.044208866
28541486902,285414869,2,0,0.7667453,0.0787699,0.092161454,0.062323306
28541741103,285417411,3,0,0.031030385,0.026555045,0.03023379,0.9121808
28567448501,285674485,1,0,0.24525866,0.50407606,0.1029471,0.14771812
28567485601,285674856,1,0,0.79251,0.066249214,0.053203646,0.08803728
28579674601,285796746,1,0,0.02696333,0.06105514,0.06540407,0.84657747
28579674603,285796746,3,0,0.025312386,0.07811032,0.06321463,0.8333626
28586451704,285864517,4,0,0.75542116,0.03457509,0.081014276,0.1289894
28587439801,285874398,1,0,0.06260917,0.018377682,0.0676811,0.85133207
28590833202,285908332,2,0,0.022993447,0.05920098,0.057466973,0.8603386
28591387001,285913870,1,0,0.45229283,0.09013048,0.11721788,0.3403588
28610583202,286105832,2,0,0.49939793,0.22875936,0.10865677,0.16318592
28612578305,286125783,5,0,0.08779559,0.037728477,0.05085843,0.82361746
28621889804,286218898,4,0,0.7321037,0.027383668,0.09742177,0.14309083
28628443201,286284432,1,0,0.60205936,0.062314123,0.08334358,0.25228286
28629059504,286290595,4,0,0.79036695,0.025223285,0.07968363,0.1047261
28629059604,286290596,4,0,0.5598173,0.043226335,0.10368393,0.29327235
28632191101,286321911,1,0,0.55350184,0.053602107,0.082630575,0.31026554
28632389001,286323890,1,0,0.1742819,0.08337243,0.079387784,0.66295785
28632458301,286324583,1,0,0.16694333,0.5487659,0.10950065,0.1747901
28632458302,286324583,2,0,0.23932922,0.24627912,0.11618687,0.39820474
28640567401,286405674,1,0,0.014459132,0.25853688,0.06818296,0.658821
28640576303,286405763,3,0,0.0020611498,0.006151465,0.019266821,0.9725205
28640583201,286405832,1,0,0.49305445,0.052351374,0.11313628,0.34145784
28641267102,286412671,2,0,0.1861021,0.037840616,0.0657764,0.71028084
28647242305,286472423,5,0,0.015393613,0.01097712,0.036810886,0.93681836
28656054102,286560541,2,0,0.0018588944,0.0055000302,0.016352562,0.97628856
28656112201,286561122,1,0,0.43594617,0.20654668,0.13665308,0.22085406
28656112202,286561122,2,0,0.5169637,0.10668939,0.13232513,0.24402177
28656140103,286561401,3,0,8.778381e-05,0.0015355456,0.0081855785,0.99019116
28656408505,286564085,5,0,0.013476976,0.014410751,0.05033682,0.92177546
28656674101,286566741,1,0,0.44608438,0.32266682,0.10003824,0.13121054
28657403301,286574033,1,0,0.15824866,0.039658707,0.077352785,0.72473973
28660035401,286600354,1,0,0.28092337,0.3931049,0.11009891,0.21587282
28660035402,286600354,2,0,0.01201061,0.116780214,0.04541393,0.82579523
28662221702,286622217,2,0,0.5510459,0.042038042,0.09362266,0.3132934
28668606001,286686060,1,0,0.11861826,0.117038846,0.08782941,0.67651343
28669712003,286697120,3,0,0.15610528,0.050250694,0.07814947,0.7154945
28670346402,286703464,2,0,0.00029018786,0.011307086,0.024352828,0.96404994
28678052301,286780523,1,0,0.12095161,0.04293053,0.07831364,0.7578043
28680258501,286802585,1,0,0.46437195,0.04947248,0.081244215,0.40491134
28684580201,286845802,1,0,0.81799513,0.049831994,0.06410385,0.06806903
28684580202,286845802,2,0,0.73344207,0.027915623,0.08741514,0.15122718
28684597501,286845975,1,0,0.2540014,0.031948768,0.07309894,0.6409509
28690559701,286905597,1,0,0.13250071,0.042416345,0.07781479,0.74726814
28690672401,286906724,1,0,0.7812281,0.04000829,0.08572361,0.09303994
28692164201,286921642,1,0,0.07932079,0.03100241,0.05083234,0.8388444
28695163301,286951633,1,0,0.8520502,0.07757158,0.054408222,0.015969966
28695163302,286951633,2,0,0.5865071,0.23850082,0.09978051,0.07521155
28695443002,286954430,2,0,0.1722521,0.11116963,0.0836742,0.63290405
28695443004,286954430,4,0,0.09726741,0.13934141,0.08217147,0.6812196
28700787401,287007874,1,0,0.3343194,0.03056463,0.118194714,0.5169212
28701165401,287011654,1,0,0.1690602,0.05761055,0.07306407,0.7002651
28705942601,287059426,1,0,0.50278604,0.036927816,0.09315304,0.36713305
28706116901,287061169,1,0,0.4744606,0.034820225,0.12278694,0.3679322
28706348901,287063489,1,0,0.544254,0.051863674,0.096957676,0.30692455
28706862601,287068626,1,0,0.5807296,0.06002788,0.09714725,0.26209527
28708009201,287080092,1,0,0.9121763,0.022813,0.045929875,0.019080857
28713983001,287139830,1,0,0.086186,0.013050914,0.06289967,0.8378633
28818279501,288182795,1,0,0.4452881,0.38155097,0.10131088,0.07184995
28818513801,288185138,1,0,0.8932999,0.04311526,0.04956653,0.0140184015
28826825901,288268259,1,0,0.08586589,0.046691243,0.056626003,0.8108168
28831284001,288312840,1,0,0.32540748,0.188232,0.11750843,0.36885217
28831679701,288316797,1,0,0.1542599,0.03689619,0.061807893,0.74703604
28831754301,288317543,1,0,0.014896362,0.027262248,0.043085743,0.9147556
28831754302,288317543,2,0,0.010282945,0.01866446,0.0363776,0.934675
28831754304,288317543,4,0,0.0027711422,0.022031505,0.033972163,0.9412252
28831754305,288317543,5,0,0.016989175,0.020235352,0.048540708,0.9142348
28831754306,288317543,6,0,0.012458441,0.020664632,0.04047108,0.92640597
28831754307,288317543,7,0,0.009551302,0.017190145,0.038228825,0.93502975
28834677702,288346777,2,0,0.0006158204,0.048077494,0.021074433,0.93023235
28838000201,288380002,1,0,0.94496524,0.01208622,0.0017688012,0.041179847
28839162801,288391628,1,0,0.8235212,0.06292233,0.066981226,0.04657514
28850779704,288507797,4,0,0.00014346844,0.0014678466,0.009669102,0.98871946
28851070002,288510700,2,0,0.0460492,0.03424193,0.045416802,0.8742921
28860242901,288602429,1,0,0.037526183,0.025333593,0.04544071,0.8916995
28863270402,288632704,2,0,0.10736204,0.044633076,0.061798368,0.78620654
28863494803,288634948,3,0,0.02269276,0.0533437,0.026020462,0.89794314
28863568602,288635686,2,0,0.01695713,0.056192618,0.042366706,0.88448346
28863587102,288635871,2,0,0.13847813,0.05817641,0.052301977,0.7510435
28873909503,288739095,3,0,0.0027514244,0.0044577923,0.01682732,0.9759635
28880062001,288800620,1,0,0.60589117,0.05739064,0.10325223,0.23346598
28880675001,288806750,1,0,0.56076664,0.029831212,0.109263085,0.300139
28885584802,288855848,2,0,0.8774709,0.04566399,0.058291074,0.018574033
28885584803,288855848,3,0,0.55596864,0.18169822,0.10824791,0.1540852
28885589201,288855892,1,0,0.23825835,0.15793234,0.111407764,0.49240154
28885959101,288859591,1,0,0.21496227,0.04454482,0.090331465,0.65016145
28904441201,289044412,1,0,0.548049,0.1746584,0.12689112,0.15040146
28908768106,289087681,6,0,0.0032071667,0.007875238,0.025765529,0.9631521
28908903501,289089035,1,0,0.4001449,0.042896047,0.09476072,0.46219823
28908947703,289089477,3,0,0.118323654,0.023179742,0.09139804,0.7670986
28909547401,289095474,1,0,0.08626496,0.77994794,0.066635065,0.06715198
28909547402,289095474,2,0,0.0012674924,0.07118494,0.031857103,0.8956905
28913763001,289137630,1,0,0.34819064,0.04454274,0.09759034,0.5096762
28913793201,289137932,1,0,0.49501565,0.14310238,0.100985736,0.26089627
28913793202,289137932,2,0,0.34161642,0.18072535,0.09094992,0.38670832
28920605801,289206058,1,0,0.8143037,0.10293935,0.059479903,0.023277054
28920606001,289206060,1,0,0.8435748,0.082090534,0.054618128,0.019716522
28935833001,289358330,1,0,0.15734777,0.05718206,0.09517221,0.6902981
28945071101,289450711,1,0,0.5120562,0.10016394,0.1268558,0.26092413
28945095602,289450956,2,0,0.0001701415,0.009610278,0.014447339,0.97577226
28953932701,289539327,1,0,0.95770806,0.011178512,0.026462654,0.0046507446
28957055901,289570559,1,0,0.010207396,0.04664219,0.046779875,0.8963704
28966556401,289665564,1,0,0.25237325,0.040620252,0.07220755,0.63479894
28990635103,289906351,3,0,0.0004657112,0.0037584163,0.011955384,0.98382044
28994110304,289941103,4,0,0.013288104,0.022003524,0.034440465,0.9302678
29356720601,293567206,1,0,0.8346777,0.049572468,0.07909327,0.0366565
29356720602,293567206,2,0,0.2538692,0.16152634,0.16432619,0.42027837
29764707504,297647075,4,0,0.020168299,0.015948923,0.045166124,0.91871667
29764707505,297647075,5,0,0.011491003,0.009541998,0.031186927,0.9477801
29769409904,297694099,4,0,0.00027626366,0.002237043,0.013946697,0.98354
29769697801,297696978,1,0,0.22897895,0.07605545,0.08285434,0.61211115
29769697802,297696978,2,0,0.06646898,0.06579496,0.06216589,0.80557024
29777536402,297775364,2,0,0.7500045,0.03998044,0.08216766,0.12784746
29789954801,297899548,1,0,0.4200796,0.32987693,0.11881138,0.13123213
29789954802,297899548,2,0,0.3296268,0.38001394,0.1265289,0.16383053
29789956405,297899564,5,0,0.058471847,0.74114394,0.045113206,0.155271
29841282901,298412829,1,0,0.17185943,0.21576434,0.054953445,0.55742276
29873405101,298734051,1,0,0.039334327,0.037606098,0.052872397,0.8701872
29873405102,298734051,2,0,0.10869569,0.07463031,0.05759573,0.75907826
29873543403,298735434,3,0,0.0003137172,0.0034210396,0.014295057,0.9819702
29873543404,298735434,4,0,0.0006136412,0.0033468069,0.01619467,0.97984487
29949475402,299494754,2,0,0.00023407643,0.0137432935,0.011628596,0.974394
34991969003,349919690,3,0,0.0034200947,0.005563074,0.019873766,0.9711431
34997869602,349978696,2,0,0.0007249374,0.018146684,0.03057275,0.9505556
35013123903,350131239,3,0,0.37231976,0.04663783,0.102889396,0.47815296
35136132701,351361327,1,0,0.794429,0.042946525,0.06950233,0.09312215
35146729703,351467297,3,0,5.235694e-05,0.001895976,0.0063970736,0.99165463
35146729704,351467297,4,0,5.6172696e-05,0.0020280052,0.006633232,0.9912825
35188327203,351883272,3,0,0.013470292,0.0114155775,0.0357606,0.93935347
35211042303,352110423,3,0,0.8157985,0.035367586,0.057004027,0.091829866
35211706903,352117069,3,0,0.014143629,0.025293758,0.02462402,0.93593854
35227985701,352279857,1,0,0.63176,0.05472479,0.093271054,0.2202441
35228070201,352280702,1,0,0.21270344,0.41488677,0.107218556,0.26519126
35228070202,352280702,2,0,0.33705378,0.37004855,0.12400637,0.16889128
35243028107,352430281,7,0,0.000889809,0.0037678627,0.017925741,0.97741646
35268502301,352685023,1,0,0.39152968,0.034693923,0.1067605,0.46701595
35283537802,352835378,2,0,0.38689008,0.12074894,0.11223187,0.3801291
35290690602,352906906,2,0,0.0025013327,0.0057098893,0.017156824,0.97463185
35292283001,352922830,1,0,0.19500735,0.04880752,0.07600332,0.6801818
35292493001,352924930,1,0,0.82390505,0.02561248,0.07734881,0.073133625
35292756101,352927561,1,0,0.61412066,0.20172408,0.10125722,0.08289803
35292756102,352927561,2,0,0.6308708,0.16769084,0.102393866,0.09904441
35293977402,352939774,2,0,0.5988709,0.05227516,0.100172624,0.24868135
35295677602,352956776,2,0,0.084010765,0.0462708,0.060885977,0.8088324
35301072701,353010727,1,0,0.4759298,0.15260953,0.107816026,0.26364452
35307043102,353070431,2,0,0.79821825,0.036185563,0.07808893,0.087507226
35307489204,353074892,4,0,0.00025211612,0.003540393,0.015396876,0.98081064
35307489205,353074892,5,0,0.00015759766,0.0027732456,0.012947014,0.98412216
35308139301,353081393,1,0,0.25952455,0.46523237,0.10282594,0.17241722
35312991101,353129911,1,0,0.21798399,0.42359588,0.10913437,0.2492858
35317077901,353170779,1,0,0.7115675,0.08589624,0.09888835,0.10364799
35317077902,353170779,2,0,0.22728632,0.10007412,0.14155237,0.53108716
35320203504,353202035,4,0,0.56455916,0.041875117,0.10738788,0.28617772
35323985204,353239852,4,0,0.0785527,0.023085678,0.050699253,0.8476624
35323985205,353239852,5,0,0.09741238,0.0195573,0.061994128,0.8210362
35325504502,353255045,2,0,0.006134032,0.017345704,0.021657683,0.9548626
35331817801,353318178,1,0,0.062667854,0.019369042,0.04495936,0.87300366
35332572001,353325720,1,0,0.11213818,0.036578264,0.067671895,0.78361166
35338206901,353382069,1,0,0.45385164,0.09029701,0.10555011,0.35030118
35347178001,353471780,1,0,0.8137142,0.10513396,0.06049303,0.020658795
35348721001,353487210,1,0,0.17904039,0.051859114,0.0963875,0.672713
35348721002,353487210,2,0,0.13169873,0.06589225,0.10230801,0.700101
35354108502,353541085,2,0,0.510254,0.16325006,0.119383715,0.20711212
35354108503,353541085,3,0,0.25915387,0.1768867,0.12044505,0.4435144
35354143301,353541433,1,0,0.2523195,0.44483408,0.119578116,0.18326834
35354143302,353541433,2,0,0.26851112,0.35594594,0.12528872,0.25025415
35360502501,353605025,1,0,0.5758024,0.062552996,0.12736908,0.23427556
35360555501,353605555,1,0,0.33930334,0.41786268,0.11046138,0.13237268
35360555502,353605555,2,0,0.44449615,0.0834405,0.13769613,0.33436728
35360555503,353605555,3,0,0.33431837,0.16871323,0.099140845,0.3978275
35360648402,353606484,2,0,0.507677,0.038350828,0.12086843,0.33310384
35369248204,353692482,4,0,0.5086316,0.09068122,0.094649255,0.30603796
35377878801,353778788,1,0,0.41822964,0.17996214,0.118158974,0.28364933
35377878802,353778788,2,0,0.4841652,0.1586799,0.12091057,0.23624432
35377878803,353778788,3,0,0.02913176,0.021461776,0.0514993,0.8979072
35378244501,353782445,1,0,0.8788569,0.02091409,0.05256042,0.047668673
35384010202,353840102,2,0,0.019071579,0.02426495,0.036645133,0.9200184
35388063801,353880638,1,0,0.45893162,0.3571699,0.097217344,0.08668112
35388455701,353884557,1,0,0.5624598,0.046254482,0.118982665,0.27230301
35393462001,353934620,1,0,0.44421086,0.06309393,0.105200164,0.38749498
35393791601,353937916,1,0,0.5436307,0.033755854,0.13933499,0.28327844
35396011902,353960119,2,0,0.00037522955,0.013282658,0.021462176,0.9648799
35402341402,354023414,2,0,0.15947962,0.6247251,0.087680295,0.12811495
35413299802,354132998,2,0,0.068433344,0.035001498,0.06530956,0.8312555
35417550702,354175507,2,0,0.10237643,0.03306247,0.08131803,0.7832431
35417835801,354178358,1,0,0.36000106,0.099428,0.11393887,0.4266322
35417941301,354179413,1,0,0.2937027,0.08292916,0.11761523,0.50575286
35427414301,354274143,1,0,0.6145369,0.16651335,0.09034786,0.1286019
35427702602,354277026,2,0,0.6734481,0.031253282,0.09191053,0.20338805
35429139604,354291396,4,0,0.4736439,0.1832899,0.15908442,0.1839817
35429139606,354291396,6,0,0.037034508,0.033783212,0.030534834,0.89864737
35434961501,354349615,1,0,0.28547886,0.49886733,0.096940465,0.11871335
35434984001,354349840,1,0,0.5142995,0.27590632,0.10275378,0.10704031
35441698201,354416982,1,0,0.17142858,0.5966269,0.094486386,0.13745813
35469587301,354695873,1,0,0.5014969,0.3757373,0.08467063,0.03809528
35469587303,354695873,3,0,0.00012865699,0.006663196,0.0146986125,0.9785096
35478555302,354785553,2,0,0.022645475,0.6072318,0.1131075,0.25701523
35478555307,354785553,7,0,0.07797069,0.09988175,0.09475872,0.72738874
35479199903,354791999,3,0,0.0013559957,0.004676929,0.0150003815,0.97896665
35479240401,354792404,1,0,0.5135248,0.17086245,0.07926934,0.23634346
35483203502,354832035,2,0,0.7070152,0.025468936,0.08035428,0.18716156
35483207003,354832070,3,0,0.018055843,0.019503137,0.031999268,0.9304418
35486773002,354867730,2,0,0.00053208636,0.00659726,0.011433862,0.9814368
35495947701,354959477,1,0,0.28309917,0.23765157,0.12504819,0.35420108
35495947702,354959477,2,0,0.0009049129,0.003316214,0.011406343,0.9843725
35496906302,354969063,2,0,0.3004337,0.035089143,0.07777003,0.58670723
35501056002,355010560,2,0,0.26505885,0.4374335,0.12549876,0.17200893
35501056202,355010562,2,0,0.38362736,0.36572272,0.12392751,0.12672235
35524028304,355240283,4,0,0.011887098,3.58575e-06,0.0017446519,0.9863646
35524028308,355240283,8,0,0.07710491,0.023508593,0.045233455,0.85415304
35524441001,355244410,1,0,0.72690564,0.036216896,0.07499526,0.16188212
35534419701,355344197,1,0,0.17469233,0.045314033,0.080473386,0.69952023
35534419703,355344197,3,0,0.009643935,0.009879448,0.021608014,0.95886856
35549679203,355496792,3,0,0.16024067,0.046065327,0.06646455,0.7272295
35549976001,355499760,1,0,0.8058132,0.045666542,0.060010314,0.08850994
35556980901,355569809,1,0,0.86966646,0.062358752,0.05154253,0.01643213
35589329301,355893293,1,0,0.012272902,0.019879041,0.029412333,0.93843573
35593322601,355933226,1,0,0.17625472,0.049873676,0.069462,0.70440966
35601536101,356015361,1,0,0.15303552,0.6693828,0.08046993,0.09711172
35601536102,356015361,2,0,0.0012320594,0.038838297,0.020976154,0.9389535
35603089701,356030897,1,0,0.38277555,0.15966552,0.093371384,0.36418742
35611000002,356110000,2,0,0.11502311,0.02399973,0.07290079,0.78807634
35611000003,356110000,3,0,0.096500926,0.020508358,0.08255004,0.8004407
35621170901,356211709,1,0,0.50476307,0.05934596,0.08538391,0.35050696
35632248903,356322489,3,0,0.00020325562,0.0020850983,0.009714282,0.98799723
35638424001,356384240,1,0,0.21422562,0.37205732,0.1310559,0.28266123
35646540801,356465408,1,0,0.38703045,0.08635502,0.12327524,0.40333933
35646540802,356465408,2,0,0.09760301,0.06765821,0.07855671,0.75618213
35646835304,356468353,4,0,0.0011463271,0.0033775752,0.014279605,0.9811964
35647080701,356470807,1,0,0.6410675,0.097969174,0.0889371,0.17202623
35649205101,356492051,1,0,0.7105541,0.02572172,0.09563833,0.16808589
35659594301,356595943,1,0,0.17327534,0.093996435,0.081712134,0.651016
35659971204,356599712,4,0,0.0052433964,0.00697468,0.020777896,0.967004
35664156802,356641568,2,0,0.00045661037,0.053724505,0.020231811,0.9255871
35689474801,356894748,1,0,0.05864921,0.71811706,0.082594484,0.14063928
35689474802,356894748,2,0,0.026682418,0.78385705,0.06309863,0.12636188
35689656101,356896561,1,0,0.0010000817,0.9345104,0.020810068,0.04367935
35689656102,356896561,2,0,0.0014130652,0.7691221,0.03932437,0.19014052
35703156301,357031563,1,0,0.11599635,0.14572677,0.116656415,0.6216205
35704553805,357045538,5,0,5.927166e-05,0.0021764564,0.015372434,0.9823919
35704707701,357047077,1,0,0.24517965,0.5167399,0.10094447,0.1371361
35759185601,357591856,1,0,0.57933575,0.07920151,0.09472387,0.2467389
35759685902,357596859,2,0,0.67614335,0.0312153,0.1125369,0.18010445
35766766307,357667663,7,0,0.00028094943,0.0036473968,0.015893253,0.9801784
35767940201,357679402,1,0,0.91396827,0.013476925,0.04691206,0.025642721
35768599901,357685999,1,0,0.021230767,0.19550894,0.071887635,0.7113726
35768599902,357685999,2,0,0.020673627,0.19166735,0.06995592,0.7177032
35773726601,357737266,1,0,0.50917876,0.12209772,0.08879072,0.2799328
35773862703,357738627,3,0,0.028123152,0.016385349,0.041196007,0.9142955
35773862704,357738627,4,0,0.00719043,0.008745513,0.021040482,0.9630236
35774093701,357740937,1,0,0.11223466,0.039288666,0.092113666,0.756363
35774151401,357741514,1,0,0.06798606,0.21428058,0.09316682,0.6245667
35774151402,357741514,2,0,0.06770586,0.19148457,0.092322856,0.64848673
35774436901,357744369,1,0,0.025381766,0.59176916,0.08132728,0.30152178
35774436902,357744369,2,0,0.008308736,0.3019894,0.0722279,0.617474
12287994602,122879946,2,0,0.06671983,0.06061972,0.072232015,0.8004284
12287994605,122879946,5,0,0.060478024,0.02162564,0.06388083,0.8540155
12288294301,122882943,1,0,0.75301003,0.1652145,0.05834871,0.02342672
12573748404,125737484,4,0,0.4321855,0.029822959,0.11621522,0.4217762
12575520501,125755205,1,0,0.40789002,0.038873516,0.110185094,0.44305137
12575521702,125755217,2,0,0.095835365,0.026591102,0.06424619,0.8133273
12584096904,125840969,4,0,7.5144686e-05,0.0015207485,0.0078110206,0.9905931
12609835602,126098356,2,0,0.70944405,0.02977497,0.08731089,0.17347006
12750566202,127505662,2,0,0.7901393,0.030504033,0.0888311,0.09052545
12758847403,127588474,3,0,0.30664986,0.0691673,0.09173282,0.53245
12763351201,127633512,1,0,0.052772176,0.7144998,0.07616593,0.1565621
12763384901,127633849,1,0,0.45818505,0.053393044,0.09065766,0.3977642
12763384902,127633849,2,0,0.25205666,0.074960895,0.10145662,0.5715259
12775462602,127754626,2,0,0.113023765,0.022801077,0.069749705,0.7944254
12775852601,127758526,1,0,0.26187915,0.08497085,0.09820364,0.55494624
12775918901,127759189,1,0,0.36658645,0.31555977,0.121559404,0.19629441
12776112001,127761120,1,0,0.027140312,0.07560293,0.048804764,0.848452
12776396301,127763963,1,0,0.16925454,0.04127808,0.09243356,0.69703376
12776396302,127763963,2,0,0.21936022,0.05502056,0.084964044,0.64065516
12783612901,127836129,1,0,0.76939774,0.14047499,0.061861414,0.028265905
12784040901,127840409,1,0,0.46282482,0.33798555,0.095152944,0.104036756
12796089902,127960899,2,0,0.37428832,0.051726386,0.087725416,0.48625982
12796542001,127965420,1,0,0.6795813,0.057633635,0.074528754,0.18825625
12802381305,128023813,5,0,0.10445757,0.018603204,0.06435265,0.81258655
13708168402,137081684,2,0,0.39694235,0.03200868,0.10678615,0.46426284
13708518607,137085186,7,0,0.0020732023,0.0064656413,0.022240885,0.9692203
13720417301,137204173,1,0,0.09864698,0.6489063,0.09820076,0.15424594
13720417302,137204173,2,0,0.012588487,0.5317173,0.08245172,0.37324244
13726277003,137262770,3,0,0.24211608,0.06116578,0.0847362,0.6119819
13726681801,137266818,1,0,0.7734899,0.11469758,0.07678518,0.03502743
13726681802,137266818,2,0,0.23318556,0.4164392,0.13644804,0.21392708
13732140002,137321400,2,0,0.3439348,0.37431479,0.113408566,0.16834188
13732245101,137322451,1,0,0.87029546,0.02672074,0.06624144,0.036742307
13732245102,137322451,2,0,0.18599643,0.06356973,0.13493964,0.61549413
13732662911,137326629,11,0,0.053462934,0.07350971,0.054587457,0.8184399
13732886102,137328861,2,0,0.0062393453,0.83688575,0.034857787,0.122017026
13732886103,137328861,3,0,0.004123967,0.92468417,0.032020934,0.039170828
13733599501,137335995,1,0,0.14739208,0.06608486,0.079093024,0.70743006
13739275801,137392758,1,0,0.48361978,0.04777807,0.11441307,0.35418907
13739446706,137394467,6,0,0.012598956,0.011968134,0.02314906,0.9522838
13739985904,137399859,4,0,0.00064146065,0.0030882983,0.011886449,0.9843838
13741647202,137416472,2,0,0.09741576,0.08690599,0.06103684,0.75464135
13802552101,138025521,1,0,0.5765571,0.14399537,0.1112913,0.16815622
13810779703,138107797,3,0,6.580609e-05,0.0017149004,0.0070366887,0.99118257
13835181104,138351811,4,0,0.000634253,0.0027790766,0.010682192,0.9859046
13840107908,138401079,8,0,0.00035202905,0.0020449418,0.013307934,0.9842952
13841928001,138419280,1,0,0.60918355,0.029722521,0.11877637,0.24231751
13842194306,138421943,6,0,0.00040552457,0.0026588447,0.014088036,0.9828476
13842194307,138421943,7,0,0.00051571423,0.003324387,0.013887013,0.9822728
13842273501,138422735,1,0,0.8743686,0.026244225,0.06014203,0.039245084
14062743701,140627437,1,0,0.38465813,0.38278192,0.12090498,0.11165491
14062743702,140627437,2,0,0.22782646,0.47302297,0.1197339,0.17941664
14071162601,140711626,1,0,0.014953884,0.017260551,0.035086583,0.932699
14071289806,140712898,6,0,0.008183046,0.034308996,0.07563792,0.88187003
14073496902,140734969,2,0,0.39073142,0.06158599,0.10601425,0.44166818
14077798001,140777980,1,0,0.15920368,0.048262198,0.10498934,0.6875448
14080499901,140804999,1,0,0.11060104,0.25571188,0.10592575,0.5277613
14086309401,140863094,1,0,0.19395408,0.5931378,0.10139761,0.11151045
14086329401,140863294,1,0,0.58792526,0.053899225,0.1048695,0.25330597
14086558001,140865580,1,0,0.5752418,0.049011763,0.091753855,0.2839926
14091261301,140912613,1,0,0.061943527,0.11725213,0.10384107,0.71696323
14093163904,140931639,4,0,7.954585e-05,0.0017570734,0.009078679,0.98908466
14093480504,140934805,4,0,0.00018199245,0.0021859913,0.008346744,0.9892853
14096288901,140962889,1,0,0.50174356,0.049626704,0.087382585,0.36124718
14096721701,140967217,1,0,0.1246594,0.065558285,0.094813906,0.7149684
14161286302,141612863,2,0,0.5134602,0.14600901,0.13396443,0.20656632
14161320202,141613202,2,0,0.0012376518,0.050662473,0.02473942,0.9233604
14208824602,142088246,2,0,0.00196038,7.179715e-05,0.021993931,0.9759739
14210169001,142101690,1,0,0.3547996,0.1473408,0.10701758,0.390842
14215376201,142153762,1,0,0.004063181,0.015114693,0.040911514,0.9399106
14345571701,143455717,1,0,0.04988894,0.033135813,0.059959434,0.8570158
14349935101,143499351,1,0,0.33582312,0.025480632,0.106747694,0.5319485
14363439501,143634395,1,0,0.33568996,0.10019993,0.08706478,0.47704527
14363495701,143634957,1,0,0.74919194,0.05313838,0.097845696,0.099824
14363523902,143635239,2,0,0.43144587,0.11875814,0.09302317,0.3567728
14364531401,143645314,1,0,0.93170106,0.015024034,0.039203115,0.014071647
14374848101,143748481,1,0,0.47862232,0.08644694,0.11138977,0.32354096
14380725601,143807256,1,0,0.48047316,0.03343155,0.0857421,0.40035325
14381351001,143813510,1,0,0.8091899,0.053099215,0.07087864,0.06683211
14386407001,143864070,1,0,0.057092894,0.01594091,0.04902842,0.87793785
14386958003,143869580,3,0,0.000322827,0.002280167,0.009477091,0.9879199
14386994201,143869942,1,0,0.16188209,0.09030442,0.088242516,0.65957105
14387262701,143872627,1,0,0.041275498,0.65079814,0.07661447,0.23131187
14395495101,143954951,1,0,0.70886856,0.114193335,0.08645401,0.090484075
14396265201,143962652,1,0,0.46268404,0.13018799,0.09178551,0.31534246
14396266301,143962663,1,0,0.42747766,0.35779655,0.1143077,0.10041802
14396767801,143967678,1,0,0.40167725,0.06428921,0.101383746,0.4326498
14400687401,144006874,1,0,0.882293,0.017985944,0.05588741,0.043833558
14400796701,144007967,1,0,0.021098314,0.023160586,0.03659259,0.91914845
14401311301,144013113,1,0,0.5539626,0.2174164,0.09682895,0.13179214
14401311302,144013113,2,0,0.24028674,0.32865655,0.12993847,0.30111822
14821166801,148211668,1,0,0.1533049,0.5251996,0.11528599,0.20620951
14825492701,148254927,1,0,0.8572294,0.035111524,0.06385016,0.043808877
14828785205,148287852,5,0,0.10850967,0.019407652,0.060874388,0.8112083
14839223001,148392230,1,0,0.27306452,0.34496993,0.13784531,0.24412024
14839223002,148392230,2,0,0.016124513,0.025398737,0.029568389,0.92890835
14839296505,148392965,5,0,0.020525573,0.014253223,0.032647975,0.93257314
14843892501,148438925,1,0,0.6923457,0.04070743,0.09445292,0.17249404
14844251501,148442515,1,0,0.4232411,0.03604672,0.10695741,0.43375483
14844565801,148445658,1,0,0.016288443,0.012842282,0.033119146,0.93775004
14847040901,148470409,1,0,0.03241735,0.72179896,0.065866254,0.17991735
14857449701,148574497,1,0,0.07080367,0.028582864,0.048491485,0.8521219
14985922201,149859222,1,0,0.18112862,0.03541395,0.08578417,0.6976733
14991008903,149910089,3,0,0.001695648,0.0066965306,0.017329661,0.9742782
15029591601,150295916,1,0,0.55975306,0.06676099,0.11115465,0.26233134
15031459101,150314591,1,0,0.3632627,0.23519038,0.11543358,0.2861133
15471836101,154718361,1,0,0.7072655,0.06785224,0.08409098,0.14079131
15478988805,154789888,5,0,0.019919481,0.016368935,0.052189875,0.9115217
15484046101,154840461,1,0,0.85643506,0.07675651,0.045516174,0.021292204
15487237501,154872375,1,0,0.94377285,0.0211945,0.02693572,0.008096877
15490691901,154906919,1,0,0.41749406,0.14761603,0.12064692,0.3142429
15490821404,154908214,4,0,0.00012827803,0.0020084267,0.010539794,0.9873235
15492401102,154924011,2,0,0.00064008404,0.007406869,0.025532778,0.9664203
15492401104,154924011,4,0,0.052097764,0.041049562,0.08437983,0.8224728
15492509101,154925091,1,0,0.0010112306,0.01314301,0.044303387,0.9415424
15492736401,154927364,1,0,0.8403319,0.08261678,0.054213326,0.022837905
15535456005,155354560,5,0,0.29855695,0.027375419,0.10841309,0.56565464
15540003601,155400036,1,0,0.03194359,0.09716751,0.09244292,0.77844596
15547980902,155479809,2,0,0.6357509,0.17946368,0.09301083,0.09177451
15560127803,155601278,3,0,0.057385456,0.018748052,0.039779186,0.8840874
15566477802,155664778,2,0,0.020833341,0.69835967,0.0635747,0.21723244
15579409502,155794095,2,0,0.20758466,0.4134416,0.112008296,0.26696545
15579409504,155794095,4,0,0.106731534,0.04680918,0.05062371,0.79583555
15579410102,155794101,2,0,0.61450124,0.25168705,0.08383827,0.049973536
15579859901,155798599,1,0,0.47336543,0.33725607,0.093059696,0.09631879
15586008601,155860086,1,0,0.16425867,0.4812069,0.09960294,0.25493142
15586008602,155860086,2,0,0.21559547,0.34304,0.12584902,0.3155156
15590769601,155907696,1,0,0.19598942,0.4046828,0.12835294,0.27097484
15590769602,155907696,2,0,0.26830757,0.3958459,0.1140077,0.22183883
15608935702,156089357,2,0,0.053243462,0.022767635,0.043470506,0.8805183
15609790001,156097900,1,0,0.8145738,0.07785398,0.07753981,0.030032413
15620124005,156201240,5,0,0.0030524982,0.009187305,0.025540996,0.96221924
8489619904,84896199,4,0,0.0023246459,0.006354968,0.01825894,0.97306144
8489929801,84899298,1,0,0.8093974,0.04479052,0.07706692,0.068745136
8498907001,84989070,1,0,0.6309357,0.051328525,0.099562444,0.21817331
8499065001,84990650,1,0,0.7531779,0.037377037,0.08204662,0.12739854
8503159801,85031598,1,0,0.6395832,0.16667287,0.09149407,0.10224989
8503237701,85032377,1,0,0.39738232,0.04837587,0.10410235,0.45013943
8537355901,85373559,1,0,0.32703078,0.44442597,0.09952823,0.12901498
8537355902,85373559,2,0,0.21966496,0.46949103,0.103147954,0.20769617
8561586904,85615869,4,0,0.0029735381,0.008635098,0.022268139,0.96612316
8561671702,85616717,2,0,0.46485668,0.07532118,0.118499786,0.34132242
8562305602,85623056,2,0,0.37336728,0.029982997,0.107326284,0.4893234
8562947304,85629473,4,0,0.00015014615,0.0018324195,0.008026179,0.9899913
8566278701,85662787,1,0,0.016607357,0.054484908,0.038973536,0.88993424
8566278702,85662787,2,0,0.023213955,0.091169775,0.053715874,0.8319003
8566278704,85662787,4,0,0.091951795,0.03882542,0.08312115,0.7861016
8566366301,85663663,1,0,0.010184448,0.015581025,0.03262817,0.9416062
8566877902,85668779,2,0,0.03577189,0.026207691,0.037228502,0.90079194
8566918001,85669180,1,0,0.43400246,0.06389218,0.11555083,0.3865545
8566918002,85669180,2,0,0.59017754,0.05604032,0.11626362,0.23751852
8567145101,85671451,1,0,0.23913273,0.04085673,0.08356863,0.6364418
8569341701,85693417,1,0,0.2928443,0.1536387,0.1035552,0.44996172
8569826302,85698263,2,0,0.12449373,0.032925516,0.071870536,0.77071023
8569883401,85698834,1,0,0.0541399,0.02617313,0.047217414,0.87246954
8573991001,85739910,1,0,0.87252325,0.056163535,0.053826775,0.017486501
8574349204,85743492,4,0,5.8053978e-05,0.0016938974,0.0074223396,0.9908258
8574692301,85746923,1,0,0.0034057393,0.041884888,0.024731895,0.9299774
8574692303,85746923,3,0,0.0058284826,0.0099041965,0.026046515,0.95822084
8574789802,85747898,2,0,0.09788291,0.03154097,0.0683214,0.80225474
8585079302,85850793,2,0,0.19333798,0.042054474,0.09289828,0.6717092
8587555101,85875551,1,0,0.350247,0.038540393,0.122950315,0.4882622
8587926702,85879267,2,0,0.027729148,0.015563145,0.0276335,0.92907417
8590606405,85906064,5,0,0.09506276,0.029535135,0.07491314,0.8004889
8601427501,86014275,1,0,0.5934032,0.27668247,0.0866617,0.04325267
8607299301,86072993,1,0,0.39009404,0.20970786,0.11244304,0.2877551
8612510701,86125107,1,0,0.77342254,0.034669608,0.07866666,0.1132411
8652517302,86525173,2,0,0.050703675,0.013534437,0.039714366,0.8960476
8664524702,86645247,2,0,0.35488355,0.043514848,0.06819724,0.5334044
8666219603,86662196,3,0,0.1263803,0.026120648,0.08240009,0.7650989
8675804701,86758047,1,0,0.3513589,0.10599171,0.10734539,0.43530393
8690735201,86907352,1,0,0.80977726,0.088149205,0.06965574,0.032417797
8709094401,87090944,1,0,0.8641693,0.021322194,0.06104931,0.053459197
8715995401,87159954,1,0,0.08439279,0.20478714,0.08707146,0.6237486
8715995402,87159954,2,0,0.0024919454,0.02413511,0.017082099,0.95629084
8716035902,87160359,2,0,0.0007556107,0.0032768985,0.01279653,0.9831709
8725043401,87250434,1,0,0.5322701,0.0343432,0.1041893,0.32919738
8730305002,87303050,2,0,0.6200757,0.17000183,0.12370152,0.08622096
8766871401,87668714,1,0,0.45724925,0.13443325,0.10859862,0.29971886
8771929701,87719297,1,0,0.5210882,0.05390982,0.104048595,0.32095346
8796246401,87962464,1,0,0.5055382,0.19828147,0.123547904,0.17263237
8805691704,88056917,4,0,0.0048035183,0.008420558,0.022586616,0.96418923
8812676001,88126760,1,0,0.35838473,0.0373042,0.10235804,0.50195295
8812941905,88129419,5,0,0.04770513,0.47774377,0.0738733,0.4006777
8820607101,88206071,1,0,0.011847306,0.01627112,0.02707873,0.9448028
8821162803,88211628,3,0,0.000751916,0.005277777,0.014095436,0.97987485
8821163004,88211630,4,0,7.754929e-05,0.002163717,0.007273805,0.9904849
9076399601,90763996,1,0,0.60897106,0.051787443,0.090062216,0.24917929
9077112501,90771125,1,0,0.052929968,0.047625113,0.07809412,0.8213507
9436641901,94366419,1,0,0.12917626,0.59731555,0.09861729,0.17489097
9445532704,94455327,4,0,0.00071124407,0.0037414203,0.015994616,0.9795527
9447079101,94470791,1,0,0.3742928,0.24040422,0.14136118,0.24394186
9447274002,94472740,2,0,0.33008197,0.031920627,0.119121656,0.51887566
9454299102,94542991,2,0,0.018138977,0.012303497,0.041657027,0.92790043
9460790401,94607904,1,0,0.2614934,0.14659753,0.09434344,0.49756566
9460882602,94608826,2,0,0.30199188,0.10898944,0.1417536,0.44726503
9466955005,94669550,5,0,0.00015242839,0.0025134527,0.01247066,0.98486346
9467076701,94670767,1,0,0.7173626,0.04019684,0.08527743,0.15716311
9467260402,94672604,2,0,0.081427865,0.026165431,0.054873597,0.8375332
9472408701,94724087,1,0,0.48542702,0.057897698,0.0925963,0.364079
9474356102,94743561,2,0,0.011815762,0.020923251,0.030021777,0.9372392
9474356103,94743561,3,0,0.073826,0.028193895,0.06709304,0.83088714
9474356104,94743561,4,0,0.0045069307,0.0070137023,0.022117566,0.96636176
9556834604,95568346,4,0,0.006366643,0.0074416175,0.028034678,0.95815706
9602830902,96028309,2,0,0.014854053,0.014996225,0.028464992,0.9416847
9620568001,96205680,1,0,0.25903523,0.28591016,0.12840275,0.3266519
9620568002,96205680,2,0,0.10377434,0.10516275,0.08426847,0.70679444
9620890006,96208900,6,0,0.000105663144,0.0012407057,0.010085285,0.98856825
9621176501,96211765,1,0,0.46890762,0.06760382,0.067897364,0.39559123
9629121801,96291218,1,0,0.80653834,0.07658618,0.07918351,0.037691996
9652473408,96524734,8,0,0.00016623469,0.0018883344,0.00939934,0.988546
9661738601,96617386,1,0,0.81020343,0.026635397,0.06946369,0.09369741
9668068103,96680681,3,0,0.2810562,0.03623216,0.085834295,0.5968773
9668068104,96680681,4,0,0.17664132,0.044311654,0.07483633,0.7042108
9678315702,96783157,2,0,0.14775223,0.061143834,0.07217929,0.7189247
9695227901,96952279,1,0,0.6812525,0.08732261,0.09056508,0.1408598
9695259201,96952592,1,0,0.69360733,0.15082875,0.085423134,0.07014078
9695259202,96952592,2,0,0.61316633,0.18974231,0.09733142,0.099759825
9695791704,96957917,4,0,7.312612e-05,0.0028499532,0.007982523,0.9890945
9704259902,97042599,2,0,0.6302801,0.031206332,0.08956132,0.2489521
9704320207,97043202,7,0,3.95638e-05,0.0012032505,0.011818386,0.9869388
9704327104,97043271,4,0,0.33125663,0.04735931,0.078039035,0.543345
9704327106,97043271,6,0,0.051875997,0.020809721,0.046539884,0.88077444
9714590401,97145904,1,0,0.16588844,0.11844463,0.08851175,0.6271552
9720737301,97207373,1,0,0.87673324,0.0503971,0.05253811,0.020331567
9861576601,98615766,1,0,0.2389416,0.054775022,0.08479403,0.62148935
9862170301,98621703,1,0,0.2964078,0.041517746,0.090764575,0.5713099
9870616101,98706161,1,0,0.7023771,0.14531356,0.08830117,0.064008236
9870616103,98706161,3,0,0.19297047,0.040281713,0.06547762,0.70127016
9871054801,98710548,1,0,0.24413219,0.07260304,0.09212259,0.5911421
9877370702,98773707,2,0,0.71439075,0.050312538,0.093920834,0.1413758
9877370703,98773707,3,0,0.78352433,0.04592049,0.077396736,0.09315851
9877658604,98776586,4,0,0.2749045,0.03131849,0.09161152,0.60216546
9939083904,99390839,4,0,0.00012263231,0.0021857142,0.008296178,0.9893954
10109531102,101095311,2,0,0.63879853,0.073469535,0.12420606,0.16352586
10109556001,101095560,1,0,0.06826957,0.02011069,0.072856374,0.8387633
10109618302,101096183,2,0,0.40412188,0.037798006,0.105040096,0.45304003
10116424401,101164244,1,0,0.18435079,0.050680354,0.097200766,0.66776806
10116472801,101164728,1,0,0.33354995,0.034150712,0.115086064,0.5172133
10116641807,101166418,7,0,0.0015792856,0.00984705,0.024341948,0.9642318
10125597401,101255974,1,0,0.0020961952,0.9165039,0.029103948,0.05229597
10125597402,101255974,2,0,0.0034615656,0.84095323,0.03531782,0.120267354
10125598101,101255981,1,0,0.011969234,0.8247764,0.047074825,0.116179414
10125598102,101255981,2,0,0.0022803037,0.7134497,0.04213238,0.24213763
10260769901,102607699,1,0,0.20852794,0.039422784,0.08888776,0.6631616
10267270901,102672709,1,0,0.87420017,0.018939795,0.05555403,0.0513059
10267393802,102673938,2,0,0.5968216,0.05366947,0.14539772,0.20411122
10267853301,102678533,1,0,0.16563435,0.2110949,0.054558493,0.56871223
10271699801,102716998,1,0,0.74866205,0.115205266,0.094266206,0.04186651
10272098102,102720981,2,0,0.0069001685,0.03062543,0.035457574,0.92701685
10272098103,102720981,3,0,0.005011311,0.02500206,0.032275535,0.937711
10280690403,102806904,3,0,0.0006674288,0.0029126706,0.012733243,0.9836866
10280918501,102809185,1,0,0.13836975,0.02680809,0.07057076,0.76425135
10303481601,103034816,1,0,0.74939907,0.07948862,0.06431299,0.10679933
10303481602,103034816,2,0,0.6474402,0.039734542,0.08316076,0.22966453
10307545801,103075458,1,0,0.58921915,0.076818,0.10356292,0.23039998
10310206303,103102063,3,0,0.16051865,0.04131736,0.0761315,0.7220325
10317412301,103174123,1,0,0.45559105,0.04949919,0.115714945,0.3791948
10317412302,103174123,2,0,0.2881824,0.055972252,0.11098985,0.5448555
10317903301,103179033,1,0,0.42936054,0.23036587,0.10297951,0.23729408
10319532301,103195323,1,0,0.94669944,0.017374398,0.030872453,0.005053707
10319610401,103196104,1,0,0.12461848,0.030803619,0.06615567,0.7784222
10330942504,103309425,4,0,0.8557823,0.01917193,0.06266542,0.06238044
10334886702,103348867,2,0,0.0002956753,0.005079475,0.009902385,0.98472244
30255588207,302555882,7,0,0.0029118804,0.0051646684,0.021787124,0.97013634
30262437101,302624371,1,0,0.016529819,0.47417614,0.083984174,0.42530984
30262437102,302624371,2,0,0.015143548,0.4542572,0.083305664,0.4472935
30262437103,302624371,3,0,0.016658267,0.48815185,0.08220789,0.41298196
30262437104,302624371,4,0,0.0008105874,0.019984622,0.025457818,0.9537469
30262437105,302624371,5,0,0.00020733349,0.011352485,0.013861518,0.9745786
30262437106,302624371,6,0,0.00033658455,0.01373483,0.013140308,0.9727882
30277161701,302771617,1,0,0.40569764,0.14260374,0.12271977,0.3289788
30277366901,302773669,1,0,0.9324139,0.019618671,0.036405273,0.011562145
30277636901,302776369,1,0,0.33327463,0.3125059,0.111888304,0.24233112
30325628004,303256280,4,0,0.049132343,0.018295785,0.056539316,0.87603265
30596625703,305966257,3,0,0.0003488387,0.006032835,0.0126011,0.98101723
30596631201,305966312,1,0,0.4688955,0.052870095,0.11716292,0.36107144
30748474101,307484741,1,0,0.11813975,0.4775253,0.12941405,0.27492088
30748474102,307484741,2,0,0.12096914,0.43044287,0.1321213,0.31646666
30763713101,307637131,1,0,0.15608555,0.6608793,0.08037516,0.10265993
30763713102,307637131,2,0,0.004312025,0.2722631,0.055093188,0.6683317
30930576803,309305768,3,0,0.09158417,0.024350617,0.063824296,0.8202409
30930576804,309305768,4,0,0.6845212,0.03838232,0.08807538,0.18902116
30931083201,309310832,1,0,0.260872,0.060181234,0.11554468,0.5634021
30941604001,309416040,1,0,0.6487513,0.057517055,0.09163344,0.2020982
30942080303,309420803,3,0,0.005367104,0.0060683107,0.020477101,0.9680875
30949426202,309494262,2,0,0.55267674,0.033163372,0.091262914,0.32289702
30949813901,309498139,1,0,0.07407041,0.13989174,0.0753314,0.7107064
30960081502,309600815,2,0,0.00027632935,0.014683596,0.014416469,0.9706236
30968775204,309687752,4,0,0.0014879084,0.007821843,0.03083049,0.95985967
30976777801,309767778,1,0,0.677223,0.04213838,0.076533444,0.20410521
31016241401,310162414,1,0,0.8690587,0.060373764,0.051820043,0.018747391
31016580403,310165804,3,0,0.67712045,0.019184167,0.085264914,0.2184304
31024159704,310241597,4,0,0.0002618253,0.0020208855,0.009923478,0.9877939
31083694602,310836946,2,0,0.018546533,0.058033578,0.057161447,0.86625844
31083694603,310836946,3,0,0.016908547,0.055846073,0.053078875,0.8741666
31083694604,310836946,4,0,0.0016247324,0.009911252,0.022145603,0.9663183
31083694605,310836946,5,0,0.00021825338,0.004405937,0.012412734,0.982963
31083694606,310836946,6,0,0.0031631612,0.013241344,0.030221697,0.9533737
31083862701,310838627,1,0,0.36741444,0.04124368,0.091796935,0.49954495
31319398101,313193981,1,0,0.82009214,0.092680514,0.06811246,0.019114818
31319398102,313193981,2,0,9.57914e-05,0.0015981153,0.011318305,0.9869878
31459285501,314592855,1,0,0.040183287,0.3508511,0.15410328,0.4548624
31464185901,314641859,1,0,0.51179403,0.18459094,0.109967604,0.19364743
31464199404,314641994,4,0,0.8375053,0.0338055,0.06986633,0.058822908
31561178001,315611780,1,0,0.8109859,0.07936896,0.06766076,0.041984282
31561296901,315612969,1,0,0.57686335,0.0378753,0.11020838,0.27505282
31562216601,315622166,1,0,0.470862,0.12959413,0.11445324,0.28509057
31572317905,315723179,5,0,0.0023111994,0.004979379,0.017805044,0.9749044
31572871701,315728717,1,0,0.008478281,0.8378064,0.041527905,0.112187326
31573488803,315734888,3,0,0.5142114,0.027625456,0.10931095,0.34885225
31582953101,315829531,1,0,0.65933806,0.06095682,0.09495055,0.18475455
31593243701,315932437,1,0,0.6495187,0.11377188,0.10018193,0.13652736
31593243702,315932437,2,0,0.019882364,0.03220018,0.039329417,0.90858805
31593336801,315933368,1,0,0.03737175,0.06679514,0.045068696,0.85076433
31593698401,315936984,1,0,0.10306326,0.6783105,0.08154352,0.13708268
31604587602,316045876,2,0,0.5945388,0.15260634,0.11307672,0.13977797
31605060602,316050606,2,0,0.03361235,0.07410484,0.05264486,0.839638
31625487601,316254876,1,0,0.8191923,0.07189825,0.074252374,0.034657076
31625487603,316254876,3,0,0.7242751,0.07673505,0.092290446,0.10669939
31632101501,316321015,1,0,0.7572411,0.102585845,0.07980693,0.060366184
31652478401,316524784,1,0,0.1520845,0.6182283,0.09741119,0.13227603
31652478404,316524784,4,0,0.022256255,0.05521668,0.08384859,0.8386784
31662555103,316625551,3,0,0.24777442,0.047531046,0.08008345,0.6246111
31673330502,316733305,2,0,0.0010961929,0.0069145444,0.0136647755,0.9783244
31673330503,316733305,3,0,0.0026194598,0.009776134,0.016608907,0.9709955
31683987101,316839871,1,0,0.73862296,0.023568451,0.08676909,0.15103951
31685038101,316850381,1,0,0.5142606,0.036109447,0.09712886,0.35250106
31695952903,316959529,3,0,0.015718205,0.019338079,0.030701071,0.9342426
31695952904,316959529,4,0,0.0050247977,0.008183859,0.021091681,0.9656996
31696410602,316964106,2,0,0.00028196018,0.010621919,0.011337012,0.97775906
31696432601,316964326,1,0,0.4872382,0.09793263,0.10048615,0.31434298
31701504001,317015040,1,0,0.6516243,0.18627559,0.112444796,0.049655337
31701504002,317015040,2,0,0.36105248,0.27847114,0.1689163,0.19156013
31701504004,317015040,4,0,0.6629952,0.02995136,0.08592884,0.22112441
31702791405,317027914,5,0,0.00943796,0.012396923,0.03485767,0.94330746
31703189301,317031893,1,0,0.3639159,0.03920491,0.113400675,0.4834784
31704184201,317041842,1,0,0.6342224,0.11557452,0.10601699,0.14418605
31714746002,317147460,2,0,0.11544978,0.11678624,0.083988294,0.68377566
31726421501,317264215,1,0,0.2752152,0.4902815,0.10477882,0.12972459
31726421502,317264215,2,0,0.32855183,0.27650234,0.10588673,0.28905916
31731955701,317319557,1,0,0.27544668,0.48913783,0.09899099,0.13642439
31731955702,317319557,2,0,0.16590303,0.07063178,0.075973734,0.6874915
31731977801,317319778,1,0,0.71610343,0.035391167,0.08148143,0.16702385
31732345502,317323455,2,0,0.1441354,0.04011398,0.074232996,0.74151766
31732502205,317325022,5,0,7.611869e-05,0.0017534284,0.012161708,0.9860087
31734614601,317346146,1,0,0.38343146,0.07317286,0.10007917,0.44331652
31739589303,317395893,3,0,0.00075300125,0.0033414117,0.01309939,0.9828062
31739602403,317396024,3,0,0.0002086773,0.0045154453,0.008008193,0.9872676
31739761501,317397615,1,0,0.6477094,0.075731635,0.10267966,0.17387918
31746840201,317468402,1,0,0.6744295,0.16895014,0.09156688,0.06505356
31750734501,317507345,1,0,0.75869745,0.15994933,0.05929496,0.022058317
31755416301,317554163,1,0,0.21476841,0.045499083,0.08325632,0.65647614
31759691701,317596917,1,0,0.12357939,0.022718076,0.07105604,0.78264654
31759758301,317597583,1,0,0.9451332,0.016531888,0.029887922,0.008447
31764756103,317647561,3,0,0.00032678695,0.0029563329,0.009995428,0.9867214
31767453701,317674537,1,0,0.27013806,0.032446813,0.084118135,0.613297
31770762201,317707622,1,0,0.2641277,0.039448913,0.08752418,0.6088992
31770801001,317708010,1,0,0.4196963,0.053584404,0.13061216,0.3961072
31771275801,317712758,1,0,0.15965053,0.048940253,0.076649584,0.7147595
31775120802,317751208,2,0,0.015364013,0.060188092,0.035518732,0.8889291
31777956308,317779563,8,0,0.2945884,0.028073253,0.08992591,0.5874125
31778034501,317780345,1,0,0.3525889,0.09365282,0.080707476,0.47305077
31783883801,317838838,1,0,0.2860419,0.19536135,0.11752196,0.40107474
31783916901,317839169,1,0,0.82945776,0.09056043,0.051987063,0.02799468
31784323901,317843239,1,0,0.58987784,0.18472202,0.1214137,0.10398643
31784324701,317843247,1,0,0.7946622,0.10579461,0.06474081,0.034802433
31788589701,317885897,1,0,0.3646709,0.39418414,0.11668301,0.12446195
31788836803,317888368,3,0,0.0011034176,0.0027245956,0.013304877,0.9828672
31948366002,319483660,2,0,0.00069440797,0.008864122,0.015593969,0.9748476
31948366008,319483660,8,0,0.00010018707,0.001697596,0.010231602,0.98797065
32052520401,320525204,1,0,0.89861035,0.04844129,0.0420711,0.010877199
32052520402,320525204,2,0,0.000267623,0.008934218,0.014307849,0.9764902
32052635502,320526355,2,0,0.003814058,0.07280131,0.028765364,0.8946193
32067911701,320679117,1,0,0.22649562,0.06331458,0.07849921,0.6316905
32068092301,320680923,1,0,0.4466052,0.0336191,0.103511676,0.41626406
32078910801,320789108,1,0,0.528063,0.038699485,0.09531544,0.33792207
32094952001,320949520,1,0,0.15511662,0.12422576,0.08086113,0.63979644
32103731302,321037313,2,0,0.00031523395,0.0034747175,0.010303862,0.98590606
32103731303,321037313,3,0,0.097300254,0.03144187,0.05752021,0.81373775
32103731304,321037313,4,0,0.024303343,0.01452676,0.031841516,0.9293283
32104076202,321040762,2,0,0.08004229,0.018251345,0.06602714,0.83567923
32104076203,321040762,3,0,0.0015145558,0.0039752196,0.014085536,0.9804247
32104136901,321041369,1,0,0.9088961,0.019854575,0.052735638,0.01851364
32110819601,321108196,1,0,0.00040450218,0.0030626883,0.010318268,0.9862146
32115452403,321154524,3,0,0.06870617,0.013819597,0.060623765,0.85685045
32115866507,321158665,7,0,4.37617e-05,0.0015753943,0.009398201,0.98898256
32118130201,321181302,1,0,0.09937448,0.04620557,0.06298999,0.79143006
32118130202,321181302,2,0,0.096974194,0.034346294,0.06511969,0.8035597
32118617903,321186179,3,0,0.688793,0.028743193,0.10821268,0.17425108
32118849602,321188496,2,0,0.08079939,0.057583455,0.07244082,0.7891763
32126638001,321266380,1,0,0.30500117,0.061854362,0.0855488,0.54759574
32132177401,321321774,1,0,0.7945309,0.083747216,0.07599202,0.04572975
32132649301,321326493,1,0,0.071877085,0.028125167,0.04966981,0.8503279
32144771501,321447715,1,0,0.5774035,0.2132901,0.10030125,0.10900517
32145065302,321450653,2,0,0.47999498,0.03806504,0.13022639,0.35171357
32148966601,321489666,1,0,0.63137347,0.061642677,0.114518665,0.19246525
45616479401,456164794,1,0,0.23881035,0.504803,0.09350567,0.16288103
45620910701,456209107,1,0,0.21863799,0.060293097,0.081882104,0.6391868
45623111501,456231115,1,0,0.21417093,0.28193304,0.10860322,0.3952928
45834715202,458347152,2,0,0.010916033,0.020005686,0.02601942,0.9430589
45834986601,458349866,1,0,0.25391436,0.04416009,0.11230501,0.58962053
45835275001,458352750,1,0,0.5336403,0.078365214,0.10772395,0.28027046
45835475902,458354759,2,0,0.04846824,0.024889011,0.05388665,0.87275606
45879269601,458792696,1,0,0.52139217,0.3254805,0.09401925,0.05910813
45879411701,458794117,1,0,0.35128677,0.31893426,0.114411056,0.21536782
45879411801,458794118,1,0,0.30067405,0.31089777,0.103894085,0.284534
45884145701,458841457,1,0,0.33163536,0.062566794,0.10254275,0.5032552
45884316502,458843165,2,0,0.075600676,0.5896386,0.09279855,0.24196208
45884960003,458849600,3,0,0.00079142704,0.010212986,0.012747035,0.9762485
45884960004,458849600,4,0,0.00055772514,0.011677652,0.012141284,0.97562337
45886604801,458866048,1,0,0.08181767,0.38151738,0.068076745,0.46858823
45887890201,458878902,1,0,0.3894343,0.12273498,0.15068033,0.33715034
45888123401,458881234,1,0,0.0070839636,0.008259143,0.019893602,0.9647632
45888605701,458886057,1,0,0.632021,0.037578423,0.08005753,0.250343
45891494901,458914949,1,0,0.8757602,0.037228234,0.06342642,0.023585135
45893788003,458937880,3,0,0.301621,0.10166871,0.11221042,0.4844999
45893928001,458939280,1,0,0.7141694,0.033359654,0.08963674,0.16283423
45893941603,458939416,3,0,0.0008918304,0.0057224054,0.016243879,0.97714186
45905332701,459053327,1,0,0.29517543,0.040443007,0.08894586,0.57543576
45908339401,459083394,1,0,0.08750962,0.5664906,0.09242935,0.25357044
45908339402,459083394,2,0,0.003212378,0.06518026,0.031159006,0.9004484
45908416003,459084160,3,0,0.033361565,0.017197343,0.034358867,0.9150823
45910820202,459108202,2,0,0.35299233,0.046515934,0.08451834,0.5159735
45911190701,459111907,1,0,0.16440953,0.08529284,0.10125748,0.64904004
45914030801,459140308,1,0,0.41356027,0.45244816,0.083989896,0.050001625
45914030802,459140308,2,0,0.7678797,0.12295639,0.07532459,0.03383925
45914896501,459148965,1,0,0.041045554,0.58477974,0.08850073,0.28567398
45914896502,459148965,2,0,0.043344032,0.58573353,0.08478184,0.28614068
45914896503,459148965,3,0,0.030270005,0.49137393,0.09295803,0.385398
45914915702,459149157,2,0,0.11885407,0.029040223,0.073910736,0.778195
45916962501,459169625,1,0,0.7595971,0.040066168,0.08452298,0.115813665
45983618501,459836185,1,0,0.34849927,0.029727813,0.09748005,0.5242929
45989100201,459891002,1,0,0.755995,0.0969652,0.07655124,0.07048869
45989173403,459891734,3,0,0.00032624157,0.005500192,0.010772484,0.983401
45990892503,459908925,3,0,0.0055246246,0.56309,0.04090583,0.39047953
45990892504,459908925,4,0,0.0075594243,0.3719259,0.03330292,0.5872118
46136100202,461361002,2,0,0.1952559,0.040486313,0.11493739,0.6493203
46136100203,461361002,3,0,0.5491287,0.031229198,0.11046259,0.30917954
46142571602,461425716,2,0,0.005210829,0.091545716,0.039482977,0.8637605
46146754701,461467547,1,0,0.17431644,0.34560683,0.115084894,0.3649918
46146754702,461467547,2,0,0.1845824,0.36993337,0.12083275,0.32465142
46146754703,461467547,3,0,0.048846006,0.13556047,0.07834495,0.7372486
46146754704,461467547,4,0,0.029594623,0.093407534,0.06500351,0.8119943
46146813801,461468138,1,0,0.7627824,0.046823014,0.07605986,0.114334755
46146813802,461468138,2,0,0.15509485,0.043371048,0.083616346,0.71791774
46147253504,461472535,4,0,0.3027413,0.06316139,0.1075345,0.5265628
46147253505,461472535,5,0,0.36116228,0.06606511,0.1257801,0.4469925
46149554201,461495542,1,0,0.09712604,0.74540365,0.0374347,0.12003572
46149554202,461495542,2,0,0.055689905,0.79804826,0.039456118,0.1068058
46149703601,461497036,1,0,0.087217584,0.017592194,0.05608537,0.83910495
46154516602,461545166,2,0,0.8324157,0.019607136,0.058134347,0.089842744
46156476601,461564766,1,0,0.39960352,0.07559183,0.10319586,0.42160875
46156638606,461566386,6,0,0.00010189921,0.0014809666,0.011120673,0.98729646
46156638607,461566386,7,0,0.00012732713,0.0016631045,0.011335754,0.9868738
46158993201,461589932,1,0,0.0050538722,0.0029309983,0.022584563,0.9694306
46159548906,461595489,6,0,0.00016358607,0.0029363723,0.012457316,0.9844427
46163562101,461635621,1,0,0.76827145,0.017396208,0.08179876,0.13253364
46165156601,461651566,1,0,0.87446284,0.024356542,0.05921598,0.04196467
46261733403,462617334,3,0,0.00025297233,0.0034081654,0.008483166,0.98785573
46261733404,462617334,4,0,0.0002766855,0.0030450283,0.008408163,0.98827016
46718162503,467181625,3,0,0.002329617,0.0055634785,0.019057117,0.9730498
46732432001,467324320,1,0,0.8727017,0.048963852,0.061429597,0.016904868
46732432003,467324320,3,0,0.0001501173,0.006638875,0.015484362,0.9777267
46733572412,467335724,12,0,0.00978217,0.01836719,0.055547576,0.91630304
46735741103,467357411,3,0,0.0005266347,0.002823049,0.010210272,0.98644006
46735861301,467358613,1,0,0.70762163,0.024979157,0.09140881,0.17599045
46764378703,467643787,3,0,0.00040271055,0.0045197913,0.0123077575,0.98276967
46764395402,467643954,2,0,0.0027480323,0.013640336,0.019901184,0.9637104
46764896001,467648960,1,0,0.25353894,0.18304397,0.11492265,0.44849446
46765191601,467651916,1,0,0.94852513,0.017266044,0.026633224,0.007575666
46765228801,467652288,1,0,0.5187771,0.08335028,0.09304418,0.30482858
46765493702,467654937,2,0,0.8490538,0.023686085,0.07266343,0.054596722
46768082804,467680828,4,0,0.00020411682,0.004922219,0.008350508,0.9865232
46772047901,467720479,1,0,0.26767573,0.5475483,0.10462986,0.08014616
46772047902,467720479,2,0,0.15590006,0.0987582,0.0733757,0.671966
46772888801,467728888,1,0,0.39220774,0.031078612,0.081361435,0.49535212
46775160505,467751605,5,0,0.36425263,0.042935837,0.100257844,0.49255368
46776080505,467760805,5,0,0.0024212683,0.0075843516,0.018452806,0.97154164
46778600202,467786002,2,0,0.46216503,0.057085466,0.1097713,0.37097824
46778896301,467788963,1,0,0.45818803,0.049284536,0.0939529,0.39857444
46779193101,467791931,1,0,0.5141363,0.114199586,0.12324579,0.24841827
46783046201,467830462,1,0,0.11492377,0.0318382,0.062415585,0.79082245
46783248802,467832488,2,0,0.0001386893,0.0098566385,0.012074689,0.97793
46829738903,468297389,3,0,0.009491918,0.024525352,0.056795053,0.9091877
46834374001,468343740,1,0,0.11919749,0.09422899,0.0715713,0.7150021
46835299403,468352994,3,0,0.00031623733,0.0030337353,0.010339331,0.9863107
46836245601,468362456,1,0,0.7405487,0.17119294,0.06473952,0.023518845
46836597106,468365971,6,0,0.75469047,0.052155185,0.08293836,0.11021606
46837436802,468374368,2,0,0.1511137,0.028727747,0.0811003,0.73905826
46837756302,468377563,2,0,0.56074774,0.03603866,0.09322713,0.3099865
46839332102,468393321,2,0,0.02686832,0.034010783,0.08085389,0.85826695
46840538808,468405388,8,0,0.0004244908,0.0032816438,0.013553323,0.98274046
46840559201,468405592,1,0,0.23337486,0.032574214,0.09983807,0.6342128
46841839202,468418392,2,0,0.38745263,0.036322486,0.07203695,0.504188
46845121201,468451212,1,0,0.10926526,0.017368827,0.07156887,0.8017971
46848295402,468482954,2,0,0.003846947,0.0077243717,0.02705445,0.9613742
46850279301,468502793,1,0,0.22453548,0.030248124,0.08484085,0.66037554
46850538601,468505386,1,0,0.78867704,0.022674486,0.07584966,0.112798885
46854017201,468540172,1,0,0.2812323,0.09523284,0.094561026,0.5289738
46857439201,468574392,1,0,0.51682824,0.10958199,0.11474931,0.25884035
46859184901,468591849,1,0,0.19671485,0.035501566,0.056387827,0.71139574
46859681103,468596811,3,0,0.00037961616,0.0033764278,0.012214339,0.9840295
46859739801,468597398,1,0,0.36658067,0.03222543,0.10319725,0.49799663
46859969104,468599691,4,0,0.6722921,0.036052383,0.08970124,0.20195433
46859969106,468599691,6,0,0.05500852,0.0268137,0.059190873,0.858987
46860172402,468601724,2,0,0.0008394517,0.032351676,0.028076317,0.93873256
46863157101,468631571,1,0,0.55202085,0.040481392,0.1075501,0.29994765
46863486603,468634866,3,0,0.002309889,0.007621893,0.022245541,0.9678227
46863627101,468636271,1,0,0.23775074,0.32410207,0.11454194,0.32360518
46864171501,468641715,1,0,0.7589819,0.023568302,0.08315183,0.13429801
46866920801,468669208,1,0,0.31779602,0.43008146,0.11945531,0.13266726
46866920802,468669208,2,0,0.43777815,0.049419064,0.10658988,0.40621284
46867073701,468670737,1,0,0.6790659,0.05143222,0.08295603,0.18654594
46867398603,468673986,3,0,0.0035740493,0.008652986,0.020732922,0.96703994
46867398604,468673986,4,0,0.01658121,0.0155047085,0.039835375,0.9280787
46871617602,468716176,2,0,0.18028986,0.06406719,0.09094302,0.6647
46871762901,468717629,1,0,0.28112176,0.037499934,0.09314784,0.5882304
46873903901,468739039,1,0,0.8732458,0.032594018,0.06484915,0.029311027
46873903902,468739039,2,0,0.59409285,0.048309885,0.0993438,0.25825354
46875468801,468754688,1,0,0.20433718,0.0379922,0.083698206,0.67397255
47012446806,470124468,6,0,0.0005919236,0.0045944564,0.017798994,0.97701454
47015196201,470151962,1,0,0.7408421,0.09323847,0.10321433,0.06270517
47015281401,470152814,1,0,0.8450909,0.06657487,0.06556904,0.02276506
47015281404,470152814,4,0,0.0014235699,0.012404224,0.015264231,0.970908
47015281405,470152814,5,0,0.08804332,0.2522826,0.10532451,0.55434954
47016316301,470163163,1,0,0.023593122,0.009946837,0.045768697,0.9206913
47019348201,470193482,1,0,0.7390689,0.037641864,0.092366725,0.13092259
47019348202,470193482,2,0,0.5992187,0.09635989,0.104767494,0.19965377
32155121801,321551218,1,0,0.07847307,0.061302688,0.056714676,0.8035096
32157836102,321578361,2,0,0.30783018,0.04578467,0.09526024,0.5511249
32158662901,321586629,1,0,0.69388974,0.041386068,0.07325476,0.19146942
32167230003,321672300,3,0,0.012930145,0.013008288,0.02975395,0.9443077
32167334101,321673341,1,0,0.086054645,0.11976945,0.06125622,0.7329197
32182713404,321827134,4,0,0.0122784935,0.014786543,0.029035248,0.94389975
32182840301,321828403,1,0,0.8398252,0.071537785,0.055901926,0.032735106
32182942601,321829426,1,0,0.08657557,0.048572667,0.078466415,0.7863853
32182942604,321829426,4,0,0.3760393,0.05772851,0.09194718,0.47428507
32182942605,321829426,5,0,0.49168685,0.05278449,0.13107066,0.3244581
32182942607,321829426,7,0,0.26058882,0.0361709,0.1173838,0.58585656
32182958101,321829581,1,0,0.45370084,0.06090743,0.10088981,0.3845019
32189667102,321896671,2,0,0.113413334,0.03681278,0.047345284,0.8024286
32198687601,321986876,1,0,0.74203324,0.051195968,0.06804836,0.1387224
32213179402,322131794,2,0,0.00018886248,0.006276428,0.00866816,0.9848665
32213215701,322132157,1,0,0.32337382,0.23248807,0.09196642,0.3521716
32222402303,322224023,3,0,0.24147582,0.15695992,0.09568285,0.5058813
32222430001,322224300,1,0,0.10849282,0.24901569,0.1135286,0.52896297
32222437803,322224378,3,0,0.23234512,0.055128835,0.08335412,0.62917197
32222616803,322226168,3,0,0.027841944,0.06625483,0.04854274,0.8573604
32226262004,322262620,4,0,0.0483281,0.6652998,0.052711807,0.23366025
32226262005,322262620,5,0,0.00065300585,0.9678032,0.019695502,0.011848231
32226542201,322265422,1,0,0.028219104,0.07791076,0.060271453,0.8335987
32226542202,322265422,2,0,0.008988763,0.03702834,0.030700512,0.9232824
32243780803,322437808,3,0,0.009633258,0.006842419,0.032243893,0.9512805
32305971203,323059712,3,0,0.00025489734,0.0029198274,0.011956973,0.9848683
32312293801,323122938,1,0,0.066078894,0.019348716,0.06396534,0.85060704
32314453301,323144533,1,0,0.7973941,0.07340275,0.075786375,0.053416815
32619957803,326199578,3,0,0.4424611,0.033964325,0.1075614,0.41601312
32625727501,326257275,1,0,0.024882581,0.050684735,0.038772516,0.8856601
32769496001,327694960,1,0,0.6371758,0.1374218,0.10931081,0.116091534
32769594305,327695943,5,0,0.00016492934,0.001803973,0.009189288,0.9888417
32769686601,327696866,1,0,0.39110026,0.036039077,0.10538878,0.46747184
32769801001,327698010,1,0,0.059239022,0.26765198,0.08859672,0.58451235
32769801002,327698010,2,0,0.005856649,0.057199888,0.030512867,0.9064306
32769996201,327699962,1,0,0.2331207,0.55518186,0.09725566,0.11444164
32769996204,327699962,4,0,0.00053206657,0.0032740196,0.010289038,0.98590493
32770005601,327700056,1,0,0.5621202,0.033973742,0.09184406,0.31206203
32800329201,328003292,1,0,0.7075724,0.05011094,0.09061194,0.15170462
32809064801,328090648,1,0,0.64455384,0.036248583,0.095348835,0.22384863
32818811301,328188113,1,0,0.61984044,0.05380865,0.117107995,0.20924285
32851817202,328518172,2,0,0.019774556,0.011078618,0.041427422,0.9277195
32860614401,328606144,1,0,0.37560266,0.03075085,0.11219934,0.48144716
32860614402,328606144,2,0,0.3020335,0.03925142,0.1122507,0.5464644
32872115001,328721150,1,0,0.08476765,0.060091015,0.06253011,0.7926113
32917198703,329171987,3,0,0.0003138623,0.0029031576,0.009981846,0.9868011
33155397004,331553970,4,0,0.55682296,0.032554362,0.13083816,0.27978447
33161819601,331618196,1,0,0.60698307,0.039032426,0.08414455,0.26983982
33165278101,331652781,1,0,0.4735895,0.101487435,0.15011184,0.2748112
33172618405,331726184,5,0,0.018742973,0.008771615,0.02608453,0.9464008
33181511003,331815110,3,0,0.8168116,0.04763809,0.0708653,0.06468508
33181511703,331815117,3,0,0.27702105,0.10039066,0.090171225,0.53241706
33184919301,331849193,1,0,0.2807583,0.03457636,0.11409799,0.57056737
33192872001,331928720,1,0,0.08612219,0.033798747,0.06190791,0.81817114
33363069101,333630691,1,0,0.030474888,0.20692842,0.08424887,0.6783478
33363295101,333632951,1,0,0.20360363,0.30622116,0.10312422,0.38705096
33363295102,333632951,2,0,0.024658443,0.095798954,0.050335698,0.8292069
33373134502,333731345,2,0,0.06258801,0.020186834,0.037514903,0.87971014
33378542701,333785427,1,0,0.7935522,0.12252478,0.061664686,0.022258384
33431240401,334312404,1,0,0.5538896,0.03400531,0.09324926,0.31885588
33478042004,334780420,4,0,0.011177307,0.0054888623,0.021878062,0.9614558
33610450703,336104507,3,0,0.0075199814,0.016052514,0.038902465,0.93752503
33616704003,336167040,3,0,0.020733895,0.020021953,0.033561163,0.925683
33910196803,339101968,3,0,7.0063885e-05,0.003906904,0.0072321645,0.9887908
33913534203,339135342,3,0,0.11709763,0.050910898,0.054788772,0.7772028
33913678301,339136783,1,0,0.5690073,0.038367376,0.09432472,0.29830062
33913678303,339136783,3,0,0.28619245,0.025307339,0.103022434,0.58547777
33926762901,339267629,1,0,0.017565148,0.014965035,0.025198124,0.9422717
33937278801,339372788,1,0,0.022491585,0.022773165,0.02451247,0.9302228
33938913201,339389132,1,0,0.19225208,0.032404233,0.096333295,0.67901045
33939172701,339391727,1,0,0.7665417,0.053223938,0.076410286,0.10382403
33942329804,339423298,4,0,0.2627266,0.056294102,0.08812141,0.59285784
34591980401,345919804,1,0,0.02088248,0.11170627,0.06456587,0.8028454
34592056301,345920563,1,0,0.030131405,0.029521722,0.06455098,0.8757959
34592068304,345920683,4,0,0.037141524,0.011484607,0.046329085,0.90504473
34601301202,346013012,2,0,0.0747006,0.01915624,0.06687305,0.8392701
34611573201,346115732,1,0,0.18598221,0.08847484,0.10513834,0.62040454
34611573202,346115732,2,0,0.050472975,0.051183168,0.07217659,0.82616717
34618219202,346182192,2,0,0.35450208,0.03667275,0.09877216,0.510053
34627772402,346277724,2,0,0.0014099219,0.0070329662,0.01947792,0.9720792
34641640004,346416400,4,0,0.04336056,0.015141934,0.05845647,0.883041
34671858802,346718588,2,0,0.009082734,0.07331459,0.035228007,0.88237464
34671858803,346718588,3,0,0.0005030993,0.005326393,0.009581484,0.9845891
34671858804,346718588,4,0,0.0006872122,0.005686276,0.010480684,0.98314583
34689051501,346890515,1,0,0.43983325,0.03657076,0.09723594,0.42636004
34689057302,346890573,2,0,0.258218,0.030740594,0.09229194,0.6187495
34690159902,346901599,2,0,0.314697,0.10049407,0.12598255,0.45882636
34698029202,346980292,2,0,0.099590056,0.032640956,0.060561355,0.8072076
34698462106,346984621,6,0,0.00055097026,0.0046445974,0.015817609,0.97898674
34698462107,346984621,7,0,0.0021517025,0.0074494933,0.027852915,0.962546
34698727901,346987279,1,0,0.014391978,0.039713472,0.03666508,0.90922946
34704354902,347043549,2,0,0.5767098,0.06010587,0.10034558,0.2628387
34704447301,347044473,1,0,0.8939107,0.019339966,0.057029903,0.029719474
34712874601,347128746,1,0,0.0936423,0.020990163,0.062138308,0.82322913
34712874602,347128746,2,0,0.24211295,0.056529462,0.08769715,0.61366045
34712874605,347128746,5,0,0.0073471237,0.005206848,0.024013666,0.96343243
34713036201,347130362,1,0,0.8999489,0.041463017,0.045916982,0.012671099
34713036202,347130362,2,0,0.00016282423,0.0051553166,0.015235766,0.9794461
34726187401,347261874,1,0,0.7085004,0.17543778,0.0059777587,0.110084094
34726330801,347263308,1,0,0.22346057,0.021494173,0.080582745,0.67446244
34726518101,347265181,1,0,0.72691786,0.14294209,0.0854917,0.044648413
34749810701,347498107,1,0,2.8507715e-05,0.00074820005,8.403859e-05,0.9991392
34756777101,347567771,1,0,0.5305632,0.09271519,0.12614527,0.25057638
34756960602,347569606,2,0,0.022494895,0.025041685,0.03159998,0.9208634
34764124501,347641245,1,0,0.85744923,0.03409616,0.067966394,0.04048806
34772285001,347722850,1,0,0.032855127,0.027567958,0.03375603,0.90582097
34781609001,347816090,1,0,0.81083477,0.061563827,0.07218438,0.055417012
34781609002,347816090,2,0,0.003068001,0.008086575,0.018806066,0.97003937
34792570701,347925707,1,0,0.17687958,0.5798319,0.1077323,0.13555619
34792570702,347925707,2,0,0.23035498,0.30870292,0.11323435,0.3477078
34792627302,347926273,2,0,0.29064056,0.052776884,0.09923418,0.5573484
34793026401,347930264,1,0,0.47901633,0.07242531,0.08459394,0.36396444
34793026403,347930264,3,0,0.735311,0.028554706,0.09486739,0.14126685
34799442301,347994423,1,0,0.3172127,0.04090221,0.10542648,0.5364586
34799517001,347995170,1,0,0.6880116,0.1560086,0.07577383,0.080206
34822475403,348224754,3,0,0.00039383073,0.004959333,0.01354917,0.9810977
34828915502,348289155,2,0,0.03339878,0.030467158,0.084993936,0.8511401
34829098801,348290988,1,0,0.5776393,0.08114063,0.090954535,0.25026557
34829098802,348290988,2,0,0.104914375,0.0365793,0.10201524,0.756491
34837599701,348375997,1,0,0.22684112,0.029329253,0.1137138,0.6301158
34846849001,348468490,1,0,0.59121555,0.08100498,0.10807459,0.21970485
34846928901,348469289,1,0,0.26835534,0.16916126,0.08678361,0.47569978
34847426302,348474263,2,0,0.5699824,0.07724798,0.08797018,0.26479942
34938564002,349385640,2,0,0.1461533,0.080195084,0.0679544,0.70569724
34938768903,349387689,3,0,0.33062792,0.037715033,0.08870899,0.5429481
34945250301,349452503,1,0,0.016919635,0.60365826,0.067612775,0.31180942
34945250302,349452503,2,0,0.0012904016,0.30299836,0.038754348,0.6569569
34958590101,349585901,1,0,0.631659,0.18642054,0.08447879,0.09744166
34966178401,349661784,1,0,0.26810458,0.10270009,0.09245325,0.5367421
34966732502,349667325,2,0,7.917857e-05,0.003146648,0.0072901305,0.989484
34991633301,349916333,1,0,0.8131866,0.09973528,0.06357376,0.023504367
34991767902,349917679,2,0,0.6447699,0.029618887,0.09783823,0.22777286
10334886703,103348867,3,0,0.00031183934,0.005157659,0.01011531,0.9844152
10344926601,103449266,1,0,0.42975152,0.09185058,0.1137064,0.36469153
10345262101,103452621,1,0,0.57138467,0.2389956,0.110134475,0.079485185
10356659501,103566595,1,0,0.4062297,0.2904173,0.11762689,0.18572609
10403484003,104034840,3,0,0.057047244,0.019326948,0.054506518,0.8691193
10414321202,104143212,2,0,0.4826979,0.03895895,0.09578458,0.38255855
10419637003,104196370,3,0,0.18957417,0.027962148,0.08227501,0.70018864
10420909502,104209095,2,0,0.30208814,0.045728575,0.10246282,0.5497204
10438377905,104383779,5,0,0.0022236442,0.004618564,0.022515832,0.97064185
10460672501,104606725,1,0,0.41448593,0.09150724,0.1106408,0.38336596
10461023102,104610231,2,0,0.64876306,0.03726,0.0821255,0.23185137
10473483201,104734832,1,0,0.74336535,0.064689,0.08483597,0.10710963
10473519801,104735198,1,0,0.020319052,0.012109981,0.037922204,0.92964876
10473519803,104735198,3,0,0.30132958,0.030588824,0.089286156,0.5787954
10485378903,104853789,3,0,0.21711908,0.49898264,0.12190656,0.1619916
10487941601,104879416,1,0,0.29448605,0.090890415,0.10236895,0.51225454
10488002801,104880028,1,0,0.38127875,0.03752692,0.13099138,0.45020282
10488002802,104880028,2,0,0.45565915,0.039612588,0.11424999,0.39047828
10498617501,104986175,1,0,0.83851355,0.07476392,0.06264103,0.024081402
10498617502,104986175,2,0,0.029101627,0.0972873,0.07667956,0.7969315
10498632202,104986322,2,0,0.041029572,0.017813152,0.046960603,0.8941966
10498632203,104986322,3,0,0.6894331,0.046550594,0.093864456,0.17015177
10510637304,105106373,4,0,0.3855987,0.052682552,0.119177945,0.44254085
10513616501,105136165,1,0,0.15047657,0.03362378,0.06576446,0.7501353
10513633403,105136334,3,0,0.25848633,0.037906837,0.067589656,0.6360172
10523379601,105233796,1,0,0.8487901,0.08311435,0.05178786,0.016307643
10528698706,105286987,6,0,0.8045866,0.048722412,0.08928048,0.057410467
10528861001,105288610,1,0,0.59380674,0.11902117,0.10341402,0.18375808
10528861004,105288610,4,0,0.0108865155,0.017675804,0.045548506,0.9258892
10529434003,105294340,3,0,0.6150658,0.048319004,0.10019061,0.23642465
10536178804,105361788,4,0,0.00040144054,0.0042126337,0.0119257765,0.9834601
11505183201,115051832,1,0,0.4707864,0.055093873,0.09761542,0.37650418
11513185501,115131855,1,0,0.06628363,0.06421693,0.057621133,0.8118783
11513185502,115131855,2,0,0.0949092,0.06726926,0.07098627,0.7668353
11513185503,115131855,3,0,0.04353131,0.049105734,0.05041146,0.8569515
11519566202,115195662,2,0,0.44930077,0.041104767,0.099705264,0.40988922
11520290403,115202904,3,0,0.27961946,0.057273164,0.09314784,0.5699596
11538154901,115381549,1,0,0.53244644,0.17032352,0.107449405,0.18978058
11538268301,115382683,1,0,0.47289056,0.23981291,0.1308648,0.15643167
11538268302,115382683,2,0,0.40031335,0.2241497,0.1451298,0.2304071
11538669802,115386698,2,0,0.048974026,0.20061362,0.08244266,0.6679697
11538909805,115389098,5,0,0.014267634,0.027286055,0.02569481,0.9327515
11538909807,115389098,7,0,0.48788956,0.06750839,0.116553865,0.32804817
11627546001,116275460,1,0,0.67790395,0.15636809,0.079986945,0.08574091
11641172802,116411728,2,0,0.52149063,0.028402729,0.10804581,0.34206077
11650042003,116500420,3,0,0.09647421,0.06517808,0.06776837,0.7705793
11671713501,116717135,1,0,0.2847689,0.48577482,0.10692095,0.12253534
11671713502,116717135,2,0,0.0033315816,0.15053855,0.047152903,0.7989771
11672108502,116721085,2,0,0.54884297,0.038796112,0.11873476,0.29362622
11684349701,116843497,1,0,0.17332597,0.036501687,0.07859789,0.7115743
11684828702,116848287,2,0,0.05111801,0.69653046,0.082685836,0.1696657
11684828703,116848287,3,0,0.54499215,0.27849114,0.10541538,0.07110131
11688269103,116882691,3,0,0.8496843,0.06473553,0.05394858,0.031631574
11688269104,116882691,4,0,0.8551906,0.056196555,0.062345907,0.026266966
11688273004,116882730,4,0,0.40803054,0.19758795,0.09556139,0.29882017
11699197702,116991977,2,0,0.0746238,0.6312102,0.09842281,0.19574307
11703861601,117038616,1,0,0.830481,0.026551463,0.06326784,0.07969972
11711532301,117115323,1,0,0.41779742,0.06358775,0.12077675,0.397838
11711532303,117115323,3,0,0.82727444,0.021545783,0.07110736,0.080072455
11726266703,117262667,3,0,0.0011486587,0.010497428,0.029002465,0.95935136
11727096001,117270960,1,0,0.8608134,0.022058772,0.058559928,0.05856801
11730803201,117308032,1,0,0.461474,0.05280769,0.10134853,0.3843698
11732277901,117322779,1,0,0.559432,0.1408494,0.104009025,0.19570962
11740040303,117400403,3,0,0.00014608944,0.0015476285,0.0086685615,0.98963773
11740043503,117400435,3,0,0.4153728,0.039213594,0.10400298,0.4414106
11740422001,117404220,1,0,0.5528067,0.15168406,0.08267867,0.21283056
11749626401,117496264,1,0,0.8290991,0.03267734,0.059632163,0.07859135
11753003101,117530031,1,0,0.6554391,0.046164367,0.09139848,0.2069981
11761556101,117615561,1,0,0.24282752,0.043015003,0.08211904,0.6320384
11761758701,117617587,1,0,0.4075265,0.08606696,0.09265747,0.4137491
11761758703,117617587,3,0,0.55909324,0.09263538,0.10878122,0.2394901
11761851102,117618511,2,0,0.5047282,0.08180966,0.13168442,0.28177768
11762362602,117623626,2,0,0.15222667,0.043459766,0.066589825,0.73772377
11762431404,117624314,4,0,0.0018679214,0.0053138216,0.016072106,0.976746
11762435802,117624358,2,0,0.6229694,0.03141183,0.080268614,0.26535013
11765629506,117656295,6,0,8.106566e-05,0.0014495404,0.012335366,0.98613405
11765629507,117656295,7,0,7.271718e-05,0.0014057582,0.011503112,0.9870184
11766237901,117662379,1,0,0.17314377,0.035281517,0.07414085,0.7174338
11780989902,117809899,2,0,0.002734015,0.013071648,0.01944091,0.9647533
12084274101,120842741,1,0,0.059593752,0.018199883,0.045354493,0.87685174
12084274103,120842741,3,0,0.00019389941,0.0028970086,0.009806689,0.98710245
12084774801,120847748,1,0,0.041341163,0.58068556,0.08206523,0.29590797
12084774802,120847748,2,0,0.05126741,0.5557486,0.08418854,0.3087955
12084774803,120847748,3,0,0.0034607868,0.008025285,0.01737339,0.97114056
12091047906,120910479,6,0,0.0002626906,0.0031473292,0.011958493,0.9846315
12106946101,121069461,1,0,0.041935872,0.52032274,0.091587104,0.34615442
12107086401,121070864,1,0,0.90860265,0.021459505,0.05184547,0.018092291
12112873205,121128732,5,0,0.04531743,0.050863445,0.062108684,0.84171045
12121949401,121219494,1,0,0.31002453,0.46356088,0.1045706,0.12184392
12129671502,121296715,2,0,0.14018427,0.041932248,0.07420964,0.7436738
12143810605,121438106,5,0,0.011403024,0.0107621495,0.041404095,0.93643063
12152619801,121526198,1,0,0.90205693,0.031471424,0.051767383,0.014704274
12152848901,121528489,1,0,0.3372403,0.16577663,0.109360605,0.3876225
12161460801,121614608,1,0,0.26617122,0.04586884,0.09990894,0.5880511
12162042101,121620421,1,0,0.77464426,0.13519277,0.06412809,0.026034892
12162042102,121620421,2,0,0.632668,0.16899426,0.091121025,0.10721663
12169996601,121699966,1,0,0.4284599,0.05050709,0.09154748,0.42948544
12174596101,121745961,1,0,0.8035547,0.09143425,0.07675018,0.028260885
12175001902,121750019,2,0,0.7659363,0.03849954,0.073985174,0.121578895
12175435502,121754355,2,0,0.007095554,0.009011569,0.02733539,0.95655745
12181816101,121818161,1,0,0.21157545,0.061963014,0.08652126,0.63994026
12190192401,121901924,1,0,0.44542146,0.05968906,0.11828353,0.37660593
12190192402,121901924,2,0,0.30260798,0.06700593,0.11383879,0.51654726
12190240603,121902406,3,0,0.00087950524,0.0049569104,0.012588453,0.9815751
12196343601,121963436,1,0,0.86476505,0.022988549,0.060412295,0.051834095
12197270102,121972701,2,0,0.58357805,0.030830396,0.10189545,0.28369623
12197270103,121972701,3,0,0.47732723,0.029615698,0.10443996,0.38861716
12197619001,121976190,1,0,0.4280983,0.044786144,0.09341681,0.4336987
12203556902,122035569,2,0,0.00016546255,0.0038738647,0.01188999,0.98407066
12203556903,122035569,3,0,0.55716455,0.08015308,0.09837892,0.26430342
12203871806,122038718,6,0,0.00031813595,0.0035458945,0.014785245,0.98135066
12203954406,122039544,6,0,0.0003178395,0.0034824666,0.014773625,0.98142606
12204298101,122042981,1,0,0.48717535,0.11035471,0.103046186,0.29942372
12204377901,122043779,1,0,0.47940847,0.053536683,0.10491082,0.362144
12204864501,122048645,1,0,0.077204764,0.73298055,0.06918279,0.120631896
12210838002,122108380,2,0,0.047316194,0.2623638,0.082408525,0.6079116
12210974601,122109746,1,0,0.011743455,0.027064804,0.058844037,0.90234774
12227100603,122271006,3,0,0.0003228686,0.0020715294,0.010087792,0.9875178
12227357002,122273570,2,0,0.00011683565,0.005990474,0.017092522,0.9768001
12227357005,122273570,5,0,0.075389355,0.78573334,0.060545366,0.07833187
12227363202,122273632,2,0,0.40945303,0.038018256,0.11392689,0.43860176
12234198401,122341984,1,0,0.22153553,0.54139006,0.09400966,0.14306478
12238949301,122389493,1,0,0.21756987,0.5999496,0.085090965,0.09738956
12247780302,122477803,2,0,0.17283574,0.07044736,0.12003539,0.63668144
12247937001,122479370,1,0,0.7256346,0.06996128,0.08234248,0.12206161
12247937901,122479379,1,0,0.7461006,0.0551924,0.07788719,0.12081982
12248682701,122486827,1,0,0.45932832,0.3242096,0.10272551,0.11373649
12257078401,122570784,1,0,0.40360883,0.040303268,0.079408206,0.47667974
12262976101,122629761,1,0,0.8592902,0.026965378,0.048583638,0.06516074
12270348001,122703480,1,0,0.42055857,0.038028657,0.12640835,0.4150043
12276658201,122766582,1,0,0.7777307,0.08294888,0.08074373,0.05857678
12277546801,122775468,1,0,0.45740643,0.14158547,0.1091446,0.29186347
12287954401,122879544,1,0,0.6284048,0.18036364,0.100457855,0.09077375
47019348203,470193482,3,0,0.5589394,0.07646609,0.11040839,0.25418612
47019348204,470193482,4,0,0.19034798,0.06586641,0.11400537,0.6297802
47019348205,470193482,5,0,0.34448895,0.045257565,0.12280318,0.48745036
47019348206,470193482,6,0,0.1717184,0.051924814,0.12102775,0.6553291
47020541101,470205411,1,0,0.5646773,0.20837212,0.09649433,0.13045637
47020649304,470206493,4,0,0.00015337669,0.0021175786,0.011065013,0.986664
47021426802,470214268,2,0,0.0892461,0.25300038,0.08814276,0.56961083
47023971607,470239716,7,0,0.68324214,0.030715989,0.08751126,0.19853048
47024421903,470244219,3,0,0.23743612,0.029569611,0.095074095,0.63792014
47024453704,470244537,4,0,0.12741113,0.04125265,0.07804137,0.7532948
47026898001,470268980,1,0,0.86979586,0.055109713,0.056099575,0.018994853
47027904001,470279040,1,0,0.12099184,0.16861354,0.08199997,0.6283946
47031015903,470310159,3,0,0.6959801,0.06514258,0.08882517,0.15005203
47034689906,470346899,6,0,0.039302226,0.020842128,0.047349945,0.89250565
47036697602,470366976,2,0,0.54314464,0.21567802,0.13722575,0.10395157
47036697602,470366976,2,0,0.5431447,0.21567805,0.13722572,0.103951514
47036697602,470366976,2,0,0.54314464,0.21567802,0.13722575,0.10395157
47036697602,470366976,2,0,0.5431447,0.21567805,0.13722572,0.103951514
47038085105,470380851,5,0,0.13139692,0.037285205,0.07039527,0.7609227
47039188803,470391888,3,0,0.02998757,0.070683494,0.055431165,0.84389776
47039864907,470398649,7,0,0.1282736,0.0481147,0.08015986,0.74345183
47046695701,470466957,1,0,0.863646,0.018817341,0.06524722,0.052289538
47046759303,470467593,3,0,0.3720674,0.073641144,0.11691081,0.43738055
47047392203,470473922,3,0,0.24033105,0.34206936,0.098066784,0.3195327
47047950201,470479502,1,0,0.07333524,0.5050677,0.101614274,0.31998265
47047950202,470479502,2,0,0.04589698,0.49450934,0.09664751,0.36294624
47048414102,470484141,2,0,0.2558116,0.2664615,0.10660886,0.37111804
47050348901,470503489,1,0,0.24653241,0.589467,0.08917553,0.074825026
47050544702,470505447,2,0,0.0055752248,0.0075645167,0.019911991,0.9669482
47051459801,470514598,1,0,0.0005622835,0.019130748,0.013876157,0.9664309
47051459802,470514598,2,0,0.001151895,0.03434269,0.02238371,0.9421217
47052726601,470527266,1,0,0.43972084,0.17664452,0.123066954,0.2605676
47053331803,470533318,3,0,0.5024161,0.054889474,0.09628642,0.34640807
47054053503,470540535,3,0,0.07675829,0.043205414,0.046979163,0.83305717
47054390002,470543900,2,0,0.2174086,0.03130774,0.07556965,0.6757141
47054403803,470544038,3,0,0.63063824,0.08460008,0.09279591,0.19196588
47054403805,470544038,5,0,0.21776503,0.048389528,0.108318225,0.6255272
47054612703,470546127,3,0,0.87853795,0.022079907,0.05095801,0.048424214
47067557702,470675577,2,0,0.008287262,0.009111595,0.03121188,0.95138925
47089516401,470895164,1,0,0.64641726,0.124206245,0.104356274,0.12502031
47092032601,470920326,1,0,0.5419143,0.05040808,0.112583384,0.29509428
47092480401,470924804,1,0,0.2642257,0.46708912,0.11968659,0.14899874
47092480402,470924804,2,0,0.057160605,0.20728835,0.0812404,0.6543106
47092480403,470924804,3,0,0.08621955,0.2049794,0.107576594,0.60122436
47093644001,470936440,1,0,0.4901364,0.03106636,0.098514594,0.38028258
50495228401,504952284,1,0,0.007054597,0.8466123,0.03843112,0.10790205
50495228402,504952284,2,0,0.002204022,0.750598,0.040151305,0.20704658
51484570804,514845708,4,0,0.008743057,0.033586755,0.030025275,0.9276449
60874352102,608743521,2,0,0.29862952,0.032536313,0.08774859,0.5810857
60875129701,608751297,1,0,0.33775213,0.08172245,0.10055561,0.47996974
60955106101,609551061,1,0,0.34271303,0.15961783,0.098024406,0.39964476
60955106601,609551066,1,0,0.69918,0.089059,0.08571106,0.12604997
62508143303,625081433,3,0,0.56565696,0.059952524,0.099178515,0.27521196
62596381401,625963814,1,0,0.015956013,0.78915334,0.05281006,0.14208046
62596381402,625963814,2,0,0.00074944075,0.051665373,0.022554759,0.9250304
62737223203,627372232,3,0,0.28689393,0.07330131,0.09149537,0.54830945
62934328801,629343288,1,0,0.6823655,0.04118879,0.0778029,0.1986428
64216037001,642160370,1,0,0.6156067,0.042711753,0.09228748,0.24939398
64217817408,642178174,8,0,0.0002448472,0.0022068324,0.013593054,0.98395526
64217817508,642178175,8,0,0.0001888399,0.0018830695,0.01216084,0.98576725
64224015701,642240157,1,0,0.10006765,0.08457058,0.07206261,0.7432992
64224016001,642240160,1,0,0.119229406,0.08323461,0.075592145,0.7219438
64356762601,643567626,1,0,0.14735773,0.03687456,0.08043274,0.7353351
64356762602,643567626,2,0,0.20900877,0.079864696,0.11097947,0.600147
64511903901,645119039,1,0,0.002868013,0.9056413,0.03730285,0.054187864
64511903902,645119039,2,0,0.0012867714,0.96563286,0.016959768,0.01612064
64542671006,645426710,6,0,0.00022254554,0.003642712,0.014686257,0.9814485
64571774801,645717748,1,0,0.03745908,0.107110985,0.059847362,0.7955825
64581676101,645816761,1,0,0.05986025,0.06604315,0.06266781,0.8114287
64614777201,646147772,1,0,0.0012070091,0.9523216,0.017256103,0.029215341
64614777202,646147772,2,0,0.027858673,0.38896647,0.077401474,0.50577325
64614777204,646147772,4,0,0.0020131352,0.7873997,0.037514213,0.17307292
64646286901,646462869,1,0,0.22752056,0.055491794,0.0866879,0.6302998
64665788801,646657888,1,0,0.63024783,0.094563335,0.11688164,0.15830728
64668413801,646684138,1,0,0.45978758,0.08989257,0.09553778,0.35478196
64679631901,646796319,1,0,0.18116774,0.08915233,0.07585035,0.65382946
64865453404,648654534,4,0,0.0069703693,0.0072743655,0.027493427,0.95826185
66125854201,661258542,1,0,0.45132747,0.03703804,0.12459291,0.38704157
66150285101,661502851,1,0,0.015654584,0.6099873,0.06660356,0.30775458
66150285102,661502851,2,0,0.0013791679,0.31994027,0.038550556,0.6401301
66154004402,661540044,2,0,7.863989e-05,0.0031476694,0.0072861016,0.98948765
66295800301,662958003,1,0,0.014337929,0.79142994,0.05660387,0.1376283
66314198302,663141983,2,0,0.7108792,0.03831883,0.07689755,0.1739044
66317747101,663177471,1,0,0.04277005,0.55966157,0.088512264,0.30905616
66317747601,663177476,1,0,0.03981522,0.57689375,0.08492389,0.298367
66332792501,663327925,1,0,0.35553914,0.0808737,0.10113157,0.46245548
66424108001,664241080,1,0,0.48569235,0.25476283,0.1083705,0.15117432
66491537201,664915372,1,0,0.22138466,0.40334246,0.11017933,0.26509362
66526381206,665263812,6,0,0.0008214819,0.0054188785,0.018218748,0.97554094
66526381207,665263812,7,0,0.0006095792,0.0054021277,0.01843921,0.97554904
66553143501,665531435,1,0,0.53889126,0.2521627,0.10877784,0.10016809
66584322601,665843226,1,0,0.1309478,0.078858964,0.062246665,0.7279465
66634070701,666340707,1,0,0.6349161,0.13905413,0.10922235,0.116807416
66697954401,666979544,1,0,0.6586881,0.16654697,0.09466899,0.08009589
66697954402,666979544,2,0,0.5618259,0.15323085,0.12615512,0.15878808
66796218501,667962185,1,0,0.6437423,0.171952,0.09886607,0.085439555
66845966201,668459662,1,0,0.15511793,0.43642688,0.10794497,0.30051023
66845966202,668459662,2,0,0.048446618,0.31103256,0.13641942,0.5041015
66845966203,668459662,3,0,0.011106271,0.12986594,0.08218033,0.7768475
66893666301,668936663,1,0,0.010064345,0.73346233,0.059474975,0.19699828
66893666302,668936663,2,0,0.0033756746,0.83868873,0.045281254,0.112654425
66949438201,669494382,1,0,0.24369706,0.13104351,0.100946024,0.5243134
66953678604,669536786,4,0,4.8710477e-05,0.0027533288,0.00809725,0.9891007
66981939001,669819390,1,0,0.18311001,0.049425263,0.07684575,0.690619
66996108801,669961088,1,0,0.17145862,0.041497942,0.06793218,0.7191112
67061322101,670613221,1,0,0.20873941,0.46231353,0.12580432,0.2031427
70168484306,701684843,6,0,0.0005241971,0.0044643614,0.016484523,0.9785269
70300033203,703000332,3,0,0.004062651,0.010742361,0.021055778,0.96413916
70303433707,703034337,7,0,4.3723572e-05,0.0015750193,0.009398783,0.98898244
70321776602,703217766,2,0,0.109182574,0.08088033,0.04449693,0.76544017
70529886301,705298863,1,0,0.7563941,0.09761958,0.076283015,0.06970321
70529886501,705298865,1,0,0.76495916,0.093550175,0.07706513,0.06442557
127127910201,1271279102,1,0,0.0018055539,0.3901097,0.03601486,0.5720699
127127910202,1271279102,2,0,0.0013795294,0.06914569,0.014858477,0.9146163
140077043501,1400770435,1,0,0.5931889,0.21665747,0.11155394,0.07859969
140077043502,1400770435,2,0,0.00048895815,0.019125652,0.019232936,0.96115243
171773242501,1717732425,1,0,0.6962159,0.15341245,0.093531474,0.056840044
171773242901,1717732429,1,0,0.69427305,0.1553267,0.09343337,0.056966923
171800682401,1718006824,1,0,0.0326064,0.5553218,0.0995124,0.3125594
171800682402,1718006824,2,0,0.022244355,0.6537375,0.07990591,0.24411222
171808784601,1718087846,1,0,0.82183045,0.02094214,0.0689778,0.08824962
171820185001,1718201850,1,0,0.7556214,0.12267264,0.081210226,0.040495787
198096895301,1980968953,1,0,0.23204948,0.03260095,0.08076053,0.65458906
198113879201,1981138792,1,0,0.5039031,0.18960376,0.10947439,0.19701889
202376378101,2023763781,1,0,0.44252777,0.030532405,0.100307286,0.42663246
202396132401,2023961324,1,0,0.06644624,0.020421589,0.061699335,0.85143274
205055596101,2050555961,1,0,0.87420976,0.04219548,0.056128576,0.02746622
205104702101,2051047021,1,0,0.5537565,0.2532862,0.111704685,0.08125265
205104702102,2051047021,2,0,0.10618387,0.26271203,0.14649339,0.48461074
205104702103,2051047021,3,0,0.05688264,0.46395418,0.10268571,0.37647745
205131824106,2051318241,6,0,0.00045492753,0.004484986,0.016131766,0.9789283
