Astro ID,tic_id,planetno,model_no,disp_p,disp_e,disp_n,disp_j
37705123101,377051231,1,0,0.15547803,0.07629794,0.039435722,0.7287884
37710239002,377102390,2,0,0.11969514,0.09097983,0.038786948,0.75053805
37719614202,377196142,2,0,0.0032908418,0.011455126,0.008700363,0.9765537
37719706801,377197068,1,0,0.502895,0.22302757,0.03560882,0.23846859
37719706802,377197068,2,0,0.4743969,0.18711807,0.04229794,0.29618713
37720065601,377200656,1,0,0.23402204,0.10319498,0.03584661,0.6269364
37720230301,377202303,1,0,0.50356853,0.28494403,0.034379482,0.1771079
37725765001,377257650,1,0,0.5589554,0.30677104,0.038297515,0.09597607
37725765002,377257650,2,0,0.04995991,0.53345203,0.031103231,0.38548476
37730581201,377305812,1,0,0.79815155,0.106678404,0.03309071,0.062079255
37730581202,377305812,2,0,0.07817725,0.1834446,0.058524035,0.6798541
37730715001,377307150,1,0,0.025942026,0.4101263,0.0376455,0.5262862
37847449101,378474491,1,0,0.71826226,0.05765417,0.042485263,0.18159825
37847583202,378475832,2,0,0.0035771222,0.050552003,0.02909474,0.9167761
37885843102,378858431,2,0,0.0070151538,0.05505705,0.015957085,0.9219707
37886310201,378863102,1,0,0.4210972,0.4426553,0.04266098,0.09358658
37886310202,378863102,2,0,0.012791944,0.31780514,0.030969197,0.6384337
37898918701,378989187,1,0,0.3107418,0.06320015,0.05610726,0.56995076
37898918707,378989187,7,0,0.2201211,0.07337166,0.061619386,0.64488786
37899039501,378990395,1,0,0.57264274,0.19563408,0.041191366,0.19053176
37899039502,378990395,2,0,0.12922704,0.09546574,0.037085995,0.7382211
37908757001,379087570,1,0,0.3871235,0.1100134,0.038698383,0.46416467
37909219001,379092190,1,0,0.020188646,0.039722435,0.016194256,0.9238947
37924683102,379246831,2,0,0.002203359,0.0097638825,0.014963943,0.97306883
37937215202,379372152,2,0,0.42310488,0.11493114,0.047065124,0.41489878
37937803001,379378030,1,0,0.9806639,0.0011682848,0.00051513425,0.017652666
37952882005,379528820,5,0,0.7501178,0.099024825,0.04021082,0.11064657
37962880501,379628805,1,0,0.79373693,0.14499202,0.036749627,0.024521474
37962880505,379628805,5,0,0.023475466,0.09058614,0.027616853,0.8583215
37963391605,379633916,5,0,0.11281586,0.079239145,0.098744184,0.7092008
37963586801,379635868,1,0,0.24171169,0.13699153,0.03729101,0.5840057
38367399002,383673990,2,0,0.010620565,0.022885913,0.03142012,0.93507344
38367545302,383675453,2,0,0.046557028,0.012087517,0.007834436,0.9335211
38459596801,384595968,1,0,0.6104493,0.11904972,0.044808503,0.22569242
38460249302,384602493,2,0,0.18283786,0.13641363,0.044501662,0.63624686
38460249304,384602493,4,0,0.2843645,0.11279309,0.061423946,0.5414185
38460249305,384602493,5,0,0.4409357,0.1782963,0.057514172,0.32325372
38460249306,384602493,6,0,0.4337567,0.059767433,0.062045027,0.44443065
38460249309,384602493,9,0,0.49510267,0.13729736,0.051088005,0.316512
38460249311,384602493,11,0,0.17906354,0.17374969,0.04732338,0.59986347
38460249312,384602493,12,0,0.38826275,0.21677157,0.0469873,0.3479784
38472792201,384727922,1,0,0.34082836,0.16946301,0.048858363,0.44085038
38473540501,384735405,1,0,0.38347867,0.29724455,0.038242165,0.28103456
38473712601,384737126,1,0,0.7776292,0.05755307,0.03274063,0.13207704
38481496701,384814967,1,0,0.21999116,0.21640308,0.048838735,0.51476705
38491884501,384918845,1,0,0.18235703,0.15023918,0.03275272,0.6346511
38491987201,384919872,1,0,0.047592465,0.08770655,0.033102892,0.8315981
38498678901,384986789,1,0,0.43996292,0.1049688,0.066418506,0.38864973
38498678902,384986789,2,0,0.5314822,0.11873067,0.05761577,0.29217133
38504076501,385040765,1,0,0.52296823,0.19292493,0.04633834,0.23776855
38504076701,385040767,1,0,0.62884873,0.13940962,0.045882676,0.18585901
38504108601,385041086,1,0,0.30448496,0.42832533,0.054320026,0.21286972
38504108602,385041086,2,0,0.0033648484,0.048291333,0.025384227,0.92295957
38509973202,385099732,2,0,0.3015192,0.55340093,0.055102833,0.089977086
38509973203,385099732,3,0,0.0071445056,0.40066278,0.045646388,0.54654634
38510077902,385100779,2,0,0.28581604,0.13507004,0.039798696,0.5393151
38510562401,385105624,1,0,0.9273366,0.029249711,0.02355042,0.019863317
38510772701,385107727,1,0,0.24986105,0.2807719,0.036962163,0.4324048
38515369302,385153693,2,0,0.1754629,0.1148269,0.05724049,0.65246964
38519587002,385195870,2,0,0.05768278,0.8892547,0.02610529,0.02695723
38520103503,385201035,3,0,0.006795415,0.08264765,0.033627413,0.8769295
38520103504,385201035,4,0,0.0041518104,0.06546563,0.036975306,0.8934073
38520103505,385201035,5,0,0.06451694,0.66814834,0.03319921,0.23413551
38520103507,385201035,7,0,0.07244671,0.39095366,0.04112399,0.4954757
38520274802,385202748,2,0,0.18497255,0.097902626,0.04062293,0.67650187
38525796201,385257962,1,0,0.4355126,0.119513005,0.040265,0.4047093
38533542301,385335423,1,0,0.26266438,0.1529753,0.05866256,0.52569765
38534408501,385344085,1,0,0.33409986,0.16446908,0.033344496,0.46808648
38540271501,385402715,1,0,0.012632187,0.3223396,0.030512795,0.6345155
38540271502,385402715,2,0,0.01684846,0.3485079,0.032069694,0.6025739
38540364902,385403649,2,0,0.03328945,0.024396112,0.038719397,0.90359503
38540424902,385404249,2,0,0.0073131165,0.048758436,0.025274824,0.91865355
38540677303,385406773,3,0,0.1815249,0.07594032,0.06505947,0.6774754
38543841103,385438411,3,0,0.30939993,0.06846391,0.057204988,0.5649311
38550601702,385506017,2,0,0.1646243,0.05441623,0.042738732,0.73822075
38555543004,385555430,4,0,0.29965636,0.055406265,0.06249461,0.5824427
38555552102,385555521,2,0,0.0066127735,0.09135437,0.027069269,0.8749635
38559280703,385592807,3,0,0.0004979425,0.9994969,3.271587e-06,1.915703e-06
38723707601,387237076,1,0,0.63890475,0.24519391,0.04233224,0.073569104
38725962601,387259626,1,0,0.8955181,0.063886456,0.027946962,0.01264856
38725962603,387259626,3,0,0.0062275035,0.0104933595,0.043300193,0.93997896
38726191801,387261918,1,0,0.29653385,0.08465164,0.046091285,0.5727232
38726895502,387268955,2,0,0.07102799,0.46482563,0.039274216,0.4248722
38735740302,387357403,2,0,0.063218705,0.104697786,0.029338973,0.8027445
38741303702,387413037,2,0,0.8331539,0.098424286,0.028931672,0.039490063
38741303703,387413037,3,0,0.7607314,0.1303216,0.035265923,0.0736811
38750415604,387504156,4,0,0.010069554,0.025131788,0.031322908,0.9334757
38750419701,387504197,1,0,0.22049122,0.32623827,0.03864319,0.41462737
38750468401,387504684,1,0,0.05059156,0.25118977,0.051604833,0.64661384
38752948901,387529489,1,0,0.6023539,0.23705173,0.036910094,0.12368436
38756526804,387565268,4,0,0.023419112,0.005673413,0.0075436733,0.9633638
38760611702,387606117,2,0,0.10888773,0.117276646,0.02999563,0.74384
38770225602,387702256,2,0,0.00042961378,0.008408465,0.010802349,0.98035955
38770225603,387702256,3,0,0.000449703,0.008476473,0.010910893,0.980163
38775831901,387758319,1,0,0.293008,0.22283442,0.04594143,0.43821612
38783490701,387834907,1,0,0.70513225,0.19017206,0.037102513,0.06759325
38783490702,387834907,2,0,0.0050750254,0.035984874,0.02084608,0.938094
38789548302,387895483,2,0,0.020822665,0.011254725,0.044511773,0.92341083
38789653001,387896530,1,0,0.29967088,0.40978786,0.039689887,0.25085145
38789791904,387897919,4,0,0.002623233,0.025451235,0.023015669,0.9489099
38795197501,387951975,1,0,0.112650506,0.14849757,0.028473316,0.7103786
38795197503,387951975,3,0,0.012268571,0.023292439,0.014303144,0.95013577
38843171003,388431710,3,0,0.00014243212,0.0005756982,0.006790791,0.99249107
38843171004,388431710,4,0,0.0053550205,0.08411655,0.025797375,0.8847311
38843171103,388431711,3,0,0.00014994471,0.0003865084,0.00548538,0.99397814
38843171104,388431711,4,0,0.0041861823,0.070616685,0.022603158,0.9025939
38843174002,388431740,2,0,0.6611674,0.16027004,0.03928432,0.13927817
38843174202,388431742,2,0,0.43521875,0.19429064,0.039768726,0.3307218
38850464401,388504644,1,0,0.86852294,0.05691556,0.026832255,0.047729146
38850534501,388505345,1,0,0.8840539,0.03549086,0.031288,0.049167223
38852850802,388528508,2,0,0.013423322,0.24488555,0.033302687,0.7083884
38856631101,388566311,1,0,0.0064105955,0.044480696,0.02009117,0.9290174
38860109905,388601099,5,0,0.0002593531,0.0032688726,0.014709872,0.9817619
38985019404,389850194,4,0,0.06310255,0.08270388,0.029155852,0.8250377
39001944105,390019441,5,0,0.00091406703,0.013190588,0.014811545,0.97108376
39040098902,390400989,2,0,0.13103494,0.16201979,0.029933563,0.6770116
39041031901,390410319,1,0,0.20186871,0.12117425,0.054867513,0.6220895
39041155702,390411557,2,0,0.09055461,0.20672093,0.028636135,0.67408836
39045979309,390459793,9,0,0.0017303204,0.0089119645,0.02268271,0.96667504
39046255401,390462554,1,0,0.6310236,0.16550487,0.037820924,0.1656507
39046726701,390467267,1,0,0.009226165,0.01988755,0.025070056,0.9458163
39052256503,390522565,3,0,0.863885,0.05304627,0.035595,0.04747368
39057252201,390572522,1,0,0.05929631,0.050730936,0.10141671,0.7885561
39066355403,390663554,3,0,0.04147933,0.07383472,0.027951282,0.8567346
39066549701,390665497,1,0,0.19035584,0.13372718,0.035873536,0.6400433
39074150703,390741507,3,0,0.0148099745,0.099522576,0.03714041,0.848527
39074150704,390741507,4,0,0.021796416,0.13163255,0.04452137,0.80204964
39085710803,390857108,3,0,0.058571566,0.085444935,0.029298492,0.82668495
39088730701,390887307,1,0,0.8125483,0.10139107,0.035808906,0.05025186
39088945501,390889455,1,0,0.17162341,0.18495068,0.033786137,0.60963964
39089663702,390896637,2,0,0.014592228,0.45108524,0.02399209,0.5103304
39089785601,390897856,1,0,0.173502,0.6398439,0.040061068,0.14659303
39089785602,390897856,2,0,0.0012147048,0.05627436,0.020317787,0.92219317
36785902901,367859029,1,0,0.22474645,0.15153073,0.033183154,0.5905397
36791098501,367910985,1,0,0.40300104,0.086701654,0.04776482,0.46253252
36792488104,367924881,4,0,0.43463045,0.16180128,0.04893348,0.35463473
36792719301,367927193,1,0,0.41062114,0.4208004,0.044570826,0.12400761
36792719302,367927193,2,0,0.21029566,0.5354908,0.035390876,0.21882272
36792860001,367928600,1,0,0.15895648,0.1403035,0.042760048,0.6579799
36793438302,367934383,2,0,0.35353848,0.20713887,0.05999019,0.37933242
36793945802,367939458,2,0,0.4637686,0.3728913,0.038626637,0.12471347
36794066204,367940662,4,0,0.00016504774,0.005975399,0.010395805,0.98346364
36799809601,367998096,1,0,0.4105708,0.3926923,0.037494686,0.1592422
36799809602,367998096,2,0,0.10237381,0.416533,0.029907262,0.45118597
36801301001,368013010,1,0,0.060974903,0.49593145,0.03504401,0.40804967
36801301002,368013010,2,0,0.030889586,0.3827987,0.031018162,0.5552935
36806473501,368064735,1,0,0.36546665,0.26954278,0.038957108,0.32603332
36807369203,368073692,3,0,0.14890194,0.07740844,0.045516122,0.72817343
36811820401,368118204,1,0,0.81312007,0.096241765,0.04943015,0.041208077
36814959504,368149595,4,0,0.006097338,0.0278347,0.033069957,0.9329981
36816561903,368165619,3,0,0.019655623,0.03186,0.020487022,0.92799723
36817378702,368173787,2,0,0.44225577,0.14464723,0.057707928,0.35538915
36817378704,368173787,4,0,0.1643108,0.10189614,0.04986891,0.68392414
36824219703,368242197,3,0,0.25198793,0.21577337,0.05549174,0.47674692
36826386701,368263867,1,0,0.2668513,0.10672363,0.042732272,0.5836928
36826462202,368264622,2,0,0.18156925,0.18931246,0.057927255,0.5711911
36826894701,368268947,1,0,0.054050077,0.41824535,0.035782594,0.49192202
36827509801,368275098,1,0,0.46094987,0.111781776,0.04995918,0.37730902
36830150101,368301501,1,0,0.6837119,0.16421157,0.044284485,0.10779209
36838627401,368386274,1,0,0.023837056,0.033053067,0.0333842,0.90972567
36838627406,368386274,6,0,0.009418921,0.026684562,0.027182518,0.936714
36838740305,368387403,5,0,0.057699684,0.2516821,0.041096047,0.6495221
36839870703,368398707,3,0,0.00031633567,0.008864356,0.009981906,0.9808374
36844647002,368446470,2,0,0.0036774802,0.072211154,0.028684828,0.8954265
36845851601,368458516,1,0,0.80168325,0.12281593,0.035019223,0.04048159
36851479601,368514796,1,0,0.029230535,0.083610386,0.020739594,0.86641955
36853483801,368534838,1,0,0.09661183,0.28065634,0.04068581,0.5820461
36859781102,368597811,2,0,0.06588918,0.05836246,0.038398646,0.8373497
36859781103,368597811,3,0,0.016186789,0.028819397,0.022036621,0.9329572
36859896404,368598964,4,0,0.00013025399,0.0039928653,0.013180849,0.982696
36860334402,368603344,2,0,0.44888735,0.06217983,0.040490765,0.44844198
36873349301,368733493,1,0,0.26543212,0.39322138,0.034761846,0.30658463
36873643201,368736432,1,0,0.6157134,0.06356497,0.043697443,0.27702415
36879338702,368793387,2,0,0.14875287,0.04005934,0.03925445,0.7719332
36883526501,368835265,1,0,0.1986602,0.14313462,0.031551644,0.6266535
36891826001,368918260,1,0,0.14702018,0.0561481,0.043935865,0.75289595
36891919801,368919198,1,0,0.518669,0.054844595,0.047031175,0.3794552
36891969601,368919696,1,0,0.36163512,0.15911467,0.039935034,0.43931514
36897733001,368977330,1,0,0.11675262,0.36734918,0.034355987,0.4815421
36897733002,368977330,2,0,0.0030087924,0.052592196,0.021269975,0.92312896
36905341501,369053415,1,0,0.38850975,0.27602234,0.040672064,0.29479596
36920251001,369202510,1,0,0.8483177,0.052535493,0.030392557,0.06875432
36925552901,369255529,1,0,0.14095294,0.69159347,0.03584088,0.13161275
36925552902,369255529,2,0,0.0020866548,0.092245,0.024918154,0.8807502
36925926506,369259265,6,0,0.003641489,0.09615475,0.032087397,0.86811644
36925926507,369259265,7,0,0.0019276508,0.04331414,0.023731574,0.9310267
36925970401,369259704,1,0,0.73273075,0.18489137,0.035229065,0.047148813
36926419801,369264198,1,0,0.49663913,0.25124517,0.050034557,0.20208107
36927378403,369273784,3,0,0.57948184,0.034826767,0.06488512,0.32080626
36927984501,369279845,1,0,0.18911867,0.3878377,0.034926523,0.3881171
36927984504,369279845,4,0,0.0006418519,0.006757635,0.020607028,0.97199345
36928303501,369283035,1,0,0.7599088,0.15163228,0.03946794,0.048991
36935185403,369351854,3,0,0.09668159,0.05625495,0.035929114,0.8111344
36938369501,369383695,1,0,0.117401294,0.196729,0.026226163,0.6596434
36946124001,369461240,1,0,0.032890916,0.05450748,0.02428495,0.8883167
37121754901,371217549,1,0,0.06618699,0.12521124,0.028753214,0.7798486
37170909801,371709098,1,0,0.022056125,0.20711412,0.027848901,0.7429808
37170909802,371709098,2,0,0.015187789,0.17902592,0.028811285,0.77697504
37211381403,372113814,3,0,0.016314495,0.06532108,0.02050304,0.89786136
37213204501,372132045,1,0,0.06765065,0.06547666,0.03155136,0.83532137
37219644702,372196447,2,0,0.0065055587,0.081023164,0.02262795,0.8898433
37225669701,372256697,1,0,0.050164513,0.07527976,0.03207415,0.8424816
37226548503,372265485,3,0,0.3257055,0.07427565,0.051323578,0.5486953
37226739505,372267395,5,0,0.3654185,0.13173054,0.055500776,0.4473501
37256273301,372562733,1,0,0.8746043,0.07360332,0.027793586,0.023998765
37256273302,372562733,2,0,0.8225878,0.08853289,0.037634656,0.051244497
37256273303,372562733,3,0,0.80849797,0.1162404,0.032329604,0.04293202
37256277901,372562779,1,0,0.6784904,0.193571,0.034995843,0.09294276
37256939001,372569390,1,0,0.29978415,0.1490957,0.03564818,0.51547194
37262223801,372622238,1,0,0.29579645,0.054095637,0.060203746,0.58990407
37262249401,372622494,1,0,0.5538968,0.253525,0.051803242,0.14077507
37274766702,372747667,2,0,0.0007240167,0.011251681,0.022953995,0.9650703
37278943109,372789431,9,0,0.0005765355,0.003111576,0.017296907,0.979015
37301708201,373017082,1,0,0.17182864,0.041463606,0.048100606,0.7386071
37302159601,373021596,1,0,0.53811544,0.34938878,0.044233743,0.06826203
37302159602,373021596,2,0,0.05758303,0.44383278,0.035981726,0.46260244
37302159603,373021596,3,0,0.019463854,0.3188049,0.023591988,0.63813925
37306142803,373061428,3,0,0.033392623,0.04993492,0.10872162,0.80795074
37313341201,373133412,1,0,0.9104367,0.054987382,0.02497709,0.0095988745
37313341202,373133412,2,0,0.0010755772,0.0047861026,0.030859543,0.9632788
37314329401,373143294,1,0,0.0270443,0.2678081,0.023100624,0.68204683
37331855202,373318552,2,0,0.34883624,0.09558144,0.058741517,0.49684075
37332285801,373322858,1,0,0.35584608,0.25409603,0.055280417,0.3347776
37332285802,373322858,2,0,0.08343544,0.19366106,0.05022433,0.6726792
37332681501,373326815,1,0,0.4423363,0.2453837,0.040322676,0.27195728
37346298801,373462988,1,0,0.14431314,0.16087793,0.02947881,0.66533005
37346316104,373463161,4,0,4.6535315e-05,0.0024222103,0.009955346,0.9875759
37369686505,373696865,5,0,0.87099636,0.0155545175,0.027785556,0.08566356
37378304502,373783045,2,0,0.58013177,0.22212704,0.044275384,0.15346576
37395037501,373950375,1,0,0.8109406,0.051644858,0.041925915,0.09548864
37395841601,373958416,1,0,0.8171835,0.07312902,0.02833962,0.0813479
37413159608,374131596,8,0,0.68019766,0.13949838,0.035519164,0.14478478
37422150102,374221501,2,0,0.0475267,0.09879169,0.03738139,0.8163002
37439040004,374390400,4,0,0.008162028,0.170111,0.028181028,0.79354596
37439040005,374390400,5,0,0.005712912,0.24024104,0.029193912,0.72485214
37439040006,374390400,6,0,0.00268335,0.036678188,0.022741554,0.93789685
37439040008,374390400,8,0,0.019545797,0.674304,0.037055664,0.26909447
37439040009,374390400,9,0,0.018527355,0.73670995,0.03813585,0.20662683
37439525601,374395256,1,0,0.038122557,0.13247874,0.024043653,0.805355
37440059901,374400599,1,0,0.80551165,0.13155669,0.032795087,0.03013665
37559863304,375598633,4,0,0.00040595708,0.0046476214,0.013678218,0.9812683
37559863306,375598633,6,0,0.00015371153,0.00410135,0.009354078,0.9863909
37565456601,375654566,1,0,0.6345248,0.24326397,0.044671588,0.077539615
37565457203,375654572,3,0,0.0012501918,0.0069592483,0.014401544,0.977389
37578038001,375780380,1,0,0.7505186,0.11493665,0.034895733,0.09964902
37590496806,375904968,6,0,0.00079627876,0.00548547,0.019765293,0.97395295
37590726402,375907264,2,0,0.019957073,0.04872248,0.027199602,0.9041209
37608816404,376088164,4,0,0.016079726,0.022910627,0.034524474,0.9264851
37611987503,376119875,3,0,0.00021242716,0.005266111,0.01066917,0.9838522
37630277501,376302775,1,0,0.5435401,0.09486498,0.05103244,0.31056252
37635350901,376353509,1,0,0.92307657,0.02082131,0.023292636,0.032809436
37636746701,376367467,1,0,0.59928125,0.25202486,0.04789545,0.100798436
37636873501,376368735,1,0,0.46270844,0.051105328,0.065840386,0.42034584
37653974001,376539740,1,0,0.052670952,0.0476642,0.026465032,0.87319976
37655003402,376550034,2,0,0.49636978,0.09730367,0.04230063,0.3640258
37655003403,376550034,3,0,0.19195707,0.092955805,0.03469037,0.68039674
37658921603,376589216,3,0,0.016365252,0.027281722,0.031173728,0.9251793
37658982701,376589827,1,0,0.06828498,0.05228951,0.04158629,0.8378392
37668464305,376684643,5,0,0.1571614,0.058254823,0.04155464,0.7430292
37668553005,376685530,5,0,0.0014463883,0.0059513412,0.025721736,0.96688056
37684011301,376840113,1,0,0.4303511,0.36128724,0.039605923,0.16875577
37684862301,376848623,1,0,0.5711995,0.11188902,0.04082182,0.27608967
37688312003,376883120,3,0,0.40068433,0.06914789,0.04311906,0.48704866
37697146301,376971463,1,0,0.14037946,0.7268674,0.0404144,0.0923387
37697146302,376971463,2,0,0.023348328,0.6774237,0.032131273,0.26709658
20749536404,207495364,4,0,0.050406314,0.031213868,0.025316825,0.8930629
20749570201,207495702,1,0,0.10397279,0.16551037,0.027220957,0.7032959
20750385601,207503856,1,0,0.09048051,0.067431346,0.030827746,0.81126046
21909079502,219090795,2,0,0.01341122,0.43978348,0.027705021,0.51910025
21910793001,219107930,1,0,0.33157918,0.03913247,0.06643002,0.56285834
21911081401,219110814,1,0,0.8534039,0.099480815,0.03099229,0.016123002
21911816301,219118163,1,0,0.19365643,0.08765701,0.037266057,0.6814204
21975037801,219750378,1,0,0.09335284,0.08353525,0.031043842,0.79206806
21975061801,219750618,1,0,0.2547298,0.31424433,0.044257984,0.3867679
21975061802,219750618,2,0,0.11456769,0.3220654,0.037920184,0.52544665
21975323902,219753239,2,0,0.87960196,0.00085343054,0.0043167197,0.11522793
21975342701,219753427,1,0,0.3717636,0.045270853,0.032746118,0.5502194
21975342702,219753427,2,0,0.08710446,0.092436925,0.04137059,0.779088
21976316303,219763163,3,0,9.328219e-05,0.0034122656,0.009686469,0.98680794
21976541101,219765411,1,0,0.05069485,0.0014663322,0.046467155,0.9013717
21981102602,219811026,2,0,0.22622797,0.087884,0.044046633,0.6418414
21984448001,219844480,1,0,0.03295961,0.024079034,0.026608402,0.9163529
21984593104,219845931,4,0,0.030518975,0.050251346,0.033569418,0.88566023
21985315004,219853150,4,0,0.011247709,0.016751807,0.040248513,0.9317519
21985701201,219857012,1,0,0.8660336,0.042710494,0.025676534,0.065579295
21987589701,219875897,1,0,0.090887226,0.018132705,0.05096638,0.8400137
21987756801,219877568,1,0,0.38274065,0.5232471,0.042055465,0.051956855
21988226201,219882262,1,0,0.8508574,0.091658704,0.027262565,0.030221265
21988226202,219882262,2,0,0.07244996,0.47857866,0.03401929,0.41495207
21989270501,219892705,1,0,0.7831279,0.1276804,0.03812898,0.051062845
21989771003,219897710,3,0,0.025429089,0.0133173885,0.022934724,0.9383188
22459542601,224595426,1,0,0.15250693,0.13858937,0.060470894,0.6484328
22459542602,224595426,2,0,0.14346968,0.13454567,0.054726537,0.66725814
22459542603,224595426,3,0,0.1474492,0.123123184,0.055301365,0.67412627
22459542604,224595426,4,0,0.059418697,0.104000635,0.05512448,0.7814561
22459542605,224595426,5,0,0.06357967,0.0994841,0.059619945,0.77731633
22459542606,224595426,6,0,0.048871055,0.10708299,0.056978427,0.78706753
22459838401,224598384,1,0,0.90341806,0.05257992,0.025123267,0.018878726
22460392102,224603921,2,0,0.26966387,0.05756998,0.043997604,0.6287685
22939931701,229399317,1,0,0.28970274,0.32378203,0.03866685,0.3478484
22940064303,229400643,3,0,0.00050921494,0.018724406,0.015449251,0.9653172
22943976101,229439761,1,0,0.12872311,0.0016325937,0.007295961,0.8623483
22944449304,229444493,4,0,0.018259076,0.012052226,0.048043787,0.9216449
22945500101,229455001,1,0,0.86453325,0.035127077,0.02857056,0.07176906
22947433802,229474338,2,0,0.0043256027,0.038886752,0.01857868,0.93820894
22950223002,229502230,2,0,0.58780223,0.11505901,0.04447751,0.2526612
22950705301,229507053,1,0,0.09288808,0.18734269,0.032587174,0.68718195
22950744904,229507449,4,0,0.03159756,0.04332965,0.03586141,0.8892115
22951086601,229510866,1,0,0.63626534,0.16352741,0.054439787,0.14576729
22958536501,229585365,1,0,0.24960274,0.61963326,0.038672715,0.092091255
22968326501,229683265,1,0,0.23636067,0.053308588,0.04933507,0.66099566
22970430601,229704306,1,0,0.6856249,0.046726536,0.052730713,0.21491797
22974272201,229742722,1,0,0.7614709,0.08749573,0.04253425,0.10849911
22975942701,229759427,1,0,0.31054267,0.31091458,0.04030246,0.33824015
22975942702,229759427,2,0,0.19811605,0.40724915,0.04502897,0.34960583
22977836802,229778368,2,0,0.101206794,0.13520409,0.0437583,0.7198308
22994116102,229941161,2,0,0.6447628,0.08041199,0.04858901,0.22623628
22994116103,229941161,3,0,0.1424529,0.11759758,0.04953921,0.69041026
22994892101,229948921,1,0,0.56350565,0.33540648,0.040716328,0.0603715
22997973101,229979731,1,0,0.3958998,0.4093443,0.051318493,0.1434374
22999847003,229998470,3,0,0.017058957,0.115835115,0.04428897,0.8228171
23000379702,230003797,2,0,0.21104966,0.6870559,0.04238433,0.059510194
23001732501,230017325,1,0,0.8735391,0.050163127,0.029313164,0.04698451
23002373403,230023734,3,0,0.87433094,0.05623555,0.028091643,0.041341737
23007098302,230070983,2,0,0.0033100762,0.040598538,0.028902423,0.92718893
23007939903,230079399,3,0,0.104532495,0.07691493,0.037151717,0.7814008
23008837001,230088370,1,0,0.9342738,0.030737793,0.021078955,0.013909404
23009133002,230091330,2,0,0.35009328,0.048784614,0.043865293,0.5572568
23011800102,230118001,2,0,0.18474047,0.05175779,0.05979046,0.7037113
23012952201,230129522,1,0,0.2246906,0.054525573,0.050364852,0.6704189
23037457201,230374572,1,0,0.028555155,0.044335123,0.020898262,0.9062114
23037613603,230376136,3,0,0.005713693,0.15009168,0.027559824,0.81663483
23037750501,230377505,1,0,0.9254117,0.019515987,0.0253706,0.029701734
23037750503,230377505,3,0,0.817289,0.025830943,0.035698786,0.12118137
23038215901,230382159,1,0,0.050379824,0.056509577,0.02864683,0.86446375
23038468604,230384686,4,0,0.077265635,0.036575105,0.040892318,0.8452669
23038628401,230386284,1,0,0.005701415,0.22755586,0.024069883,0.74267274
23038628402,230386284,2,0,0.006845623,0.20978884,0.021747813,0.7616177
23262690504,232626905,4,0,0.1052899,0.034446042,0.050536174,0.80972797
23262907702,232629077,2,0,0.008137938,0.104856275,0.021655807,0.86535007
23263677302,232636773,2,0,0.14293548,0.031994287,0.035376783,0.78969336
23263691302,232636913,2,0,0.016496655,0.008538794,0.032546878,0.9424176
23263737601,232637376,1,0,0.0039043385,0.0743527,0.020699194,0.90104365
23264339201,232643392,1,0,0.37270057,0.3622591,0.04024746,0.22479291
23264339202,232643392,2,0,0.041587252,0.44372725,0.029633064,0.48505247
23267553201,232675532,1,0,0.08503264,0.048567656,0.029593486,0.8368061
23267966201,232679662,1,0,0.7854787,0.13852465,0.03827027,0.037726246
23298255803,232982558,3,0,0.8800509,0.03194626,0.030690016,0.057312906
23300910902,233009109,2,0,0.83420616,0.042352322,0.031254303,0.092187345
23305620703,233056207,3,0,0.022240158,0.012229764,0.018612424,0.9469176
23305898704,233058987,4,0,0.29081357,0.11029915,0.043095235,0.55579203
23307153501,233071535,1,0,0.07874297,0.069240496,0.03180633,0.8202102
23307182203,233071822,3,0,0.7823538,0.043801025,0.041868035,0.13197713
23307630901,233076309,1,0,0.0055420185,0.01882667,0.008832162,0.9667992
23308625804,233086258,4,0,0.00023750562,0.004442668,0.017186739,0.9781331
23308786002,233087860,2,0,0.8729835,0.047763865,0.02893668,0.050316025
23312194801,233121948,1,0,0.5740981,0.33632225,0.04256906,0.047010425
23312194802,233121948,2,0,0.55916625,0.2989836,0.048389707,0.093460396
23315407501,233154075,1,0,0.88813746,0.06575437,0.028217426,0.01789079
23315665202,233156652,2,0,0.1724049,0.04984494,0.046937577,0.73081255
23316107302,233161073,2,0,0.007882675,0.019250723,0.060881738,0.9119848
23319394402,233193944,2,0,0.0025129276,0.033785224,0.022202343,0.94149953
23319505801,233195058,1,0,0.7291293,0.19796872,0.035805963,0.03709598
23319505802,233195058,2,0,0.12013375,0.44119906,0.036302004,0.40236512
23320510204,233205102,4,0,0.65036684,0.031700626,0.031151578,0.28678098
23320630201,233206302,1,0,0.038948867,0.09921562,0.024157427,0.8376781
23320630202,233206302,2,0,0.12852035,0.19779202,0.039175678,0.63451195
23321022501,233210225,1,0,0.0011718422,0.009025263,0.016634388,0.97316843
23353992602,233539926,2,0,0.35521448,0.040865574,0.058964398,0.5449557
23356914101,233569141,1,0,0.9186543,0.04341713,0.025218347,0.012710078
23356914102,233569141,2,0,0.000709312,0.0016302953,0.00536409,0.9922963
23356960401,233569604,1,0,0.049566727,0.020587923,0.02859449,0.90125084
23357688002,233576880,2,0,0.0012298462,0.05203847,0.017500702,0.92923087
23361422401,233614224,1,0,0.0066914717,0.010418106,0.0063248235,0.97656566
23361597101,233615971,1,0,0.012902347,0.0177944,0.0123411175,0.9569621
23368065101,233680651,1,0,0.8636018,0.036570914,0.02808693,0.07174036
23368482201,233684822,1,0,0.8883567,0.03927382,0.026873669,0.04549591
23372027602,233720276,2,0,0.0076600444,0.50810397,0.024250781,0.45998532
23372210801,233722108,1,0,0.0584138,0.12760498,0.030486431,0.7834947
23372539701,233725397,1,0,0.598295,0.16831368,0.05286298,0.18052825
23372539702,233725397,2,0,0.5214649,0.18972827,0.058492124,0.23031472
23372539703,233725397,3,0,0.53711444,0.19048765,0.05818391,0.21421391
23372539704,233725397,4,0,0.53295493,0.19871517,0.055985533,0.21234442
23372539705,233725397,5,0,0.25960955,0.17127058,0.07525803,0.4938619
23373506801,233735068,1,0,0.8495358,0.07668972,0.034169286,0.039605144
23373506802,233735068,2,0,0.0047457954,0.027389646,0.014080946,0.95378363
23567432603,235674326,3,0,0.0642792,0.11454943,0.024294531,0.7968769
23571412603,235714126,3,0,0.0017123125,0.0102399085,0.027827352,0.9602204
23571653903,235716539,3,0,0.00014766552,0.004679476,0.010706852,0.98446596
23590320301,235903203,1,0,0.6038295,0.27925426,0.037591495,0.07932473
23594613101,235946131,1,0,0.08311138,0.031812318,0.054791376,0.83028483
23594657601,235946576,1,0,0.02316305,0.030448737,0.015643599,0.93074465
23595351004,235953510,4,0,0.02903081,0.051387753,0.032022405,0.887559
23597787201,235977872,1,0,0.3948286,1.0194674e-06,6.7864756e-05,0.60510254
23597798601,235977986,1,0,0.13751674,0.42137527,0.040453248,0.4006548
23597798602,235977986,2,0,0.26567054,0.40624428,0.04708686,0.28099832
23597798604,235977986,4,0,0.30473033,0.0284098,0.03956136,0.62729853
23598799904,235987999,4,0,0.0006530132,0.0046445946,0.012064119,0.98263824
23599640101,235996401,1,0,0.8801549,0.064705655,0.026622454,0.028516944
23599640102,235996401,2,0,0.0075316015,0.16492516,0.020055387,0.8074879
23600119102,236001191,2,0,0.0004913028,0.006030836,0.009792085,0.9836858
23676144701,236761447,1,0,0.11539934,0.05879295,0.04288852,0.7829192
23677675003,236776750,3,0,0.0002089582,0.004105862,0.009089282,0.98659605
23686391902,236863919,2,0,0.53467727,0.09685576,0.043700762,0.32476628
23693527701,236935277,1,0,0.045288984,0.07305907,0.02562949,0.8560225
23696932001,236969320,1,0,0.0068788715,0.07448805,0.013884138,0.9047489
23698427801,236984278,1,0,0.01921694,0.061758157,0.023687763,0.89533716
23711605102,237116051,2,0,0.18978675,0.68859446,0.040616207,0.08100258
23711687001,237116870,1,0,0.34650669,0.44714302,0.04529773,0.16105255
23711687002,237116870,2,0,0.003150804,0.06854866,0.016677642,0.9116228
23711751201,237117512,1,0,0.714145,0.106750205,0.03526904,0.14383572
23711759101,237117591,1,0,0.8303301,0.117175095,0.03485945,0.017635362
23711759102,237117591,2,0,0.0091876015,0.066731974,0.023808677,0.9002717
23715601005,237156010,5,0,0.0029451142,0.011786193,0.012073274,0.9731955
23720327103,237203271,3,0,0.0019408354,0.008967133,0.04215236,0.94693965
23720396902,237203969,2,0,0.46822667,0.05689174,0.051260363,0.4236214
23720514101,237205141,1,0,0.5738475,0.15697327,0.040641364,0.22853787
23720622304,237206223,4,0,0.0007576012,0.0093853185,0.0139871575,0.97586983
23721733401,237217334,1,0,0.29853094,0.28894916,0.039230023,0.3732899
23721852403,237218524,3,0,0.2547447,0.10199065,0.039702117,0.60356253
23722286401,237222864,1,0,0.9232642,0.02581195,0.02177181,0.029151931
23723204401,237232044,1,0,0.8837477,0.031191906,0.029263023,0.055797298
23723531601,237235316,1,0,0.61307836,0.07243881,0.042046398,0.27243647
23723616801,237236168,1,0,0.65352875,0.24427797,0.036021378,0.06617174
23727897505,237278975,5,0,0.0002817972,0.003915926,0.012814303,0.982988
23728020301,237280203,1,0,0.20758572,0.5434315,0.039766416,0.20921639
23728020302,237280203,2,0,0.10245451,0.68616277,0.036807388,0.17457531
23728020304,237280203,4,0,0.015787372,0.06868775,0.024513425,0.8910114
23730203201,237302032,1,0,0.4153272,0.10878172,0.042699102,0.43319196
23882721802,238827218,2,0,0.27470022,0.08010951,0.055651102,0.5895392
23882883402,238828834,2,0,0.15842985,0.13253923,0.032749478,0.67628145
23890855002,238908550,2,0,0.052062273,0.65361917,0.03159505,0.26272342
23894318504,238943185,4,0,0.6393985,0.057097033,0.046833817,0.2566706
23894487604,238944876,4,0,0.00015580923,0.0051025874,0.009832034,0.9849096
23895732401,238957324,1,0,0.1478721,0.7290289,0.037348848,0.085750155
23895732402,238957324,2,0,0.09289687,0.3964147,0.032967355,0.47772104
23897449301,238974493,1,0,0.05709013,0.5245428,0.040007137,0.3783599
23897449302,238974493,2,0,0.029756034,0.4899105,0.037583236,0.4427503
23897449303,238974493,3,0,0.05360504,0.3946985,0.040741906,0.5109546
23897449305,238974493,5,0,0.012929036,0.058270637,0.02567552,0.9031248
23897827903,238978279,3,0,0.050973076,0.056868955,0.035737745,0.8564202
23901074901,239010749,1,0,0.3322577,0.37768573,0.048890986,0.24116565
23901487701,239014877,1,0,0.83947116,0.08880357,0.027857108,0.04386814
23901832309,239018323,9,0,0.0009990513,0.0050487574,0.020200314,0.97375196
23902173902,239021739,2,0,0.07562785,0.22873177,0.033836197,0.66180414
23965758402,239657584,2,0,0.39652717,0.06017931,0.05718704,0.48610651
23966111702,239661117,2,0,0.00037388236,0.008108584,0.013767553,0.97775
23966111703,239661117,3,0,0.0003576943,0.008177408,0.014054781,0.9774102
23966482701,239664827,1,0,0.41702107,0.46575406,0.041926112,0.075298674
23966482702,239664827,2,0,0.04714103,0.5119646,0.029479522,0.4114149
23967458302,239674583,2,0,0.10332546,0.18566652,0.039727308,0.67128074
23970191801,239701918,1,0,0.24611902,0.116545476,0.041415628,0.59591985
23970251304,239702513,4,0,0.0011012645,0.0069202385,0.011061995,0.98091656
23971018801,239710188,1,0,0.08377772,0.13084042,0.031998076,0.7533838
23971581401,239715814,1,0,0.7431507,0.16981512,0.03965351,0.047380574
23972109204,239721092,4,0,0.00024765803,0.0031641119,0.016048418,0.9805398
24325912403,243259124,3,0,0.0076028462,0.023215512,0.026890263,0.9422914
24327611103,243276111,3,0,0.00049379445,0.008752073,0.008262355,0.98249173
24328136204,243281362,4,0,0.00028143023,0.005385344,0.019364469,0.9749688
24331541201,243315412,1,0,0.00058720703,0.005024756,0.02398576,0.9704023
24539491906,245394919,6,0,0.29581743,0.054267533,0.061467517,0.5884475
24539697102,245396971,2,0,0.084954,0.07969114,0.034065608,0.8012892
24541729202,245417292,2,0,0.15718114,0.24803448,0.03821135,0.5565731
24542065905,245420659,5,0,0.14695847,0.1452342,0.0380513,0.66975605
24546748503,245467485,3,0,0.14912125,0.18865924,0.032988355,0.6292312
24547040804,245470408,4,0,0.41647395,0.10551973,0.04356922,0.4344371
24547419303,245474193,3,0,0.54175645,0.186857,0.046270788,0.22511575
24548071502,245480715,2,0,0.7819753,0.078129195,0.04519472,0.09470072
24553426201,245534262,1,0,0.048023175,0.08589424,0.023486294,0.8425963
24555219701,245552197,1,0,0.41958973,0.14790758,0.0636769,0.3688258
24555325102,245553251,2,0,0.19495372,0.11370341,0.0559331,0.6354098
24555325103,245553251,3,0,0.365081,0.107775494,0.06276118,0.4643824
24555325104,245553251,4,0,0.6259544,0.079770446,0.05223312,0.24204199
24558733902,245587339,2,0,0.43640563,0.28731218,0.0357639,0.24051824
24558733903,245587339,3,0,0.14350544,0.0951528,0.03097282,0.73036885
24562066702,245620667,2,0,0.061100826,0.041603457,0.07689567,0.82040006
24569703001,245697030,1,0,0.78066576,0.085806616,0.04863513,0.084892415
24570224103,245702241,3,0,0.30405992,0.084367834,0.03953568,0.5720366
24571272301,245712723,1,0,0.01432463,0.9368663,0.0122086955,0.03660051
24571272302,245712723,2,0,0.038335245,0.4419228,0.041942563,0.47779945
24574760702,245747607,2,0,0.3314463,0.05771111,0.05400386,0.5568387
24575047303,245750473,3,0,0.60566574,0.09536469,0.046071455,0.25289807
24575701402,245757014,2,0,0.7381796,0.07643331,0.042941704,0.1424454
25105362001,251053620,1,0,0.2823928,0.17412682,0.033901345,0.509579
25110475703,251104757,3,0,0.039452497,0.04592677,0.030651504,0.88396925
25112343501,251123435,1,0,0.11535903,0.13914071,0.039554063,0.70594627
25112941102,251129411,2,0,0.27028137,0.19033311,0.04688596,0.4924995
25114485801,251144858,1,0,0.14151005,0.12288435,0.03683501,0.6987706
25116838502,251168385,2,0,0.40794727,0.12213183,0.06108486,0.40883598
25122648401,251226484,1,0,0.31470335,0.1730063,0.034445327,0.4778451
25124703101,251247031,1,0,0.10586315,0.26465553,0.031185666,0.5982957
25125015207,251250152,7,0,0.001471987,0.010275047,0.018997677,0.9692553
25127662501,251276625,1,0,0.038086444,0.8358083,0.028966758,0.097138636
25127662502,251276625,2,0,0.018992998,0.79725325,0.024412401,0.15934134
25129715502,251297155,2,0,0.021429352,0.16767374,0.028286286,0.7826106
25130540901,251305409,1,0,0.465355,0.07222792,0.04573729,0.41667974
25136006902,251360069,2,0,0.30416918,0.16430925,0.10622277,0.4252988
25138427501,251384275,1,0,0.19617714,0.22589462,0.030071745,0.5478564
25138486901,251384869,1,0,0.503415,0.35682768,0.04109149,0.09866591
25138671404,251386714,4,0,0.08054219,0.02831921,0.03359533,0.85754323
25140328401,251403284,1,0,0.12921274,0.25613418,0.028932374,0.5857207
25140812801,251408128,1,0,0.44795865,0.14214171,0.045956917,0.3639428
25140812802,251408128,2,0,0.115598254,0.16492525,0.036967997,0.68250847
25140812804,251408128,4,0,0.05068475,0.08850708,0.035899464,0.8249087
25143050002,251430500,2,0,0.018691534,0.13262185,0.025187654,0.823499
25143050003,251430500,3,0,0.06060258,0.19718525,0.032470565,0.70974165
25143462905,251434629,5,0,0.07803551,0.21778911,0.035261557,0.6689139
25145899601,251458996,1,0,0.37724233,0.11533824,0.055655733,0.45176366
25146923701,251469237,1,0,0.40666604,0.059909254,0.06432815,0.46909648
25149624003,251496240,3,0,0.07798429,0.07961821,0.02502533,0.8173722
25149691101,251496911,1,0,0.5769615,0.26755086,0.037068088,0.11841953
25151524301,251515243,1,0,0.64387804,0.14247721,0.04322747,0.17041714
25152004804,251520048,4,0,0.66073793,0.13673739,0.049112946,0.15341176
25153811801,251538118,1,0,0.3596228,0.047881633,0.05021959,0.5422759
25153811803,251538118,3,0,0.123088725,0.040732358,0.03681055,0.7993683
25153992202,251539922,2,0,0.6610424,0.10063508,0.038065944,0.20025662
25159551901,251595519,1,0,0.43613166,0.20219202,0.038926005,0.32275033
25161907302,251619073,2,0,0.26407486,0.595083,0.040882483,0.099959664
25161907303,251619073,3,0,0.290158,0.54072404,0.043121554,0.12599646
25165244801,251652448,1,0,0.5117417,0.3776638,0.04733468,0.06325983
25165806401,251658064,1,0,0.21489736,0.35291642,0.041522793,0.3906635
25171017303,251710173,3,0,0.0041612308,0.029498119,0.020381343,0.9459593
25172563901,251725639,1,0,0.55702853,0.12949412,0.041716665,0.27176064
25175805001,251758050,1,0,0.17809366,0.086790375,0.05944302,0.67567295
25176666301,251766663,1,0,0.80131996,0.089884005,0.033203274,0.075592645
25178811501,251788115,1,0,0.36720854,0.20020455,0.04263722,0.38994974
25178920301,251789203,1,0,0.19345647,0.4569759,0.050635327,0.29893225
25178920302,251789203,2,0,0.5078759,0.31899258,0.04909492,0.12403656
25179163101,251791631,1,0,0.47141474,0.08521357,0.05123954,0.3921321
40287661602,402876616,2,0,0.01557484,0.016428651,0.0665664,0.90143013
40289399101,402893991,1,0,0.041621502,0.16096023,0.022112075,0.77530617
40289825002,402898250,2,0,0.51898,0.036981337,0.07602907,0.36800948
40293537502,402935375,2,0,0.029973628,0.028440917,0.027473677,0.9141118
40311391901,403113919,1,0,0.02931899,0.1422104,0.025820704,0.8026498
40311393501,403113935,1,0,0.7840049,0.114764765,0.037692595,0.0635377
40311393502,403113935,2,0,0.0038681407,0.022490233,0.014291555,0.9593501
40311423503,403114235,3,0,0.41380438,0.07356075,0.054834828,0.45779997
40333288908,403332889,8,0,0.011854517,0.014756119,0.024808131,0.9485812
40368134904,403681349,4,0,0.2450329,0.13663235,0.03653839,0.5817963
40368289704,403682897,4,0,0.03192397,0.061253328,0.03278144,0.8740413
40374097901,403740979,1,0,0.2987007,0.12263106,0.050121117,0.5285471
40383106502,403831065,2,0,0.47719154,0.051601198,0.050142303,0.4210648
40383415001,403834150,1,0,0.64928347,0.23691556,0.036096595,0.07770431
40394158303,403941583,3,0,0.01223047,0.01427659,0.029556513,0.9439364
40394812601,403948126,1,0,0.18276305,0.22472356,0.035821717,0.55669165
40399958807,403999588,7,0,0.00060386624,0.0045458814,0.019843083,0.97500724
40400126501,404001265,1,0,0.51194024,0.18495055,0.045490395,0.25761873
40653567803,406535678,3,0,5.7814566e-05,0.0031252278,0.011435353,0.98538166
40663169601,406631696,1,0,0.7544925,0.16219118,0.03788696,0.045429427
40663444402,406634444,2,0,0.16303688,0.6955854,0.045530982,0.09584666
40667751602,406677516,2,0,0.22214776,0.17412952,0.050405554,0.5533171
40667770407,406677704,7,0,0.00012201544,0.0027384534,0.0098101655,0.9873294
40667872702,406678727,2,0,0.5608165,0.27978137,0.03750424,0.12189784
40667872703,406678727,3,0,0.17987579,0.40999466,0.034487285,0.37564227
40668136001,406681360,1,0,0.90008014,0.05497493,0.028102456,0.016842367
40668136002,406681360,2,0,0.45343164,0.35341075,0.0459953,0.14716226
40668136003,406681360,3,0,0.006290975,0.017887417,0.028464803,0.9473568
40668284001,406682840,1,0,0.14043353,0.3481714,0.044560257,0.46683487
40712093602,407120936,2,0,0.017421272,0.13259748,0.026067592,0.8239137
40712093606,407120936,6,0,0.027458427,0.086116925,0.021711463,0.86471313
40715280802,407152808,2,0,0.22439381,0.64160043,0.04224052,0.09176527
40721004804,407210048,4,0,0.31422797,0.08000593,0.06116753,0.5445985
40734619601,407346196,1,0,0.6049272,0.042827148,0.0676356,0.2846101
40734748401,407347484,1,0,0.07733511,0.043012086,0.03938482,0.840268
40734748402,407347484,2,0,0.07947164,0.0612778,0.038300492,0.82095003
40739150404,407391504,4,0,0.37508097,0.07759911,0.05224966,0.49507034
40739474801,407394748,1,0,0.6295273,0.22317144,0.0379603,0.10934107
40742205501,407422055,1,0,0.15077917,0.21278784,0.028171584,0.60826135
40793362601,407933626,1,0,0.20998648,0.14722742,0.04551562,0.59727055
40819480103,408194801,3,0,0.00044790105,0.0051923725,0.009267623,0.9850921
40827946102,408279461,2,0,0.08314201,0.025772473,0.040581744,0.8505038
40828505701,408285057,1,0,0.26517287,0.18829343,0.039539408,0.50699425
40830481901,408304819,1,0,0.12024228,0.29153684,0.02666448,0.56155634
40834229402,408342294,2,0,0.0005245537,0.009552191,0.008939457,0.9809838
40834545502,408345455,2,0,0.78351444,0.03951909,0.03684197,0.14012447
40842839804,408428398,4,0,0.008245604,0.05325584,0.018317327,0.9201813
40843268801,408432688,1,0,0.6188401,0.2208784,0.039063603,0.12121783
40852021002,408520210,2,0,0.025432289,0.03968021,0.024517098,0.91037035
40854930501,408549305,1,0,0.16780429,0.05750408,0.045430195,0.72926146
40858181402,408581814,2,0,0.6218387,0.038559314,0.04548748,0.2941145
40861899901,408618999,1,0,0.89274454,0.040108174,0.023980768,0.043166354
40866094302,408660943,2,0,0.99999994,3.4989661e-31,7.4828015e-38,3.91257e-27
40888734004,408887340,4,0,0.00012165643,0.002829834,0.009146269,0.9879022
40893919101,408939191,1,0,0.84579915,0.09047182,0.031022264,0.032706816
40899087801,408990878,1,0,0.75121146,0.05516041,0.042676117,0.1509519
40899555501,408995555,1,0,0.1939022,0.25724122,0.03599968,0.5128569
40899951801,408999518,1,0,0.10640298,0.063435264,0.043101948,0.78705984
40900357801,409003578,1,0,0.15666753,0.24892254,0.037026662,0.5573833
40904510203,409045102,3,0,0.19792715,0.3475798,0.07446706,0.38002604
40905144002,409051440,2,0,0.35836732,0.3026238,0.0462194,0.2927895
40905526901,409055269,1,0,0.022387128,0.8485126,0.023699159,0.10540111
40905526902,409055269,2,0,0.0045393687,0.28334233,0.032734364,0.679384
40905532701,409055327,1,0,0.03400329,0.8719931,0.02305149,0.07095211
40905532702,409055327,2,0,0.005685363,0.64431715,0.027395872,0.32260162
40910455203,409104552,3,0,0.00064930087,0.007177298,0.016590098,0.9755834
40910497401,409104974,1,0,0.2581795,0.11518195,0.044137537,0.58250105
40918333501,409183335,1,0,0.76400536,0.15217723,0.03765585,0.046161514
40918465903,409184659,3,0,0.03904902,0.20753887,0.034808178,0.71860385
40918465904,409184659,4,0,0.018917944,0.10872358,0.026608866,0.8457496
40918465905,409184659,5,0,0.022680452,0.10803025,0.026961388,0.8423279
40918602501,409186025,1,0,0.7592168,0.17303617,0.036034912,0.031712107
40918602509,409186025,9,0,0.00017485682,0.003063679,0.009197021,0.9875644
40955168102,409551681,2,0,0.00081802707,0.0057739425,0.012989352,0.9804186
40961223402,409612234,2,0,0.12836234,0.08475902,0.046900585,0.7399781
40961226903,409612269,3,0,0.050223026,0.042543795,0.040811755,0.8664214
40961448101,409614481,1,0,0.018580137,0.043961015,0.025675902,0.9117829
40961472101,409614721,1,0,0.70863134,0.22036862,0.041704684,0.029295385
40961472102,409614721,2,0,0.42956513,0.4330588,0.043750755,0.093625374
40972121101,409721211,1,0,0.037041876,0.6058167,0.03938864,0.3177526
40972121102,409721211,2,0,0.035122465,0.61145526,0.038666386,0.31475583
40972121103,409721211,3,0,0.00038172308,0.010693454,0.014665479,0.97425944
40972121104,409721211,4,0,0.00027050846,0.008798237,0.014589999,0.9763413
40972381001,409723810,1,0,0.36282784,0.15227826,0.039278537,0.44561526
40972669802,409726698,2,0,0.03155546,0.038144004,0.024168687,0.9061318
40972669804,409726698,4,0,0.007485632,0.022468045,0.015751548,0.95429474
40972676301,409726763,1,0,0.0061342996,0.057647254,0.019450922,0.9167675
40972676302,409726763,2,0,0.0012136381,0.023136776,0.015000807,0.96064883
40972676303,409726763,3,0,0.16050804,0.16641556,0.030292727,0.6427837
40980994301,409809943,1,0,0.081904665,0.10245115,0.03757923,0.77806497
40990912907,409909129,7,0,7.236962e-05,0.00177534,0.0068803146,0.9912719
40991069001,409910690,1,0,0.58443254,0.21130314,0.03842334,0.16584103
40998285601,409982856,1,0,0.72498727,0.16116066,0.03928573,0.07456638
40998285602,409982856,2,0,0.8370682,0.07631613,0.037052818,0.049562745
40998703501,409987035,1,0,0.3344202,0.54616004,0.043034345,0.076385304
41019230103,410192301,3,0,0.0027029698,0.031174164,0.015399317,0.95072347
41019657902,410196579,2,0,0.055412997,0.06328811,0.038915753,0.84238315
41020277201,410202772,1,0,0.75713867,0.06274416,0.03953052,0.14058664
41037638005,410376380,5,0,0.016222617,0.025778694,0.030435089,0.9275636
41070841001,410708410,1,0,0.029514838,0.040691823,0.040733535,0.8890597
41070904201,410709042,1,0,0.07750887,0.21709251,0.028229065,0.67716956
41074113101,410741131,1,0,0.45677078,0.11628228,0.056613702,0.37033325
41080649601,410806496,1,0,0.31301606,0.16959515,0.038693327,0.47869548
41080700501,410807005,1,0,0.6692527,0.038214743,0.04676825,0.2457643
41489182204,414891822,4,0,0.00021809027,0.0031078348,0.013509447,0.9831646
41489584401,414895844,1,0,0.30091637,0.34853896,0.04967614,0.30086857
41489773101,414897731,1,0,0.46415246,0.35096276,0.047596816,0.13728796
41489773102,414897731,2,0,0.008558053,0.1209453,0.029340649,0.84115595
41489807701,414898077,1,0,0.7903634,0.1190485,0.030554948,0.060033288
41491513402,414915134,2,0,0.044547938,0.05305885,0.031944927,0.87044835
41491533504,414915335,4,0,0.12908909,0.082771376,0.035383336,0.7527563
41491927502,414919275,2,0,0.5514192,0.12849087,0.03729279,0.28279713
41608983802,416089838,2,0,0.0044838325,0.022251902,0.043760065,0.92950416
41608987202,416089872,2,0,0.0012814627,0.03342993,0.019447438,0.9458412
41610834303,416108343,3,0,0.19119018,0.09047136,0.04176412,0.6765743
41611312802,416113128,2,0,0.00058576866,0.021493707,0.015490603,0.9624299
41627365801,416273658,1,0,0.18742605,0.09773437,0.044161573,0.670678
41627602702,416276027,2,0,0.14103639,0.05960606,0.041508786,0.75784874
41627735101,416277351,1,0,0.7626446,0.15025526,0.037140034,0.049960174
41627735102,416277351,2,0,0.03545576,0.31588328,0.026814252,0.6218468
41627735301,416277353,1,0,0.7841952,0.14226542,0.035214677,0.03832474
41627735302,416277353,2,0,0.7785205,0.13149363,0.033581156,0.056404658
41634677802,416346778,2,0,0.12432402,0.12273047,0.03892637,0.7140191
41635106601,416351066,1,0,0.052982625,0.16313577,0.02325608,0.76062554
41635106602,416351066,2,0,0.0145165045,0.10185562,0.020405341,0.86322254
41723224804,417232248,4,0,0.00013562746,0.0039311443,0.012869546,0.9830637
41741550001,417415500,1,0,0.6156507,0.06928061,0.044836592,0.27023208
41741824901,417418249,1,0,0.29258475,0.053134825,0.047603138,0.6066773
41742015802,417420158,2,0,0.13782275,0.10582458,0.03356962,0.722783
41745437704,417454377,4,0,0.0052684494,0.01071292,0.027269036,0.95674956
41748349603,417483496,3,0,0.10456799,0.062492374,0.041096374,0.7918433
41755242503,417552425,3,0,0.24934486,0.058035776,0.049077045,0.64354235
41755815801,417558158,1,0,0.36939156,0.46129137,0.041353013,0.12796398
210086502,2100865,2,0,0.440983,0.050800033,0.053944737,0.45427227
210469602,2104696,2,0,0.24442814,0.21518059,0.045701984,0.49468914
210506702,2105067,2,0,0.011324852,0.40260875,0.029062444,0.5570039
210511901,2105119,1,0,0.508021,0.3545347,0.04177216,0.095672235
210631301,2106313,1,0,0.2440187,0.59438145,0.047025878,0.114573985
210631302,2106313,2,0,0.673409,0.20076196,0.03937225,0.0864567
214848708,2148487,8,0,0.0004328898,0.0047329054,0.015096549,0.97973764
223061401,2230614,1,0,0.66378665,0.13203244,0.04905009,0.15513076
223100101,2231001,1,0,0.6837778,0.2320955,0.036939245,0.047187418
223100102,2231001,2,0,0.6854134,0.1906919,0.038529806,0.08536481
223298401,2232984,1,0,0.68706095,0.16661486,0.042569995,0.103754275
223472301,2234723,1,0,0.3231163,0.2996629,0.072179064,0.30504185
233314802,2333148,2,0,0.017725682,0.118228786,0.028263468,0.8357822
233314803,2333148,3,0,0.02288262,0.167877,0.036540143,0.7727003
233388301,2333883,1,0,0.20587629,0.3888909,0.0337022,0.37153074
243133801,2431338,1,0,0.16101852,0.26242217,0.04945592,0.52710336
243133802,2431338,2,0,0.17390247,0.22974269,0.046637595,0.5497172
243350003,2433500,3,0,0.0007933967,0.00598028,0.010101035,0.9831253
243389703,2433897,3,0,0.12869143,0.043577764,0.05250581,0.77522504
243881703,2438817,3,0,0.004588308,0.049796123,0.019238286,0.92637724
250754702,2507547,2,0,0.4844693,0.073079936,0.05146234,0.39098844
267975201,2679752,1,0,0.86665875,0.06266025,0.027959283,0.042721752
268548101,2685481,1,0,0.85065144,0.034652848,0.03366603,0.081029594
268838401,2688384,1,0,0.72509587,0.20788871,0.03616833,0.030847166
268838402,2688384,2,0,0.3805722,0.44627303,0.038898945,0.13425587
277817701,2778177,1,0,0.084021114,0.82380736,0.03114586,0.061025627
285246901,2852469,1,0,0.18883005,0.06355538,0.06857429,0.67904025
285635501,2856355,1,0,0.19843931,0.17298043,0.030212495,0.59836775
293883102,2938831,2,0,0.0007615373,0.01563903,0.013087424,0.970512
294074003,2940740,3,0,0.00011894439,0.0048743784,0.012446871,0.98255974
294074004,2940740,4,0,0.00020448814,0.0063005676,0.012973946,0.980521
302232901,3022329,1,0,0.70369667,0.15146196,0.034249336,0.11059195
303032201,3030322,1,0,0.73867387,0.044159412,0.04413697,0.17302975
303326101,3033261,1,0,0.38477758,0.096194424,0.053644773,0.4653832
303326102,3033261,2,0,0.64154863,0.081239164,0.05337056,0.22384155
303326103,3033261,3,0,0.18020311,0.064287856,0.057066772,0.6984423
303326104,3033261,4,0,0.18768424,0.07704796,0.05920423,0.67606354
303500001,3035000,1,0,0.6180759,0.28723106,0.040435463,0.054257687
303500002,3035000,2,0,0.407911,0.42128274,0.041505344,0.12930106
310286501,3102865,1,0,0.5244381,0.16413523,0.043691378,0.2677354
310286502,3102865,2,0,0.041615054,0.20836514,0.026951255,0.7230685
310286503,3102865,3,0,0.3809151,0.10979296,0.04136314,0.4679289
310445901,3104459,1,0,0.34737504,0.39623222,0.040425494,0.21596725
310879804,3108798,4,0,0.00020376091,0.0037766893,0.01311006,0.98290956
322414603,3224146,3,0,0.00047280572,0.00972324,0.007856492,0.98194736
331056701,3310567,1,0,0.4257006,0.12446479,0.050349627,0.39948502
331188801,3311888,1,0,0.010027818,0.6107673,0.019151347,0.3600535
331940601,3319406,1,0,0.10222874,0.31693935,0.02807028,0.5527617
354205302,3542053,2,0,0.1254262,0.038495664,0.07152617,0.7645519
354296605,3542966,5,0,0.005401634,0.022215003,0.020367969,0.95201546
830656102,8306561,2,0,0.15635481,0.093472615,0.04423121,0.7059414
840084201,8400842,1,0,0.94307816,0.02830608,0.020096295,0.008519586
840715501,8407155,1,0,0.10140898,0.12314772,0.0316874,0.7437559
840821701,8408217,1,0,0.6626896,0.14014961,0.0354522,0.1617085
848527201,8485272,1,0,0.34262493,0.34299955,0.03648792,0.2778877
849589904,8495899,4,0,0.00010716549,0.0033435286,0.009974059,0.9865753
857493201,8574932,1,0,0.09360857,0.17026974,0.028055174,0.70806646
860878201,8608782,1,0,0.6974877,0.06598991,0.049173612,0.18734866
861143901,8611439,1,0,0.2966609,0.5766144,0.04219986,0.08452488
861143902,8611439,2,0,0.40710312,0.4193237,0.048785605,0.12478759
869982501,8699825,1,0,0.5398051,0.050640393,0.04405034,0.36550415
877247401,8772474,1,0,0.2586957,0.42482996,0.041186053,0.27528816
888845001,8888450,1,0,0.2840198,0.06261179,0.057029128,0.5963393
913488201,9134882,1,0,0.751089,0.09808348,0.03453192,0.11629569
913488601,9134886,1,0,0.73212814,0.14225854,0.03577666,0.08983662
913488602,9134886,2,0,0.039363537,0.12971434,0.031574674,0.79934746
913911602,9139116,2,0,0.0021473148,0.031149201,0.014044927,0.9526585
928012301,9280123,1,0,0.22773594,0.20980391,0.05350725,0.508953
928012302,9280123,2,0,0.17597432,0.22025,0.05281114,0.55096453
928377002,9283770,2,0,0.02765869,0.106318764,0.029563319,0.8364591
937210001,9372100,1,0,0.5708077,0.17435461,0.063126385,0.19171129
944631001,9446310,1,0,0.061387453,0.17492808,0.026658043,0.73702645
948691710,9486917,10,0,0.00029376673,0.0047928947,0.012287984,0.98262537
957386401,9573864,1,0,0.07775373,0.09717229,0.031854797,0.7932191
957487501,9574875,1,0,0.466259,0.13043313,0.05893483,0.344373
957689808,9576898,8,0,0.0004716007,0.0033680438,0.01504163,0.9811186
965888703,9658887,3,0,0.0017835419,0.023409469,0.02551894,0.949288
974781501,9747815,1,0,0.040495194,0.09830406,0.028309705,0.83289105
975097201,9750972,1,0,0.028383402,0.05929642,0.02544024,0.88687986
983026602,9830266,2,0,0.48412123,0.29502037,0.041806407,0.17905194
983497501,9834975,1,0,0.7977033,0.12690207,0.03469998,0.040694565
983786101,9837861,1,0,0.5143735,0.15324949,0.03608412,0.29629296
988969501,9889695,1,0,0.041031633,0.0690953,0.026858822,0.8630143
989008001,9890080,1,0,0.44455004,0.30546522,0.040889278,0.2090954
989010801,9890108,1,0,0.22108431,0.36661178,0.03539797,0.37690595
995145101,9951451,1,0,0.15203921,0.086516656,0.039963312,0.7214808
1001648401,10016484,1,0,0.19112012,0.11453207,0.052446794,0.64190096
1001666701,10016667,1,0,0.045170516,0.087445416,0.028715124,0.83866894
1001878409,10018784,9,0,0.010367851,0.016478337,0.050256573,0.9228972
1034944503,10349445,3,0,0.0027365023,0.03867455,0.017484918,0.94110394
1035284603,10352846,3,0,0.27045292,0.05413052,0.061583083,0.6138334
1035414501,10354145,1,0,0.5228326,0.27184665,0.03795103,0.16736977
1043249605,10432496,5,0,0.052551787,0.12535577,0.029428178,0.79266423
1043249606,10432496,6,0,0.010336771,0.09377854,0.019736832,0.8761479
1070635303,10706353,3,0,0.37765872,0.24118492,0.03524928,0.34590718
1071099203,10710992,3,0,0.48303384,0.26576525,0.03768847,0.2135125
1078879102,10788791,2,0,0.6912389,0.06977379,0.045563795,0.19342346
1079208101,10792081,1,0,0.86389405,0.053176608,0.027151348,0.055777855
1079208104,10792081,4,0,0.82848674,0.032529764,0.03826816,0.10071537
1097212604,10972126,4,0,0.0005212969,0.0068436717,0.018973479,0.97366154
1097680203,10976802,3,0,0.091400094,0.08760163,0.030676454,0.79032177
1106656705,11066567,5,0,0.00012886942,0.004560742,0.007813489,0.9874968
1124446002,11244460,2,0,0.04934185,0.07154436,0.038551886,0.8405619
1125363801,11253638,1,0,0.20634764,0.19811495,0.039362606,0.55617476
1133807601,11338076,1,0,0.55512124,0.33987665,0.041161757,0.063840374
1133807602,11338076,2,0,0.030359806,0.2666755,0.03480686,0.6681579
1133807604,11338076,4,0,0.013681091,0.06440522,0.018853465,0.9030602
1199633401,11996334,1,0,0.18779701,0.567253,0.034940444,0.2100095
1200006401,12000064,1,0,0.20707557,0.35613978,0.034822,0.4019626
1210223504,12102235,4,0,0.0020323172,0.018169828,0.022089692,0.9577082
1210223505,12102235,5,0,0.0016760484,0.01124571,0.024695467,0.96238285
1222590901,12225909,1,0,0.37327603,0.0991745,0.050031893,0.4775176
1232631202,12326312,2,0,0.4327155,0.044851996,0.05020288,0.47222957
1239981101,12399811,1,0,0.75589484,0.17345685,0.034322493,0.036325872
1239981102,12399811,2,0,0.10012074,0.29762748,0.03769072,0.5645611
1248353102,12483531,2,0,0.78237605,0.09963964,0.033134695,0.08484969
1255135401,12551354,1,0,0.6927312,0.22480284,0.04094888,0.041517183
1255135402,12551354,2,0,0.7084026,0.19484837,0.039004076,0.057744954
1264819701,12648197,1,0,0.60103995,0.29168865,0.04228072,0.064990595
1264819702,12648197,2,0,0.37697473,0.42699873,0.04567472,0.15035184
1273361301,12733613,1,0,0.058173597,0.2963614,0.02517585,0.6202891
1273517301,12735173,1,0,0.033584632,0.82225865,0.029158995,0.11499779
1273517302,12735173,2,0,0.0013130835,0.03528388,0.015980095,0.9474229
1274055903,12740559,3,0,0.6715099,0.14695868,0.051634755,0.12989679
1289931901,12899319,1,0,0.459911,0.060713492,0.046247784,0.43312773
1298140106,12981401,6,0,0.0006640205,0.0056357295,0.014444139,0.97925615
1307832102,13078321,2,0,0.0139008025,0.021533588,0.05338417,0.91118145
1326061102,13260611,2,0,0.02720356,0.027749192,0.024046104,0.9210011
1326480902,13264809,2,0,0.025585636,0.113306,0.03048925,0.8306191
1335194101,13351941,1,0,0.05061374,0.87165207,0.023069678,0.054664414
1335194102,13351941,2,0,0.0033864144,0.030057421,0.01434504,0.95221114
1335372501,13353725,1,0,0.11144694,0.1305129,0.035846885,0.7221932
26030031601,260300316,1,0,0.6964895,0.031839356,0.05978332,0.21188772
26036363001,260363630,1,0,0.2338764,0.15118416,0.03760675,0.5773326
26037647702,260376477,2,0,0.0014788993,0.010395021,0.0250327,0.96309334
26038043102,260380431,2,0,0.007985244,0.026327172,0.028480193,0.9372074
26038626701,260386267,1,0,0.15316787,0.09373285,0.034357782,0.71874154
26048184301,260481843,1,0,0.14234214,0.11142031,0.05029548,0.6959421
26069047703,260690477,3,0,0.17861053,0.08045251,0.054735996,0.6862009
26069811503,260698115,3,0,0.004776455,0.012974919,0.020183358,0.9620653
26078938801,260789388,1,0,0.78655845,0.14967476,0.03280879,0.030958004
26078938802,260789388,2,0,0.014882509,0.38947356,0.022976847,0.57266706
26078941301,260789413,1,0,0.6785065,0.21450257,0.04168922,0.065301694
26085871103,260858711,3,0,1.7734212e-22,5.3137832e-21,3.7609634e-25,0.99999994
26114258506,261142585,6,0,0.11111332,0.08346076,0.031777304,0.77364856
26124814704,261248147,4,0,0.0023761059,0.009792734,0.024634106,0.963197
26161935701,261619357,1,0,0.0916416,0.086657785,0.04242359,0.77927697
26162016402,261620164,2,0,0.17412265,0.73399,0.03864925,0.053237937
26162016403,261620164,3,0,0.006004126,0.20957454,0.03516873,0.7492525
26162016405,261620164,5,0,0.008864765,0.20346229,0.03910353,0.7485694
26171455201,261714552,1,0,0.34079158,0.13451526,0.06864812,0.45604503
26171672501,261716725,1,0,0.37288263,0.37517458,0.039634574,0.21230821
26181081701,261810817,1,0,0.4693617,0.36329898,0.043985687,0.12335354
26182111404,261821114,4,0,0.008858946,0.013135917,0.05823197,0.91977316
26182229102,261822291,2,0,0.06624944,0.04642968,0.03366805,0.85365295
26200888402,262008884,2,0,0.5423539,0.10822402,0.06859081,0.28083125
26209846201,262098462,1,0,0.012001558,0.553795,0.03947569,0.39472774
26209846202,262098462,2,0,0.009816593,0.3096895,0.037117127,0.64337665
26209846203,262098462,3,0,0.008289093,0.28311822,0.03548853,0.67310405
26209846204,262098462,4,0,0.002104317,0.09165606,0.023661412,0.88257825
26209846205,262098462,5,0,0.0022811568,0.09953622,0.023618972,0.87456363
26209846206,262098462,6,0,0.0019710683,0.112321764,0.024087334,0.8616198
26210280701,262102807,1,0,0.34658208,0.28499156,0.03920774,0.32921854
26210280702,262102807,2,0,0.24024498,0.12079283,0.040874396,0.5980878
26210435301,262104353,1,0,0.35528392,0.1146528,0.053719416,0.47634372
26216507302,262165073,2,0,0.070611954,0.81717277,0.026618974,0.08559631
26216929701,262169297,1,0,0.014088602,0.49824473,0.041524068,0.44614255
26217398501,262173985,1,0,0.7230642,0.12910843,0.044388942,0.10343844
26225125401,262251254,1,0,0.08645785,0.111878686,0.029854603,0.7718089
26393078101,263930781,1,0,0.14203092,0.4667393,0.04158207,0.3496478
26393078102,263930781,2,0,0.10031656,0.38348192,0.041817684,0.4743839
26396966401,263969664,1,0,0.2614788,0.40869638,0.037338603,0.2924862
26400529401,264005294,1,0,0.9746258,0.001538552,0.007889234,0.015946483
26417627401,264176274,1,0,0.16933826,0.15392931,0.06329481,0.61343753
26419501303,264195013,3,0,0.0255032,0.29520443,0.04315934,0.63613313
26419501304,264195013,4,0,0.02846165,0.2789662,0.044892695,0.64767945
26430333301,264303333,1,0,0.57723725,0.05618818,0.04175693,0.3248176
26440231104,264402311,4,0,0.0008771904,0.003734897,0.024546469,0.9708414
26446928604,264469286,4,0,0.62943566,0.009899485,0.008061587,0.35260344
26467853401,264678534,1,0,0.9174014,0.026281683,0.021750186,0.03456673
26473879701,264738797,1,0,0.1577458,0.24473831,0.044522516,0.55299336
26479874101,264798741,1,0,0.030520005,0.13862962,0.024903188,0.8059472
26480394301,264803943,1,0,0.47475445,0.20371413,0.048938353,0.2725931
26480397101,264803971,1,0,0.015170309,0.5100405,0.033087865,0.44170132
26480397102,264803971,2,0,0.0142269535,0.43310094,0.03369404,0.51897806
26480532001,264805320,1,0,0.49756446,0.33510995,0.03794036,0.12938519
26484455703,264844557,3,0,0.0001833713,0.0054751844,0.010634475,0.9837069
26484469906,264844699,6,0,4.766189e-05,0.0035018919,0.008006032,0.98844427
26492209201,264922092,1,0,0.036793582,0.92304397,0.016451953,0.023710523
26492209202,264922092,2,0,0.007218163,0.14955945,0.03293033,0.81029195
26492209203,264922092,3,0,0.0015719951,0.05697642,0.013476706,0.9279748
26500620601,265006206,1,0,0.7497074,0.1277235,0.035035767,0.087533265
26500620602,265006206,2,0,0.33867636,0.07163375,0.07215578,0.5175341
26500620603,265006206,3,0,0.045175064,0.06501873,0.03213971,0.8576665
26500704901,265007049,1,0,0.6448117,0.20828702,0.045784134,0.10111721
26506092101,265060921,1,0,0.75961703,0.15178101,0.038718525,0.049883388
26506092102,265060921,2,0,0.32289258,0.40560776,0.04827242,0.2232272
26508915701,265089157,1,0,0.15095322,0.18482733,0.03323466,0.6309848
26508981802,265089818,2,0,0.013384937,0.10984362,0.018759338,0.858012
26509274401,265092744,1,0,0.0123670185,0.12611468,0.025948701,0.8355695
26525342604,265253426,4,0,0.01629428,0.03840575,0.03927962,0.90602034
26538373405,265383734,5,0,0.1287817,0.08854559,0.04009262,0.74258006
26542623301,265426233,1,0,0.77080935,0.095480226,0.034917336,0.0987931
26542623302,265426233,2,0,0.66041285,0.1377933,0.039020676,0.1627731
26547148501,265471485,1,0,0.3484488,0.52905273,0.04800777,0.07449074
26557030103,265570301,3,0,0.68757415,0.106100336,0.052453775,0.15387163
26558222101,265582221,1,0,0.057746958,0.099450074,0.026017252,0.8167857
26567831101,265678311,1,0,0.0235529,0.04534286,0.027789028,0.90331525
26568074803,265680748,3,0,0.00015477382,0.0041456143,0.010112957,0.98558664
26576124601,265761246,1,0,0.44191653,0.08167194,0.048133332,0.42827827
26576506108,265765061,8,0,8.6665415e-05,0.0018030276,0.008515855,0.9895944
26576701206,265767012,6,0,0.0004888243,0.040396404,0.008333525,0.9507813
26588074901,265880749,1,0,0.22422464,0.18120186,0.035528023,0.55904543
26598582001,265985820,1,0,0.27571473,0.08703664,0.08501328,0.55223536
26598670606,265986706,6,0,0.015972093,0.02939926,0.040373195,0.9142554
26598670606,265986706,6,0,0.015972065,0.02939922,0.040373184,0.9142555
26598670606,265986706,6,0,0.01597207,0.029399235,0.04037321,0.9142555
26598670606,265986706,6,0,0.015972108,0.029399268,0.040373232,0.9142554
26598984801,265989848,1,0,0.39021876,0.18509987,0.048562698,0.37611863
26599249601,265992496,1,0,0.220053,0.31871712,0.041786745,0.41944307
26603408301,266034083,1,0,0.2530805,0.15259613,0.044043567,0.5502798
26603935402,266039354,2,0,0.4311643,0.121383496,0.051913604,0.39553872
26604499101,266044991,1,0,0.12392889,0.07759753,0.04897486,0.74949867
26614145701,266141457,1,0,0.12544487,0.44060785,0.056368053,0.37757918
26614145702,266141457,2,0,0.059489828,0.39582932,0.050600227,0.49408057
26614145703,266141457,3,0,0.040495638,0.1409981,0.03963919,0.77886707
26614145704,266141457,4,0,0.021623237,0.1334386,0.0363137,0.8086244
26614299901,266142999,1,0,0.1839301,0.29600018,0.032580215,0.48748964
26615075001,266150750,1,0,0.2554619,0.10789464,0.04777099,0.58887243
26633427601,266334276,1,0,0.79403615,0.07743534,0.03916328,0.08936519
26633601602,266336016,2,0,0.7007426,0.053357802,0.046818484,0.19908105
26633719404,266337194,4,0,0.45767674,0.14064765,0.0666155,0.3350601
26639529501,266395295,1,0,0.86685735,0.08605631,0.023099247,0.023987066
26639529503,266395295,3,0,0.6164152,0.2328474,0.036589373,0.11414805
26639533101,266395331,1,0,0.9298007,0.03823636,0.023876045,0.008087005
26639533102,266395331,2,0,0.7232125,0.20825449,0.040189046,0.028344011
26639533103,266395331,3,0,0.54009724,0.32763892,0.051071607,0.08119214
26639534501,266395345,1,0,0.84310395,0.10079486,0.034366332,0.021734761
26639534502,266395345,2,0,0.57140076,0.32829893,0.04031715,0.059983063
26639534503,266395345,3,0,0.010758126,0.29798096,0.01884621,0.6724147
26639604401,266396044,1,0,0.58126867,0.12107517,0.07245062,0.22520545
26649792101,266497921,1,0,0.015480503,0.25215608,0.040263854,0.6920996
26649792102,266497921,2,0,0.014015626,0.24279055,0.039227646,0.70396626
26649975403,266499754,3,0,0.01384937,0.11553,0.024011841,0.8466088
26650099201,266500992,1,0,0.9171597,0.032926556,0.023603449,0.026310265
26660536601,266605366,1,0,0.09073845,0.09302647,0.047470592,0.76876444
26660536604,266605366,4,0,0.6258009,0.16992772,0.042506807,0.16176458
26666985803,266669858,3,0,0.25756577,0.31952024,0.03117812,0.39173576
26667124801,266671248,1,0,0.5336267,0.08028411,0.04508196,0.3410072
26667124802,266671248,2,0,0.5591243,0.097174354,0.05401482,0.28968653
26667610302,266676103,2,0,0.28565022,0.21081606,0.050304238,0.45322958
26677131901,266771319,1,0,0.6522735,0.2775578,0.03918645,0.030982397
26677131902,266771319,2,0,0.9207096,0.04098436,0.022236796,0.016069096
26677131903,266771319,3,0,0.019588381,0.48775175,0.026236372,0.46642345
26677310101,266773101,1,0,0.037941482,0.12252909,0.026772412,0.81275696
26677349203,266773492,3,0,0.6407379,0.05568561,0.046686813,0.25688964
26678218101,266782181,1,0,0.08213404,0.7238322,0.032657005,0.16137685
26678218103,266782181,3,0,0.07082635,0.33488992,0.054276645,0.54000705
26678218104,266782181,4,0,0.09339241,0.2554635,0.05701065,0.59413344
26688299201,266882992,1,0,0.030491848,0.17088486,0.027276555,0.7713467
26688299202,266882992,2,0,0.005465318,0.011360942,0.021129677,0.9620442
26688503802,266885038,2,0,0.31902853,0.09238746,0.045515638,0.5430684
26689357601,266893576,1,0,0.119095504,0.16110595,0.046360895,0.67343765
26689357602,266893576,2,0,0.107541956,0.18796471,0.054319948,0.65017337
35774715802,357747158,2,0,0.090127826,0.04580002,0.047102477,0.8169696
35774715803,357747158,3,0,0.095752254,0.07395099,0.038007997,0.7922888
35783066701,357830667,1,0,0.21577682,0.055905163,0.046730656,0.6815874
35802966101,358029661,1,0,0.34518474,0.29542097,0.04280927,0.31658503
35803131903,358031319,3,0,0.0048524644,0.05351796,0.024734266,0.9168953
35803131904,358031319,4,0,0.0055892835,0.061749626,0.02636073,0.9063003
35803131905,358031319,5,0,0.004559189,0.052868254,0.026385525,0.91618705
35938781201,359387812,1,0,0.44849372,0.29027295,0.03984332,0.2213899
35949636801,359496368,1,0,0.8597246,0.057565268,0.027951874,0.05475828
35949741801,359497418,1,0,0.51785487,0.3880046,0.04581306,0.048327394
35949741802,359497418,2,0,0.49137118,0.35652605,0.047101583,0.1050012
35963148201,359631482,1,0,0.000651786,0.029180648,0.014231979,0.9559356
35963279101,359632791,1,0,0.70922744,0.07058642,0.042344633,0.17784153
35963357201,359633572,1,0,0.45021045,0.4287269,0.049615357,0.071447186
35963357202,359633572,2,0,0.08015406,0.83721083,0.029219408,0.053415712
35967512702,359675127,2,0,0.3028781,0.047834717,0.041125227,0.6081618
35967584901,359675849,1,0,0.61541426,0.1723386,0.060013767,0.15223336
36002129204,360021292,4,0,0.032515787,0.02444804,0.05241688,0.8906193
36210429301,362104293,1,0,0.12689035,0.5930114,0.04186264,0.2382357
36210429302,362104293,2,0,0.064800374,0.5781054,0.04358742,0.31350675
36222610802,362226108,2,0,0.26295325,0.05816849,0.0625632,0.61631507
36225985501,362259855,1,0,0.0061413613,0.29506573,0.031259857,0.667533
36225985502,362259855,2,0,0.0059748027,0.30747044,0.032026444,0.6545284
36225985504,362259855,4,0,0.00026683518,0.013850642,0.014009013,0.9718735
36376121601,363761216,1,0,0.88280386,0.06429812,0.026504183,0.026393766
36407447901,364074479,1,0,0.34328675,0.46686542,0.037871752,0.15197608
36412043902,364120439,2,0,0.07497966,0.7010423,0.04132185,0.18265603
36412101802,364121018,2,0,0.11560556,0.053273525,0.04280987,0.78831106
36417503302,364175033,2,0,0.33135805,0.03845639,0.048000313,0.5821852
36417630602,364176306,2,0,0.049592026,0.021282023,0.031743374,0.8973826
36418245101,364182451,1,0,0.0048026145,0.14333667,0.02899553,0.8228652
36418245102,364182451,2,0,0.0047534956,0.16009319,0.028535025,0.8066182
36418245103,364182451,3,0,0.0001315248,0.005684945,0.010281777,0.98390174
36418619701,364186197,1,0,0.9164259,0.040490296,0.023650762,0.019433081
36418619702,364186197,2,0,0.66834867,0.14693329,0.03380241,0.15091564
36594179501,365941795,1,0,0.30217168,0.141609,0.053292185,0.5029271
36608500201,366085002,1,0,0.07614697,0.03544061,0.040189315,0.84822303
36608702601,366087026,1,0,0.85885364,0.08171079,0.02906473,0.030370934
36621658603,366216586,3,0,0.03052135,0.075118646,0.02680964,0.8675503
36621843401,366218434,1,0,0.062150113,0.073733695,0.027169,0.83694714
36641614402,366416144,2,0,0.012847567,0.108427644,0.02131155,0.8574133
36641753202,366417532,2,0,0.13646363,0.025483554,0.05197739,0.7860755
36647449001,366474490,1,0,0.13572747,0.18435436,0.03255759,0.6473606
36650331802,366503318,2,0,0.037162486,0.032541327,0.0323553,0.8979409
36651325302,366513253,2,0,0.0008073538,0.028092392,0.02170137,0.9493988
36651351201,366513512,1,0,0.3229259,0.15214704,0.04179495,0.48313206
36651733703,366517337,3,0,0.052881178,0.85114443,0.03120653,0.06476786
36656059302,366560593,2,0,0.16079408,0.060397856,0.04812728,0.7306808
36656345201,366563452,1,0,0.81409746,0.031162756,0.03388904,0.12085062
36658154401,366581544,1,0,0.2495936,0.07820389,0.04052983,0.6316727
36658154402,366581544,2,0,0.21362624,0.091188096,0.03580433,0.6593813
36659390303,366593903,3,0,0.00049065676,0.007601967,0.01242174,0.9794857
36659490501,366594905,1,0,0.08455972,0.4973813,0.051805094,0.3662539
36659987103,366599871,3,0,0.019767221,0.043772098,0.027874064,0.9085866
36660173602,366601736,2,0,0.0036809,0.026934927,0.015201643,0.95418257
36663996103,366639961,3,0,0.00041494324,0.009567971,0.015548705,0.97446835
36663996104,366639961,4,0,0.00041126698,0.008479539,0.014259745,0.97684944
36666624702,366666247,2,0,0.0047941604,0.040736753,0.019741355,0.9347277
36671376004,366713760,4,0,0.021322468,0.036577307,0.03362385,0.9084763
36671507803,366715078,3,0,7.538516e-05,0.0044999123,0.011462686,0.98396206
36671507804,366715078,4,0,7.685161e-05,0.004461282,0.0115176765,0.9839441
36675848602,366758486,2,0,0.008182518,0.061481096,0.024485426,0.90585095
36675848604,366758486,4,0,0.0055932957,0.0588788,0.024692468,0.9108354
36675916101,366759161,1,0,0.04859781,0.116988696,0.026267983,0.8081455
36676179002,366761790,2,0,0.18123198,0.09988166,0.043716315,0.67517006
36676179003,366761790,3,0,0.089882836,0.08778583,0.04083071,0.78150064
36678018401,366780184,1,0,0.8552757,0.07133351,0.027570292,0.04582048
36678018402,366780184,2,0,0.34040737,0.07819415,0.046153277,0.5352452
36678128101,366781281,1,0,0.23049717,0.104454584,0.038464576,0.62658364
36681152502,366811525,2,0,0.16314,0.0951953,0.041263204,0.70040154
36681200901,366812009,1,0,0.45962888,0.06671842,0.047472563,0.42618015
36681570702,366815707,2,0,0.56693846,0.074012995,0.052377474,0.30667114
36681570703,366815707,3,0,0.12609233,0.053247876,0.04939835,0.7712614
36682426302,366824263,2,0,0.016656702,0.10566995,0.028630331,0.8490431
36682426303,366824263,3,0,0.03797701,0.0882593,0.026840031,0.8469236
36682426306,366824263,6,0,0.0024548927,0.02889881,0.011373458,0.9572728
36683236403,366832364,3,0,7.996102e-05,0.004457905,0.010517636,0.98494446
36683236404,366832364,4,0,8.148953e-05,0.004716358,0.010760857,0.9844412
36686920604,366869206,4,0,0.002164746,0.011113797,0.01901546,0.9677061
36687009701,366870097,1,0,0.6548198,0.24573356,0.036901306,0.06254543
36687565902,366875659,2,0,0.0011946036,0.022632191,0.017820703,0.95835257
36691822201,366918222,1,0,0.47650996,0.15544033,0.048714202,0.3193355
36697547503,366975475,3,0,0.0005421576,0.0076218676,0.017593814,0.9742421
36700726601,367007266,1,0,0.6089369,0.19845867,0.04047298,0.15213136
36700861903,367008619,3,0,0.007924382,0.01765213,0.019940149,0.95448333
36707313804,367073138,4,0,0.1737501,0.036102425,0.075663775,0.7144837
36707571401,367075714,1,0,0.052452568,0.04742443,0.031171307,0.86895174
36707966001,367079660,1,0,0.47174934,0.38729292,0.04117273,0.099784985
36709474601,367094746,1,0,0.07236463,0.09763513,0.031580772,0.7984195
36709924301,367099243,1,0,0.80385023,0.13587627,0.033298176,0.02697537
36710258101,367102581,1,0,0.86096805,0.082416184,0.026365057,0.030250633
36710646903,367106469,3,0,0.0655374,0.38856936,0.05644102,0.48945212
36711156804,367111568,4,0,0.0033630205,0.02310578,0.021008266,0.9525228
36718433905,367184339,5,0,0.0018415047,0.006490169,0.032264784,0.9594035
36724060904,367240609,4,0,0.00020861659,0.004419536,0.018011961,0.97735995
36724184202,367241842,2,0,0.32492468,0.04301193,0.060336042,0.5717272
36724488002,367244880,2,0,0.08237239,0.033284657,0.06342461,0.8209183
36730853402,367308534,2,0,0.26752177,0.11999226,0.06666796,0.54581803
36732302502,367323025,2,0,0.0151421195,0.07235831,0.020733494,0.8917661
36732302503,367323025,3,0,0.036385745,0.14924748,0.027856575,0.78651017
36735396701,367353967,1,0,0.6542711,0.11475399,0.036636397,0.1943385
36735690401,367356904,1,0,0.06933919,0.18275626,0.028153023,0.7197515
36736631801,367366318,1,0,0.9449634,0.026839329,0.019949496,0.008247668
36744173401,367441734,1,0,0.3024621,0.24038085,0.037902825,0.41925424
36744805803,367448058,3,0,0.8199935,0.0859137,0.03658966,0.05750311
36744961501,367449615,1,0,0.6744681,0.11962236,0.04934601,0.1565636
36751979101,367519791,1,0,0.6836544,0.17480534,0.03646934,0.10507087
36752477701,367524777,1,0,0.16702868,0.7328183,0.03513383,0.06501918
36752477702,367524777,2,0,0.026192935,0.5881394,0.041449282,0.34421852
36754061703,367540617,3,0,0.40727523,0.26998404,0.03585075,0.28689006
36759323601,367593236,1,0,0.18192096,0.124927856,0.037203867,0.65594727
36761610503,367616105,3,0,0.0015979066,0.007808334,0.020826276,0.96976745
36761745301,367617453,1,0,0.22633629,0.065047875,0.05620521,0.65241057
36762590101,367625901,1,0,0.26772302,0.3632957,0.039324153,0.32965708
36762809801,367628098,1,0,0.7472169,0.040956058,0.04413314,0.16769394
36762809802,367628098,2,0,0.3109656,0.073910676,0.06728768,0.54783595
36765061403,367650614,3,0,0.85271204,0.034387898,0.030956836,0.08194328
36770286303,367702863,3,0,0.00028703138,0.0072069312,0.014200787,0.9783053
36773877901,367738779,1,0,0.69188017,0.17179444,0.040750742,0.0955746
36773877902,367738779,2,0,0.6983363,0.13093422,0.038556084,0.13217346
36775298101,367752981,1,0,0.030955553,0.043717768,0.02920053,0.89612615
36776859202,367768592,2,0,0.0066368957,0.03533557,0.024007427,0.9340201
36776904301,367769043,1,0,0.05695705,0.034070257,0.036923032,0.87204975
36777742101,367777421,1,0,0.5823641,0.32800457,0.046719085,0.04291232
36778462701,367784627,1,0,0.06814153,0.07900309,0.043410487,0.80944496
36778462703,367784627,3,0,0.14007933,0.17048359,0.047986474,0.6414506
36778542601,367785426,1,0,0.30229595,0.38338414,0.044688623,0.2696313
36778624402,367786244,2,0,0.1674096,0.3876058,0.038916603,0.4060679
36778624403,367786244,3,0,0.0037501527,0.042566277,0.017479802,0.9362039
36778956303,367789563,3,0,0.78315777,0.11678933,0.026976665,0.073076144
36785578901,367855789,1,0,0.13959566,0.029689467,0.036050055,0.79466474
36785803501,367858035,1,0,0.911101,0.023289321,0.024484916,0.041124795
39109048401,391090484,1,0,0.34239396,0.21955773,0.03811095,0.39993733
39109164401,391091644,1,0,0.107377805,0.20122848,0.028710568,0.6626831
39111362801,391113628,1,0,0.18988012,0.30947927,0.060715433,0.4399253
39111362802,391113628,2,0,0.029635025,0.21201675,0.03418148,0.7241667
39119445402,391194454,2,0,0.58783704,0.22775188,0.039408747,0.14500245
39141305401,391413054,1,0,0.124468595,0.104100406,0.047195453,0.7242356
39141305402,391413054,2,0,0.034448355,0.080103025,0.035357457,0.85009116
39148365103,391483651,3,0,0.24552657,0.05351348,0.033939186,0.6670208
39183273204,391832732,4,0,0.029556237,0.018341763,0.05893761,0.8931644
39183572202,391835722,2,0,0.40503317,0.25299382,0.039730802,0.3022422
39212387001,392123870,1,0,0.45991832,0.40167135,0.041370664,0.09703961
39212387002,392123870,2,0,0.09518137,0.0634492,0.032622762,0.8087466
39212496603,392124966,3,0,0.67939556,0.040365487,0.0665181,0.21372083
39218051601,392180516,1,0,0.39934173,0.41722316,0.045559786,0.13787527
39218051602,392180516,2,0,0.0030426488,0.08154976,0.021202223,0.89420533
39222380305,392223803,5,0,0.00029457707,0.0074469135,0.016023586,0.9762349
39222687401,392226874,1,0,0.11319751,0.12969492,0.032997936,0.72410953
39223150702,392231507,2,0,0.10558787,0.2576032,0.03063034,0.60617864
39223150703,392231507,3,0,0.017603299,0.26774067,0.031925276,0.68273073
39231570401,392315704,1,0,0.12967722,0.09259901,0.033586517,0.74413717
39236986804,392369868,4,0,0.17650512,0.03638787,0.03294239,0.7541646
39237130303,392371303,3,0,0.003880926,0.015301123,0.031744782,0.94907314
39237130305,392371303,5,0,0.0055546914,0.013195857,0.038209233,0.94304025
39237474101,392374741,1,0,0.54559946,0.3442617,0.04592301,0.06421579
39237474102,392374741,2,0,0.31621063,0.48777163,0.042262904,0.15375476
39238077001,392380770,1,0,0.043523263,0.093359455,0.028766248,0.834351
39242671501,392426715,1,0,0.712999,0.1135084,0.046673007,0.12681961
39243528601,392435286,1,0,0.1513028,0.03851739,0.067947365,0.74223256
39254542801,392545428,1,0,0.36004463,0.2817969,0.031974252,0.32618427
39256940201,392569402,1,0,0.76765263,0.080680035,0.031983767,0.11968351
39267877701,392678777,1,0,0.27516332,0.27057198,0.032728907,0.4215358
39268154501,392681545,1,0,0.7008506,0.046347346,0.048805807,0.20399618
39288200001,392882000,1,0,0.39636773,0.19543841,0.042903155,0.3652906
39288476901,392884769,1,0,0.36138606,0.37008402,0.04615231,0.22237755
39288980502,392889805,2,0,0.0010977488,0.036513813,0.019283785,0.94310457
39302075902,393020759,2,0,0.0059439666,0.02549596,0.025995452,0.94256467
39302227101,393022271,1,0,0.18204884,0.095923185,0.058016293,0.66401166
39313709103,393137091,3,0,0.050276168,0.12372039,0.039568055,0.7864355
39408955401,394089554,1,0,0.0094238855,0.029271282,0.017126985,0.94417787
39412921302,394129213,2,0,0.0011928822,0.013519756,0.018120274,0.96716714
39539045201,395390452,1,0,0.34014156,0.36525032,0.040134568,0.25447357
39540970401,395409704,1,0,0.042777676,0.105375685,0.026524939,0.8253217
39540979903,395409799,3,0,0.14820506,0.04225594,0.051023297,0.7585157
39541328602,395413286,2,0,0.54492396,0.32126772,0.049389638,0.084418654
39558514506,395585145,6,0,0.12681837,0.106500916,0.03709937,0.7295813
39569638403,395696384,3,0,0.0022282877,0.011587214,0.014131303,0.9720531
39576918901,395769189,1,0,0.05995055,0.092119396,0.030086648,0.8178434
39577332401,395773324,1,0,0.5832112,0.22748503,0.04258516,0.1467186
39577446102,395774461,2,0,0.27719215,0.069755785,0.050370008,0.60268205
39586548702,395865487,2,0,0.009181763,0.05690109,0.022834808,0.9110823
39586622702,395866227,2,0,0.0009484036,0.007672277,0.019848047,0.9715312
39593857001,395938570,1,0,0.094445534,0.43187287,0.04005253,0.43362904
39594341502,395943415,2,0,0.38625163,0.09137589,0.045262687,0.47710982
39601246002,396012460,2,0,0.4550052,0.08598565,0.0485716,0.41043767
39605999202,396059992,2,0,0.18982045,0.4396105,0.04558638,0.32498258
39606155404,396061554,4,0,0.006540966,0.049264602,0.019873496,0.92432094
39606528301,396065283,1,0,0.8607835,0.07907288,0.028095113,0.03204853
39611316004,396113160,4,0,0.031754635,0.17800187,0.043748472,0.746495
39623784801,396237848,1,0,0.68550193,0.107959114,0.044072255,0.16246663
39623784802,396237848,2,0,0.023928382,0.07254831,0.027459232,0.87606406
39624023303,396240233,3,0,0.00029148234,0.006841744,0.0120209595,0.98084575
39624210701,396242107,1,0,0.10952997,0.16105367,0.028749777,0.7006665
39638727201,396387272,1,0,0.8646069,0.073434815,0.027642086,0.034316186
39647366804,396473668,4,0,0.00227819,0.10640437,0.015731622,0.8755858
39648562802,396485628,2,0,0.540309,0.093022995,0.04216741,0.32450053
39648562803,396485628,3,0,0.23174044,0.110825054,0.052637853,0.60479677
39648667502,396486675,2,0,0.049700033,0.038840022,0.047887236,0.8635727
39648667504,396486675,4,0,0.14597273,0.035161182,0.06445252,0.7544136
39648693101,396486931,1,0,0.0800307,0.81997013,0.030358173,0.069640934
39653130103,396531301,3,0,0.024501175,0.059553172,0.015983412,0.8999622
39656249001,396562490,1,0,0.5833275,0.08610861,0.045984864,0.284579
39666381501,396663815,1,0,0.0061950726,0.021029485,0.036496792,0.93627864
39671371901,396713719,1,0,0.44874498,0.45787576,0.049348492,0.04403074
39671385001,396713850,1,0,0.49623,0.382978,0.052254297,0.06853767
39671622303,396716223,3,0,0.4521933,0.1807719,0.0606846,0.3063502
39723369702,397233697,2,0,0.0033145694,0.0122175,0.0110678375,0.97340006
39728416301,397284163,1,0,0.050473765,0.44120386,0.047597446,0.46072495
39779893702,397798937,2,0,0.04098386,0.023876885,0.06231236,0.8728269
39792152404,397921524,4,0,0.001001755,0.0119850775,0.021700976,0.9653121
39801796902,398017969,2,0,0.062626556,0.060231604,0.035860986,0.8412808
39806865103,398068651,3,0,0.16757517,0.17979082,0.03340867,0.61922544
39807429906,398074299,6,0,0.6260669,0.08327374,0.047143325,0.24351601
39815608001,398156080,1,0,0.6279434,0.1146337,0.040640935,0.21678191
39815608002,398156080,2,0,0.6965988,0.122193255,0.038449366,0.14275858
39815742501,398157425,1,0,0.6198146,0.28329146,0.0385693,0.058324642
39815742502,398157425,2,0,0.023829212,0.40778276,0.030037474,0.53835046
39815933504,398159335,4,0,0.6869607,0.03907982,0.04944241,0.22451705
39816027301,398160273,1,0,0.6495232,0.0562515,0.05577962,0.2384456
39828402302,398284023,2,0,0.05128716,0.024106996,0.026296595,0.89830935
39833857504,398338575,4,0,0.00018489103,0.0050202333,0.017267276,0.9775276
39926266701,399262667,1,0,0.54244256,0.3490865,0.044814754,0.06365611
39926266702,399262667,2,0,0.0722612,0.39855504,0.05121429,0.47796938
39926284805,399262848,5,0,0.019252578,0.020689186,0.043037586,0.9170207
39927081402,399270814,2,0,0.90765685,0.0469679,0.02266201,0.02271326
39927081403,399270814,3,0,0.7624337,0.14240095,0.03334721,0.0618181
39944837101,399448371,1,0,0.82665557,0.08318231,0.030729609,0.05943243
39962839302,399628393,2,0,0.29072213,0.63103586,0.044519324,0.0337226
39962942405,399629424,5,0,0.0002438288,0.0029191857,0.012912168,0.98392475
39973711401,399737114,1,0,0.0075040977,0.11825536,0.027027907,0.84721255
39976173501,399761735,1,0,0.06464325,0.13793942,0.034920406,0.7624969
39978868102,399788681,2,0,0.0032785542,0.0008874945,0.013903962,0.98192996
39983107201,399831072,1,0,0.11878074,0.24754521,0.03268399,0.60099
39992960502,399929605,2,0,0.35273686,0.106934786,0.0518552,0.48847315
39996175004,399961750,4,0,0.008483997,0.02025316,0.013935174,0.9573277
40002636101,400026361,1,0,0.12599784,0.15188293,0.051397774,0.67072153
40002636102,400026361,2,0,0.08390014,0.13819425,0.048791956,0.72911364
40009303601,400093036,1,0,0.4828424,0.068912014,0.049185958,0.3990596
40009350201,400093502,1,0,0.7083,0.08217008,0.04208001,0.16744997
40012880202,400128802,2,0,0.4034242,0.056745447,0.05597366,0.48385668
40073542201,400735422,1,0,0.01429036,0.09471634,0.017096994,0.87389636
40073706201,400737062,1,0,0.4326567,0.22135551,0.0445474,0.3014404
40082438301,400824383,1,0,0.4422616,0.32953054,0.038563203,0.18964462
40082501501,400825015,1,0,0.78344214,0.12665336,0.03411054,0.055794008
40082501502,400825015,2,0,0.25344852,0.3072937,0.03886776,0.40039
40082603101,400826031,1,0,0.040417615,0.05656357,0.071359225,0.8316596
40082603103,400826031,3,0,0.39545807,0.060422037,0.054323386,0.4897965
40082693301,400826933,1,0,0.08817182,0.17267264,0.03270336,0.7064522
40108044003,401080440,3,0,0.0012648586,0.056303587,0.025357464,0.91707414
40108044004,401080440,4,0,0.0022162648,0.0792998,0.027869865,0.8906141
40108044006,401080440,6,0,0.0071473136,0.84921473,0.02360632,0.12003158
40109012901,401090129,1,0,0.12971628,0.13161784,0.034175206,0.7044907
40128577301,401285773,1,0,0.5924752,0.054651998,0.044635266,0.30823758
40132025201,401320252,1,0,0.6038837,0.2101112,0.038417246,0.14758782
40132208701,401322087,1,0,0.25302356,0.23155953,0.041153505,0.4742634
40149884402,401498844,2,0,0.00061120035,0.031948697,0.015667163,0.9517729
40150260501,401502605,1,0,0.53562737,0.26665756,0.038698133,0.1590169
40223780603,402237806,3,0,0.0053567076,0.019403767,0.017804468,0.957435
40265595401,402655954,1,0,0.1737325,0.38457897,0.03475414,0.40693435
40265912101,402659121,1,0,0.33375585,0.3798633,0.04189673,0.24448416
40265931701,402659317,1,0,0.45597664,0.15220806,0.042628102,0.34918708
40278388201,402783882,1,0,0.16220498,0.15839623,0.033414163,0.64598453
40278388203,402783882,3,0,0.046750817,0.07852666,0.022102997,0.8526196
25179163102,251791631,2,0,0.5503299,0.07003119,0.05090154,0.32873732
25179163103,251791631,3,0,0.3794411,0.09308943,0.05156671,0.47590274
25181250401,251812504,1,0,0.004324663,0.08117506,0.023214072,0.89128625
25181328301,251813283,1,0,0.770135,0.098077506,0.032182522,0.09960501
25220885601,252208856,1,0,0.27730435,0.1064366,0.043676466,0.5725826
25221159501,252211595,1,0,0.12678063,0.15507354,0.02742422,0.6907216
25222784603,252227846,3,0,0.01342228,0.033140436,0.04018559,0.91325176
25223411305,252234113,5,0,0.6406596,0.063614585,0.04175051,0.25397524
25225471401,252254714,1,0,0.24413808,0.09449798,0.05330034,0.6080635
25225471402,252254714,2,0,0.4177122,0.11164398,0.044778146,0.42586565
25227285202,252272852,2,0,0.54659456,0.17609721,0.04287975,0.23442847
25227418402,252274184,2,0,0.70640045,0.07996295,0.049244307,0.16439235
25228627007,252286270,7,0,0.0004203011,0.003796744,0.01717104,0.978612
25229470901,252294709,1,0,0.84683776,0.09567583,0.03277925,0.024707073
25229790601,252297906,1,0,0.15658662,0.35589355,0.03620195,0.4513178
25230734401,252307344,1,0,0.44775003,0.17943946,0.037654202,0.3351563
25232494001,252324940,1,0,0.544909,0.11811456,0.05592431,0.2810521
25232593604,252325936,4,0,0.06634098,0.26576442,0.048504367,0.61939025
25233185501,252331855,1,0,0.11162551,0.06754524,0.027592931,0.7932363
25233222501,252332225,1,0,0.8135161,0.11796766,0.033163562,0.03535256
25234473803,252344738,3,0,0.051303834,0.14377673,0.028448416,0.776471
25237484907,252374849,7,0,0.0010014144,0.003664293,0.018347777,0.97698647
25240337601,252403376,1,0,0.79478437,0.12617981,0.03244894,0.0465868
25242266103,252422661,3,0,0.5916378,0.08075645,0.04241564,0.2851902
25242677903,252426779,3,0,0.00086229877,0.0075094104,0.010873323,0.980755
25244253201,252442532,1,0,0.020927295,0.035829782,0.025562486,0.9176804
25244468501,252444685,1,0,0.5867843,0.12338853,0.0593717,0.23045553
25245120102,252451201,2,0,0.57028264,0.29853386,0.053273212,0.07791024
25281290703,252812907,3,0,0.00016932095,0.0041791657,0.009550823,0.9861007
25281509504,252815095,4,0,0.007632148,0.043272834,0.04212689,0.9069682
25282102403,252821024,3,0,0.00016273803,0.0055826195,0.011102958,0.98315173
25282438303,252824383,3,0,0.44196612,0.08190523,0.052855406,0.42327324
25283171702,252831717,2,0,0.00081521523,0.012906725,0.014941246,0.9713368
25283714401,252837144,1,0,0.7890421,0.11928525,0.035721056,0.05595162
25283969502,252839695,2,0,0.47511843,0.121442735,0.059432734,0.34400615
25284479604,252844796,4,0,8.973477e-05,0.0039509404,0.009251305,0.986708
25284536401,252845364,1,0,0.8082527,0.08022171,0.038660284,0.07286536
25285241903,252852419,3,0,0.21491723,0.10186567,0.04226399,0.64095306
25285589302,252855893,2,0,0.9115341,0.028664337,0.026994072,0.032807637
25285676201,252856762,1,0,0.12249924,0.26673508,0.029469945,0.5812958
25286669503,252866695,3,0,0.0032460846,0.025284868,0.017584104,0.95388496
25562127502,255621275,2,0,0.6539606,0.06755491,0.04224484,0.23623961
25586535103,255865351,3,0,0.57168627,0.040936314,0.0529933,0.33438405
25586813002,255868130,2,0,0.0013560168,0.014543172,0.024142902,0.9599579
25592119704,255921197,4,0,0.0066984245,0.08169684,0.03433063,0.87727404
25599273001,255992730,1,0,0.343289,0.3495693,0.040247984,0.26689374
25599273002,255992730,2,0,0.0076520154,0.11524733,0.023728475,0.8533722
25599351702,255993517,2,0,0.010640203,0.01431406,0.023622446,0.9514233
25599377702,255993777,2,0,0.0008067707,0.0138016865,0.012941692,0.9724499
25599377703,255993777,3,0,0.00086331414,0.014627044,0.013312533,0.97119707
25599386201,255993862,1,0,0.3525055,0.07406229,0.040839635,0.53259265
25599433601,255994336,1,0,0.8798399,0.049807142,0.03474211,0.035610806
25632437701,256324377,1,0,0.3035865,0.17800814,0.045975015,0.47243035
25638399701,256383997,1,0,0.18365194,0.15450676,0.029963218,0.631878
25642808301,256428083,1,0,0.121903695,0.062490538,0.036558114,0.7790476
25642808304,256428083,4,0,0.2083601,0.09521881,0.05512245,0.64129865
25648688301,256486883,1,0,0.0054653804,0.025909754,0.017076759,0.9515481
25650396001,256503960,1,0,0.028492363,0.82958597,0.031531975,0.11038976
25650396002,256503960,2,0,0.05640526,0.7651374,0.032419063,0.14603823
25650876601,256508766,1,0,0.4925219,0.04455646,0.048491947,0.41442966
25651575202,256515752,2,0,0.12127067,0.062214177,0.036861926,0.77965325
25660881304,256608813,4,0,0.43998238,0.3547414,0.039461643,0.16581464
25660881306,256608813,6,0,0.036840584,0.27135873,0.027487189,0.66431355
25661799402,256617994,2,0,0.16289605,0.042300228,0.043741714,0.7510619
25664056103,256640561,3,0,0.004310242,0.13244727,0.029510198,0.8337323
25677390501,256773905,1,0,0.03869673,0.022833657,0.05586176,0.8826077
25686420801,256864208,1,0,0.85615176,0.07037878,0.031960186,0.04150919
25686420802,256864208,2,0,0.4825153,0.28671297,0.05113541,0.17963628
25839355801,258393558,1,0,0.62768465,0.22800407,0.038468998,0.1058423
25839355802,258393558,2,0,0.2729595,0.305678,0.03996365,0.38139892
25850999601,258509996,1,0,0.8274567,0.079223156,0.030176234,0.06314392
25850999602,258509996,2,0,0.39614335,0.21279247,0.05162904,0.33943507
25854914002,258549140,2,0,0.21706007,0.036310833,0.045217518,0.7014116
25863178401,258631784,1,0,0.2739788,0.17198516,0.03819093,0.5158451
25877372104,258773721,4,0,0.00048830936,0.007115159,0.020674614,0.9717218
25877713701,258777137,1,0,0.86782104,0.06932571,0.032561682,0.030291606
25879924502,258799245,2,0,0.004775004,0.011000481,0.020499414,0.96372503
25882681602,258826816,2,0,0.003013394,0.04467929,0.021235144,0.9310721
25882693401,258826934,1,0,0.8284478,0.0513043,0.033882078,0.08636566
25882711601,258827116,1,0,0.14685723,0.18875583,0.029111426,0.6352754
25882945001,258829450,1,0,0.60371655,0.09985051,0.048316646,0.24811623
25883121302,258831213,2,0,0.24374755,0.085683025,0.05930644,0.611263
25883121303,258831213,3,0,0.14169297,0.06665379,0.05379416,0.73785913
25886991702,258869917,2,0,0.09502017,0.06461558,0.048744217,0.79162014
25887244501,258872445,1,0,0.043022804,0.8688426,0.026197307,0.06193724
25887244502,258872445,2,0,0.016450362,0.80504787,0.026191832,0.15230994
25887541402,258875414,2,0,0.40802076,0.056438047,0.04594429,0.48959684
25895684301,258956843,1,0,0.04921787,0.17105314,0.038399097,0.7413299
25895684302,258956843,2,0,0.06991551,0.17446388,0.03944712,0.71617347
25900374301,259003743,1,0,0.11283108,0.11768027,0.037908435,0.7315803
25900618502,259006185,2,0,0.1753032,0.61377156,0.041997977,0.16892715
25900618503,259006185,3,0,0.89792794,0.059148837,0.02907471,0.013848536
25903753901,259037539,1,0,0.03144075,0.0052805217,0.010744254,0.9525344
25910825204,259108252,4,0,0.011123045,0.02458294,0.02771565,0.9365784
25910835101,259108351,1,0,0.39158654,0.35638708,0.040507402,0.21151891
25911007703,259110077,3,0,0.44520715,0.1942854,0.058956925,0.30155057
25911028703,259110287,3,0,0.0011716501,0.012130193,0.0130413985,0.9736568
25912645302,259126453,2,0,0.44873565,0.33303314,0.05075792,0.16747324
25914438601,259144386,1,0,0.1902974,0.12325329,0.03646841,0.64998084
25915052002,259150520,2,0,0.01670994,0.08396651,0.023428675,0.8758949
25915117002,259151170,2,0,0.0051540546,0.07434037,0.019050023,0.9014555
25923759702,259237597,2,0,0.08408477,0.5591671,0.0403312,0.31641698
25923761001,259237610,1,0,0.26814398,0.4445965,0.03962245,0.24763711
25924683201,259246832,1,0,0.5678366,0.047418397,0.06471396,0.32003102
25932191301,259321913,1,0,0.11591585,0.09157392,0.03584462,0.7566656
25932608801,259326088,1,0,0.7159151,0.1803529,0.039696608,0.06403544
25933108301,259331083,1,0,0.21723764,0.17451268,0.031916916,0.5763328
25940113001,259401130,1,0,0.7127648,0.09171395,0.037566334,0.15795487
25940113002,259401130,2,0,0.6046716,0.19055745,0.038836032,0.16593502
25946814901,259468149,1,0,0.3053493,0.1634871,0.036327,0.49483654
25949946502,259499465,2,0,0.38910115,0.32438943,0.037480544,0.24902895
25950581201,259505812,1,0,0.80134505,0.12458083,0.03307437,0.040999703
25954780701,259547807,1,0,0.20708942,0.18120234,0.045972794,0.56573546
25955052503,259550525,3,0,0.00010996187,0.0036154499,0.0106541505,0.9856205
25955073301,259550733,1,0,0.074993365,0.12183845,0.028909434,0.77425873
25955197201,259551972,1,0,0.4925374,0.1483195,0.06425766,0.2948854
25958268202,259582682,2,0,0.009365145,0.09060446,0.024883084,0.87514734
25958278605,259582786,5,0,0.18023556,0.10485106,0.06340655,0.65150684
25974192802,259741928,2,0,0.03304347,0.12660395,0.03458745,0.8057651
25974192803,259741928,3,0,0.015845992,0.14144282,0.0297316,0.8129796
25974192804,259741928,4,0,0.02192922,0.15285735,0.03320957,0.79200375
25981697501,259816975,1,0,0.40550092,0.09566654,0.06941888,0.42941368
25989233701,259892337,1,0,0.76843774,0.17421438,0.03397621,0.023371594
26005580501,260055805,1,0,0.85883355,0.07230105,0.027478833,0.04138659
26015698201,260156982,1,0,0.69218457,0.08332277,0.043304577,0.18118796
26022936901,260229369,1,0,0.08911449,0.38601893,0.029599821,0.49526677
26022936902,260229369,2,0,0.1578062,0.37334222,0.031629354,0.4372223
26022936903,260229369,3,0,0.09233889,0.23485073,0.03161844,0.64119184
26023660601,260236606,1,0,0.58933187,0.1239222,0.050584633,0.23616129
26027316101,260273161,1,0,0.6285366,0.29212514,0.0456545,0.03368378
26027470702,260274707,2,0,0.13735555,0.043673135,0.04922812,0.76974314
26027776201,260277762,1,0,0.03226546,0.122085124,0.022716193,0.82293314
26027776203,260277762,3,0,0.005267724,0.044235718,0.06546635,0.8850302
15627260501,156272605,1,0,0.59674996,0.053902254,0.06179455,0.28755325
15627593602,156275936,2,0,0.41196865,0.14359699,0.057690088,0.3867442
15641001001,156410010,1,0,0.48806167,0.2538863,0.040124275,0.21792766
15649058401,156490584,1,0,0.15969202,0.3408881,0.035897724,0.4635222
15651902201,156519022,1,0,0.43341374,0.31122467,0.054630302,0.2007314
15651902202,156519022,2,0,0.3612061,0.35392973,0.056684755,0.22817932
15660694101,156606941,1,0,0.26569584,0.25889367,0.040473983,0.43493646
15667655701,156676557,1,0,0.39236397,0.3622985,0.04332022,0.20201732
15671925301,156719253,1,0,0.35870525,0.12004803,0.049451727,0.47179496
15671925304,156719253,4,0,0.6693606,0.124674335,0.05017348,0.15579152
15672314101,156723141,1,0,0.82154965,0.023023203,0.04659763,0.10882952
15672471901,156724719,1,0,0.8390366,0.08895846,0.02920718,0.042797737
15679900503,156799005,3,0,0.0039401334,0.022237487,0.023231136,0.9505911
15933326905,159333269,5,0,0.0008890189,0.0067379116,0.0315053,0.96086776
15934321801,159343218,1,0,0.87941,0.036693648,0.032240376,0.051655944
15934459701,159344597,1,0,0.0031403063,0.057181973,0.020316735,0.91936094
15941745503,159417455,3,0,0.028795622,0.058788136,0.027052704,0.8853636
15941835302,159418353,2,0,0.8454507,0.041509356,0.03521251,0.07782744
15943836703,159438367,3,0,0.009963807,0.022414021,0.0150312465,0.95259094
15945273302,159452733,2,0,0.0046413015,0.008839299,0.011853177,0.97466624
15946546701,159465467,1,0,0.010108864,0.013096616,0.02716727,0.9496273
15951010902,159510109,2,0,0.0042155413,0.015089545,0.01429733,0.96639746
16014319703,160143197,3,0,0.42540228,0.054944392,0.05800148,0.46165186
16019539302,160195393,2,0,0.0004898653,0.01559348,0.01018004,0.9737365
16048932603,160489326,3,0,0.6899135,0.043339375,0.04253124,0.22421594
16053610201,160536102,1,0,0.5537619,0.14459912,0.038054116,0.26358485
16053610202,160536102,2,0,0.268516,0.13996229,0.03985728,0.5516645
16058572901,160585729,1,0,0.48971692,0.37683854,0.040175054,0.09326941
16058572902,160585729,2,0,0.02554583,0.38533133,0.03139007,0.5577327
16059968302,160599683,2,0,0.15050404,0.06691497,0.046642426,0.73593855
16060245201,160602452,1,0,0.16594519,0.18279378,0.0336265,0.6176346
16061849402,160618494,2,0,0.1584051,0.7306124,0.03844423,0.07253825
16061849501,160618495,1,0,0.6028892,0.17766035,0.03840756,0.18104306
16550244701,165502447,1,0,0.8758185,0.081615485,0.027903138,0.014662815
17100365101,171003651,1,0,0.38373595,0.07424797,0.053318534,0.48869756
17116024301,171160243,1,0,0.88769776,0.057978023,0.024780095,0.029544132
17119601102,171196011,2,0,0.019534787,0.047071237,0.023135327,0.91025865
18703213401,187032134,1,0,0.30785632,0.112708,0.04134658,0.53808904
18703358801,187033588,1,0,0.51740897,0.13067879,0.040067732,0.31184444
18709055301,187090553,1,0,0.06689142,0.08948473,0.030838868,0.812785
18717242001,187172420,1,0,0.70760673,0.16856253,0.033085853,0.09074484
18717845201,187178452,1,0,0.28292856,0.102972865,0.04249195,0.57160664
18718047701,187180477,1,0,0.3350697,0.11472241,0.038238633,0.51196915
18719118703,187191187,3,0,0.486939,0.0747959,0.05869518,0.37956986
18719955501,187199555,1,0,0.31629935,0.08430364,0.04622352,0.55317354
18720252301,187202523,1,0,0.50069237,0.3626635,0.040899232,0.09574486
18725602101,187256021,1,0,0.16433224,0.13221164,0.034221303,0.66923475
18728265003,187282650,3,0,0.00011249466,0.003551227,0.011602402,0.9847338
18732007901,187320079,1,0,0.76111394,0.069451146,0.03874819,0.13068673
18732753202,187327532,2,0,0.45490882,0.060068496,0.062501304,0.42252132
18732753203,187327532,3,0,0.4939499,0.06441558,0.055767667,0.38586685
18743003301,187430033,1,0,0.7972024,0.11356449,0.030963589,0.058269504
18743087501,187430875,1,0,0.36449474,0.06468486,0.062914394,0.5079059
18743423302,187434233,2,0,0.000445698,0.01427924,0.014496541,0.9707786
18748363001,187483630,1,0,0.15375155,0.50300926,0.03524585,0.30799338
18748713503,187487135,3,0,0.0066263974,0.023737885,0.023450403,0.9461853
18749008801,187490088,1,0,0.5392479,0.051321376,0.041853387,0.36757728
18753839302,187538393,2,0,0.18019861,0.102896184,0.04842785,0.6684774
18758691101,187586911,1,0,0.42804292,0.467492,0.04237664,0.06208831
18758691102,187586911,2,0,0.21895897,0.4946338,0.043301824,0.2431053
18758801702,187588017,2,0,0.0017661136,0.048394118,0.017077265,0.9327624
18762221301,187622213,1,0,0.18241544,0.06988592,0.06618764,0.681511
18762254501,187622545,1,0,0.69889045,0.13674471,0.043102603,0.12126217
18762254502,187622545,2,0,0.049279,0.1597898,0.035445977,0.75548524
18762254503,187622545,3,0,0.20466478,0.25440118,0.05095554,0.4899786
18762534203,187625342,3,0,0.0012376214,0.011011969,0.012498764,0.97525156
18763037501,187630375,1,0,0.7031768,0.16864237,0.038506113,0.08967462
18763244702,187632447,2,0,0.29578802,0.23935845,0.0638366,0.40101698
18769102309,187691023,9,0,0.00011551941,0.0031417022,0.009643636,0.9870992
18769553403,187695534,3,0,0.67456234,0.074005604,0.047771834,0.20366026
18769836401,187698364,1,0,0.07510195,0.7871161,0.03254682,0.1052352
18769836501,187698365,1,0,0.06742576,0.84070647,0.02475756,0.06711027
19284207701,192842077,1,0,0.49767742,0.33713686,0.03605568,0.12913018
19293559201,192935592,1,0,0.021638574,0.86221975,0.024813652,0.09132795
19293559202,192935592,2,0,0.01964421,0.8153457,0.02814868,0.13686132
19293559203,192935592,3,0,0.04269266,0.22447224,0.044577986,0.68825704
19473641801,194736418,1,0,0.922113,0.03744095,0.02047957,0.01996648
19478221801,194782218,1,0,0.13007195,0.19058397,0.02634981,0.65299433
19478343206,194783432,6,0,0.007513613,0.033968948,0.020521963,0.9379955
19485358101,194853581,1,0,0.09768764,0.43027815,0.030469375,0.44156483
19816195702,198161957,2,0,0.18938574,0.047019623,0.04846718,0.7151274
19818155201,198181552,1,0,0.7256087,0.15018936,0.03588632,0.088315666
19818760001,198187600,1,0,0.8410747,0.10638799,0.031840254,0.020697001
19818760002,198187600,2,0,0.5056393,0.32941023,0.04576737,0.119182944
19821333201,198213332,1,0,0.4730763,0.08336033,0.05226394,0.3912994
19821333202,198213332,2,0,0.65767235,0.12946178,0.04512192,0.16774397
19835653302,198356533,2,0,0.8271242,0.0588765,0.029679239,0.084320165
19836345601,198363456,1,0,0.37523866,0.53182924,0.042854216,0.050077923
19836345602,198363456,2,0,0.5267122,0.35832798,0.049627353,0.06533249
19838348602,198383486,2,0,0.016384684,0.0037991854,0.012433669,0.96738255
19839024701,198390247,1,0,0.90110016,0.03177325,0.027408903,0.039717548
19839088501,198390885,1,0,0.014900388,0.025045797,0.010610049,0.94944376
19839101102,198391011,2,0,0.019071281,0.017411863,0.016544139,0.9469727
19841048001,198410480,1,0,0.055407893,0.41177663,0.03772639,0.49508914
19841356201,198413562,1,0,0.016245961,0.005956352,0.015405391,0.9623922
19845912502,198459125,2,0,0.08711828,0.16665927,0.027715104,0.7185074
19845923901,198459239,1,0,0.17622527,0.10177202,0.056981146,0.66502154
19957420801,199574208,1,0,0.07659472,0.8822232,0.025048899,0.016133275
19957420802,199574208,2,0,0.26186746,0.66858697,0.04332214,0.026223399
19963506501,199635065,1,0,0.07049188,0.100353256,0.03644925,0.7927057
19966191501,199661915,1,0,0.53072906,0.22771312,0.05414218,0.18741554
19968847101,199688471,1,0,0.3368571,0.48297608,0.03784004,0.14232676
19968847201,199688472,1,0,0.80666864,0.13452208,0.035464905,0.023344362
19971257202,199712572,2,0,0.6722129,0.02969739,0.04362203,0.2544676
20069715701,200697157,1,0,0.20417732,0.07546738,0.04222312,0.6781322
20069715901,200697159,1,0,0.123262644,0.13318968,0.031442754,0.7121049
20073911801,200739118,1,0,0.10018998,0.13530098,0.029732928,0.7347761
20077926601,200779266,1,0,0.15145339,0.3075256,0.05038058,0.4906405
20077955403,200779554,3,0,0.27601686,0.0419435,0.04755866,0.634481
20079260601,200792606,1,0,0.39989474,0.4665178,0.04965509,0.0839324
20085494801,200854948,1,0,0.55607224,0.1041601,0.042647187,0.2971203
20091686301,200916863,1,0,0.117852606,0.45594403,0.04610918,0.38009414
20091686302,200916863,2,0,0.00624936,0.10030427,0.022258684,0.8711877
20092162102,200921621,2,0,0.29611164,0.49712393,0.042968776,0.16379565
20093941802,200939418,2,0,0.0003811194,0.01524208,0.014609501,0.9697672
20100375601,201003756,1,0,0.719945,0.16994767,0.041268215,0.068839096
20100375603,201003756,3,0,0.0033046093,0.050612237,0.021175964,0.92490715
20100375604,201003756,4,0,0.63406307,0.08513934,0.045842372,0.23495527
20100861402,201008614,2,0,0.37545672,0.11942096,0.04087738,0.46424496
20100861403,201008614,3,0,0.105881706,0.122542165,0.037327465,0.73424864
20101021601,201010216,1,0,0.5239269,0.07249037,0.046237092,0.3573457
20101021602,201010216,2,0,0.17304207,0.07126483,0.03808168,0.71761143
20101021603,201010216,3,0,0.023010496,0.029688198,0.03239669,0.91490465
20115449301,201154493,1,0,0.61896706,0.23855637,0.04167862,0.10079795
20115449302,201154493,2,0,0.52528715,0.19009034,0.047859192,0.23676331
20130196302,201301963,2,0,0.14527997,0.0796886,0.045428023,0.7296034
20135748901,201357489,1,0,0.29862782,0.34177145,0.06842719,0.29117355
20138297401,201382974,1,0,0.86142564,0.07541454,0.030364504,0.032795265
20743773002,207437730,2,0,0.5184568,0.041805815,0.05233701,0.3874003
20743938902,207439389,2,0,0.8715033,0.055402827,0.026515914,0.04657795
20746807101,207468071,1,0,0.94016546,0.019827154,0.020058788,0.019948548
20746866501,207468665,1,0,0.07963539,0.0307405,0.009838911,0.87978524
20749315201,207493152,1,0,0.90949255,0.051613554,0.02603457,0.01285936
1335878901,13358789,1,0,0.2876113,0.064566046,0.08544042,0.5623822
1336087702,13360877,2,0,0.02548912,0.034581736,0.03237746,0.90755165
1336283901,13362839,1,0,0.4024279,0.2570808,0.043090113,0.29740113
1345309901,13453099,1,0,0.47516713,0.3059934,0.04327367,0.17556585
1352936905,13529369,5,0,0.02722143,0.06713176,0.044422098,0.8612247
1370703601,13707036,1,0,0.71466154,0.05575186,0.044151902,0.18543464
1404203101,14042031,1,0,0.67933863,0.22241297,0.03990789,0.058340512
2097361303,20973613,3,0,0.00063692644,0.00833991,0.009100344,0.9819228
2097363602,20973636,2,0,0.47910133,0.108647205,0.06620258,0.3460489
2097363603,20973636,3,0,0.6104991,0.0538518,0.061203863,0.27444533
2112535602,21125356,2,0,0.09188607,0.07828437,0.036190715,0.7936389
2113324601,21133246,1,0,0.08342172,0.16455789,0.035384543,0.7166358
2113324603,21133246,3,0,0.004007901,0.027515907,0.017378634,0.95109755
2114315701,21143157,1,0,0.044499803,0.257413,0.03210261,0.6659845
2114319601,21143196,1,0,0.012276095,0.39517304,0.03320661,0.5593442
2114319602,21143196,2,0,0.008991145,0.35372257,0.03375286,0.6035333
2118937902,21189379,2,0,0.0006583689,0.008973346,0.010196581,0.9801716
2124098801,21240988,1,0,0.1905972,0.27001214,0.049458027,0.4899326
2131546701,21315467,1,0,0.046747055,0.07106053,0.023063213,0.85912925
2131557803,21315578,3,0,0.16259976,0.09197314,0.05073362,0.69469345
2132196603,21321966,3,0,0.8740668,0.042836815,0.029357633,0.05373874
2145166701,21451667,1,0,0.50982505,0.12935229,0.04939707,0.31142554
2639857401,26398574,1,0,0.18879819,0.09108209,0.034055296,0.6860644
2643386901,26433869,1,0,0.43990722,0.31959307,0.039901886,0.2005978
2643586401,26435864,1,0,0.00033568486,0.012849396,0.024935052,0.9618799
2650032202,26500322,2,0,0.0067756004,0.039182603,0.017655155,0.93638664
2653320701,26533207,1,0,0.042539403,0.35498366,0.043519657,0.5589573
2665313703,26653137,3,0,0.29763982,0.10680447,0.053213477,0.5423423
2709942402,27099424,2,0,0.47676072,0.053930286,0.04762353,0.42168546
2719782701,27197827,1,0,0.20756488,0.29955846,0.040951323,0.4519253
2720085101,27200851,1,0,0.01000802,0.43554556,0.026934218,0.52751213
2720705203,27207052,3,0,0.0032194348,0.015175876,0.016119156,0.9654856
2724581201,27245812,1,0,0.47417322,0.21717907,0.043679405,0.2649684
2734641801,27346418,1,0,0.5941075,0.11796708,0.0480299,0.23989555
2742466201,27424662,1,0,0.09653248,0.21380919,0.040069487,0.64958894
2743007803,27430078,3,0,0.00014915009,0.005965739,0.010887875,0.9829971
2759526602,27595266,2,0,0.368375,0.13220307,0.05119886,0.44822308
2767539203,27675392,3,0,0.046813827,0.062733136,0.032367658,0.85808533
2793519401,27935194,1,0,0.79203814,0.12825745,0.036366805,0.04333753
2825101002,28251010,2,0,0.00059636845,0.022089453,0.015855463,0.9614588
2825302505,28253025,5,0,0.20029141,0.15742247,0.038232166,0.604054
2825828303,28258283,3,0,0.011193295,0.03404174,0.02071375,0.93405116
2849846302,28498463,2,0,0.026197884,0.035655346,0.033431627,0.90471506
2866434702,28664347,2,0,0.07773621,0.09461554,0.040900026,0.78674823
2866724401,28667244,1,0,0.16275029,0.5040651,0.035545498,0.2976392
2866766405,28667664,5,0,0.07923284,0.13040733,0.03211616,0.75824356
2866964804,28669648,4,0,0.08610107,0.09361141,0.033603318,0.78668416
2874646502,28746465,2,0,0.029263875,0.053182375,0.030809354,0.8867443
2890198103,28901981,3,0,0.00011236411,0.002577157,0.008339127,0.98897123
2890459802,28904598,2,0,0.8738033,0.052842032,0.025372315,0.04798237
2907616501,29076165,1,0,0.26300225,0.6205447,0.04504132,0.071411826
2907616502,29076165,2,0,0.011719207,0.5344256,0.030033372,0.4238219
2907616504,29076165,4,0,0.034047525,0.2185837,0.045272138,0.70209664
2929573601,29295736,1,0,0.63761306,0.054550342,0.046158526,0.261678
2929573602,29295736,2,0,0.11252055,0.04622375,0.05977552,0.7814802
2929665305,29296653,5,0,0.03588014,0.064928286,0.029068863,0.8701228
2955045401,29550454,1,0,0.11964215,0.7053425,0.046717092,0.12829827
2955045402,29550454,2,0,0.08271038,0.5336092,0.0365136,0.34716687
2955045404,29550454,4,0,0.3836034,0.3503246,0.038890902,0.22718106
2955045406,29550454,6,0,0.012934599,0.17011261,0.02946087,0.7874919
2955478903,29554789,3,0,0.16146022,0.11316612,0.04160294,0.6837707
2955779801,29557798,1,0,0.067925185,0.15392828,0.035281174,0.7428654
3515397505,35153975,5,0,0.0037739733,0.02936701,0.027460193,0.9393988
3515817804,35158178,4,0,0.08606251,0.08190204,0.045441356,0.7865941
3520119601,35201196,1,0,0.019342927,0.04752414,0.030076595,0.9030563
3520119603,35201196,3,0,0.13564365,0.095128275,0.038038004,0.73119
3520362704,35203627,4,0,0.23730384,0.109002426,0.0358026,0.6178912
4772945302,47729453,2,0,0.23024146,0.15662049,0.036025688,0.5771123
4775630003,47756300,3,0,0.011789806,0.0249863,0.014731954,0.948492
4775778501,47757785,1,0,0.8255015,0.11143721,0.037081115,0.025980191
4775778502,47757785,2,0,0.11851721,0.3135559,0.041320894,0.5266059
4781974101,47819741,1,0,0.05950143,0.07522313,0.020016499,0.8452589
4793176601,47931766,1,0,0.74332523,0.1731677,0.038210392,0.04529667
4801859602,48018596,2,0,0.82207596,0.030809436,0.035487223,0.11162729
4801860402,48018604,2,0,0.0258779,0.04319127,0.023973573,0.9069572
4808740101,48087401,1,0,0.52774984,0.35014582,0.05188565,0.07021876
4813458305,48134583,5,0,0.18932848,0.025897142,0.0532558,0.73151857
4813524302,48135243,2,0,0.4642207,0.056018416,0.05057225,0.4291885
4813684403,48136844,3,0,0.26316252,0.05402491,0.059888326,0.6229242
4813945806,48139458,6,0,0.12071932,0.11968595,0.036543943,0.7230507
4842465501,48424655,1,0,0.18711154,0.04843245,0.06580047,0.6986555
4844656601,48446566,1,0,0.13911077,0.76343304,0.0312557,0.06620057
4844656602,48446566,2,0,0.36328423,0.48245212,0.049060505,0.105203
4844658501,48446585,1,0,0.07588511,0.07896678,0.050614502,0.7945336
4850062901,48500629,1,0,0.0027775103,0.015491526,0.013373934,0.968357
4965805603,49658056,3,0,0.38270888,0.107511446,0.03791609,0.47186357
4972158202,49721582,2,0,0.63033843,0.1716323,0.050989676,0.14703967
4979777403,49797774,3,0,0.015610946,0.0720173,0.022354798,0.890017
4985875701,49858757,1,0,0.745753,0.16088142,0.031755958,0.06160966
5004315501,50043155,1,0,0.36750773,0.4912264,0.041101396,0.100164436
5004315502,50043155,2,0,0.43297154,0.35869792,0.05042791,0.15790261
5004744602,50047446,2,0,0.1687854,0.14662388,0.031918682,0.65267205
5004793201,50047932,1,0,0.10844326,0.7093015,0.04462779,0.13762756
5004793202,50047932,2,0,0.0015824891,0.060234528,0.01759294,0.9205901
5004835103,50048351,3,0,0.0023272627,0.02288975,0.02368141,0.9511015
5011910002,50119100,2,0,0.020088926,0.04550327,0.012881055,0.92152673
5011998003,50119980,3,0,0.0004937766,0.011894247,0.010440502,0.97717154
5012002402,50120024,2,0,0.00021366043,0.012670056,0.011304874,0.9758115
5012041401,50120414,1,0,0.8540599,0.06269373,0.027468821,0.05577754
5012375801,50123758,1,0,0.005114017,0.16156484,0.022761112,0.81056
5012375802,50123758,2,0,0.007451334,0.17106783,0.022932656,0.79854816
5012375803,50123758,3,0,0.0071330857,0.14089552,0.023627466,0.82834387
5019164802,50191648,2,0,0.0007790031,0.015037524,0.01095832,0.9732252
5035053702,50350537,2,0,0.006078,0.13524432,0.021922586,0.8367551
5036088801,50360888,1,0,0.5261045,0.23330723,0.04286277,0.19772552
5045324201,50453242,1,0,0.47957015,0.39446637,0.053436,0.07252757
5045520101,50455201,1,0,0.024422467,0.14592521,0.030486306,0.799166
5045627503,50456275,3,0,0.0043645236,0.03992528,0.011963739,0.9437464
5052077203,50520772,3,0,0.36781496,0.22799382,0.038171675,0.36601964
5069366103,50693661,3,0,0.26025015,0.07150565,0.06645959,0.6017846
5077242003,50772420,3,0,0.00014048783,0.0038087745,0.008887877,0.9871629
5094456702,50944567,2,0,0.00048972486,0.0053088404,0.011583797,0.9826176
5094506002,50945060,2,0,0.035423204,0.90081847,0.008925416,0.054832887
5094679403,50946794,3,0,0.49212113,0.31575146,0.03592709,0.15620029
5102694503,51026945,3,0,0.24232502,0.06414027,0.06379393,0.62974083
5102717102,51027171,2,0,0.7445677,0.052920755,0.041049503,0.16146192
5102970002,51029700,2,0,0.59013915,0.19610761,0.043941867,0.16981144
5103113704,51031137,4,0,0.018751541,0.019133877,0.062367562,0.899747
5192251801,51922518,1,0,0.5139667,0.34982395,0.037320167,0.09888911
5192251802,51922518,2,0,0.059777204,0.49095842,0.03535992,0.4139044
5645539401,56455394,1,0,0.73067904,0.10490037,0.043610413,0.12081015
5810796202,58107962,2,0,0.06711244,0.26066163,0.03358936,0.63863647
5810796203,58107962,3,0,0.033637863,0.21190757,0.029632283,0.7248222
5846878702,58468787,2,0,0.24627839,0.12089529,0.039740223,0.5930861
5854087601,58540876,1,0,0.8330981,0.07282596,0.035986234,0.058089722
5863901502,58639015,2,0,0.05643345,0.031274017,0.0402993,0.87199324
6519934201,65199342,1,0,0.06424398,0.08549419,0.026479056,0.8237827
6520053301,65200533,1,0,0.38778722,0.18601829,0.04334208,0.38285255
6520057901,65200579,1,0,0.85256964,0.07885826,0.029423196,0.039148808
6520108001,65201080,1,0,0.63857836,0.24994253,0.043053012,0.06842607
6520337701,65203377,1,0,0.016751124,0.04409405,0.029443314,0.90971154
6528070502,65280705,2,0,0.5254244,0.076279186,0.04562085,0.35267556
26689358701,266893587,1,0,0.061462704,0.12951934,0.04891469,0.7601032
26712930201,267129302,1,0,0.7534248,0.07919585,0.039957173,0.12742211
26722367701,267223677,1,0,0.16162094,0.23153022,0.042041853,0.56480694
26741665804,267416658,4,0,0.22314341,0.05296465,0.053731486,0.67016053
26741754401,267417544,1,0,0.8798327,0.06271914,0.025000948,0.03244734
26754272802,267542728,2,0,0.030902984,0.024723731,0.018968277,0.925405
26757632701,267576327,1,0,0.029183587,0.080415376,0.03565171,0.8547494
26761268008,267612680,8,0,9.303778e-05,0.0029757172,0.008037449,0.98889375
26761279602,267612796,2,0,0.10079733,0.07091429,0.075746484,0.7525419
26762110201,267621102,1,0,0.4412483,0.32447812,0.04223297,0.19204055
26769157201,267691572,1,0,0.27899498,0.24859367,0.040884897,0.43152645
26769428301,267694283,1,0,0.9073071,0.0429644,0.024675313,0.02505321
26781247401,267812474,1,0,0.28779492,0.28587088,0.034173336,0.3921609
26781247402,267812474,2,0,0.23911549,0.22194359,0.03544824,0.5034928
26781852801,267818528,1,0,0.834808,0.05905161,0.030162353,0.075978026
26790027006,267900270,6,0,0.0011590442,0.01666552,0.026163109,0.9560124
26790488901,267904889,1,0,0.7444309,0.1647956,0.035512846,0.05526058
26799688301,267996883,1,0,0.36329478,0.50062084,0.039657574,0.09642675
26800081603,268000816,3,0,0.060413282,0.23791467,0.034171075,0.667501
26800310606,268003106,6,0,0.00034229216,0.0039722496,0.017139485,0.978546
26800380702,268003807,2,0,0.6093754,0.051785015,0.05364731,0.28519228
26817011601,268170116,1,0,0.2726922,0.1305156,0.051408958,0.5453832
26817295902,268172959,2,0,0.019760497,0.04600539,0.020682381,0.9135517
26817519702,268175197,2,0,0.4120855,0.15680332,0.04433555,0.38677564
26827840302,268278403,2,0,0.76646745,0.09615947,0.043760404,0.093612686
26828602403,268286024,3,0,0.2809797,0.10044861,0.040475633,0.5780961
26831954502,268319545,2,0,0.058680516,0.049581043,0.033561148,0.8581772
26832191701,268321917,1,0,0.44987792,0.11490248,0.050323598,0.384896
26833447301,268334473,1,0,0.9203603,0.02838753,0.022720406,0.028531669
26840345101,268403451,1,0,0.9360587,0.033191368,0.021837777,0.008912097
26840373801,268403738,1,0,0.23412979,0.46677428,0.055541012,0.24355493
26929122601,269291226,1,0,0.03881069,0.34411746,0.02752082,0.589551
26929122602,269291226,2,0,0.120921545,0.30221894,0.031573225,0.54528624
26929553502,269295535,2,0,0.0006525672,0.028023105,0.017508667,0.9538156
26929694002,269296940,2,0,0.005864075,0.03452846,0.02972563,0.92988175
26929695102,269296951,2,0,0.0072670938,0.044381015,0.029733988,0.91861784
26959692801,269596928,1,0,0.04799572,0.0054620137,0.02121191,0.92533034
26969643002,269696430,2,0,0.20337681,0.640185,0.040821794,0.11561639
26969643801,269696438,1,0,0.5832178,0.33183515,0.050222017,0.03472505
26970114701,269701147,1,0,0.9411329,0.020597156,0.019361485,0.018908395
26970114702,269701147,2,0,0.9281391,0.020974182,0.022527408,0.028359156
26970114703,269701147,3,0,0.9174815,0.019000035,0.026248138,0.03727034
27335527702,273355277,2,0,0.10952365,0.16311213,0.033268597,0.6940956
27335941702,273359417,2,0,0.051868506,0.16428283,0.03173178,0.7521169
27483862301,274838623,1,0,0.7525993,0.04415545,0.03736474,0.16588038
27495471101,274954711,1,0,0.7521665,0.13917309,0.033824686,0.07483564
27498266902,274982669,2,0,0.0028338553,0.021883473,0.01196984,0.96331286
27505678908,275056789,8,0,0.20426942,0.04312759,0.07669127,0.67591166
27513608703,275136087,3,0,0.000118296295,0.002427228,0.008409718,0.9890447
27514837201,275148372,1,0,0.026021827,0.065994486,0.02647176,0.8815118
27518759901,275187599,1,0,0.022655824,0.0145555325,0.04215245,0.9206362
27519254203,275192542,3,0,0.00010773697,0.004795953,0.010323188,0.98477316
27519254204,275192542,4,0,8.827776e-05,0.0042259907,0.010778306,0.9849074
27519309901,275193099,1,0,0.28794497,0.07276055,0.058581285,0.5807133
27526208702,275262087,2,0,0.34266537,0.15972632,0.055884082,0.4417242
27536403601,275364036,1,0,0.042524345,0.043642282,0.03369822,0.8801352
27536613401,275366134,1,0,0.14686906,0.14163548,0.029662723,0.6818327
27546022605,275460226,5,0,0.0006260363,0.0051410105,0.022774832,0.97145814
27546306402,275463064,2,0,0.03015458,0.20956019,0.0372003,0.72308487
27563532401,275635324,1,0,0.09797875,0.6508956,0.04142785,0.20969775
27563532402,275635324,2,0,0.019577518,0.5822923,0.029845359,0.3682848
27570414401,275704144,1,0,0.008216141,0.02207909,0.01698293,0.9527219
27576997001,275769970,1,0,0.0691709,0.2215484,0.029291244,0.6799895
27576997002,275769970,2,0,0.0026298687,0.02945107,0.021381142,0.946538
27577023002,275770230,2,0,0.005869383,0.019343346,0.030699098,0.94408816
27585356102,275853561,2,0,0.15843977,0.09252092,0.061876066,0.6871632
27590578401,275905784,1,0,0.49949855,0.15145212,0.041147936,0.30790138
27590578402,275905784,2,0,0.13974968,0.13388711,0.03943528,0.68692803
27618850303,276188503,3,0,0.046986286,0.047652718,0.018414332,0.88694674
27623042002,276230420,2,0,0.5588722,0.12421281,0.058689125,0.2582259
27885537803,278855378,3,0,0.53066266,0.07686317,0.04138279,0.35109136
27885571702,278855717,2,0,0.18184309,0.072128825,0.065157816,0.6808703
27885961701,278859617,1,0,0.3393604,0.419964,0.04241856,0.19825707
27885961702,278859617,2,0,0.27048647,0.4803768,0.049195085,0.19994164
27899926201,278999262,1,0,0.5267078,0.091429144,0.037855048,0.34400797
27900149201,279001492,1,0,0.053042397,0.12776051,0.030459031,0.788738
27900255401,279002554,1,0,0.084372744,0.06362076,0.032665737,0.8193407
27900255402,279002554,2,0,0.091855526,0.1354573,0.03155308,0.74113405
27907800001,279078000,1,0,0.7626209,0.09233033,0.03624928,0.10879943
27907982906,279079829,6,0,6.265144e-05,0.0024266217,0.008688418,0.9888223
27907982907,279079829,7,0,5.3495492e-05,0.0020338593,0.008476911,0.9894356
27921240701,279212407,1,0,0.63839984,0.093451396,0.06505896,0.20308974
27925759201,279257592,1,0,0.035170794,0.0047424356,0.006770153,0.9533166
27925890801,279258908,1,0,0.3326531,0.07358182,0.071039714,0.5227253
27926208001,279262080,1,0,0.89695865,0.032321796,0.023314944,0.047404546
27946260501,279462605,1,0,0.9447515,0.026329821,0.019517684,0.009401003
27949968602,279499686,2,0,0.52354,0.04576514,0.037712734,0.3929821
27959263501,279592635,1,0,0.7099341,0.19196084,0.034065228,0.06403989
27959730001,279597300,1,0,0.047826566,0.058918793,0.031046385,0.86220825
27971644701,279716447,1,0,0.7642069,0.09640081,0.033865057,0.10552726
27976135601,279761356,1,0,0.6048019,0.088797085,0.035392348,0.27100873
27984600801,279846008,1,0,0.30817515,0.07403153,0.05023698,0.5675564
27984780001,279847800,1,0,0.07314717,0.7768384,0.0311246,0.11888966
27984780002,279847800,2,0,0.027684214,0.73746264,0.029034581,0.20581856
27987786103,279877861,3,0,0.27170187,0.058847383,0.052771963,0.61667883
27989439703,279894397,3,0,0.0011774339,0.05497923,0.02221766,0.9216256
27998093803,279980938,3,0,0.00011338153,0.004336465,0.009744939,0.9858052
27998093804,279980938,4,0,0.00011450681,0.004595036,0.009684986,0.9856054
28003391804,280033918,4,0,0.00010758949,0.004955322,0.00856267,0.98637444
28007426701,280074267,1,0,0.04757539,0.08759854,0.030737106,0.834089
28012828701,280128287,1,0,0.106248215,0.15284213,0.035594273,0.70531535
28032314001,280323140,1,0,0.5760557,0.17870696,0.042893026,0.20234428
28046301601,280463016,1,0,0.12913764,0.22133951,0.062121022,0.5874017
28046301602,280463016,2,0,0.17373359,0.28809503,0.065769605,0.47240186
28046703701,280467037,1,0,0.42857796,0.42455125,0.04096309,0.1059077
28046785412,280467854,12,0,0.019272476,0.100777894,0.025211588,0.85473806
28057066501,280570665,1,0,0.05066542,0.09139993,0.032505825,0.82542884
28062709401,280627094,1,0,0.8060807,0.07259841,0.03231275,0.08900811
28080697302,280806973,2,0,0.06833243,0.024801454,0.05776823,0.8490979
28088356102,280883561,2,0,0.11707747,0.05650862,0.058178287,0.7682356
28088390801,280883908,1,0,0.2409815,0.6593235,0.038495887,0.06119916
28088506201,280885062,1,0,0.12327556,0.23090404,0.027367394,0.618453
28093581001,280935810,1,0,0.02302007,0.058430098,0.018553505,0.8999963
28097756301,280977563,1,0,0.20345743,0.08052359,0.05535152,0.66066754
28097839902,280978399,2,0,0.2381696,0.60352254,0.0441972,0.11411067
28111429901,281114299,1,0,0.46266493,0.4059908,0.046182424,0.08516169
28111429902,281114299,2,0,0.0687206,0.3493968,0.03122688,0.5506558
28111430301,281114303,1,0,0.45861387,0.39760837,0.046816524,0.09696127
28111430302,281114303,2,0,0.06224187,0.37661615,0.041183624,0.5199583
28111587901,281115879,1,0,0.41657734,0.09130238,0.05514664,0.43697366
28119015701,281190157,1,0,0.7982061,0.05869984,0.036791027,0.10630296
28119015702,281190157,2,0,0.20332055,0.12571399,0.04448912,0.6264764
28127949701,281279497,1,0,0.51008725,0.33252832,0.03958967,0.11779478
28127949702,281279497,2,0,0.49290466,0.23231773,0.043168448,0.23160906
28148591604,281485916,4,0,0.00011602527,0.003228968,0.010651176,0.98600376
28148690602,281486906,2,0,0.66281754,0.17887793,0.049336005,0.10896853
28160289803,281602898,3,0,0.0071776146,0.16634564,0.027278781,0.79919803
28160639701,281606397,1,0,0.08352414,0.077962056,0.03586535,0.8026485
28169435701,281694357,1,0,0.4861019,0.32157722,0.036897685,0.15542322
28411537601,284115376,1,0,0.01918587,0.27051404,0.03109713,0.6792029
28411796202,284117962,2,0,0.09357304,0.110551275,0.044785265,0.7510904
28419134401,284191344,1,0,0.2964428,0.05349059,0.052066486,0.5980002
28435974201,284359742,1,0,0.47514203,0.18466753,0.03701003,0.3031804
41758319701,417583197,1,0,0.69661456,0.17229906,0.03717319,0.0939132
41758319702,417583197,2,0,0.20782585,0.42791346,0.048186667,0.31607404
41760042301,417600423,1,0,0.6189525,0.03525757,0.046359148,0.2994308
41766333601,417663336,1,0,0.28853968,0.16009778,0.06457891,0.48678362
41767259804,417672598,4,0,0.06715752,0.060548086,0.039517794,0.8327766
41767298001,417672980,1,0,0.6240616,0.14682385,0.038279615,0.19083494
41770569001,417705690,1,0,0.8715391,0.060801182,0.026428213,0.04123147
41770828407,417708284,7,0,0.4166546,0.044302993,0.06751278,0.47152963
41770828408,417708284,8,0,0.01974943,0.06717671,0.022394482,0.8906793
41772846301,417728463,1,0,0.60343534,0.2887625,0.051242743,0.056559302
41773188103,417731881,3,0,0.20443209,0.09445657,0.03772482,0.6633866
41773485304,417734853,4,0,0.025144573,0.20366897,0.032954633,0.73823184
41773485305,417734853,5,0,0.05325326,0.21678317,0.03169468,0.69826883
41788884801,417888848,1,0,0.4078758,0.25417146,0.036202036,0.30175054
41792348401,417923484,1,0,0.6649855,0.26254568,0.03859881,0.03387
41811058201,418110582,1,0,0.029733323,0.13998902,0.020862103,0.8094155
41820521701,418205217,1,0,0.5549953,0.070552304,0.047264133,0.32718825
41820912304,418209123,4,0,0.3356358,0.09762132,0.057691537,0.50905126
41822416401,418224164,1,0,0.8412491,0.059030242,0.043184463,0.056536157
41826836701,418268367,1,0,0.6328545,0.070745654,0.043454397,0.25294548
41830164301,418301643,1,0,0.79360783,0.059317946,0.035918534,0.11115559
41834496903,418344969,3,0,0.00034362604,0.004520471,0.010002335,0.9851335
42011477201,420114772,1,0,0.77829343,0.14563961,0.040536728,0.035530295
42026859601,420268596,1,0,0.06986229,0.2742937,0.026832096,0.629012
42030334401,420303344,1,0,0.01992352,0.009977601,0.03863954,0.93145925
42047491201,420474912,1,0,0.08735761,0.21213259,0.02884954,0.67166024
42049759801,420497598,1,0,0.8415417,0.06615141,0.03225127,0.06005566
42049759802,420497598,2,0,0.80469817,0.046488874,0.03604588,0.11276709
42049759804,420497598,4,0,0.5184509,0.06505579,0.045043956,0.37144917
42049914701,420499147,1,0,0.6424514,0.24059147,0.04944519,0.06751206
42057705203,420577052,3,0,0.0011615369,0.015176367,0.019267965,0.9643941
42064207602,420642076,2,0,0.15507068,0.09899361,0.036477786,0.70945793
42064518901,420645189,1,0,0.6217282,0.19235732,0.061006416,0.124908045
42064595201,420645952,1,0,0.46279195,0.34506375,0.053424824,0.1387194
42064595202,420645952,2,0,0.66923755,0.16174707,0.043747276,0.12526809
42072892903,420728929,3,0,0.014872976,0.01758397,0.06278822,0.90475476
42073618803,420736188,3,0,0.04205215,0.02586857,0.037698656,0.8943806
42074717401,420747174,1,0,0.051983465,0.06457331,0.027423447,0.85601974
42074802705,420748027,5,0,0.0003479071,0.010631022,0.012960231,0.9760609
42075767003,420757670,3,0,0.00026842955,0.0127086835,0.014202915,0.9728199
42088763702,420887637,2,0,0.0057838573,0.015476316,0.016599221,0.96214074
42130835701,421308357,1,0,0.75717527,0.11593382,0.0356026,0.09128827
42130839501,421308395,1,0,0.15934241,0.45288226,0.033844266,0.35393092
42130839502,421308395,2,0,0.20082101,0.48313808,0.031651463,0.28438935
42242559401,422425594,1,0,0.49121633,0.096410036,0.049685497,0.362688
42242559404,422425594,4,0,0.28138888,0.062058605,0.06497621,0.5915762
42256012201,422560122,1,0,0.155312,0.035339635,0.04474335,0.7646049
42256027402,422560274,2,0,0.31952697,0.31877694,0.05713437,0.30456167
42266071104,422660711,4,0,0.009346371,0.017262096,0.02188053,0.95151097
42266303404,422663034,4,0,0.001977686,0.017492225,0.011675466,0.9688546
42266305201,422663052,1,0,0.048372686,0.8336947,0.02427953,0.09365321
42266305202,422663052,2,0,0.14031151,0.6762299,0.037448317,0.14601031
42274618801,422746188,1,0,0.40998924,0.47087786,0.03973641,0.07939645
42274618802,422746188,2,0,0.022069572,0.18496805,0.022117358,0.770845
42283813301,422838133,1,0,0.92281187,0.036094382,0.019296682,0.021797087
42303810002,423038100,2,0,0.2776899,0.3234649,0.06969536,0.3291498
42346095201,423460952,1,0,0.10229291,0.18473065,0.030466938,0.6825094
42346110301,423461103,1,0,0.3792778,0.14386028,0.056239203,0.4206227
42346115801,423461158,1,0,0.38631466,0.18557373,0.04800106,0.38011062
42374545201,423745452,1,0,0.45740178,0.06871981,0.047550827,0.42632753
42375455703,423754557,3,0,0.0006343306,0.013146665,0.012416665,0.9738024
42400235904,424002359,4,0,0.0005427061,0.00782476,0.015690189,0.97594225
42400247002,424002470,2,0,0.29126468,0.16798323,0.042152498,0.49859962
42400257206,424002572,6,0,0.0005351523,0.004794566,0.02414497,0.97052526
42408899501,424088995,1,0,0.079568215,0.121576265,0.02745739,0.7713982
42409083603,424090836,3,0,0.0147458995,0.059605133,0.05388078,0.87176806
42409156701,424091567,1,0,0.17380145,0.07917891,0.039366122,0.7076535
42409309301,424093093,1,0,0.669853,0.19146886,0.03919827,0.09947993
42411512501,424115125,1,0,0.040604487,0.110948645,0.032538492,0.8159083
42419026501,424190265,1,0,0.2138254,0.22303437,0.04792855,0.5152117
42427716003,424277160,3,0,0.07752434,0.19507115,0.032628156,0.69477624
42480632702,424806327,2,0,0.22923702,0.19022562,0.054717164,0.5258202
42614273202,426142732,2,0,0.023213102,0.1993048,0.04216546,0.7353166
42614273203,426142732,3,0,0.0009745618,0.02053492,0.015857004,0.9626335
42614273204,426142732,4,0,0.00085393415,0.021332212,0.016036756,0.96177703
42614472501,426144725,1,0,0.21543373,0.25623158,0.03084949,0.49748522
42666663402,426666634,2,0,0.10534682,0.16740806,0.03578598,0.6914592
42667165201,426671652,1,0,0.5867145,0.13952993,0.03820253,0.23555303
42676353801,426763538,1,0,0.17412399,0.69081634,0.0414457,0.09361392
42702798804,427027988,4,0,0.0057736463,0.019017616,0.02100488,0.95420384
42751700505,427517005,5,0,0.03933081,0.050020732,0.02970381,0.88094467
42758572201,427585722,1,0,0.3556236,0.180894,0.039226584,0.4242558
42760608002,427606080,2,0,0.0038116795,0.06569524,0.02892689,0.9015662
42760608003,427606080,3,0,0.0023737762,0.041041616,0.023964422,0.93262017
42764010401,427640104,1,0,0.053956315,0.13169932,0.021788945,0.79255545
42772863802,427728638,2,0,0.23705548,0.08842557,0.03719047,0.63732857
42772895304,427728953,4,0,0.00028479114,0.0049776095,0.011659822,0.98307776
42816693202,428166932,2,0,0.14216112,0.26344365,0.03331344,0.5610818
42824930101,428249301,1,0,0.05753767,0.83914316,0.02646462,0.07685453
42824930102,428249301,2,0,0.013007473,0.5291862,0.035511672,0.42229474
42829555801,428295558,1,0,0.06770616,0.07766857,0.032168306,0.8224569
42829835402,428298354,2,0,0.40783536,0.16747542,0.039587986,0.38510123
42829910303,428299103,3,0,0.0011405877,0.0063645123,0.01714349,0.97535133
42829977802,428299778,2,0,0.06993576,0.21869408,0.04566852,0.6657016
42832012204,428320122,4,0,0.061815113,0.03251164,0.052084703,0.8535885
42832209901,428322099,1,0,0.021884384,0.034790765,0.04784399,0.89548075
42832785502,428327855,2,0,0.010387836,0.4590203,0.028704638,0.5018872
42833110401,428331104,1,0,0.13882364,0.26810238,0.041126717,0.5519473
42838509502,428385095,2,0,0.13487755,0.14748888,0.0461305,0.6715031
42845055902,428450559,2,0,0.010784017,0.072212115,0.017323371,0.89968044
42845246904,428452469,4,0,0.060319137,0.059696246,0.033398543,0.84658605
42845266101,428452661,1,0,0.027838498,0.26104653,0.03301203,0.6781029
42845524501,428455245,1,0,0.011905381,0.019666161,0.03157908,0.9368493
42846444803,428464448,3,0,0.00012446773,0.0030053204,0.008882754,0.98798734
42846816001,428468160,1,0,0.21598925,0.50922155,0.036996856,0.23779228
42851403801,428514038,1,0,0.7972585,0.10959565,0.03376795,0.059377998
42851593701,428515937,1,0,0.40461582,0.4330813,0.044882536,0.117420234
42851593703,428515937,3,0,0.5583208,0.2039434,0.042201437,0.19553435
42851593704,428515937,4,0,0.020805834,0.116272606,0.06753089,0.79539067
42851665002,428516650,2,0,0.0010010235,0.014847787,0.016584776,0.96756643
42861654302,428616543,2,0,0.5559758,0.19345884,0.04166658,0.2088988
42867062401,428670624,1,0,0.66169673,0.073704734,0.04468042,0.21991815
42867062402,428670624,2,0,0.8475952,0.051292364,0.03475854,0.06635381
42867556304,428675563,4,0,0.008327729,0.04427838,0.022367498,0.9250263
42867960701,428679607,1,0,0.9360531,0.018062469,0.021767441,0.024116905
42869303201,428693032,1,0,0.035665657,0.054298617,0.054037057,0.85599864
42870395905,428703959,5,0,0.003942462,0.01406117,0.014756413,0.9672399
42875083501,428750835,1,0,0.02121901,0.55978227,0.030038174,0.3889605
42875083502,428750835,2,0,0.024013007,0.5546094,0.030723386,0.39065415
42875083503,428750835,3,0,0.002642615,0.029538434,0.02102147,0.94679743
42876275202,428762752,2,0,0.1269971,0.18985428,0.04567117,0.63747746
42876309701,428763097,1,0,0.13265441,0.10235637,0.039326154,0.725663
42876701801,428767018,1,0,0.9425337,0.019659268,0.022087257,0.015719743
42876755701,428767557,1,0,0.81612545,0.12927426,0.03597469,0.018625537
42876755702,428767557,2,0,0.24320735,0.5591659,0.044619896,0.15300688
42877018602,428770186,2,0,0.0009358378,0.03180605,0.018205093,0.949053
42877018705,428770187,5,0,0.0004125988,0.009415896,0.016079245,0.9740923
42877315501,428773155,1,0,0.13073774,0.18948184,0.032421768,0.6473586
42877462504,428774625,4,0,0.039764114,0.1942196,0.02692274,0.73909354
42877569202,428775692,2,0,0.0014318401,0.019717727,0.021728858,0.9571216
42878467401,428784674,1,0,0.77319384,0.16547687,0.03791002,0.023419308
42878467402,428784674,2,0,0.006599335,0.045441132,0.02973257,0.918227
42878501501,428785015,1,0,0.5284606,0.20790428,0.034977414,0.22865756
42878548401,428785484,1,0,0.24643509,0.085162126,0.055347476,0.6130554
42879552702,428795527,2,0,0.04044549,0.56572187,0.037290215,0.3565425
42880577103,428805771,3,0,0.35536012,0.114018984,0.066584095,0.46403685
42881204901,428812049,1,0,0.8614574,0.0461963,0.02845716,0.063889146
42886416402,428864164,2,0,0.0003537327,0.015930554,0.014618454,0.9690973
42886647501,428866475,1,0,0.8284606,0.08760551,0.028010886,0.055923022
42886790601,428867906,1,0,0.79805887,0.065380216,0.039642543,0.09691842
42888384601,428883846,1,0,0.81037754,0.062805206,0.025803981,0.101013236
42891175001,428911750,1,0,0.06584225,0.13123976,0.04740961,0.7555085
42894068701,428940687,1,0,0.3192238,0.1714614,0.035468474,0.47384635
42896177601,428961776,1,0,0.03375315,0.098989315,0.025013434,0.8422441
42897677601,428976776,1,0,0.09275972,0.09639491,0.029619051,0.78122634
42897857801,428978578,1,0,0.19121458,0.16506912,0.03842704,0.6052893
42898701802,428987018,2,0,0.3207749,0.076444335,0.047257673,0.5555231
42898898101,428988981,1,0,0.84132725,0.032033477,0.031895377,0.09474385
42900207904,429002079,4,0,0.023363685,0.08871595,0.0297505,0.85816985
42901022401,429010224,1,0,0.25879943,0.07998441,0.06711357,0.59410256
42903075205,429030752,5,0,5.1626615e-05,0.0017727198,0.0060153604,0.99216026
42905409501,429054095,1,0,0.022976039,0.08976199,0.07800585,0.80925614
42906182701,429061827,1,0,0.8450079,0.101505384,0.029729452,0.023757266
42909840803,429098408,3,0,0.05539458,0.0571853,0.037244797,0.8501753
42909925504,429099255,4,0,0.001479149,0.0064381063,0.027687961,0.9643948
42912032801,429120328,1,0,0.017582295,0.07234115,0.02624618,0.8838303
43037304701,430373047,1,0,0.8139295,0.09429361,0.030036028,0.061740775
43037895002,430378950,2,0,0.26609793,0.09879552,0.045540553,0.58956593
43174173003,431741730,3,0,0.056315552,0.04897466,0.037691202,0.8570186
43176088003,431760880,3,0,0.00065794255,0.0074232314,0.009125229,0.98279357
43176711101,431767111,1,0,0.684525,0.20845103,0.042795144,0.0642288
43176711102,431767111,2,0,0.0017426908,0.033852696,0.0124593675,0.95194525
43176741201,431767412,1,0,0.85423446,0.09446908,0.03054346,0.020752998
43177161304,431771613,4,0,0.00013400424,0.0036364188,0.008700103,0.9875295
43180275801,431802758,1,0,0.59028906,0.16845655,0.054870117,0.18638434
43180275802,431802758,2,0,0.33358854,0.25876397,0.059960417,0.34768716
43185938501,431859385,1,0,0.18082562,0.061902296,0.043004755,0.71426725
43186017401,431860174,1,0,0.59791654,0.26236454,0.03390963,0.10580924
43186119901,431861199,1,0,0.50988126,0.09897248,0.04530374,0.3458425
43186381303,431863813,3,0,0.011700757,0.015237804,0.031296205,0.94176525
43186381305,431863813,5,0,0.032105338,0.059379026,0.10661922,0.8018964
43187200201,431872002,1,0,0.5743643,0.20642684,0.03873152,0.1804774
43189127202,431891272,2,0,0.13834314,0.15664575,0.04107906,0.66393214
43189623904,431896239,4,0,0.0015297959,0.017867869,0.023510952,0.9570914
43189778502,431897785,2,0,0.6869143,0.17259187,0.041461192,0.09903264
43189848502,431898485,2,0,0.04510121,0.044354804,0.0369382,0.8736058
43189914001,431899140,1,0,0.82414424,0.10238932,0.030300079,0.04316632
43195069603,431950696,3,0,0.00012518752,0.0025324824,0.008011963,0.98933035
43196208401,431962084,1,0,0.17020138,0.25243914,0.05298627,0.5243732
43196208402,431962084,2,0,0.26238364,0.16872467,0.060457498,0.5084341
43201674102,432016741,2,0,0.0011276772,0.04604952,0.015865516,0.93695736
43205034301,432050343,1,0,0.13101009,0.1388249,0.031094931,0.6990701
43208009603,432080096,3,0,0.002888879,0.018059516,0.016281053,0.9627705
43211533002,432115330,2,0,0.03410314,0.17225677,0.027874244,0.7657658
43211883802,432118838,2,0,0.0014872848,0.017096117,0.012782104,0.9686345
43211883803,432118838,3,0,0.091469884,0.80366975,0.03482327,0.0700371
43217678403,432176784,3,0,0.19757664,0.20649901,0.059462186,0.5364622
43350107202,433501072,2,0,0.107271925,0.07876638,0.03419272,0.779769
43350194105,433501941,5,0,0.0046595144,0.044449117,0.019094547,0.9317968
43559394504,435593945,4,0,0.011628376,0.020526053,0.06295318,0.90489244
43574457101,435744571,1,0,0.36816293,0.09399325,0.045975156,0.49186864
43574490602,435744906,2,0,0.0038850154,0.018576657,0.010509604,0.9670288
43574490603,435744906,3,0,0.14988598,0.1344638,0.034993064,0.68065715
43582051402,435820514,2,0,0.0267527,0.022490498,0.030868746,0.91988796
44171807401,441718074,1,0,0.68594563,0.23761672,0.038567998,0.037869614
44172010401,441720104,1,0,0.14932352,0.31633452,0.03453339,0.49980852
44173215101,441732151,1,0,0.88482934,0.064324975,0.02837414,0.022471558
44173314102,441733141,2,0,0.020249149,0.05213843,0.031989697,0.89562273
44173593401,441735934,1,0,0.61903775,0.120409444,0.04299548,0.21755722
44173645001,441736450,1,0,0.24016145,0.08721692,0.043238536,0.62938297
44173902001,441739020,1,0,0.86780787,0.06047012,0.032924447,0.038797583
44173902002,441739020,2,0,0.8247361,0.044057515,0.033780944,0.09742524
44173915303,441739153,3,0,0.020499129,0.6435856,0.03709564,0.2988197
44173915304,441739153,4,0,0.019501826,0.646649,0.036589514,0.2972596
44179672401,441796724,1,0,0.26383415,0.05262497,0.053394284,0.6301466
44181005401,441810054,1,0,0.017384259,0.029303867,0.035899535,0.91741246
44411650006,444116500,6,0,0.6940387,0.13859545,0.035382167,0.13198368
44412105802,444121058,2,0,0.4646186,0.18307014,0.058180794,0.29413044
44412190706,444121907,6,0,0.43112403,0.16015247,0.056631424,0.35209206
44412347502,444123475,2,0,0.20594676,0.22913736,0.0334388,0.53147703
44413725605,444137256,5,0,0.11179604,0.55785227,0.045471407,0.28488025
44472555601,444725556,1,0,0.19819124,0.63102835,0.042985756,0.12779465
44479633702,444796337,2,0,0.07376592,0.095297486,0.025444595,0.8054919
44480103202,444801032,2,0,0.019709958,0.77065897,0.027373446,0.18225755
44570646101,445706461,1,0,0.0326464,0.6612643,0.026300166,0.2797892
44570646102,445706461,2,0,0.027159346,0.31325465,0.017632235,0.64195377
44579132301,445791323,1,0,0.1198911,0.6301939,0.038753133,0.21116187
44579132302,445791323,2,0,0.07029671,0.28306156,0.04110585,0.60553586
44579230002,445792300,2,0,0.13802227,0.21745764,0.02798441,0.6165356
44579468201,445794682,1,0,0.21959041,0.46747229,0.049701657,0.26323578
44601030701,446010307,1,0,0.75785625,0.115518354,0.030058276,0.09656711
44601180404,446011804,4,0,0.035182945,0.03129615,0.032343514,0.9011774
44601680001,446016800,1,0,0.30554867,0.15613285,0.037211318,0.5011071
44604130602,446041306,2,0,0.09615492,0.07454889,0.036205392,0.7930907
44608177001,446081770,1,0,0.3450008,0.100173086,0.06022079,0.4946053
44609287003,446092870,3,0,0.2070554,0.07723182,0.05672391,0.6589889
44609500701,446095007,1,0,0.6688672,0.089161456,0.045017757,0.19695361
44610225505,446102255,5,0,0.32613537,0.026672479,0.06415596,0.5830363
44991099701,449910997,1,0,0.58744174,0.25551796,0.040933907,0.116106376
44991350603,449913506,3,0,0.048499033,0.03113297,0.037369426,0.88299847
44991784901,449917849,1,0,0.23417765,0.30694604,0.03688757,0.42198867
44992483401,449924834,1,0,0.07752935,0.09377306,0.03918512,0.78951246
44993736003,449937360,3,0,0.003523397,0.022856371,0.029268615,0.9443516
44993843901,449938439,1,0,0.03690788,0.038671058,0.029757215,0.89466375
44997821101,449978211,1,0,0.6938011,0.18462181,0.029005006,0.09257209
45013331605,450133316,5,0,0.007368976,0.095536314,0.034803037,0.86229163
45013869102,450138691,2,0,0.18945085,0.06296036,0.041880038,0.70570886
45014014905,450140149,5,0,0.5253696,0.14413384,0.052729882,0.27776667
45014719701,450147197,1,0,0.8582343,0.052854933,0.029141698,0.059769038
45017890301,450178903,1,0,0.8117776,0.115124606,0.034010977,0.039086774
45021881002,450218810,2,0,0.002421466,0.041653465,0.012335015,0.94359004
45023919301,450239193,1,0,0.5101509,0.23326871,0.054769684,0.20181066
45023978601,450239786,1,0,0.7875004,0.102869615,0.032943916,0.076686196
45030919702,450309197,2,0,0.014251566,0.083303206,0.020960677,0.8814845
45030919703,450309197,3,0,0.072875075,0.1675299,0.035377014,0.72421795
45301978904,453019789,4,0,0.00015457564,0.0041782176,0.013495538,0.9821716
45304686604,453046866,4,0,0.0038142959,0.048476283,0.025488222,0.9222212
45304686605,453046866,5,0,0.009829224,0.0891416,0.031698763,0.86933035
45304686606,453046866,6,0,0.015649147,0.10403405,0.03712624,0.84319055
45311381601,453113816,1,0,0.2492734,0.09084775,0.05051271,0.6093661
45311850701,453118507,1,0,0.36697528,0.12329884,0.053152673,0.4565732
45311850702,453118507,2,0,0.09116848,0.0650012,0.046344914,0.7974854
45311850703,453118507,3,0,0.1122771,0.08575613,0.04271987,0.75924677
45311907501,453119075,1,0,0.1601728,0.14411715,0.03951489,0.6561951
45312797602,453127976,2,0,0.8261983,0.07949829,0.02737966,0.06692374
45607860101,456078601,1,0,0.44424516,0.18709259,0.039527755,0.32913432
45607872901,456078729,1,0,0.03964556,0.040760722,0.026518282,0.89307535
45608165901,456081659,1,0,0.48389012,0.18210234,0.049525812,0.28448173
45613389201,456133892,1,0,0.80047554,0.051224653,0.031855173,0.116444595
45613621001,456136210,1,0,0.774214,0.10196886,0.04532929,0.07848776
45613744303,456137443,3,0,0.5204707,0.087430775,0.056847375,0.3352511
45613744304,456137443,4,0,0.62308127,0.061885357,0.053969737,0.26106355
45614437603,456144376,3,0,0.34628853,0.08930713,0.048465855,0.5159385
45614448301,456144483,1,0,0.5927408,0.25076875,0.041396648,0.1150938
45616324601,456163246,1,0,0.7425205,0.13957842,0.03486971,0.08303139
6528324002,65283240,2,0,0.00430665,0.07511898,0.023988124,0.89658624
6528898901,65288989,1,0,0.30477136,0.17088945,0.043844607,0.48049453
6535357502,65353575,2,0,0.48227888,0.28833255,0.047711268,0.1816774
6543878802,65438788,2,0,0.15067513,0.1120537,0.041187353,0.6960837
6564652901,65646529,1,0,0.28780043,0.36707404,0.038515557,0.30661
6565041801,65650418,1,0,0.12788855,0.1647517,0.04684543,0.6605143
6565041804,65650418,4,0,0.23330724,0.08095976,0.0907622,0.5949708
6568455101,65684551,1,0,0.4355272,0.43595555,0.04198061,0.08653664
6581721801,65817218,1,0,0.83500755,0.059744395,0.035437815,0.06981034
6581721803,65817218,3,0,0.64458704,0.13243486,0.052479483,0.1704986
6583218302,65832183,2,0,0.03386979,0.038967222,0.024012402,0.90315056
6583317002,65833170,2,0,0.023254948,0.053634264,0.025823852,0.8972869
6583775802,65837758,2,0,0.009515047,0.048391137,0.022888703,0.9192051
6589093701,65890937,1,0,0.60266364,0.23255862,0.039934393,0.12484326
6589093702,65890937,2,0,0.010226973,0.07646113,0.029018145,0.8842938
6591455302,65914553,2,0,0.27896523,0.113640144,0.06486525,0.54252934
6595509901,65955099,1,0,0.01026397,0.8298686,0.02130274,0.13856466
6595509902,65955099,2,0,0.0032124782,0.30655047,0.027825845,0.66241133
6595726401,65957264,1,0,0.6608175,0.15991376,0.039443385,0.13982536
6608955101,66089551,1,0,0.31197897,0.06708423,0.040978193,0.57995856
6613044401,66130444,1,0,0.052134108,0.17707546,0.02447693,0.7463135
6621028901,66210289,1,0,0.12288452,0.058216367,0.036566135,0.782333
6621444701,66214447,1,0,0.029670846,0.045720045,0.026444284,0.89816487
6630284503,66302845,3,0,0.015561715,0.029947985,0.02844662,0.9260437
6631865401,66318654,1,0,0.070634134,0.21627316,0.04056873,0.672524
6631865402,66318654,2,0,0.041110188,0.18468776,0.044062722,0.7301393
6631936302,66319363,2,0,0.2521591,0.09232207,0.0464562,0.6090627
6631942401,66319424,1,0,0.18440476,0.13101554,0.036310986,0.6482687
6631988801,66319888,1,0,0.07752417,0.053819947,0.035227053,0.8334288
6631988802,66319888,2,0,0.06651349,0.061217967,0.031763393,0.8405052
6632618801,66326188,1,0,0.63071513,0.2782095,0.04163493,0.049440417
6632803905,66328039,5,0,0.0002882785,0.002755055,0.01948867,0.97746795
6640141001,66401410,1,0,0.43040103,0.112221226,0.049076486,0.40830126
6645923001,66459230,1,0,0.036585663,0.061143592,0.03336594,0.8689047
6646319001,66463190,1,0,0.18102317,0.1632132,0.034646243,0.6211174
6646325801,66463258,1,0,0.04518484,0.06560068,0.020453265,0.8687612
6646326101,66463261,1,0,0.058992833,0.057945967,0.024547944,0.85851324
6651725601,66517256,1,0,0.34304398,0.071483605,0.04350971,0.5419628
6656140801,66561408,1,0,0.3567672,0.056898516,0.049872953,0.53646123
6657159403,66571594,3,0,0.0010557512,0.00857358,0.01424614,0.97612447
6666184401,66661844,1,0,0.024615826,0.8072071,0.02704791,0.14112905
6666184402,66661844,2,0,0.0060889097,0.4406362,0.03236651,0.5209084
6684740602,66847406,2,0,0.00094181724,0.022036804,0.02104974,0.9559716
6685129304,66851293,4,0,0.00033019145,0.007262713,0.01766807,0.97473913
6685129305,66851293,5,0,0.0008903665,0.011423144,0.013556072,0.9741304
6694886902,66948869,2,0,0.637811,0.19343874,0.044126116,0.124624066
6695284701,66952847,1,0,0.3841788,0.32033807,0.04338559,0.2520975
6695487002,66954870,2,0,0.3273967,0.19937232,0.039650083,0.43358094
6703148002,67031480,2,0,0.6967657,0.092926264,0.037834104,0.17247391
6710121001,67101210,1,0,0.12043231,0.2548383,0.035911977,0.58881736
6710615603,67106156,3,0,0.09777053,0.09786541,0.04343023,0.7609339
6718121403,67181214,3,0,0.0004183512,0.0042309454,0.012157676,0.983193
6718183001,67181830,1,0,0.56012094,0.0806943,0.05046719,0.30871758
6719456601,67194566,1,0,0.07941342,0.121565714,0.026074287,0.77294654
6729490902,67294909,2,0,0.74935675,0.050503496,0.044283025,0.1558567
6729951303,67299513,3,0,0.0001481093,0.0023085927,0.007888074,0.9896552
6735586101,67355861,1,0,0.043168753,0.17778592,0.0347823,0.74426305
6736006601,67360066,1,0,0.7098939,0.19990225,0.035491597,0.0547122
6736006602,67360066,2,0,0.05055961,0.6019828,0.03029792,0.31715977
6736032101,67360321,1,0,0.37381262,0.542932,0.03927089,0.04398437
6736032102,67360321,2,0,0.508626,0.23972718,0.04761909,0.20402768
6736132801,67361328,1,0,0.70241433,0.113244146,0.047569536,0.13677202
6736132802,67361328,2,0,0.5078503,0.11707823,0.06329674,0.3117747
6736228601,67362286,1,0,0.5342367,0.3458563,0.040109895,0.07979707
7218723601,72187236,1,0,0.8735964,0.056759503,0.029023437,0.040620677
7218723602,72187236,2,0,0.26390535,0.40187615,0.03922154,0.2949971
7218723603,72187236,3,0,0.5109071,0.18913943,0.04648251,0.25347087
7229195201,72291952,1,0,0.5267435,0.22697416,0.034086213,0.21219626
7245238701,72452387,1,0,0.38942343,0.26223752,0.040590793,0.3077483
7251991607,72519916,7,0,0.0007705211,0.029898433,0.016787218,0.9525439
7251991608,72519916,8,0,0.00014489528,0.009183079,0.012930021,0.9777421
7251991609,72519916,9,0,0.00016817545,0.0062457444,0.014433035,0.97915304
7253202703,72532027,3,0,0.0028571216,0.01952589,0.014357608,0.96325934
7260860501,72608605,1,0,0.12573786,0.38296595,0.050520957,0.4407753
7261970501,72619705,1,0,0.29048973,0.08615548,0.04022103,0.5831337
7262039501,72620395,1,0,0.39220253,0.1876452,0.03760287,0.3825494
7286987902,72869879,2,0,0.26893726,0.14085609,0.045692187,0.54451454
7287421001,72874210,1,0,0.26718244,0.09116801,0.05170039,0.5899492
7287990501,72879905,1,0,0.47010016,0.14599304,0.046907753,0.33699894
8137854501,81378545,1,0,0.3717413,0.0735229,0.078845866,0.47588998
8138165201,81381652,1,0,0.16437136,0.28931388,0.037967786,0.508347
8138631701,81386317,1,0,0.37675968,0.22910522,0.06851247,0.32562262
8139001001,81390010,1,0,0.011229699,0.78371936,0.026609723,0.17844132
8139001002,81390010,2,0,0.010739243,0.85053796,0.022593064,0.116129644
8151835301,81518353,1,0,0.067571044,0.7910818,0.032279417,0.10906779
8168863103,81688631,3,0,0.55335236,0.11415456,0.05811185,0.27438122
8168863105,81688631,5,0,0.1779243,0.070994936,0.045047395,0.7060333
8168966801,81689668,1,0,0.736586,0.1131601,0.034160037,0.116093785
8175249701,81752497,1,0,0.42814577,0.43390083,0.046354357,0.09159891
8175249702,81752497,2,0,0.01497138,0.295179,0.036862656,0.652987
8182442501,81824425,1,0,0.15721367,0.750008,0.03460143,0.058177017
8182442502,81824425,2,0,0.2365007,0.5748894,0.04146706,0.14714278
8183037701,81830377,1,0,0.41069245,0.2519751,0.036107853,0.3012246
8183109501,81831095,1,0,0.77269596,0.06421816,0.0378522,0.12523364
8191085101,81910851,1,0,0.23810506,0.089842066,0.044997234,0.6270556
8191616601,81916166,1,0,0.7071599,0.049411576,0.047291778,0.19613661
8201023202,82010232,2,0,0.016807241,0.06991971,0.01596521,0.8973078
8201065702,82010657,2,0,0.14781311,0.43092752,0.052600965,0.36865836
8201149102,82011491,2,0,0.29524615,0.103015125,0.039112385,0.56262624
8201293001,82012930,1,0,0.79782486,0.0333461,0.038462482,0.13036653
8216979302,82169793,2,0,0.06038213,0.14523421,0.02451907,0.7698646
8216984502,82169845,2,0,0.15110992,0.7066714,0.040605403,0.10161332
8217155704,82171557,4,0,0.009691094,0.11252377,0.03381292,0.8439722
8233780901,82337809,1,0,0.79673404,0.13752635,0.033368543,0.03237102
8233810502,82338105,2,0,0.07614036,0.10900914,0.029736133,0.7851144
8233935801,82339358,1,0,0.13842808,0.75454986,0.036183678,0.070838444
8233935802,82339358,2,0,0.043326773,0.6727362,0.037046254,0.24689074
8234325601,82343256,1,0,0.14708024,0.7834667,0.03566265,0.033790447
8234325602,82343256,2,0,0.001928356,0.0064900042,0.010443356,0.9811383
8239285201,82392852,1,0,0.1574577,0.0665801,0.048659157,0.72730297
8248985101,82489851,1,0,0.25002494,0.171571,0.04125122,0.5371527
8262072501,82620725,1,0,0.5438164,0.26549634,0.041950878,0.14873627
8262091401,82620914,1,0,0.2010289,0.33123574,0.063874684,0.40386063
8262091402,82620914,2,0,0.114067085,0.16128054,0.06190471,0.6627477
8262091403,82620914,3,0,0.13021703,0.12189394,0.054725405,0.69316363
8268772201,82687722,1,0,0.03916584,0.1307898,0.022403156,0.80764127
8269603103,82696031,3,0,0.0011448961,0.0074547576,0.015308012,0.9760924
8274288101,82742881,1,0,0.80129474,0.057667803,0.03314887,0.10788861
8274318601,82743186,1,0,0.4249869,0.10401312,0.046687387,0.4243125
8274334001,82743340,1,0,0.37106004,0.27677575,0.04388732,0.3082768
8274808501,82748085,1,0,0.6352066,0.09001124,0.047198173,0.227584
8288375101,82883751,1,0,0.683869,0.05997464,0.049361534,0.20679471
8289109703,82891097,3,0,0.028635327,0.04545849,0.03428729,0.89161885
8430596103,84305961,3,0,0.00027348468,0.006285189,0.015496365,0.9779449
8433498804,84334988,4,0,0.0042813024,0.013971858,0.02379869,0.957948
8434052401,84340524,1,0,0.62034756,0.11763464,0.041423608,0.22059417
8434272501,84342725,1,0,0.10993475,0.56881034,0.03743099,0.28382388
8465208502,84652085,2,0,0.49051446,0.06698913,0.05093859,0.39155778
8466113804,84661138,4,0,0.14867309,0.036105193,0.07323308,0.74198866
8471436801,84714368,1,0,0.20028418,0.23356368,0.033104632,0.5330475
8476980202,84769802,2,0,0.37724385,0.09694937,0.04830073,0.47750598
8482600101,84826001,1,0,0.18994935,0.53382874,0.04901183,0.22721009
8482600102,84826001,2,0,0.075457305,0.28637677,0.049632292,0.58853364
28435975602,284359756,2,0,0.55287004,0.12009141,0.0433119,0.28372663
28436015601,284360156,1,0,0.1618692,0.03274642,0.0506932,0.7546912
28456423001,284564230,1,0,0.8944945,0.042179774,0.027663244,0.03566242
28466554202,284665542,2,0,0.5789333,0.14694798,0.051917866,0.22220069
28475102501,284751025,1,0,0.467138,0.0657933,0.052466493,0.41460228
28530401902,285304019,2,0,0.012610362,0.029209992,0.023329688,0.9348499
28530650203,285306502,3,0,0.0059766313,0.034594793,0.023986006,0.9354425
28541414201,285414142,1,0,0.5101011,0.29961896,0.041051555,0.14922848
28541414203,285414142,3,0,0.62082875,0.1624474,0.046775274,0.16994867
28541486901,285414869,1,0,0.7462469,0.17431614,0.038074274,0.04136263
28541486902,285414869,2,0,0.35450822,0.40894762,0.04820357,0.18834053
28541741103,285417411,3,0,0.0024662346,0.026637724,0.014108459,0.9567876
28567448501,285674485,1,0,0.19909969,0.60588545,0.03940789,0.155607
28567485601,285674856,1,0,0.79795754,0.10140493,0.033016603,0.06762097
28579674601,285796746,1,0,0.05303083,0.19080092,0.033509996,0.7226582
28579674603,285796746,3,0,0.028539151,0.2995292,0.031038648,0.640893
28586451704,285864517,4,0,0.7169906,0.073197946,0.03485453,0.17495707
28587439801,285874398,1,0,0.038042683,0.032824807,0.04904893,0.8800835
28590833202,285908332,2,0,0.0056050797,0.057453036,0.02041069,0.9165312
28591387001,285913870,1,0,0.3058296,0.19847947,0.044332996,0.45135787
28610583202,286105832,2,0,0.7052232,0.17115888,0.031657185,0.09196063
28612578305,286125783,5,0,0.09605622,0.15771937,0.036570963,0.7096535
28621889804,286218898,4,0,0.7313833,0.04228256,0.04176766,0.18456641
28628443201,286284432,1,0,0.32091597,0.23154579,0.05002233,0.3975159
28629059504,286290595,4,0,0.15050972,0.08539694,0.06891539,0.6951779
28629059604,286290596,4,0,0.553071,0.08411258,0.06501709,0.29779932
28632191101,286321911,1,0,0.65369,0.083337374,0.040667295,0.22230546
28632389001,286323890,1,0,0.04267841,0.104196064,0.026355274,0.8267703
28632458301,286324583,1,0,0.25661778,0.60701704,0.041783653,0.094581574
28632458302,286324583,2,0,0.06757972,0.24430087,0.03385316,0.65426624
28640567401,286405674,1,0,0.030857932,0.32590675,0.03535524,0.6078801
28640576303,286405763,3,0,0.058046512,0.033677634,0.060574695,0.84770113
28640583201,286405832,1,0,0.40848148,0.20962624,0.044792,0.33710033
28641267102,286412671,2,0,0.08870444,0.10784844,0.030009717,0.7734373
28647242305,286472423,5,0,0.0052457848,0.019263467,0.03335917,0.9421316
28656054102,286560541,2,0,0.016450984,0.025478382,0.032265637,0.925805
28656112201,286561122,1,0,0.28344864,0.29964244,0.047848787,0.36906016
28656112202,286561122,2,0,0.5090666,0.12117681,0.051728826,0.3180277
28656140103,286561401,3,0,0.00017005202,0.004655726,0.0104195615,0.9847546
28656408505,286564085,5,0,0.038721263,0.023773758,0.047708947,0.88979596
28656674101,286566741,1,0,0.644438,0.20849778,0.037496407,0.10956779
28657403301,286574033,1,0,0.044503227,0.049783867,0.030902794,0.87481004
28660035401,286600354,1,0,0.37803605,0.41794738,0.046001423,0.15801509
28660035402,286600354,2,0,0.014541267,0.11024452,0.023516586,0.8516977
28662221702,286622217,2,0,0.38583863,0.061001554,0.04310312,0.51005673
28668606001,286686060,1,0,0.07611976,0.18303718,0.02638446,0.71445864
28669712003,286697120,3,0,0.24331166,0.14950658,0.046698116,0.56048375
28670346402,286703464,2,0,0.0029258523,0.031190882,0.019031491,0.9468518
28678052301,286780523,1,0,0.019236619,0.05930364,0.02037965,0.9010801
28680258501,286802585,1,0,0.30040523,0.15586986,0.05978043,0.4839445
28684580201,286845802,1,0,0.48896903,0.085198045,0.043984007,0.38184893
28684580202,286845802,2,0,0.2159178,0.13921747,0.031041356,0.6138234
28684597501,286845975,1,0,0.2808504,0.065267235,0.04409835,0.60978395
28690559701,286905597,1,0,0.050296113,0.06869183,0.029083366,0.8519287
28690672401,286906724,1,0,0.63297635,0.09670863,0.04785445,0.22246057
28692164201,286921642,1,0,0.16860458,0.11072683,0.053868145,0.6668005
28695163301,286951633,1,0,0.9231647,0.04152741,0.021778679,0.01352919
28695163302,286951633,2,0,0.51917547,0.33549032,0.04192237,0.10341188
28695443002,286954430,2,0,0.058992438,0.14300746,0.03346273,0.7645373
28695443004,286954430,4,0,0.07312167,0.33763698,0.032286353,0.556955
28700787401,287007874,1,0,0.033755824,0.032543942,0.030552275,0.90314794
28701165401,287011654,1,0,0.13854127,0.04856822,0.041074537,0.7718159
28705942601,287059426,1,0,0.30179816,0.07754773,0.04666958,0.5739846
28706116901,287061169,1,0,0.29668173,0.063999444,0.043842442,0.5954764
28706348901,287063489,1,0,0.57549155,0.07447881,0.055121787,0.2949079
28706862601,287068626,1,0,0.78174126,0.049457207,0.034320742,0.13448079
28708009201,287080092,1,0,0.8480876,0.042534687,0.029377455,0.08000028
28713983001,287139830,1,0,0.060233343,0.025239825,0.049569555,0.8649572
28818279501,288182795,1,0,0.6427263,0.26273236,0.039470576,0.055070795
28818513801,288185138,1,0,0.83414656,0.09010791,0.034647364,0.04109816
28826825901,288268259,1,0,0.124544226,0.12275147,0.040857427,0.7118469
28831284001,288312840,1,0,0.15638986,0.3973259,0.05254717,0.39373708
28831679701,288316797,1,0,0.07189685,0.052427676,0.028612819,0.84706265
28831754301,288317543,1,0,0.024683118,0.18728065,0.050996277,0.7370399
28831754302,288317543,2,0,0.015009084,0.12078869,0.043238897,0.8209634
28831754304,288317543,4,0,0.021266745,0.061980113,0.030033372,0.8867197
28831754305,288317543,5,0,0.0144109,0.12906784,0.04945878,0.80706257
28831754306,288317543,6,0,0.018990934,0.17327164,0.052091602,0.7556459
28831754307,288317543,7,0,0.011769178,0.15867794,0.046071164,0.7834817
28834677702,288346777,2,0,0.0013603115,0.12820584,0.02366921,0.8467647
28838000201,288380002,1,0,0.9948117,2.3644309e-09,2.378692e-06,0.005185876
28839162801,288391628,1,0,0.6775348,0.115605794,0.04082778,0.16603158
28850779704,288507797,4,0,0.00013160244,0.00317328,0.014845394,0.98184973
28851070002,288510700,2,0,0.03532839,0.083538614,0.026001897,0.85513115
28860242901,288602429,1,0,0.0048018196,0.022886395,0.011244584,0.9610672
28863270402,288632704,2,0,0.015706569,0.056195658,0.021626398,0.90647143
28863494803,288634948,3,0,0.03358276,0.008280526,4.0900937e-05,0.95809585
28863568602,288635686,2,0,0.0058745407,0.07846318,0.034507155,0.8811551
28863587102,288635871,2,0,0.6540517,0.040327046,0.029540224,0.27608106
28873909503,288739095,3,0,0.0023324932,0.020085555,0.014388588,0.96319336
28880062001,288800620,1,0,0.34042278,0.1134198,0.045316484,0.500841
28880675001,288806750,1,0,0.09759176,0.07977123,0.032324716,0.7903122
28885584802,288855848,2,0,0.8392416,0.07086267,0.030112237,0.059783548
28885584803,288855848,3,0,0.693801,0.18599524,0.03468135,0.08552241
28885589201,288855892,1,0,0.24622345,0.321386,0.035963528,0.39642698
28885959101,288859591,1,0,0.099873014,0.14809068,0.02962146,0.7224148
28904441201,289044412,1,0,0.38034394,0.3461811,0.042578407,0.23089659
28908768106,289087681,6,0,0.0070562526,0.009878205,0.05549082,0.9275747
28908903501,289089035,1,0,0.200167,0.07850435,0.03708686,0.6842418
28908947703,289089477,3,0,0.08191074,0.042436343,0.05065066,0.82500225
28909547401,289095474,1,0,0.114411175,0.80459356,0.03560703,0.0453882
28909547402,289095474,2,0,0.0019638091,0.15531021,0.023605539,0.8191205
28913763001,289137630,1,0,0.2105559,0.036579546,0.042804807,0.7100597
28913793201,289137932,1,0,0.3286736,0.19668357,0.04008436,0.4345584
28913793202,289137932,2,0,0.4128455,0.12789264,0.043635793,0.41562602
28920605801,289206058,1,0,0.83594465,0.108879715,0.034169793,0.021005847
28920606001,289206060,1,0,0.8531727,0.094854504,0.033121735,0.01885103
28935833001,289358330,1,0,0.12317043,0.10141316,0.037218187,0.7381982
28945071101,289450711,1,0,0.35046712,0.096723355,0.049418878,0.5033906
28945095602,289450956,2,0,0.0037309427,0.040867012,0.014236947,0.941165
28953932701,289539327,1,0,0.9647788,0.01267653,0.016364723,0.0061798617
28957055901,289570559,1,0,0.5302528,0.0088333255,0.027591154,0.43332267
28966556401,289665564,1,0,0.23636141,0.10473215,0.041682776,0.6172236
28990635103,289906351,3,0,0.00017176614,0.004027954,0.013480086,0.98232025
28994110304,289941103,4,0,0.11927544,0.1253889,0.06974981,0.68558574
29356720601,293567206,1,0,0.7009206,0.17411307,0.035570096,0.08939616
29356720602,293567206,2,0,0.05864104,0.1795593,0.036978588,0.724821
29764707504,297647075,4,0,0.0059058666,0.04655485,0.030243706,0.91729563
29764707505,297647075,5,0,0.010750836,0.04034378,0.03231617,0.91658914
29769409904,297694099,4,0,0.0001545678,0.0039371173,0.016943388,0.9789649
29769697801,297696978,1,0,0.063880734,0.082460545,0.028679296,0.8249793
29769697802,297696978,2,0,0.01261489,0.057142418,0.022066277,0.9081764
29777536402,297775364,2,0,0.3416366,0.0971185,0.06443621,0.4968087
29789954801,297899548,1,0,0.47017443,0.35338622,0.04277714,0.1336621
29789954802,297899548,2,0,0.2267404,0.46272838,0.044340808,0.26619038
29789956405,297899564,5,0,0.008097722,0.2482528,0.014643035,0.72900635
29841282901,298412829,1,0,0.102160566,0.18220523,0.030709252,0.684925
29873405101,298734051,1,0,0.04353306,0.07877928,0.029246818,0.84844077
29873405102,298734051,2,0,0.0451435,0.057733085,0.027095348,0.8700281
29873543403,298735434,3,0,0.00034157696,0.004925003,0.01770009,0.9770333
29873543404,298735434,4,0,0.00040161688,0.0054851477,0.021869741,0.9722434
29949475402,299494754,2,0,0.000775741,0.030542228,0.012327469,0.9563546
34991969003,349919690,3,0,0.002306265,0.010375047,0.01733188,0.96998686
34997869602,349978696,2,0,0.00043399725,0.0018010839,0.009080778,0.9886841
35013123903,350131239,3,0,0.050405506,0.09410852,0.035638522,0.81984746
35136132701,351361327,1,0,0.7227068,0.087691866,0.034439944,0.15516135
35146729703,351467297,3,0,9.558565e-05,0.0034762048,0.010664902,0.9857634
35146729704,351467297,4,0,9.5513635e-05,0.003481909,0.010107477,0.9863151
35188327203,351883272,3,0,0.010130177,0.050506625,0.01924392,0.9201193
35211042303,352110423,3,0,0.77401096,0.07373904,0.043243084,0.10900683
35211706903,352117069,3,0,0.015290702,0.08884245,0.037197337,0.8586694
35227985701,352279857,1,0,0.44843453,0.0920867,0.044340342,0.4151385
35228070201,352280702,1,0,0.06945459,0.47643432,0.033501543,0.42060953
35228070202,352280702,2,0,0.33057812,0.29594326,0.049738728,0.32373992
35243028107,352430281,7,0,0.03193292,0.033013243,0.05268465,0.88236916
35268502301,352685023,1,0,0.22445904,0.06998609,0.05301572,0.6525392
35283537802,352835378,2,0,0.3686412,0.1953837,0.0395437,0.3964314
35290690602,352906906,2,0,0.0035802831,0.013973051,0.020213531,0.9622331
35292283001,352922830,1,0,0.15244897,0.10450215,0.045146354,0.6979025
35292493001,352924930,1,0,0.74296206,0.06431654,0.040307984,0.1524134
35292756101,352927561,1,0,0.7292405,0.18524732,0.038068715,0.04744343
35292756102,352927561,2,0,0.2160845,0.44131827,0.041302826,0.3012945
35293977402,352939774,2,0,0.30140674,0.09400265,0.04398818,0.5606025
35295677602,352956776,2,0,0.10954519,0.20667732,0.036772795,0.6470046
35301072701,353010727,1,0,0.53545636,0.19810668,0.035382204,0.23105466
35307043102,353070431,2,0,0.83697957,0.050343517,0.0383928,0.07428404
35307489204,353074892,4,0,0.00040659748,0.010479099,0.01749527,0.971619
35307489205,353074892,5,0,0.00043110378,0.010253303,0.016887186,0.9724283
35308139301,353081393,1,0,0.3442981,0.4873103,0.036669254,0.13172236
35312991101,353129911,1,0,0.36771393,0.47251448,0.03994838,0.11982318
35317077901,353170779,1,0,0.6564658,0.16548412,0.043056082,0.13499399
35317077902,353170779,2,0,0.021743042,0.09732745,0.03127623,0.84965324
35320203504,353202035,4,0,0.6486151,0.08883739,0.040633563,0.22191395
35323985204,353239852,4,0,0.07585526,0.061151206,0.06383846,0.79915494
35323985205,353239852,5,0,0.15922548,0.060077254,0.06391014,0.71678704
35325504502,353255045,2,0,0.005438653,0.03781178,0.031084478,0.925665
35331817801,353318178,1,0,0.13724823,0.052869823,0.042857867,0.7670241
35332572001,353325720,1,0,0.13843632,0.15003647,0.025354251,0.6861729
35338206901,353382069,1,0,0.24678999,0.16510999,0.033807956,0.5542921
35347178001,353471780,1,0,0.7643948,0.16444498,0.0346824,0.03647774
35348721001,353487210,1,0,0.037307873,0.09020485,0.031689446,0.84079784
35348721002,353487210,2,0,0.020837365,0.07419689,0.029189926,0.87577575
35354108502,353541085,2,0,0.72576916,0.12563978,0.036247816,0.11234312
35354108503,353541085,3,0,0.31107178,0.18211009,0.043027785,0.46379045
35354143301,353541433,1,0,0.197718,0.60246277,0.042793985,0.15702508
35354143302,353541433,2,0,0.06065359,0.81743,0.030230047,0.09168628
35360502501,353605025,1,0,0.05680111,0.14987223,0.0307416,0.76258504
35360555501,353605555,1,0,0.4956034,0.35215622,0.04230967,0.10993071
35360555502,353605555,2,0,0.11955923,0.17112403,0.040033292,0.6692835
35360555503,353605555,3,0,0.3051754,0.33276802,0.042678725,0.3193779
35360648402,353606484,2,0,0.29109412,0.066898435,0.043580107,0.5984274
35369248204,353692482,4,0,0.6457998,0.1482123,0.04301521,0.16297261
35377878801,353778788,1,0,0.07917393,0.21871947,0.039120838,0.6629857
35377878802,353778788,2,0,0.12243585,0.2417695,0.044745047,0.5910496
35377878803,353778788,3,0,0.003733692,0.02395321,0.03158957,0.9407234
35378244501,353782445,1,0,0.86294824,0.038461693,0.030569993,0.06802018
35384010202,353840102,2,0,0.056162693,0.053755775,0.044553176,0.84552836
35388063801,353880638,1,0,0.5844113,0.32017872,0.04023292,0.055176925
35388455701,353884557,1,0,0.4356688,0.08059145,0.04865157,0.4350882
35393462001,353934620,1,0,0.08726173,0.1336302,0.030372716,0.74873537
35393791601,353937916,1,0,0.14187339,0.061040577,0.04815509,0.748931
35396011902,353960119,2,0,0.0014434376,0.010523534,0.0292583,0.95877475
35402341402,354023414,2,0,0.19104372,0.6216142,0.04755593,0.13978615
35413299802,354132998,2,0,0.07448835,0.07779726,0.036890298,0.81082416
35417550702,354175507,2,0,0.39466494,0.05363281,0.06908753,0.48261476
35417835801,354178358,1,0,0.19276506,0.31338742,0.03985773,0.45398977
35417941301,354179413,1,0,0.09173726,0.1325601,0.02891992,0.7467827
35427414301,354274143,1,0,0.7520485,0.13000534,0.031683914,0.08626238
35427702602,354277026,2,0,0.40779737,0.08451518,0.05360878,0.45407864
35429139604,354291396,4,0,0.10452432,0.3281811,0.06178091,0.50551367
35429139606,354291396,6,0,0.023087714,0.06683098,0.026250787,0.88383055
35434961501,354349615,1,0,0.5758967,0.30770224,0.042474996,0.07392604
35434984001,354349840,1,0,0.54436153,0.28846338,0.04296237,0.12421265
35441698201,354416982,1,0,0.12092171,0.7266726,0.033986855,0.11841866
35469587301,354695873,1,0,0.5229177,0.3971796,0.043840487,0.03606233
35469587303,354695873,3,0,0.009311381,0.17089058,0.030438013,0.7893601
35478555302,354785553,2,0,0.11319493,0.56833273,0.051945653,0.26652673
35478555307,354785553,7,0,0.023001207,0.07292071,0.021385409,0.8826927
35479199903,354791999,3,0,0.0052023875,0.05581009,0.017533619,0.92145383
35479240401,354792404,1,0,0.3106916,0.17294832,0.034595363,0.48176467
35483203502,354832035,2,0,0.595767,0.07943624,0.05077458,0.27402213
35483207003,354832070,3,0,0.0053079445,0.055082127,0.02044612,0.9191638
35486773002,354867730,2,0,0.0013698542,0.014270533,0.029206928,0.9551526
35495947701,354959477,1,0,0.14913933,0.40989852,0.051601343,0.38936082
35495947702,354959477,2,0,0.006578088,0.050801415,0.01605206,0.92656845
35496906302,354969063,2,0,0.23058473,0.097241096,0.043332174,0.6288419
35501056002,355010560,2,0,0.18876387,0.62828976,0.04372312,0.13922322
35501056202,355010562,2,0,0.24493532,0.5942115,0.04164725,0.11920595
35524028304,355240283,4,0,7.281337e-06,3.5577534e-11,1.834925e-13,0.99999267
35524028308,355240283,8,0,0.055600353,0.026967878,0.019742101,0.89768964
35524441001,355244410,1,0,0.7595395,0.07747352,0.032985922,0.13000105
35534419701,355344197,1,0,0.25053883,0.27745062,0.053603906,0.4184066
35534419703,355344197,3,0,0.0041558766,0.02085449,0.016720612,0.95826894
35549679203,355496792,3,0,0.20491865,0.114893235,0.036477532,0.6437105
35549976001,355499760,1,0,0.23178084,0.1304664,0.04776591,0.5899868
35556980901,355569809,1,0,0.7962778,0.14637317,0.033114064,0.024234964
35589329301,355893293,1,0,0.030131785,0.045061108,0.026555032,0.898252
35593322601,355933226,1,0,0.12602253,0.1050332,0.036113217,0.73283106
35601536101,356015361,1,0,0.28033012,0.6170563,0.036368515,0.066245064
35601536102,356015361,2,0,0.029804498,0.36447838,0.030222,0.57549506
35603089701,356030897,1,0,0.34677628,0.285844,0.03914008,0.32823962
35611000002,356110000,2,0,0.11312706,0.062303822,0.048400924,0.7761682
35611000003,356110000,3,0,0.09993189,0.05387353,0.0589305,0.78726417
35621170901,356211709,1,0,0.51715356,0.13068904,0.056074485,0.29608285
35632248903,356322489,3,0,0.0005237337,0.00612687,0.009219924,0.9841294
35638424001,356384240,1,0,0.2679945,0.37725696,0.039191358,0.31555724
35646540801,356465408,1,0,0.17014281,0.1737489,0.046507128,0.60960114
35646540802,356465408,2,0,0.038434133,0.09058682,0.0386313,0.83234763
35646835304,356468353,4,0,0.0032865412,0.029705795,0.02147842,0.9455292
35647080701,356470807,1,0,0.43811354,0.27661008,0.049925424,0.23535095
35649205101,356492051,1,0,0.50429076,0.0797775,0.051630083,0.36430174
35659594301,356595943,1,0,0.26244262,0.24881834,0.03390403,0.45483497
35659971204,356599712,4,0,0.005194599,0.021261549,0.017039526,0.9565043
35664156802,356641568,2,0,0.004452264,0.09851767,0.02370062,0.87332946
35689474801,356894748,1,0,0.020299328,0.92272586,0.02039051,0.036584295
35689474802,356894748,2,0,0.036928825,0.8739106,0.024247296,0.0649132
35689656101,356896561,1,0,0.009760046,0.89178234,0.017972404,0.080485165
35689656102,356896561,2,0,0.001094785,0.0394125,0.014417108,0.94507563
35703156301,357031563,1,0,0.079457715,0.2550368,0.06461548,0.60089
35704553805,357045538,5,0,0.00035997626,0.0030360923,0.035125185,0.9614787
35704707701,357047077,1,0,0.3714156,0.42918006,0.039190706,0.1602136
35759185601,357591856,1,0,0.72977793,0.08844418,0.041541014,0.1402369
35759685902,357596859,2,0,0.13129497,0.087175526,0.05877544,0.7227541
35766766307,357667663,7,0,6.218063e-05,0.0017211961,0.009048735,0.9891679
35767940201,357679402,1,0,0.88981783,0.03342597,0.024423905,0.052332345
35768599901,357685999,1,0,0.030832529,0.37325105,0.042529427,0.55338705
35768599902,357685999,2,0,0.029111022,0.37332714,0.042320807,0.555241
35773726601,357737266,1,0,0.6762535,0.141459,0.03957036,0.14271715
35773862703,357738627,3,0,0.022425931,0.04103541,0.044980742,0.891558
35773862704,357738627,4,0,0.0077464,0.016686872,0.025794653,0.94977206
35774093701,357740937,1,0,0.25903726,0.08851112,0.04576751,0.6066841
35774151401,357741514,1,0,0.104491524,0.44722116,0.063210614,0.38507673
35774151402,357741514,2,0,0.085371114,0.4125552,0.059655152,0.44241858
35774436901,357744369,1,0,0.025582137,0.7162198,0.031800598,0.2263974
35774436902,357744369,2,0,0.005769969,0.41509566,0.030908773,0.54822546
12287994602,122879946,2,0,0.30771852,0.1745512,0.07876387,0.4389663
12287994605,122879946,5,0,0.091285095,0.115613565,0.066424094,0.7266772
12288294301,122882943,1,0,0.7541612,0.17156759,0.03898645,0.035284884
12573748404,125737484,4,0,0.11692817,0.0473352,0.04034494,0.7953917
12575520501,125755205,1,0,0.27246404,0.113646634,0.04063345,0.57325584
12575521702,125755217,2,0,0.091634385,0.059114724,0.048818927,0.80043185
12584096904,125840969,4,0,0.00015310978,0.0050596725,0.010193282,0.98459387
12609835602,126098356,2,0,0.53130347,0.07806906,0.05281978,0.33780774
12750566202,127505662,2,0,0.55754906,0.12121317,0.036904044,0.28433368
12758847403,127588474,3,0,0.15994328,0.1367134,0.036078937,0.6672644
12763351201,127633512,1,0,0.17123267,0.6648726,0.03740472,0.12648995
12763384901,127633849,1,0,0.12267191,0.1561703,0.045336485,0.6758213
12763384902,127633849,2,0,0.045814108,0.1294244,0.037036568,0.78772485
12775462602,127754626,2,0,0.3470778,0.044235818,0.060213055,0.54847336
12775852601,127758526,1,0,0.19416034,0.17801833,0.035147194,0.59267414
12775918901,127759189,1,0,0.48026055,0.2537044,0.039679125,0.22635593
12776112001,127761120,1,0,0.03703284,0.2068682,0.02649062,0.72960836
12776396301,127763963,1,0,0.019586174,0.06318045,0.029643225,0.8875901
12776396302,127763963,2,0,0.053808417,0.10331895,0.02799044,0.8148822
12783612901,127836129,1,0,0.8469892,0.093476415,0.031078462,0.028455898
12784040901,127840409,1,0,0.6042176,0.27997768,0.038171686,0.07763308
12796089902,127960899,2,0,0.5706146,0.17031553,0.053764664,0.20530525
12796542001,127965420,1,0,0.3399483,0.084737375,0.042853165,0.5324611
12802381305,128023813,5,0,0.20807193,0.04991263,0.055598523,0.6864169
13708168402,137081684,2,0,0.26068884,0.093282476,0.047658265,0.5983703
13708518607,137085186,7,0,0.00023668447,0.003499665,0.014914142,0.9813495
13720417301,137204173,1,0,0.07388624,0.73535514,0.02584139,0.16491722
13720417302,137204173,2,0,0.01731297,0.4563145,0.024132656,0.5022399
13726277003,137262770,3,0,0.42372417,0.06659951,0.046960182,0.46271613
13726681801,137266818,1,0,0.65684503,0.20892201,0.049745824,0.084487006
13726681802,137266818,2,0,0.6010342,0.30738422,0.03812017,0.053461406
13732140002,137321400,2,0,0.16163099,0.7594301,0.035493843,0.043445114
13732245101,137322451,1,0,0.70406723,0.10521239,0.03957759,0.1511427
13732245102,137322451,2,0,0.025354533,0.082934976,0.030344108,0.86136645
13732662911,137326629,11,0,0.058134973,0.17269379,0.031483043,0.73768824
13732886102,137328861,2,0,0.0025696445,0.05649607,0.011880187,0.9290541
13732886103,137328861,3,0,0.008065286,0.27894732,0.023342693,0.68964475
13733599501,137335995,1,0,0.081353776,0.16269751,0.03030141,0.7256474
13739275801,137392758,1,0,0.30011222,0.08414291,0.081572175,0.53417265
13739446706,137394467,6,0,0.013211122,0.033475377,0.027086724,0.92622674
13739985904,137399859,4,0,0.00037033804,0.008116046,0.01252331,0.9789904
13741647202,137416472,2,0,0.033271525,0.117261186,0.021168508,0.8282988
13802552101,138025521,1,0,0.5125615,0.25631458,0.03826623,0.19285762
13810779703,138107797,3,0,0.00010719663,0.003559204,0.010791989,0.9855415
13835181104,138351811,4,0,0.0017430772,0.016435945,0.016486598,0.96533436
13840107908,138401079,8,0,0.00018087802,0.0035150785,0.013363565,0.9829405
13841928001,138419280,1,0,0.35786146,0.08806499,0.047644194,0.5064294
13842194306,138421943,6,0,7.9746984e-05,0.0018817219,0.006957852,0.9910807
13842194307,138421943,7,0,0.00012159964,0.001852872,0.0099844,0.98804104
13842273501,138422735,1,0,0.6330002,0.112718046,0.04601775,0.20826404
14062743701,140627437,1,0,0.33115706,0.52218497,0.03710021,0.1095577
14062743702,140627437,2,0,0.12237598,0.6226253,0.03383602,0.2211628
14071162601,140711626,1,0,0.008857299,0.027697623,0.018826857,0.94461817
14071289806,140712898,6,0,0.016467026,0.026317218,0.08704543,0.8701703
14073496902,140734969,2,0,0.22034031,0.18909676,0.03472289,0.55583996
14077798001,140777980,1,0,0.11952408,0.07340358,0.03279057,0.7742818
14080499901,140804999,1,0,0.055434212,0.309748,0.035097644,0.59972024
14086309401,140863094,1,0,0.23637353,0.59679794,0.04546679,0.12136178
14086329401,140863294,1,0,0.3921092,0.1989751,0.04449179,0.36442396
14086558001,140865580,1,0,0.42015904,0.13865355,0.04495885,0.3962285
14091261301,140912613,1,0,0.019766487,0.13157803,0.033796396,0.8148591
14093163904,140931639,4,0,0.000101232836,0.0034840899,0.009502947,0.9869117
14093480504,140934805,4,0,0.00011586943,0.0042088376,0.009493191,0.98618203
14096288901,140962889,1,0,0.6054923,0.045523178,0.044004817,0.30497965
14096721701,140967217,1,0,0.030988554,0.17722271,0.025977068,0.7658116
14161286302,141612863,2,0,0.4909843,0.15075502,0.052118495,0.30614227
14161320202,141613202,2,0,0.0138223255,0.15413168,0.020161998,0.81188405
14208824602,142088246,2,0,8.118167e-08,5.5656977e-09,5.933897e-08,0.9999998
14210169001,142101690,1,0,0.27498245,0.22534506,0.033715818,0.4659566
14215376201,142153762,1,0,0.022215053,0.02867828,0.0933318,0.85577494
14345571701,143455717,1,0,0.27826747,0.28853846,0.0442523,0.38894182
14349935101,143499351,1,0,0.11438516,0.04717229,0.04010456,0.79833794
14363439501,143634395,1,0,0.3483449,0.1360796,0.03544721,0.4801284
14363495701,143634957,1,0,0.40134642,0.19200012,0.035239283,0.3714142
14363523902,143635239,2,0,0.7237578,0.11507189,0.0360955,0.12507468
14364531401,143645314,1,0,0.86724794,0.043043785,0.031295322,0.05841292
14374848101,143748481,1,0,0.27438018,0.2075833,0.04153947,0.47649714
14380725601,143807256,1,0,0.29714286,0.06656369,0.05169869,0.58459467
14381351001,143813510,1,0,0.82840407,0.064570986,0.035959408,0.07106556
14386407001,143864070,1,0,0.11049677,0.093572,0.054646917,0.7412843
14386958003,143869580,3,0,0.0005551414,0.0078298915,0.010624019,0.980991
14386994201,143869942,1,0,0.06586537,0.1613056,0.02526784,0.7475613
14387262701,143872627,1,0,0.10711996,0.79492104,0.037508886,0.060450073
14395495101,143954951,1,0,0.6895215,0.18180472,0.03682217,0.091851644
14396265201,143962652,1,0,0.71691287,0.07285761,0.033028018,0.17720146
14396266301,143962663,1,0,0.51059866,0.29950407,0.038159303,0.15173784
14396767801,143967678,1,0,0.3366986,0.15847988,0.064431444,0.44039014
14400687401,144006874,1,0,0.90116495,0.021811312,0.028431838,0.048591897
14400796701,144007967,1,0,0.06504963,0.08673537,0.043838985,0.80437595
14401311301,144013113,1,0,0.49019697,0.22130035,0.051022537,0.23748021
14401311302,144013113,2,0,0.32443368,0.47856456,0.053604458,0.14339733
14821166801,148211668,1,0,0.26927075,0.44854087,0.048837762,0.23335059
14825492701,148254927,1,0,0.23434983,0.13018699,0.038624823,0.5968383
14828785205,148287852,5,0,0.06719927,0.041484095,0.039388545,0.85192806
14839223001,148392230,1,0,0.2583066,0.64405006,0.036747366,0.060896132
14839223002,148392230,2,0,0.0030190984,0.021711357,0.012868563,0.962401
14839296505,148392965,5,0,0.1024403,0.1013458,0.044148967,0.752065
14843892501,148438925,1,0,0.11064235,0.0850879,0.03207853,0.7721912
14844251501,148442515,1,0,0.24434423,0.19322643,0.03684168,0.52558756
14844565801,148445658,1,0,0.0097836,0.04615988,0.03545814,0.90859836
14847040901,148470409,1,0,0.067510776,0.836791,0.030490633,0.06520739
14857449701,148574497,1,0,0.014470894,0.073601484,0.03098491,0.8809427
14985922201,149859222,1,0,0.14324008,0.070042945,0.042446937,0.74426997
14991008903,149910089,3,0,0.0023678993,0.010460996,0.019145831,0.9680253
15029591601,150295916,1,0,0.41762245,0.14378524,0.043402057,0.39519036
15031459101,150314591,1,0,0.3693311,0.328374,0.036881827,0.26541314
15471836101,154718361,1,0,0.7303639,0.090710826,0.0386969,0.14022833
15478988805,154789888,5,0,0.012206086,0.017920166,0.022698767,0.94717497
15484046101,154840461,1,0,0.7164382,0.1487105,0.03850186,0.09634952
15487237501,154872375,1,0,0.9549029,0.01601453,0.017212324,0.011870252
15490691901,154906919,1,0,0.38911536,0.27952856,0.046845302,0.28451085
15490821404,154908214,4,0,0.0008026959,0.0076371823,0.022017494,0.9695427
15492401102,154924011,2,0,0.00046063916,0.0044290978,0.03306189,0.9620484
15492401104,154924011,4,0,0.0031055105,0.009903631,0.05226942,0.93472135
15492509101,154925091,1,0,0.0052935975,0.019964954,0.06093287,0.9138086
15492736401,154927364,1,0,0.71966976,0.18806382,0.0352009,0.057065476
15535456005,155354560,5,0,0.050581895,0.09084169,0.02884591,0.8297305
15540003601,155400036,1,0,0.051658124,0.24205871,0.04867124,0.6576119
15547980902,155479809,2,0,0.78358465,0.12774055,0.04128852,0.04738634
15560127803,155601278,3,0,0.0805443,0.031201247,0.036927283,0.85132706
15566477802,155664778,2,0,0.048488054,0.8689037,0.025837628,0.056770585
15579409502,155794095,2,0,0.131719,0.5275346,0.040543683,0.30020273
15579409504,155794095,4,0,0.15583323,0.10933298,0.034120433,0.70071334
15579410102,155794101,2,0,0.44524613,0.43625954,0.044243746,0.07425061
15579859901,155798599,1,0,0.64346427,0.22182824,0.040251903,0.094455525
15586008601,155860086,1,0,0.18892716,0.52441204,0.03379434,0.2528664
15586008602,155860086,2,0,0.07201602,0.5439332,0.027096987,0.3569539
15590769601,155907696,1,0,0.17621367,0.43682507,0.038126566,0.3488348
15590769602,155907696,2,0,0.29245272,0.42618102,0.04183034,0.23953597
15608935702,156089357,2,0,0.2062249,0.0881737,0.071246244,0.63435507
15609790001,156097900,1,0,0.8377433,0.08300924,0.031517416,0.04772994
15620124005,156201240,5,0,0.0007061789,0.005507256,0.021761531,0.972025
8489619904,84896199,4,0,0.011502308,0.013140653,0.047688145,0.9276689
8489929801,84899298,1,0,0.80096686,0.0780717,0.04124434,0.07971718
8498907001,84989070,1,0,0.4040615,0.20750038,0.04363093,0.3448071
8499065001,84990650,1,0,0.796261,0.041996088,0.035877,0.12586586
8503159801,85031598,1,0,0.56840664,0.23815466,0.035685636,0.157753
8503237701,85032377,1,0,0.108604826,0.12044248,0.032719277,0.7382334
8537355901,85373559,1,0,0.35259593,0.45415068,0.041601885,0.15165156
8537355902,85373559,2,0,0.15858312,0.46015555,0.039014403,0.34224698
8561586904,85615869,4,0,0.0026737258,0.033892415,0.015402695,0.9480312
8561671702,85616717,2,0,0.5468382,0.12197267,0.05975036,0.2714387
8562305602,85623056,2,0,0.03760553,0.08581253,0.02754018,0.84904176
8562947304,85629473,4,0,0.00032552212,0.0073993527,0.012883611,0.9793916
8566278701,85662787,1,0,0.052798748,0.28308013,0.037978493,0.6261426
8566278702,85662787,2,0,0.08644352,0.2838109,0.03832749,0.5914182
8566278704,85662787,4,0,0.0035990933,0.027099542,0.021667715,0.9476337
8566366301,85663663,1,0,0.0013770908,0.020687621,0.021318872,0.95661646
8566877902,85668779,2,0,0.020659242,0.093070336,0.023289785,0.8629806
8566918001,85669180,1,0,0.29306725,0.16804332,0.050085153,0.4888043
8566918002,85669180,2,0,0.074040905,0.14357658,0.036020428,0.7463621
8567145101,85671451,1,0,0.06585157,0.11580811,0.036253788,0.7820866
8569341701,85693417,1,0,0.18378739,0.25381735,0.045506906,0.51688826
8569826302,85698263,2,0,0.05284646,0.08852236,0.023733914,0.83489734
8569883401,85698834,1,0,0.092309974,0.04466638,0.03935867,0.82366484
8573991001,85739910,1,0,0.79669476,0.13395849,0.0357358,0.0336109
8574349204,85743492,4,0,0.00019596887,0.005339587,0.011067802,0.9833966
8574692301,85746923,1,0,0.014280585,0.18814835,0.027768819,0.7698022
8574692303,85746923,3,0,0.0015422836,0.027334886,0.017629724,0.953493
8574789802,85747898,2,0,0.069022134,0.098866716,0.026929867,0.80518126
8585079302,85850793,2,0,0.1925228,0.1595279,0.02935551,0.6185938
8587555101,85875551,1,0,0.38198388,0.08358831,0.051013403,0.48341447
8587926702,85879267,2,0,0.01590681,0.028846554,0.017212719,0.9380339
8590606405,85906064,5,0,0.017036771,0.04272237,0.015660124,0.9245807
8601427501,86014275,1,0,0.75212914,0.16486603,0.034777585,0.048227288
8607299301,86072993,1,0,0.5464898,0.20820165,0.037757993,0.20755056
8612510701,86125107,1,0,0.5665234,0.11849934,0.053000353,0.26197693
8652517302,86525173,2,0,0.10690589,0.030599382,0.04637626,0.81611854
8664524702,86645247,2,0,0.30023706,0.14885207,0.05152559,0.49938527
8666219603,86662196,3,0,0.19948365,0.09083805,0.062260613,0.6474177
8675804701,86758047,1,0,0.38873532,0.19199064,0.042469207,0.3768048
8690735201,86907352,1,0,0.8187,0.107933424,0.032125447,0.04124126
8709094401,87090944,1,0,0.7603264,0.07451021,0.03832583,0.12683761
8715995401,87159954,1,0,0.032090176,0.38699666,0.026766729,0.55414635
8715995402,87159954,2,0,0.002779675,0.0740195,0.021144625,0.9020563
8716035902,87160359,2,0,0.0010356801,0.008129576,0.009131519,0.9817033
8725043401,87250434,1,0,0.36610928,0.040665563,0.059484087,0.5337412
8730305002,87303050,2,0,0.87763506,0.050497316,0.035361677,0.03650593
8766871401,87668714,1,0,0.41670656,0.22175366,0.04214879,0.319391
8771929701,87719297,1,0,0.45690075,0.07255976,0.05859859,0.41194084
8796246401,87962464,1,0,0.44512346,0.1926094,0.038047783,0.32421938
8805691704,88056917,4,0,0.02465522,0.1344444,0.030085167,0.81081516
8812676001,88126760,1,0,0.2685524,0.08806417,0.05894,0.58444345
8812941905,88129419,5,0,0.023317343,0.843285,0.03484258,0.09855508
8820607101,88206071,1,0,0.051623013,0.06843228,0.031999063,0.84794575
8821162803,88211628,3,0,0.0013226144,0.010732376,0.01637014,0.97157484
8821163004,88211630,4,0,0.00034328486,0.009124177,0.012599741,0.9779328
9076399601,90763996,1,0,0.3445062,0.10220246,0.037934713,0.51535666
9077112501,90771125,1,0,0.12540379,0.11821296,0.10924708,0.6471362
9436641901,94366419,1,0,0.17441718,0.7215608,0.03859234,0.06542961
9445532704,94455327,4,0,0.0008197439,0.011057749,0.014895269,0.97322726
9447079101,94470791,1,0,0.38106123,0.33259118,0.044483174,0.2418644
9447274002,94472740,2,0,0.13769898,0.088190585,0.041392636,0.7327178
9454299102,94542991,2,0,0.10105548,0.03416457,0.06647059,0.79830927
9460790401,94607904,1,0,0.1907677,0.18008308,0.02961189,0.5995373
9460882602,94608826,2,0,0.131193,0.20273589,0.03458547,0.6314857
9466955005,94669550,5,0,0.00037044077,0.0077561312,0.013131031,0.97874236
9467076701,94670767,1,0,0.5016706,0.14410402,0.04633546,0.3078899
9467260402,94672604,2,0,0.06681734,0.055371676,0.027116718,0.85069424
9472408701,94724087,1,0,0.45242798,0.12548658,0.044261057,0.37782428
9474356102,94743561,2,0,0.033528447,0.15033309,0.027574627,0.7885639
9474356103,94743561,3,0,0.020561304,0.096199155,0.025184909,0.85805464
9474356104,94743561,4,0,0.0062095528,0.03615957,0.021942148,0.9356887
9556834604,95568346,4,0,0.0015186466,0.01664924,0.018396873,0.9634353
9602830902,96028309,2,0,0.026801473,0.12871659,0.023467157,0.82101476
9620568001,96205680,1,0,0.15716925,0.3137866,0.027798869,0.5012453
9620568002,96205680,2,0,0.07160808,0.22695163,0.030353172,0.671087
9620890006,96208900,6,0,6.6416105e-05,0.003596588,0.008499312,0.98783773
9621176501,96211765,1,0,0.5518379,0.097586565,0.038035966,0.31253964
9629121801,96291218,1,0,0.804379,0.100210026,0.034523483,0.060887408
9652473408,96524734,8,0,0.00036691426,0.0037567648,0.013739433,0.9821369
9661738601,96617386,1,0,0.7389837,0.06029061,0.045124296,0.15560128
9668068103,96680681,3,0,0.2013892,0.11263012,0.052315682,0.633665
9668068104,96680681,4,0,0.25160998,0.13232547,0.048885006,0.56717944
9678315702,96783157,2,0,0.11641607,0.21351497,0.029079488,0.64098954
9695227901,96952279,1,0,0.6422208,0.157892,0.03830502,0.16158216
9695259201,96952592,1,0,0.72587866,0.16442122,0.037892286,0.07180778
9695259202,96952592,2,0,0.2957481,0.36776036,0.03875775,0.29773372
9695791704,96957917,4,0,0.000109231456,0.0032693509,0.011404366,0.98521703
9704259902,97042599,2,0,0.3276045,0.08762836,0.04077831,0.5439888
9704320207,97043202,7,0,8.298434e-05,0.0047621103,0.010128158,0.98502666
9704327104,97043271,4,0,0.36451232,0.07465515,0.051510114,0.50932246
9704327106,97043271,6,0,0.28219393,0.074245565,0.057342112,0.5862184
9714590401,97145904,1,0,0.34533492,0.24586488,0.040891673,0.36790857
9720737301,97207373,1,0,0.82952386,0.098508604,0.032052305,0.039915107
9861576601,98615766,1,0,0.16722469,0.1246069,0.031039942,0.67712855
9862170301,98621703,1,0,0.027467515,0.0633061,0.022156239,0.8870702
9870616101,98706161,1,0,0.7645141,0.1341779,0.03644763,0.064860456
9870616103,98706161,3,0,0.07109775,0.08110799,0.022838283,0.824956
9871054801,98710548,1,0,0.42041776,0.111254804,0.04728447,0.42104298
9877370702,98773707,2,0,0.37746596,0.10741853,0.06804556,0.44706982
9877370703,98773707,3,0,0.5211259,0.14201605,0.058120273,0.2787378
9877658604,98776586,4,0,0.4025222,0.037666015,0.054161493,0.5056502
9939083904,99390839,4,0,0.0005959692,0.0035373017,0.012902333,0.98296434
10109531102,101095311,2,0,0.4631359,0.22911657,0.048208598,0.25953904
10109556001,101095560,1,0,0.08595975,0.096175954,0.03755562,0.7803086
10109618302,101096183,2,0,0.49170718,0.04979846,0.05663815,0.40185606
10116424401,101164244,1,0,0.04312741,0.07776373,0.026258735,0.8528501
10116472801,101164728,1,0,0.021414079,0.038527593,0.0279736,0.91208464
10116641807,101166418,7,0,0.0006745582,0.0041205725,0.022481179,0.9727238
10125597401,101255974,1,0,0.008919642,0.7120317,0.023439169,0.2556095
10125597402,101255974,2,0,0.00075612956,0.020792171,0.011132621,0.967319
10125598101,101255981,1,0,0.022642896,0.8023742,0.027248621,0.14773436
10125598102,101255981,2,0,0.00441082,0.19895631,0.036558583,0.7600742
10260769901,102607699,1,0,0.045795634,0.07846832,0.023108201,0.85262775
10267270901,102672709,1,0,0.835709,0.05507411,0.03224407,0.07697284
10267393802,102673938,2,0,0.3450636,0.14127406,0.050287586,0.46337458
10267853301,102678533,1,0,0.10031516,0.18398575,0.030574322,0.6851247
10271699801,102716998,1,0,0.7533453,0.1679996,0.03849059,0.040164497
10272098102,102720981,2,0,0.00779543,0.16075192,0.030207502,0.80124515
10272098103,102720981,3,0,0.0065242993,0.15930061,0.031027103,0.803148
10280690403,102806904,3,0,0.00042471694,0.007304137,0.014248082,0.97802305
10280918501,102809185,1,0,0.16749291,0.07364392,0.048635837,0.7102274
10303481601,103034816,1,0,0.80279195,0.04642992,0.0413136,0.10946446
10303481602,103034816,2,0,0.6219154,0.06273285,0.05386035,0.26149136
10307545801,103075458,1,0,0.512612,0.09908823,0.046248622,0.34205118
10310206303,103102063,3,0,0.098468475,0.092574954,0.028337149,0.78061944
10317412301,103174123,1,0,0.18259722,0.12107686,0.051811103,0.6445148
10317412302,103174123,2,0,0.057290994,0.12432685,0.045526955,0.77285516
10317903301,103179033,1,0,0.54713756,0.2175294,0.03688722,0.19844581
10319532301,103195323,1,0,0.9495818,0.02339547,0.017770808,0.009252029
10319610401,103196104,1,0,0.18435599,0.08345494,0.043287467,0.6889016
10330942504,103309425,4,0,0.7120555,0.038158536,0.042641673,0.20714426
10334886702,103348867,2,0,0.00020771698,0.005693769,0.011427693,0.98267084
30255588207,302555882,7,0,0.0027201658,0.017671378,0.02574029,0.9538682
30262437101,302624371,1,0,0.010781058,0.7499273,0.03144842,0.2078432
30262437102,302624371,2,0,0.0092542255,0.7255127,0.032414034,0.2328191
30262437103,302624371,3,0,0.0074829645,0.661749,0.030741466,0.3000265
30262437104,302624371,4,0,0.0015275134,0.076030746,0.020021545,0.9024203
30262437105,302624371,5,0,0.0012912444,0.08085021,0.019708985,0.89814955
30262437106,302624371,6,0,0.0010048767,0.074398816,0.019616187,0.9049801
30277161701,302771617,1,0,0.2750099,0.33637893,0.042764086,0.34584695
30277366901,302773669,1,0,0.8649799,0.06427439,0.03472527,0.036020417
30277636901,302776369,1,0,0.34087175,0.39442527,0.042534724,0.22216827
30325628004,303256280,4,0,0.08368576,0.05389783,0.033116397,0.8292999
30596625703,305966257,3,0,0.0002861221,0.0071207057,0.013523535,0.9790696
30596631201,305966312,1,0,0.27985972,0.21997374,0.040708855,0.45945764
30748474101,307484741,1,0,0.086592935,0.6025222,0.032486197,0.2783987
30748474102,307484741,2,0,0.10313769,0.42214382,0.044317264,0.43040124
30763713101,307637131,1,0,0.38344875,0.507158,0.04760735,0.06178577
30763713102,307637131,2,0,0.021149047,0.30842224,0.020146728,0.650282
30930576803,309305768,3,0,0.077176906,0.060500275,0.04150447,0.8208183
30930576804,309305768,4,0,0.41887078,0.08921989,0.05242013,0.43948933
30931083201,309310832,1,0,0.61610425,0.08465714,0.06283684,0.23640187
30941604001,309416040,1,0,0.43132707,0.18834738,0.04247172,0.33785385
30942080303,309420803,3,0,0.016921006,0.047440685,0.02749289,0.90814537
30949426202,309494262,2,0,0.4413464,0.0865966,0.046544462,0.42551255
30949813901,309498139,1,0,0.03246427,0.16979001,0.024041127,0.7737045
30960081502,309600815,2,0,0.0034721207,0.026121115,0.015732761,0.95467395
30968775204,309687752,4,0,0.0026989458,0.0095456075,0.05764188,0.93011355
30976777801,309767778,1,0,0.6906784,0.08831361,0.04142632,0.17958151
31016241401,310162414,1,0,0.8695679,0.0715536,0.02753454,0.03134407
31016580403,310165804,3,0,0.42025673,0.060294874,0.04862102,0.47082737
31024159704,310241597,4,0,0.00026558296,0.007170091,0.013366601,0.97919774
31083694602,310836946,2,0,0.009022611,0.22235987,0.029029338,0.73958814
31083694603,310836946,3,0,0.010515677,0.25613007,0.031999484,0.70135474
31083694604,310836946,4,0,0.001038881,0.059478574,0.020673659,0.91880894
31083694605,310836946,5,0,0.0006831377,0.026758883,0.01635181,0.95620614
31083694606,310836946,6,0,0.0012112387,0.06310085,0.020284873,0.915403
31083862701,310838627,1,0,0.14314196,0.15601341,0.033684235,0.6671604
31319398101,313193981,1,0,0.7811788,0.117381565,0.045449868,0.05598976
31319398102,313193981,2,0,0.04822972,0.12930132,0.036368478,0.7861004
31459285501,314592855,1,0,0.055578403,0.056043655,0.032378297,0.8559997
31464185901,314641859,1,0,0.2754454,0.4565054,0.047954615,0.22009458
31464199404,314641994,4,0,0.77694297,0.08099572,0.037312433,0.10474885
31561178001,315611780,1,0,0.84586567,0.08162472,0.027483238,0.045026343
31561296901,315612969,1,0,0.55561644,0.034263097,0.06233646,0.34778395
31562216601,315622166,1,0,0.34522307,0.23516849,0.04521636,0.37439215
31572317905,315723179,5,0,0.0045195306,0.038624864,0.02214658,0.9347091
31572871701,315728717,1,0,0.040657163,0.91339946,0.017338144,0.028605156
31573488803,315734888,3,0,0.27794933,0.080330715,0.057780292,0.5839397
31582953101,315829531,1,0,0.059258875,0.12800583,0.031668622,0.78106666
31593243701,315932437,1,0,0.48349726,0.24450625,0.040615037,0.2313815
31593243702,315932437,2,0,0.016318336,0.07826495,0.023921803,0.8814949
31593336801,315933368,1,0,0.045130435,0.15198378,0.025479378,0.7774063
31593698401,315936984,1,0,0.15885963,0.6759339,0.03963855,0.12556797
31604587602,316045876,2,0,0.43379465,0.40931487,0.042716958,0.114173554
31605060602,316050606,2,0,0.053778496,0.16089205,0.03885334,0.7464762
31625487601,316254876,1,0,0.8390324,0.08870348,0.028456498,0.043807697
31625487603,316254876,3,0,0.6269558,0.18791011,0.040030915,0.14510319
31632101501,316321015,1,0,0.5309497,0.27498698,0.0422352,0.15182807
31652478401,316524784,1,0,0.25076434,0.5672638,0.04474951,0.1372223
31652478404,316524784,4,0,0.009744814,0.10998287,0.0144179175,0.86585426
31662555103,316625551,3,0,0.25679845,0.08217726,0.07732504,0.5836992
31673330502,316733305,2,0,0.004803985,0.047525473,0.01538998,0.93228054
31673330503,316733305,3,0,0.008562494,0.06765264,0.017554121,0.90623075
31683987101,316839871,1,0,0.52023256,0.06133428,0.04414966,0.37428364
31685038101,316850381,1,0,0.41890925,0.055468794,0.050845485,0.47477642
31695952903,316959529,3,0,0.030755818,0.11457381,0.030418571,0.8242518
31695952904,316959529,4,0,0.0061475886,0.054033894,0.022402765,0.91741574
31696410602,316964106,2,0,0.00033786337,0.014286437,0.0132997725,0.97207594
31696432601,316964326,1,0,0.31892428,0.17443804,0.037629873,0.46900788
31701504001,317015040,1,0,0.66486293,0.23190582,0.04620826,0.057023026
31701504002,317015040,2,0,0.6071491,0.23822618,0.0473998,0.10722492
31701504004,317015040,4,0,0.54695433,0.10779012,0.050371576,0.294884
31702791405,317027914,5,0,0.00228878,0.00723632,0.030617941,0.9598569
31703189301,317031893,1,0,0.46122688,0.052301545,0.07011737,0.4163542
31704184201,317041842,1,0,0.42270237,0.26363578,0.048214313,0.2654476
31714746002,317147460,2,0,0.18507496,0.26428983,0.043695692,0.5069395
31726421501,317264215,1,0,0.439376,0.40135688,0.037906263,0.12136082
31726421502,317264215,2,0,0.3625528,0.3458099,0.041235715,0.25040144
31731955701,317319557,1,0,0.5914141,0.2965949,0.034359045,0.07763197
31731955702,317319557,2,0,0.0432046,0.064903915,0.029538969,0.86235255
31731977801,317319778,1,0,0.57496506,0.057816274,0.039527584,0.3276911
31732345502,317323455,2,0,0.055126436,0.08377973,0.033912376,0.82718134
31732502205,317325022,5,0,8.8908106e-05,0.0040769977,0.008783983,0.98705006
31734614601,317346146,1,0,0.19109453,0.104901046,0.0318982,0.67210627
31739589303,317395893,3,0,0.0004923766,0.0044967355,0.008108351,0.98690253
31739602403,317396024,3,0,0.00019886004,0.008250841,0.014901686,0.97664857
31739761501,317397615,1,0,0.49127632,0.22257918,0.041711338,0.24443318
31746840201,317468402,1,0,0.7401752,0.15643305,0.03460493,0.068786934
31750734501,317507345,1,0,0.75184405,0.17997892,0.036904376,0.031272545
31755416301,317554163,1,0,0.14588623,0.17733511,0.026394304,0.65038437
31759691701,317596917,1,0,0.3468997,0.053486954,0.05379956,0.54581386
31759758301,317597583,1,0,0.8930856,0.033550665,0.026343701,0.047020055
31764756103,317647561,3,0,0.0002969235,0.0046365876,0.008427113,0.9866393
31767453701,317674537,1,0,0.34277588,0.13530686,0.059284434,0.46263278
31770762201,317707622,1,0,0.16043612,0.053891297,0.0483764,0.73729616
31770801001,317708010,1,0,0.12373646,0.10842896,0.030214967,0.7376195
31771275801,317712758,1,0,0.07398823,0.14006236,0.031031422,0.75491804
31775120802,317751208,2,0,0.04230497,0.30181304,0.027004495,0.6288774
31777956308,317779563,8,0,0.03856242,0.048611794,0.027770095,0.88505566
31778034501,317780345,1,0,0.5059693,0.141804,0.039670907,0.31255588
31783883801,317838838,1,0,0.1936638,0.34994754,0.034469068,0.42191958
31783916901,317839169,1,0,0.7766526,0.14250351,0.034130435,0.046713483
31784323901,317843239,1,0,0.7259435,0.12616621,0.035771433,0.11211888
31784324701,317843247,1,0,0.84081006,0.07361604,0.03655422,0.04901963
31788589701,317885897,1,0,0.37283504,0.51920825,0.041339528,0.06661727
31788836803,317888368,3,0,0.0010627701,0.009695014,0.012521007,0.9767211
31948366002,319483660,2,0,0.00072036067,0.020406082,0.013368176,0.96550536
31948366008,319483660,8,0,0.00022623775,0.006318236,0.01472042,0.978735
32052520401,320525204,1,0,0.8600429,0.07396091,0.0344475,0.03154858
32052520402,320525204,2,0,0.03412846,0.13038899,0.032676347,0.80280614
32052635502,320526355,2,0,0.0047957334,0.07603952,0.017918868,0.9012459
32067911701,320679117,1,0,0.24884734,0.11086174,0.044719104,0.59557176
32068092301,320680923,1,0,0.16447686,0.09120165,0.045587473,0.698734
32078910801,320789108,1,0,0.35378367,0.111795746,0.036281385,0.49813932
32094952001,320949520,1,0,0.06792683,0.25294667,0.026590696,0.65253586
32103731302,321037313,2,0,0.0010793549,0.018606363,0.016823823,0.9634904
32103731303,321037313,3,0,0.15233465,0.22678646,0.051401183,0.5694777
32103731304,321037313,4,0,0.048795328,0.16021791,0.036446173,0.7545405
32104076202,321040762,2,0,0.035102636,0.041927256,0.034650326,0.88831985
32104076203,321040762,3,0,0.0016757447,0.010891895,0.018463586,0.96896887
32104136901,321041369,1,0,0.90986896,0.03245025,0.024079364,0.03360137
32110819601,321108196,1,0,0.0006332712,0.013824904,0.01758077,0.967961
32115452403,321154524,3,0,0.16633415,0.0466199,0.06906893,0.717977
32115866507,321158665,7,0,6.541256e-05,0.0020243598,0.008302478,0.98960775
32118130201,321181302,1,0,0.14617504,0.090124376,0.050001565,0.713699
32118130202,321181302,2,0,0.059175517,0.058976483,0.038351376,0.84349656
32118617903,321186179,3,0,0.23800865,0.10890275,0.05081661,0.60227203
32118849602,321188496,2,0,0.018676633,0.06480509,0.019496048,0.89702225
32126638001,321266380,1,0,0.21564338,0.19005242,0.032646347,0.5616579
32132177401,321321774,1,0,0.81677693,0.09736746,0.030530157,0.05532552
32132649301,321326493,1,0,0.07210983,0.08192498,0.027413458,0.81855166
32144771501,321447715,1,0,0.7085319,0.18804872,0.033888057,0.069531254
32145065302,321450653,2,0,0.06749892,0.049237404,0.010498552,0.8727651
32148966601,321489666,1,0,0.4016957,0.11995947,0.039268777,0.43907607
45616479401,456164794,1,0,0.40856737,0.4530456,0.04147997,0.096906945
45620910701,456209107,1,0,0.12718809,0.11087817,0.03280789,0.7291258
45623111501,456231115,1,0,0.09363083,0.20541647,0.048196442,0.65275633
45834715202,458347152,2,0,0.017096495,0.084366634,0.016150039,0.88238686
45834986601,458349866,1,0,0.12649637,0.06987613,0.033871718,0.7697558
45835275001,458352750,1,0,0.39704674,0.20022963,0.039934613,0.3627891
45835475902,458354759,2,0,0.07870554,0.04002467,0.057914954,0.8233548
45879269601,458792696,1,0,0.68032074,0.25077063,0.041314274,0.027594341
45879411701,458794117,1,0,0.4091335,0.35306114,0.04727098,0.19053446
45879411801,458794118,1,0,0.40145004,0.35017502,0.039040085,0.2093348
45884145701,458841457,1,0,0.35856214,0.19992703,0.033305652,0.40820506
45884316502,458843165,2,0,0.014737738,0.0665017,0.022189312,0.89657116
45884960003,458849600,3,0,0.0018429114,0.042589884,0.024457207,0.93110996
45884960004,458849600,4,0,0.0013697733,0.042779084,0.02391845,0.93193275
45886604801,458866048,1,0,0.049219165,0.14728886,0.027641924,0.77585006
45887890201,458878902,1,0,0.2601801,0.31084788,0.03871297,0.39025906
45888123401,458881234,1,0,0.0050403685,0.031317912,0.015381523,0.9482602
45888605701,458886057,1,0,0.55180365,0.06668622,0.04828752,0.33322266
45891494901,458914949,1,0,0.84699243,0.054617282,0.032015495,0.066374876
45893788003,458937880,3,0,0.40863237,0.19022287,0.039191667,0.36195308
45893928001,458939280,1,0,0.19700117,0.13386984,0.037876196,0.63125277
45893941603,458939416,3,0,0.0018714285,0.018932164,0.024033489,0.9551628
45905332701,459053327,1,0,0.5239568,0.09881946,0.06849649,0.3087273
45908339401,459083394,1,0,0.10028755,0.7242886,0.040055558,0.13536821
45908339402,459083394,2,0,0.0051588477,0.20341527,0.029077873,0.76234794
45908416003,459084160,3,0,0.008879457,0.020121543,0.013623485,0.9573754
45910820202,459108202,2,0,0.45229435,0.05661596,0.06419565,0.4268941
45911190701,459111907,1,0,0.07945806,0.18685858,0.02812195,0.70556134
45914030801,459140308,1,0,0.3670133,0.5219576,0.050660674,0.06036839
45914030802,459140308,2,0,0.6513475,0.23978993,0.054056052,0.05480645
45914896501,459148965,1,0,0.027918005,0.7699976,0.027275467,0.17480887
45914896502,459148965,2,0,0.055454314,0.7623918,0.032921005,0.14923285
45914896503,459148965,3,0,0.024515234,0.6412911,0.03318132,0.3010123
45914915702,459149157,2,0,0.0404222,0.06360413,0.032312643,0.863661
45916962501,459169625,1,0,0.7560643,0.087339446,0.03625229,0.12034388
45983618501,459836185,1,0,0.19333662,0.08380391,0.0520277,0.6708318
45989100201,459891002,1,0,0.54107434,0.21772152,0.038589016,0.20261514
45989173403,459891734,3,0,0.0002021472,0.005991789,0.010433719,0.9833724
45990892503,459908925,3,0,0.0037325178,0.17047887,0.019745873,0.8060428
45990892504,459908925,4,0,0.00432098,0.1257952,0.017902773,0.851981
46136100202,461361002,2,0,0.044272404,0.051925942,0.033009537,0.870792
46136100203,461361002,3,0,0.19494888,0.078921996,0.041211553,0.6849175
46142571602,461425716,2,0,0.011452128,0.078380734,0.016785527,0.8933816
46146754701,461467547,1,0,0.27235,0.37404987,0.053480566,0.30011952
46146754702,461467547,2,0,0.19462965,0.39135084,0.056073938,0.35794556
46146754703,461467547,3,0,0.08706273,0.20397383,0.06085523,0.64810824
46146754704,461467547,4,0,0.085624605,0.214643,0.06532637,0.6344059
46146813801,461468138,1,0,0.72190654,0.10149669,0.037427522,0.13916916
46146813802,461468138,2,0,0.049589176,0.07713741,0.030541522,0.84273183
46147253504,461472535,4,0,0.20522386,0.19389322,0.038811628,0.56207126
46147253505,461472535,5,0,0.09461381,0.17154156,0.02965484,0.7041898
46149554201,461495542,1,0,0.022073308,0.28144208,0.04146374,0.6550208
46149554202,461495542,2,0,0.011687356,0.32456875,0.028582156,0.63516176
46149703601,461497036,1,0,0.02865289,0.019982731,0.038108613,0.9132558
46154516602,461545166,2,0,0.46968243,0.061809875,0.043188915,0.4253188
46156476601,461564766,1,0,0.16835962,0.13298263,0.03392107,0.6647367
46156638606,461566386,6,0,6.795729e-05,0.0016765646,0.0065795556,0.9916758
46156638607,461566386,7,0,6.936474e-05,0.0017086547,0.006378836,0.99184316
46158993201,461589932,1,0,0.08973658,0.023591805,0.04869034,0.8379812
46159548906,461595489,6,0,0.00025461873,0.005083437,0.010859889,0.983802
46163562101,461635621,1,0,0.5368298,0.06268811,0.058324628,0.34215745
46165156601,461651566,1,0,0.8322781,0.061305616,0.031981673,0.0744347
46261733403,462617334,3,0,0.0008713391,0.014957437,0.017966434,0.9662047
46261733404,462617334,4,0,0.00096824334,0.013932961,0.018496253,0.96660256
46718162503,467181625,3,0,0.0013254699,0.008132399,0.012160466,0.9783816
46732432001,467324320,1,0,0.86285305,0.07068245,0.031992342,0.034472097
46732432003,467324320,3,0,0.0073126624,0.03861695,0.014439414,0.939631
46733572412,467335724,12,0,0.021489749,0.0340591,0.06355319,0.88089794
46735741103,467357411,3,0,0.00046116562,0.006854913,0.008283509,0.9844005
46735861301,467358613,1,0,0.5967357,0.06558302,0.0425407,0.29514053
46764378703,467643787,3,0,0.00058987236,0.013072907,0.01330565,0.9730315
46764395402,467643954,2,0,0.0083741825,0.08552364,0.025267236,0.880835
46764896001,467648960,1,0,0.27715516,0.11465524,0.04717823,0.5610114
46765191601,467651916,1,0,0.93395007,0.027434353,0.017986706,0.020628834
46765228801,467652288,1,0,0.43102977,0.16732985,0.032230202,0.36941025
46765493702,467654937,2,0,0.78730065,0.060462955,0.03711381,0.11512242
46768082804,467680828,4,0,0.00024710695,0.01132174,0.017564619,0.9708665
46772047901,467720479,1,0,0.68622947,0.16078301,0.04006735,0.11292021
46772047902,467720479,2,0,0.030629935,0.18992646,0.03806105,0.74138254
46772888801,467728888,1,0,0.75745636,0.037748218,0.053381633,0.15141372
46775160505,467751605,5,0,0.41851407,0.16000931,0.040252164,0.38122433
46776080505,467760805,5,0,0.0069652866,0.01206765,0.02717178,0.9537953
46778600202,467786002,2,0,0.33316234,0.13066228,0.04282682,0.49334848
46778896301,467788963,1,0,0.4083983,0.16061069,0.05215334,0.37883756
46779193101,467791931,1,0,0.13853233,0.19949207,0.040745992,0.6212296
46783046201,467830462,1,0,0.074690215,0.12935911,0.031415403,0.7645353
46783248802,467832488,2,0,0.002169104,0.060589656,0.02048731,0.91675395
46829738903,468297389,3,0,0.0070116105,0.035266258,0.061814964,0.8959071
46834374001,468343740,1,0,0.15981306,0.2679912,0.033623014,0.53857267
46835299403,468352994,3,0,0.0005974321,0.005507599,0.008461693,0.9854332
46836245601,468362456,1,0,0.6955601,0.22154686,0.041059922,0.041833024
46836597106,468365971,6,0,0.081726186,0.14295588,0.055454675,0.71986324
46837436802,468374368,2,0,0.115501806,0.062066484,0.03724069,0.78519106
46837756302,468377563,2,0,0.5034974,0.049470283,0.055165663,0.39186674
46839332102,468393321,2,0,0.10569452,0.057528548,0.12134579,0.71543115
46840538808,468405388,8,0,0.00023135064,0.0042366604,0.015640032,0.9798919
46840559201,468405592,1,0,0.12242568,0.095933795,0.036384776,0.74525577
46841839202,468418392,2,0,0.358349,0.06643082,0.064625055,0.510595
46845121201,468451212,1,0,0.23813769,0.041927636,0.04422164,0.675713
46848295402,468482954,2,0,0.1192806,0.03559196,0.062496897,0.7826305
46850279301,468502793,1,0,0.2393248,0.07111897,0.06831503,0.6212412
46850538601,468505386,1,0,0.39552265,0.078318186,0.040509835,0.48564932
46854017201,468540172,1,0,0.11041669,0.12149465,0.027943736,0.74014497
46857439201,468574392,1,0,0.49047166,0.20259798,0.044718407,0.26221198
46859184901,468591849,1,0,0.39377233,0.069436245,0.042042613,0.49474877
46859681103,468596811,3,0,0.0004092881,0.0061320513,0.011310537,0.9821482
46859739801,468597398,1,0,0.08365167,0.062486228,0.03532674,0.8185353
46859969104,468599691,4,0,0.7942543,0.052987132,0.041792378,0.11096615
46859969106,468599691,6,0,0.30393666,0.06555625,0.07866352,0.5518436
46860172402,468601724,2,0,0.009866836,0.13692622,0.02096413,0.83224285
46863157101,468631571,1,0,0.2732873,0.08479355,0.03845076,0.60346836
46863486603,468634866,3,0,0.001309056,0.008503552,0.0154856155,0.9747018
46863627101,468636271,1,0,0.20245808,0.43091035,0.037775353,0.32885623
46864171501,468641715,1,0,0.6239793,0.048341226,0.044825185,0.28285432
46866920801,468669208,1,0,0.41611397,0.3860883,0.036481302,0.1613164
46866920802,468669208,2,0,0.2360968,0.10298315,0.03942634,0.6214936
46867073701,468670737,1,0,0.80457884,0.05446639,0.035146847,0.10580794
46867398603,468673986,3,0,0.008205176,0.053024016,0.025335636,0.91343516
46867398604,468673986,4,0,0.03603059,0.093327515,0.028766595,0.8418754
46871617602,468716176,2,0,0.065093994,0.11455547,0.03822395,0.7821266
46871762901,468717629,1,0,0.14586885,0.07052913,0.03348894,0.7501131
46873903901,468739039,1,0,0.81814754,0.08775098,0.028960323,0.0651411
46873903902,468739039,2,0,0.3203091,0.20372257,0.05341216,0.42255613
46875468801,468754688,1,0,0.27535626,0.063888304,0.044966962,0.6157884
47012446806,470124468,6,0,6.265137e-05,0.001987036,0.008364997,0.98958534
47015196201,470151962,1,0,0.65513307,0.16411634,0.048594717,0.13215585
47015281401,470152814,1,0,0.68853545,0.18387266,0.055770278,0.07182164
47015281404,470152814,4,0,0.0022386522,0.024962574,0.014134932,0.9586639
47015281405,470152814,5,0,0.1367788,0.52703923,0.040109042,0.2960728
47016316301,470163163,1,0,0.039496496,0.016378438,0.04691185,0.8972133
47019348201,470193482,1,0,0.63086545,0.07939982,0.057595212,0.23213942
47019348202,470193482,2,0,0.7280885,0.08098614,0.04747553,0.14344984
32155121801,321551218,1,0,0.06296502,0.19158432,0.030914096,0.71453655
32157836102,321578361,2,0,0.1617168,0.14307775,0.034279037,0.66092634
32158662901,321586629,1,0,0.5395423,0.06258319,0.063550785,0.33432373
32167230003,321672300,3,0,0.0021648165,0.038375765,0.015785577,0.94367385
32167334101,321673341,1,0,0.04288719,0.14026573,0.018006552,0.7988405
32182713404,321827134,4,0,0.010281134,0.051771984,0.029198034,0.9087488
32182840301,321828403,1,0,0.85076225,0.07329503,0.02734309,0.048599627
32182942601,321829426,1,0,0.1995932,0.07192923,0.076485574,0.65199196
32182942604,321829426,4,0,0.0393073,0.10637932,0.027767738,0.82654554
32182942605,321829426,5,0,0.30716804,0.267171,0.057414662,0.36824626
32182942607,321829426,7,0,0.31102473,0.10316589,0.042263303,0.54354614
32182958101,321829581,1,0,0.57678854,0.13525689,0.05266298,0.23529166
32189667102,321896671,2,0,0.06232686,0.07270825,0.035334513,0.8296304
32198687601,321986876,1,0,0.74421203,0.094063215,0.04023412,0.12149051
32213179402,322131794,2,0,0.0007160817,0.019399224,0.014324243,0.9655605
32213215701,322132157,1,0,0.4987489,0.22750382,0.039657094,0.23409007
32222402303,322224023,3,0,0.54400426,0.21732895,0.052592035,0.18607472
32222430001,322224300,1,0,0.028228447,0.20654741,0.026225645,0.73899853
32222437803,322224378,3,0,0.16307318,0.2537677,0.05159499,0.5315642
32222616803,322226168,3,0,0.035650298,0.11747639,0.023179559,0.8236938
32226262004,322262620,4,0,0.003358414,0.05374249,0.0064434335,0.93645567
32226262005,322262620,5,0,0.005474259,0.9813997,0.0056101014,0.007515931
32226542201,322265422,1,0,0.027783172,0.29201666,0.028989933,0.65121025
32226542202,322265422,2,0,0.007470393,0.11985821,0.022414027,0.85025734
32243780803,322437808,3,0,0.15375923,0.03783367,0.059789177,0.7486179
32305971203,323059712,3,0,0.00014346807,0.003274471,0.015830519,0.98075145
32312293801,323122938,1,0,0.07429398,0.06857144,0.045012213,0.81212234
32314453301,323144533,1,0,0.8060242,0.08136387,0.03185277,0.080759116
32619957803,326199578,3,0,0.275283,0.080704525,0.06378951,0.580223
32625727501,326257275,1,0,0.021045865,0.07013349,0.019684797,0.8891358
32769496001,327694960,1,0,0.6974007,0.14391927,0.03632971,0.122350425
32769594305,327695943,5,0,0.0010300308,0.004275381,0.02068145,0.9740132
32769686601,327696866,1,0,0.07691638,0.077102296,0.032055285,0.81392604
32769801001,327698010,1,0,0.025101868,0.43111712,0.027777418,0.51600355
32769801002,327698010,2,0,0.0031295035,0.124194145,0.021222861,0.8514535
32769996201,327699962,1,0,0.27350253,0.5891252,0.03375579,0.10361634
32769996204,327699962,4,0,0.0010679467,0.014743435,0.015950752,0.96823794
32770005601,327700056,1,0,0.504411,0.07011475,0.04082673,0.38464746
32800329201,328003292,1,0,0.19374985,0.16381152,0.045597244,0.59684134
32809064801,328090648,1,0,0.118324734,0.06598144,0.04430306,0.77139074
32818811301,328188113,1,0,0.17283982,0.17667311,0.050712418,0.5997746
32851817202,328518172,2,0,0.048551746,0.05301854,0.029692642,0.8687371
32860614401,328606144,1,0,0.06896893,0.05627288,0.047408324,0.82734984
32860614402,328606144,2,0,0.22883639,0.15091924,0.035862528,0.5843818
32872115001,328721150,1,0,0.021013713,0.08181146,0.018263394,0.8789115
32917198703,329171987,3,0,0.00032448288,0.0038610508,0.007802487,0.98801196
33155397004,331553970,4,0,0.36820877,0.033207573,0.02995915,0.56862456
33161819601,331618196,1,0,0.3889454,0.083842985,0.04228602,0.4849256
33165278101,331652781,1,0,0.3979771,0.23267414,0.044878602,0.32447022
33172618405,331726184,5,0,0.11179938,0.03865045,0.0649695,0.7845807
33181511003,331815110,3,0,0.7711343,0.08591917,0.03783928,0.1051072
33181511703,331815117,3,0,0.21149573,0.18194701,0.037717175,0.5688401
33184919301,331849193,1,0,0.023610318,0.043160684,0.02716219,0.9060668
33192872001,331928720,1,0,0.025614053,0.07104373,0.021634527,0.88170767
33363069101,333630691,1,0,0.036454946,0.23476605,0.041615687,0.6871633
33363295101,333632951,1,0,0.2698789,0.43685588,0.049795438,0.24346972
33363295102,333632951,2,0,0.038328726,0.19931927,0.03355836,0.72879356
33373134502,333731345,2,0,0.20943792,0.043081284,0.042691175,0.70478964
33378542701,333785427,1,0,0.82614326,0.115485005,0.030210964,0.028160824
33431240401,334312404,1,0,0.070969455,0.1163679,0.024341997,0.78832054
33478042004,334780420,4,0,0.0099108815,0.024331916,0.032430388,0.9333268
33610450703,336104507,3,0,0.0013026787,0.00646824,0.03174473,0.96048427
33616704003,336167040,3,0,0.004670528,0.03294251,0.018606398,0.9437804
33910196803,339101968,3,0,0.00014615309,0.0050183455,0.011377498,0.983458
33913534203,339135342,3,0,0.07005108,0.12535468,0.04634059,0.7582535
33913678301,339136783,1,0,0.5354105,0.048148554,0.051122956,0.3653179
33913678303,339136783,3,0,0.14418678,0.045333453,0.04821989,0.76225984
33926762901,339267629,1,0,0.05200603,0.04326887,0.035103936,0.86962116
33937278801,339372788,1,0,0.010229278,0.028177103,0.019273225,0.94232047
33938913201,339389132,1,0,0.15459675,0.08296187,0.048793588,0.7136477
33939172701,339391727,1,0,0.75921535,0.0843042,0.037363205,0.11911722
33942329804,339423298,4,0,0.13715963,0.11047195,0.033370167,0.71899825
34591980401,345919804,1,0,0.02535755,0.34678555,0.036429577,0.59142727
34592056301,345920563,1,0,0.0620428,0.08140728,0.036390666,0.82015926
34592068304,345920683,4,0,0.020793844,0.04253908,0.026757343,0.9099097
34601301202,346013012,2,0,0.07273757,0.03244399,0.042626075,0.8521923
34611573201,346115732,1,0,0.036053594,0.14955,0.029254558,0.7851418
34611573202,346115732,2,0,0.005459583,0.053239483,0.022059187,0.9192418
34618219202,346182192,2,0,0.31908002,0.07583447,0.049497418,0.555588
34627772402,346277724,2,0,0.0026162795,0.012610149,0.025704665,0.95906883
34641640004,346416400,4,0,0.023859015,0.09681311,0.026821304,0.8525065
34671858802,346718588,2,0,0.011986167,0.29501808,0.03768335,0.6553125
34671858803,346718588,3,0,0.00028181312,0.009670056,0.013766826,0.9762812
34671858804,346718588,4,0,0.0005923453,0.016227344,0.016645586,0.9665347
34689051501,346890515,1,0,0.2706432,0.08957357,0.04530936,0.5944739
34689057302,346890573,2,0,0.45016983,0.051099855,0.060265552,0.43846476
34690159902,346901599,2,0,0.12014788,0.18453412,0.03385987,0.66145813
34698029202,346980292,2,0,0.06908035,0.0978514,0.029423177,0.803645
34698462106,346984621,6,0,0.0002011267,0.0022339495,0.015667446,0.9818974
34698462107,346984621,7,0,0.00014403871,0.002800806,0.011677557,0.98537755
34698727901,346987279,1,0,0.033586007,0.23294064,0.036165822,0.6973075
34704354902,347043549,2,0,0.37803924,0.20096536,0.041137114,0.37985826
34704447301,347044473,1,0,0.89954495,0.029411014,0.025620103,0.045424066
34712874601,347128746,1,0,0.24205634,0.06647705,0.07071746,0.6207492
34712874602,347128746,2,0,0.35471347,0.17501844,0.0675836,0.40268442
34712874605,347128746,5,0,0.015977522,0.046775505,0.032587174,0.90465975
34713036201,347130362,1,0,0.9079805,0.05499831,0.026194109,0.010826961
34713036202,347130362,2,0,0.0024637473,0.017453048,0.019682439,0.96040076
34726187401,347261874,1,0,0.058459915,0.024019234,0.019861244,0.89765954
34726330801,347263308,1,0,0.19478165,0.033673078,0.057463728,0.71408147
34726518101,347265181,1,0,0.7504906,0.1535965,0.03318197,0.06273091
34749810701,347498107,1,0,0.00031624804,0.0007585781,0.001965552,0.9969596
34756777101,347567771,1,0,0.58218074,0.17483358,0.05031505,0.19267066
34756960602,347569606,2,0,0.028209463,0.11811067,0.019544046,0.83413583
34764124501,347641245,1,0,0.34597996,0.29995257,0.058166582,0.29590085
34772285001,347722850,1,0,0.07238553,0.16830869,0.028362224,0.7309435
34781609001,347816090,1,0,0.8088452,0.071360596,0.039945353,0.07984892
34781609002,347816090,2,0,0.0012832672,0.0045593954,0.012133917,0.98202336
34792570701,347925707,1,0,0.32566285,0.57898164,0.040175293,0.055180255
34792570702,347925707,2,0,0.101815656,0.32557157,0.035515055,0.53709763
34792627302,347926273,2,0,0.07953351,0.0807461,0.031108605,0.80861175
34793026401,347930264,1,0,0.7856528,0.06471511,0.033554703,0.11607745
34793026403,347930264,3,0,0.6985073,0.040253323,0.045848615,0.21539073
34799442301,347994423,1,0,0.20015623,0.064191505,0.043257765,0.69239444
34799517001,347995170,1,0,0.7003993,0.16827081,0.042252555,0.08907731
34822475403,348224754,3,0,0.00038351625,0.0056628245,0.01397004,0.9799836
34828915502,348289155,2,0,0.5521339,0.10799087,0.09422716,0.24564809
34829098801,348290988,1,0,0.6082912,0.13457318,0.03688331,0.22025232
34829098802,348290988,2,0,0.41010597,0.06287885,0.08402382,0.44299144
34837599701,348375997,1,0,0.039352454,0.0192712,0.032816496,0.9085599
34846849001,348468490,1,0,0.28653637,0.16147122,0.058579985,0.49341232
34846928901,348469289,1,0,0.1385496,0.2131413,0.028267061,0.62004197
34847426302,348474263,2,0,0.6593811,0.14386839,0.053744607,0.14300585
34938564002,349385640,2,0,0.1300187,0.14129552,0.0407016,0.68798417
34938768903,349387689,3,0,0.33748016,0.06724881,0.059337366,0.53593373
34945250301,349452503,1,0,0.079448834,0.7757825,0.03400604,0.11076256
34945250302,349452503,2,0,0.006776776,0.11098678,0.025399765,0.85683674
34958590101,349585901,1,0,0.75604635,0.14377415,0.034580134,0.0655994
34966178401,349661784,1,0,0.15290919,0.15399748,0.029892055,0.66320133
34966732502,349667325,2,0,8.1872626e-05,0.0037913504,0.008885749,0.987241
34991633301,349916333,1,0,0.8284434,0.11448066,0.033475354,0.023600616
34991767902,349917679,2,0,0.602163,0.05761015,0.05653976,0.28368706
10334886703,103348867,3,0,0.00019622277,0.005587383,0.010851038,0.98336536
10344926601,103449266,1,0,0.41925308,0.24330387,0.044469524,0.29297343
10345262101,103452621,1,0,0.716071,0.19509685,0.04195887,0.04687325
10356659501,103566595,1,0,0.14864603,0.57565945,0.04872704,0.22696757
10403484003,104034840,3,0,0.004099448,0.026276326,0.02331618,0.946308
10414321202,104143212,2,0,0.20228116,0.09193817,0.037461746,0.6683189
10419637003,104196370,3,0,0.32560396,0.038637936,0.05549057,0.58026755
10420909502,104209095,2,0,0.12603574,0.15183821,0.035791967,0.686334
10438377905,104383779,5,0,0.0018288516,0.0122362245,0.015698586,0.9702363
10460672501,104606725,1,0,0.287904,0.10400376,0.057738047,0.55035424
10461023102,104610231,2,0,0.7392657,0.044078514,0.04130293,0.17535292
10473483201,104734832,1,0,0.87322235,0.033272337,0.029041482,0.06446375
10473519801,104735198,1,0,0.06309536,0.09834024,0.053618103,0.7849464
10473519803,104735198,3,0,0.43559772,0.048906904,0.061376102,0.45411924
10485378903,104853789,3,0,0.23772937,0.6249117,0.040495764,0.09686306
10487941601,104879416,1,0,0.32332548,0.17623524,0.038091075,0.46234822
10488002801,104880028,1,0,0.09928662,0.053336706,0.075623855,0.7717528
10488002802,104880028,2,0,0.07926149,0.06433268,0.034907773,0.8214981
10498617501,104986175,1,0,0.80516523,0.11700528,0.032310273,0.04551922
10498617502,104986175,2,0,0.050307084,0.17181171,0.041012306,0.7368689
10498632202,104986322,2,0,0.014989619,0.044890318,0.026323613,0.9137965
10498632203,104986322,3,0,0.7462715,0.09971396,0.04732231,0.10669217
10510637304,105106373,4,0,0.20876102,0.15600693,0.052687068,0.5825451
10513616501,105136165,1,0,0.088615276,0.057808045,0.03445403,0.8191227
10513633403,105136334,3,0,0.43186048,0.11450733,0.056646742,0.39698547
10523379601,105233796,1,0,0.8553936,0.09734262,0.029904867,0.017358858
10528698706,105286987,6,0,0.7706274,0.07391388,0.038256682,0.117202066
10528861001,105288610,1,0,0.49565664,0.20715518,0.03917741,0.25801077
10528861004,105288610,4,0,0.0013569482,0.015273182,0.016311884,0.96705794
10529434003,105294340,3,0,0.37536263,0.080996536,0.054857146,0.48878372
10536178804,105361788,4,0,0.00087704236,0.0071922233,0.029221157,0.96270955
11505183201,115051832,1,0,0.25669596,0.1546215,0.0418979,0.54678476
11513185501,115131855,1,0,0.03312531,0.18653505,0.036722276,0.7436174
11513185502,115131855,2,0,0.033907205,0.18721145,0.033299394,0.7455819
11513185503,115131855,3,0,0.017805971,0.18677184,0.030905332,0.7645169
11519566202,115195662,2,0,0.285793,0.0993617,0.045057002,0.5697882
11520290403,115202904,3,0,0.11962993,0.16849007,0.03740597,0.674474
11538154901,115381549,1,0,0.7156563,0.091444485,0.03679025,0.156109
11538268301,115382683,1,0,0.26304647,0.49690694,0.040121146,0.1999254
11538268302,115382683,2,0,0.1294344,0.41170985,0.044995617,0.41386
11538669802,115386698,2,0,0.012941147,0.1899204,0.029708812,0.76742965
11538909805,115389098,5,0,0.0483511,0.08684655,0.03440069,0.83040166
11538909807,115389098,7,0,0.22710806,0.119819015,0.04013065,0.6129423
11627546001,116275460,1,0,0.7371417,0.14743304,0.036090065,0.07933514
11641172802,116411728,2,0,0.15076016,0.06738067,0.05036516,0.73149395
11650042003,116500420,3,0,0.09109987,0.08835816,0.037654385,0.7828876
11671713501,116717135,1,0,0.36869228,0.5047299,0.040077634,0.08650017
11671713502,116717135,2,0,0.005832977,0.18201041,0.018942196,0.7932145
11672108502,116721085,2,0,0.578854,0.04380885,0.05686018,0.3204769
11684349701,116843497,1,0,0.055049494,0.06498402,0.029915791,0.85005075
11684828702,116848287,2,0,0.23557761,0.5460528,0.035602767,0.18276687
11684828703,116848287,3,0,0.47575775,0.35928583,0.048996758,0.115959495
11688269103,116882691,3,0,0.6691013,0.18139102,0.04121093,0.10829675
11688269104,116882691,4,0,0.8597875,0.07372505,0.029613389,0.036874074
11688273004,116882730,4,0,0.787196,0.10300008,0.031453308,0.07835077
11699197702,116991977,2,0,0.22899382,0.63746333,0.040051386,0.093491465
11703861601,117038616,1,0,0.72801834,0.04896993,0.042929,0.18008278
11711532301,117115323,1,0,0.5449139,0.1011922,0.04889223,0.3050018
11711532303,117115323,3,0,0.54098254,0.07845752,0.050596338,0.32996362
11726266703,117262667,3,0,0.0009119997,0.008358244,0.03995364,0.9507761
11727096001,117270960,1,0,0.89134777,0.028414316,0.026413413,0.053824592
11730803201,117308032,1,0,0.2999771,0.079709485,0.042711947,0.57760143
11732277901,117322779,1,0,0.4894023,0.26473042,0.04656703,0.19930027
11740040303,117400403,3,0,0.00051364815,0.006095396,0.009124798,0.98426604
11740043503,117400435,3,0,0.48368615,0.04763902,0.05031506,0.4183599
11740422001,117404220,1,0,0.7035627,0.13011064,0.032636754,0.13368995
11749626401,117496264,1,0,0.78284234,0.0660519,0.03725335,0.113852434
11753003101,117530031,1,0,0.5027584,0.114615224,0.045642875,0.33698344
11761556101,117615561,1,0,0.090477645,0.1266748,0.05541937,0.7274281
11761758701,117617587,1,0,0.46047428,0.17825706,0.05463731,0.30663127
11761758703,117617587,3,0,0.50826484,0.15944092,0.04472469,0.28756955
11761851102,117618511,2,0,0.2590458,0.21804728,0.04792123,0.47498566
11762362602,117623626,2,0,0.09551128,0.0434514,0.048445396,0.81259197
11762431404,117624314,4,0,0.019419033,0.07240597,0.021679329,0.88649565
11762435802,117624358,2,0,0.016758041,0.022011504,0.011129762,0.95010066
11765629506,117656295,6,0,7.99402e-05,0.0019719023,0.0072402493,0.9907079
11765629507,117656295,7,0,8.0482016e-05,0.0022127458,0.0062066903,0.9915
11766237901,117662379,1,0,0.15109162,0.095703185,0.037948634,0.7152566
11780989902,117809899,2,0,0.003237461,0.037234522,0.01891547,0.94061255
12084274101,120842741,1,0,0.025641967,0.07248711,0.03477214,0.8670987
12084274103,120842741,3,0,0.0011823468,0.012583977,0.01233668,0.973897
12084774801,120847748,1,0,0.038200457,0.6181256,0.026728567,0.3169454
12084774802,120847748,2,0,0.07528177,0.6312239,0.032219045,0.2612752
12084774803,120847748,3,0,0.0049329395,0.021737322,0.015895639,0.95743424
12091047906,120910479,6,0,0.0005733433,0.0053744577,0.012120702,0.98193145
12106946101,121069461,1,0,0.08682552,0.73512495,0.034598902,0.14345054
12107086401,121070864,1,0,0.85386145,0.06651011,0.028407052,0.051221315
12112873205,121128732,5,0,0.022641055,0.06705486,0.022547146,0.88775694
12121949401,121219494,1,0,0.41425127,0.40956768,0.044144217,0.13203673
12129671502,121296715,2,0,0.13940082,0.08884361,0.038624812,0.73313075
12143810605,121438106,5,0,0.10574617,0.01934162,0.056131624,0.8187805
12152619801,121526198,1,0,0.8766989,0.06171176,0.029317906,0.032271333
12152848901,121528489,1,0,0.31629524,0.29469275,0.032623384,0.3563887
12161460801,121614608,1,0,0.13050294,0.113973305,0.030375578,0.72514814
12162042101,121620421,1,0,0.839226,0.104058824,0.030826861,0.02588833
12162042102,121620421,2,0,0.64404404,0.21645066,0.04230803,0.09719715
12169996601,121699966,1,0,0.27104443,0.13648172,0.040692516,0.55178136
12174596101,121745961,1,0,0.90649945,0.043966755,0.025202107,0.024331762
12175001902,121750019,2,0,0.3015938,0.1369287,0.038309958,0.5231676
12175435502,121754355,2,0,0.001045585,0.013177266,0.018336762,0.96744037
12181816101,121818161,1,0,0.10120863,0.12055461,0.026174737,0.752062
12190192401,121901924,1,0,0.08237467,0.12405949,0.032178972,0.7613869
12190192402,121901924,2,0,0.025543459,0.0690067,0.028155958,0.87729394
12190240603,121902406,3,0,0.0029197512,0.017507667,0.022728594,0.9568439
12196343601,121963436,1,0,0.22059675,0.0967383,0.046917696,0.63574725
12197270102,121972701,2,0,0.11872981,0.06359902,0.04098926,0.7766819
12197270103,121972701,3,0,0.2673586,0.07844594,0.04827641,0.6059191
12197619001,121976190,1,0,0.25729215,0.08745562,0.041441634,0.61381066
12203556902,122035569,2,0,0.03163932,0.11850157,0.035985515,0.8138735
12203556903,122035569,3,0,0.527438,0.14238326,0.04058695,0.28959176
12203871806,122038718,6,0,0.0003905749,0.0040773386,0.016133726,0.97939837
12203954406,122039544,6,0,0.00013393356,0.002905202,0.012381427,0.98457944
12204298101,122042981,1,0,0.45062986,0.22649506,0.03673009,0.28614494
12204377901,122043779,1,0,0.1622331,0.17543893,0.03670718,0.6256208
12204864501,122048645,1,0,0.09914146,0.74923474,0.032724947,0.11889883
12210838002,122108380,2,0,0.05414948,0.3284652,0.028433705,0.58895165
12210974601,122109746,1,0,0.43830547,0.083968826,0.1252767,0.3524489
12227100603,122271006,3,0,0.0003578257,0.005622003,0.008839829,0.9851804
12227357002,122273570,2,0,0.0029298274,0.021915277,0.018235628,0.9569192
12227357005,122273570,5,0,0.055641796,0.88979024,0.028027164,0.02654078
12227363202,122273632,2,0,0.09765579,0.076501526,0.029814636,0.7960281
12234198401,122341984,1,0,0.33854195,0.48813596,0.03716871,0.1361533
12238949301,122389493,1,0,0.5838986,0.30803052,0.044081092,0.06398967
12247780302,122477803,2,0,0.3469487,0.060930967,0.09512017,0.49700016
12247937001,122479370,1,0,0.7677645,0.114892796,0.03756611,0.07977652
12247937901,122479379,1,0,0.80959153,0.09143945,0.03257738,0.06639154
12248682701,122486827,1,0,0.47143155,0.37351686,0.039619204,0.11543233
12257078401,122570784,1,0,0.45422822,0.093922,0.036859967,0.41498986
12262976101,122629761,1,0,0.85712016,0.03578176,0.03166587,0.07543211
12270348001,122703480,1,0,0.16860265,0.058485046,0.051709805,0.7212025
12276658201,122766582,1,0,0.5673749,0.27306443,0.039093312,0.12046738
12277546801,122775468,1,0,0.18453014,0.25655383,0.04848628,0.5104297
12287954401,122879544,1,0,0.5979054,0.21307768,0.042529494,0.14648747
47019348203,470193482,3,0,0.35944745,0.08991047,0.062460527,0.48818153
47019348204,470193482,4,0,0.24597193,0.11416541,0.076035656,0.563827
47019348205,470193482,5,0,0.29610085,0.09296192,0.07209951,0.5388378
47019348206,470193482,6,0,0.17412843,0.08598271,0.06904975,0.6708392
47020541101,470205411,1,0,0.69223815,0.17245765,0.03527483,0.100029424
47020649304,470206493,4,0,0.00035365074,0.006996531,0.017213082,0.9754368
47021426802,470214268,2,0,0.0802392,0.32460475,0.026376508,0.5687796
47023971607,470239716,7,0,0.016299292,0.016460745,0.02544275,0.9417972
47024421903,470244219,3,0,0.036629595,0.0490718,0.031848907,0.8824496
47024453704,470244537,4,0,0.06436008,0.07518936,0.023890669,0.8365599
47026898001,470268980,1,0,0.91443896,0.04163403,0.022262918,0.021664072
47027904001,470279040,1,0,0.16320647,0.36767346,0.035837065,0.43328297
47031015903,470310159,3,0,0.6233131,0.1357705,0.04205391,0.19886243
47034689906,470346899,6,0,0.074307285,0.05188071,0.04151839,0.8322936
47036697602,470366976,2,0,0.6160373,0.13452035,0.059475362,0.189967
47036697602,470366976,2,0,0.6160371,0.13452038,0.05947535,0.18996713
47036697602,470366976,2,0,0.6160373,0.13452035,0.059475362,0.189967
47036697602,470366976,2,0,0.6160371,0.13452038,0.05947535,0.18996713
47038085105,470380851,5,0,0.09473451,0.10769193,0.04037117,0.75720245
47039188803,470391888,3,0,0.070977375,0.2443598,0.034588322,0.6500745
47039864907,470398649,7,0,0.024659557,0.09351312,0.026444057,0.8553832
47046695701,470466957,1,0,0.7215433,0.056265693,0.04489276,0.17729814
47046759303,470467593,3,0,0.26944333,0.11914026,0.04160465,0.5698117
47047392203,470473922,3,0,0.2320133,0.41584498,0.033561885,0.31857988
47047950201,470479502,1,0,0.02416631,0.68681437,0.03572257,0.25329667
47047950202,470479502,2,0,0.015890732,0.6745435,0.033354975,0.27621078
47048414102,470484141,2,0,0.5915745,0.19124247,0.036312398,0.18087061
47050348901,470503489,1,0,0.3177852,0.56969863,0.03877913,0.07373705
47050544702,470505447,2,0,0.017177094,0.050345805,0.020864692,0.9116124
47051459801,470514598,1,0,0.008155712,0.13489474,0.03347608,0.82347345
47051459802,470514598,2,0,0.013652029,0.15658067,0.03529087,0.7944764
47052726601,470527266,1,0,0.3135693,0.22258131,0.034526028,0.4293233
47053331803,470533318,3,0,0.25817612,0.16558395,0.032165017,0.5440749
47054053503,470540535,3,0,0.01150478,0.046080645,0.016983567,0.92543095
47054390002,470543900,2,0,0.30096376,0.09753978,0.054539,0.54695743
47054403803,470544038,3,0,0.7496839,0.09330514,0.037545837,0.11946523
47054403805,470544038,5,0,0.2960662,0.051259343,0.052824516,0.59984994
47054612703,470546127,3,0,0.72841525,0.062102724,0.05295254,0.15652953
47067557702,470675577,2,0,0.05838838,0.019343827,0.049168367,0.8730993
47089516401,470895164,1,0,0.508372,0.27882734,0.05093115,0.16186956
47092032601,470920326,1,0,0.26475033,0.17056437,0.0428978,0.52178746
47092480401,470924804,1,0,0.36153412,0.5225936,0.045995772,0.06987649
47092480402,470924804,2,0,0.04804233,0.47928226,0.03092402,0.44175136
47092480403,470924804,3,0,0.033108152,0.120533474,0.018850708,0.8275077
47093644001,470936440,1,0,0.15750782,0.06478728,0.048456803,0.72924805
50495228401,504952284,1,0,0.018435577,0.79940534,0.02648782,0.1556712
50495228402,504952284,2,0,0.0031530552,0.12340798,0.032712035,0.840727
51484570804,514845708,4,0,0.002121546,0.020246046,0.015295067,0.9623374
60874352102,608743521,2,0,0.12340322,0.04108498,0.036559206,0.7989527
60875129701,608751297,1,0,0.3628968,0.1606407,0.04012199,0.43634054
60955106101,609551061,1,0,0.43722126,0.24814136,0.039897,0.27474046
60955106601,609551066,1,0,0.7510526,0.1147736,0.033826243,0.10034749
62508143303,625081433,3,0,0.3061967,0.2876475,0.041897446,0.3642584
62596381401,625963814,1,0,0.033508282,0.8222656,0.029154098,0.11507194
62596381402,625963814,2,0,0.0013109699,0.035140775,0.015936041,0.9476121
62737223203,627372232,3,0,0.27849898,0.081945844,0.03154589,0.6080093
62934328801,629343288,1,0,0.48113686,0.11741038,0.052108504,0.34934428
64216037001,642160370,1,0,0.51740885,0.1306788,0.04006776,0.31184447
64217817408,642178174,8,0,0.00012419334,0.002689509,0.012721515,0.9844648
64217817508,642178175,8,0,0.00012041196,0.0026503636,0.012512341,0.9847169
64224015701,642240157,1,0,0.045631863,0.11517707,0.030145392,0.8090457
64224016001,642240160,1,0,0.048727784,0.1018952,0.028891606,0.8204854
64356762601,643567626,1,0,0.025363954,0.10802024,0.029497167,0.8371187
64356762602,643567626,2,0,0.08355391,0.12679067,0.025120186,0.7645353
64511903901,645119039,1,0,0.0016437953,0.2214698,0.005635301,0.7712511
64511903902,645119039,2,0,0.014951537,0.9591995,0.0063191294,0.019529784
64542671006,645426710,6,0,0.00014448952,0.0026020457,0.009050197,0.9882032
64571774801,645717748,1,0,0.014718077,0.08734505,0.020836554,0.87710035
64581676101,645816761,1,0,0.09815799,0.14929529,0.029992916,0.72255373
64614777201,646147772,1,0,0.014354639,0.9362757,0.012294641,0.037075084
64614777202,646147772,2,0,0.03855953,0.4455839,0.041107066,0.47474942
64614777204,646147772,4,0,0.013765822,0.23838396,0.03342726,0.7144229
64646286901,646462869,1,0,0.12322286,0.12203168,0.033314604,0.72143084
64665788801,646657888,1,0,0.15214011,0.24487206,0.03655,0.56643784
64668413801,646684138,1,0,0.4282235,0.2530851,0.035688024,0.28300336
64679631901,646796319,1,0,0.15333168,0.17014465,0.03401422,0.6425095
64865453404,648654534,4,0,0.048154425,0.047180798,0.046564657,0.85810006
66125854201,661258542,1,0,0.1849319,0.14455982,0.04250217,0.6280061
66150285101,661502851,1,0,0.078922346,0.7804886,0.033335455,0.10725352
66150285102,661502851,2,0,0.0075582876,0.1062158,0.02511339,0.8611124
66154004402,661540044,2,0,8.163309e-05,0.0037940003,0.008879015,0.9872454
66295800301,662958003,1,0,0.060337383,0.85530454,0.023762152,0.060595784
66314198302,663141983,2,0,0.264044,0.16100125,0.039975744,0.534979
66317747101,663177471,1,0,0.076727055,0.76654536,0.033099484,0.12362812
66317747601,663177476,1,0,0.07258346,0.7793305,0.03327064,0.11481545
66332792501,663327925,1,0,0.34752813,0.12447561,0.044622708,0.48337355
66424108001,664241080,1,0,0.29957488,0.3842841,0.04456234,0.2715786
66491537201,664915372,1,0,0.38229537,0.44900846,0.03926119,0.12943487
66526381206,665263812,6,0,0.00015204931,0.0018784333,0.012902191,0.9850673
66526381207,665263812,7,0,0.00015766722,0.0021746096,0.015478202,0.9821895
66553143501,665531435,1,0,0.3517345,0.53032416,0.04320546,0.07473587
66584322601,665843226,1,0,0.19170682,0.17402864,0.037765216,0.5964994
66634070701,666340707,1,0,0.6949781,0.14539029,0.03644726,0.12318431
66697954401,666979544,1,0,0.6966184,0.19026718,0.037813418,0.07530109
66697954402,666979544,2,0,0.7094539,0.09079199,0.038210895,0.16154315
66796218501,667962185,1,0,0.53658324,0.27045688,0.052154224,0.14080566
66845966201,668459662,1,0,0.043582924,0.5270348,0.028876977,0.4005053
66845966202,668459662,2,0,0.013748435,0.3571922,0.02368097,0.6053783
66845966203,668459662,3,0,0.026079709,0.3305907,0.018298445,0.6250311
66893666301,668936663,1,0,0.026118191,0.7991153,0.027515708,0.14725077
66893666302,668936663,2,0,0.0059870863,0.43825027,0.032289464,0.5234732
66949438201,669494382,1,0,0.11887122,0.21636054,0.03378856,0.6309797
66953678604,669536786,4,0,0.00011296031,0.0032913513,0.010074551,0.9865211
66981939001,669819390,1,0,0.05796106,0.054925606,0.02512695,0.86198646
66996108801,669961088,1,0,0.11935893,0.08914156,0.03345622,0.7580433
67061322101,670613221,1,0,0.17275496,0.69205564,0.041495904,0.09369347
70168484306,701684843,6,0,0.0005243363,0.003954182,0.020494027,0.97502744
70300033203,703000332,3,0,0.0011686129,0.0069392705,0.019840607,0.9720515
70303433707,703034337,7,0,6.575441e-05,0.0020332027,0.008333447,0.98956764
70321776602,703217766,2,0,0.021296613,0.040153824,0.02644682,0.9121027
70529886301,705298863,1,0,0.5425309,0.21723135,0.038585775,0.20165199
70529886501,705298865,1,0,0.553362,0.2101406,0.03906914,0.19742815
127127910201,1271279102,1,0,0.0014740662,0.07841291,0.014611228,0.9055017
127127910202,1271279102,2,0,0.000114173075,0.0032466762,0.004424059,0.99221504
140077043501,1400770435,1,0,0.5680861,0.28506154,0.043347318,0.10350494
140077043502,1400770435,2,0,0.02406677,0.111062795,0.027715461,0.837155
171773242501,1717732425,1,0,0.7873161,0.13792177,0.038475297,0.036286842
171773242901,1717732429,1,0,0.7843199,0.1396759,0.03834694,0.03765726
171800682401,1718006824,1,0,0.005723034,0.22818455,0.02408621,0.74200624
171800682402,1718006824,2,0,0.007131379,0.212814,0.021818345,0.75823635
171808784601,1718087846,1,0,0.62715846,0.09507287,0.0469812,0.23078746
171820185001,1718201850,1,0,0.82449377,0.105847,0.03523109,0.034428135
198096895301,1980968953,1,0,0.3058338,0.07625145,0.037742812,0.5801719
198113879201,1981138792,1,0,0.29775342,0.43669832,0.049160887,0.21638738
202376378101,2023763781,1,0,0.2064277,0.090179905,0.044065215,0.6593272
202396132401,2023961324,1,0,0.04516714,0.015539868,0.043416105,0.8958769
205055596101,2050555961,1,0,0.77542704,0.108782634,0.036459517,0.079330795
205104702101,2051047021,1,0,0.54112625,0.34679505,0.044220638,0.0678581
205104702102,2051047021,2,0,0.070771225,0.4362754,0.0370434,0.45591
205104702103,2051047021,3,0,0.02057116,0.31687853,0.023951927,0.6385984
205131824106,2051318241,6,0,3.593493e-05,0.0016464533,0.0072456864,0.9910719
