,TIC ID,SMass,SRad,Tmag,planetno,Epoc,Per,Depth,Dur,SRadEst,Astro ID,CentroidDistanceArcSec
0,1754591,,2.12588,10.4177,2,1817.5157595559645,0.5244315776919461,643.3244332493281,0.1227803791162155,,175459102.0,24.66746403426302
1,1837473,2.09,2.21099,10.4611,1,1818.3556746917036,1.2065243873421323,1097.2778187156762,0.3178773360754036,,183747301.0,68.46355763453008
2,1838019,,6.88374,10.157,1,1817.6922092029365,1.7411285770236562,665.8850340201368,0.1733147578683561,,183801901.0,13.426791013107952
3,1842481,2.97,4.15094,9.6947,1,1819.317422865824,2.5728850628163,197.7404809779547,0.337442159938736,,184248101.0,11.163806403512229
4,1847676,1.16,2.67381,10.4164,1,1819.236533768683,3.1124712826759926,1383.2846748273998,0.2411175949933064,,184767601.0,79.13148537277672
5,1847676,1.16,2.67381,10.4164,2,1817.5962026277225,3.1127116259648075,700.4830422890419,0.1902645623608133,,184767602.0,78.82778084275562
6,1942622,1.98,3.31855,9.0756,1,1818.3137154528577,2.3256347431919067,3567.1112622194705,0.1192309148140016,,194262201.0,15.790597513377111
7,1946493,1.365,1.47688,10.3062,1,1847.8858020872908,47.43996962415939,4032.647727136484,0.9042077742439276,,194649301.0,
8,2004839,,11.6868,10.2992,3,1818.921901462585,5.950971101049444,532.5856289180998,0.2254373782842254,,200483903.0,11.287507441248152
9,2006202,2.05,3.30044,9.8348,1,1817.985893805835,1.624813374183547,383.9487026338927,0.1535403174905306,,200620201.0,24.45618666980402
10,2006202,2.05,3.30044,9.8348,2,1818.7333361012704,1.624918829520709,253.72477651389897,0.1983098026669262,,200620202.0,25.1435172881306
11,2009741,,,10.4301,1,1833.505208888535,18.80452629412345,4824.054794287483,0.1038385102842836,,200974101.0,216.36269202791553
12,2100590,2.14,4.605,9.3423,5,1819.7423405419152,2.535145641197269,860.1119963601816,0.2022989697400696,,210059005.0,69.1233686268177
13,2100590,2.14,4.605,9.3423,6,1817.985825551684,2.535022196483348,824.5641153511377,0.1981292157240098,,210059006.0,68.91500102612802
14,2100590,2.14,4.605,9.3423,7,1818.7095093841024,2.535022196483348,978.8457288249288,0.1866834096827508,,210059007.0,69.44002054371535
15,2100865,1.471,1.76243,9.77854,2,1817.5636363191736,1.1323019424448142,137.60812968001446,0.2933866561900627,,210086502.0,22.011604509306046
16,2104696,,5.13982,8.6729,2,1819.98247872906,3.3069403512322357,245.1538329026045,0.3267968206440816,,210469602.0,9.107257537221027
17,2105067,2.47,4.50877,9.8256,2,1817.9206107665664,2.261021262129966,6468.897950308928,0.1124190748377369,,210506702.0,3.9706164781245366
18,2105119,2.69,3.60889,10.2692,1,1819.0303251472883,2.261074437658549,1102.064407311339,0.1106598251866275,,210511901.0,98.77839275757253
19,2106313,2.45,2.31161,10.404,1,1824.4433038565412,8.352945232467482,2785.7427044222586,0.184422498158594,,210631301.0,27.51781874375227
20,2106313,2.45,2.31161,10.404,2,1819.9426180244293,8.352348625402819,2886.749137013078,0.1835280107196648,,210631302.0,54.90354152391754
21,2148487,,10.6575,10.3849,8,1817.672534311514,0.3435375435106865,636.0120286143598,0.0407219172175891,,214848708.0,34.028075275055315
22,2230614,2.44,2.31203,10.4079,1,1818.3919932666568,1.2289167658438154,548.2976563237233,0.1286523462318553,,223061401.0,21.57809644614981
23,2231001,1.15,1.07028,10.4612,1,1819.641052410863,5.943321664109887,4636.735641785932,0.211107449109556,,223100101.0,52.779920259977494
24,2231001,1.15,1.07028,10.4612,2,1822.5032996061093,5.943208852798198,1839.360175629068,0.3162549559922867,,223100102.0,50.85342261744288
25,2232984,2.29,3.961,10.369,1,1819.2921649974596,2.6567474234992874,564.9088489684943,0.3691111457268683,,223298401.0,3.453329240916712
26,2234723,3.172,2.30822,8.18778,1,1818.3527851574304,1.2309256056717124,4471.812170824401,0.2128566555026993,,223472301.0,3.978666775015762
27,2333148,2.54,4.5059,10.1054,2,1818.919344713808,2.2476495083882617,2426.2624001193294,0.3796137053159404,,233314802.0,15.843799841617113
28,2333148,2.54,4.5059,10.1054,3,1819.472556696713,2.2476495083882617,3021.9615799813546,0.4723382593638897,,233314803.0,
29,2333883,,3.75777,7.96078,1,1817.39071173452,0.6252079456345929,1667.916919713586,0.1591726167250572,,233388301.0,95.11116367362493
30,2431338,1.1,1.57131,9.18768,1,1818.5077329285373,1.1737947984707622,642.1770216909866,0.0882165501795747,,243133801.0,14.8218969679034
31,2431338,1.1,1.57131,9.18768,2,1817.9422992538723,1.1737710054458352,577.7494737328965,0.1136008703397095,,243133802.0,228.74042669390494
32,2433500,1.41,2.06142,10.216,3,1817.714922790624,0.8711460859008378,3651.348361824142,0.2535327514350279,,243350003.0,
33,2433897,1.752,2.3797,10.0078,3,1817.4121621343,1.1890077099600789,161.4721772444331,0.4222389711843366,,243389703.0,11.983470983489767
34,2438817,2.52,4.48357,9.4334,3,1817.964338887598,2.069115419901256,2359.842691400669,0.388346227962728,,243881703.0,11.55205102190335
35,2507547,1.19,2.09135,6.4843,2,1818.2787664749724,5.434248060973636,140.78460191535248,0.2339484561564691,,250754702.0,27.992136165554143
36,2679752,1.081,1.89019,10.0816,1,1820.2194367740567,3.184703229132575,1183.983802566756,0.1252223955037434,,267975201.0,51.973125870246065
37,2685481,1.152,1.39357,10.2212,1,1817.543312435021,4.136396725996816,461.75914877043857,0.1482854272112488,,268548101.0,24.74705414712109
38,2688384,1.554,1.92454,10.3314,1,1817.387359830142,1.7436431293054822,7894.376741359089,0.1378219340533666,,268838401.0,60.24763041367316
39,2688384,1.554,1.92454,10.3314,2,1818.2304116035016,0.8718435162204713,855.8861839299996,0.1408249073157335,,268838402.0,197.4458047102496
40,2778177,,,9.8737,1,1818.5411097803296,1.369655846401266,107392.67478985483,0.1759880215675725,,277817701.0,4.482223564241418
41,2852469,1.545,2.49799,9.77025,1,1817.925745597065,1.5207704271317837,201.73111049001497,0.3515253565878048,,285246901.0,20.419852081439924
42,2856355,,,9.297,1,1817.813009324473,0.5544525412643655,376.34963559885,0.5544185971332285,,285635501.0,
43,2938831,,,10.4087,2,1818.3475355174369,1.4191035684146396,27833.81220454409,0.2011379547629305,,293883102.0,5.1323970207262475
44,2940740,1.018,1.26741,10.3652,3,1817.6176731248047,0.8380955735851802,3311.618618804036,0.1379642261108267,,294074003.0,55.473769225954136
45,2940740,1.018,1.26741,10.3652,4,1818.064252526904,0.8380747596855639,3303.37602581191,0.1352216218934079,,294074004.0,58.29231686876402
46,3022329,1.183,1.6821,10.4195,1,1818.0186968300231,1.6260079961117195,733.7615677841042,0.1964449156431714,,302232901.0,69.6314083775469
47,3030322,1.817,1.92183,9.59234,1,1821.0658349081364,5.670907697684388,295.74447621199863,0.1346230869169086,,303032201.0,44.542556515588444
48,3033261,2.01,4.52687,10.4386,1,1818.3504612557128,2.3256042965002166,364.2235703474373,0.2963688564804067,,303326101.0,17.027501763958046
49,3033261,2.01,4.52687,10.4386,2,1818.9329865664693,2.3256042965002166,350.3229505059659,0.2917461179974551,,303326102.0,16.73236725239192
50,3033261,2.01,4.52687,10.4386,3,1817.7790603611,2.325614396273958,271.3070010569589,0.2491642215953759,,303326103.0,186.2262245441015
51,3033261,2.01,4.52687,10.4386,4,1819.5175042016808,2.325614396273958,253.06418548474048,0.2249017406358817,,303326104.0,14.306437272611133
52,3035000,1.294,1.32616,10.1532,1,1817.8556529244447,1.683872482213754,3534.6161484176864,0.1410341657905097,,303500001.0,64.7633890815216
53,3035000,1.294,1.32616,10.1532,2,1817.8626316843151,0.841931891200594,847.0405142633937,0.1468306443461713,,303500002.0,13.224044671411496
54,3102865,,,10.0098,1,1825.9548024807095,16.80920869508817,2763.8424531577657,0.2506929568545951,,310286501.0,63.985233751965076
55,3102865,,,10.0098,2,1818.2478231416608,16.810091490464828,2740.1446146248227,0.2151981431743815,,310286502.0,157.74121540964984
56,3102865,,,10.0098,3,1818.2958502993124,2.937090160798679,513.375390002509,0.4252844762504549,,310286503.0,152.54268401980883
57,3104459,,,10.3921,1,1819.179975294447,2.056973602679611,3045.754358120511,0.2512589105544839,,310445901.0,67.00534832776425
58,3108798,,,10.3651,4,1817.6547407924304,0.347212033105108,842.2467497772716,0.0759390746303058,,310879804.0,9.602872754136266
59,3224146,1.745,2.0195,9.73562,3,1817.977686729235,0.8473882970202353,25027.170944863094,0.2381718997254708,,322414603.0,
60,3310567,2.318,2.62637,8.7466,1,1819.6971809848944,13.451948962790576,930.1878887502874,0.2043195924506609,,331056701.0,17.937103263735036
61,3311888,,,6.8911,1,1817.7480610359048,4.00259487615702,216825.6086338825,0.3473853522634411,,331188801.0,3.326351944486279
62,3319406,,11.3131,10.0556,1,1817.3745359993184,0.4700805141816311,807.529548685446,0.121978104245779,,331940601.0,69.56437805841352
63,3542053,1.567,1.77777,10.2733,2,1817.411910464184,1.2350436916534075,375.0572637142045,0.5784514185293921,,354205302.0,
64,3542966,2.18,4.98903,10.0234,5,1818.343191442576,2.650816210499302,1180.775904897302,0.4903562156913435,,354296605.0,20.085547890580962
65,8306561,2.38,2.70108,10.1887,2,1818.6753264106064,1.3904334043883075,796.46828661698,0.2599372735836435,,830656102.0,58.22196569428035
66,8400842,1.41,1.68685,9.441,1,1819.0473189292352,3.191573221656736,8586.87206066783,0.1334468946394123,,840084201.0,3.554736831903271
67,8407155,,11.0725,8.6675,1,1818.6986509039837,2.0073319424293623,263.9095240096658,0.1490245839872121,,840715501.0,22.103323692456186
68,8408217,0.842,0.853741,10.3294,1,1817.891953763204,0.6220926506515291,823.2252548798938,0.1596607551041584,,840821701.0,70.3259246237141
69,8485272,,,9.1863,1,1817.938250237376,2.2511647020492136,342.28630300967006,0.2365638339886794,,848527201.0,24.797306602026794
70,8495899,,,9.9541,4,1817.900161857876,0.3558460712419024,12862.486071786998,0.0763980328820479,,849589904.0,
71,8574932,,11.667,8.51771,1,1818.078515766481,0.448721857778387,275.5738668743504,0.448471955849713,,857493201.0,
72,8608782,1.48,2.74555,10.2078,1,1817.810846772976,1.519119116605962,1153.7196365336606,0.1757819130292394,,860878201.0,16.739251361615896
73,8611439,2.0,1.95753,10.1774,1,1822.349255033084,14.669441384890364,4986.987227507803,0.3144063612487581,,861143901.0,
74,8611439,2.0,1.95753,10.1774,2,1829.3912557518915,14.670585947997552,2873.978960663867,0.2999423420472993,,861143902.0,71.34111787669866
75,8699825,0.91,1.63996,10.4607,1,1821.364737276127,5.8715471229922445,422.2681653443425,0.4340597951517856,,869982501.0,19.755524324514646
76,8772474,,,9.3846,1,1819.99679406478,3.13181348584034,4562.080961924242,0.3438869422475797,,877247401.0,9.402651765133218
77,8888450,1.582,1.74612,9.49883,1,1817.814132134716,0.7619785850704593,242.45493862776092,0.1742883819089873,,888845001.0,18.20987026064617
78,9134882,1.134,1.1362,10.0934,1,1818.104037085017,0.4343226544067634,1040.012773850725,0.0970161357023642,,913488201.0,27.28887948203165
79,9134886,1.306,1.59205,9.18019,1,1818.078652441478,0.8686630400729254,507.1370137307685,0.123276935739455,,913488601.0,4.405143508753775
80,9134886,1.306,1.59205,9.18019,2,1817.6786351440865,0.8686376537737743,295.576949792023,0.0926746860608273,,913488602.0,17.59169624452312
81,9139116,1.181,1.44792,10.0916,2,1819.7911593716092,3.466790562991936,10472.899600280009,0.1432395853782422,,913911602.0,6.893040471473808
82,9280123,1.371,1.71678,10.213,1,1817.850426276236,0.8170598704052922,897.603224343015,0.1855056118048048,,928012301.0,22.45739082905524
83,9280123,1.371,1.71678,10.213,2,1818.258530153844,0.8170610678689064,916.9072968428889,0.186788173429402,,928012302.0,6.685237369273894
84,9283770,1.399,1.64017,9.74998,2,1817.69859038973,0.941889112242397,1383.235626868134,0.2600692780103482,,928377002.0,14.826258801795003
85,9372100,3.17,4.73096,9.3496,1,1818.11198335386,2.322348647719211,812.1250109636208,0.386142612990824,,937210001.0,17.387139511498408
86,9446310,,21.9609,9.2124,1,1818.206482261597,0.6070221325317215,194.7243638017486,0.6066571828749501,,944631001.0,14.575687925722454
87,9486917,1.995,1.77099,9.36268,10,1818.1504842074544,0.5733606792646884,1162.2176419982077,0.0551973641638414,,948691710.0,16.14297000621596
88,9573864,,,9.8338,1,1828.9876505104355,15.19967192003332,3438.6381171412145,0.1474025824198161,,957386401.0,122.26570370068588
89,9574875,1.209,1.81979,9.06077,1,1829.377568978999,17.367398684699822,8128.48077512994,0.1348193049281365,,957487501.0,22.772372770667815
90,9576898,1.772,1.48625,9.56582,8,1817.8837941319744,0.5171619620065784,1300.8196274767088,0.050495216320953,,957689808.0,
91,9658887,,,10.0216,3,1818.0763161555835,0.4812342826107271,1481.812074354101,0.0860465646982955,,965888703.0,
92,9747815,,11.9171,9.06601,1,1818.0858901897984,1.2343297480545006,388.90611744042144,0.1478312031939187,,974781501.0,20.908288443641766
93,9750972,,13.7536,9.7375,1,1818.200451549436,0.563068616852452,187.14523733632635,0.1612134112280916,,975097201.0,19.08375702523744
94,9830266,,9.6805,8.8855,2,1823.1330264350383,6.489528656686708,1089.140168186898,0.3101208780078074,,983026602.0,107.97442504511919
95,9834975,1.312,1.29002,10.4317,1,1818.0759575541176,1.1681147255417597,2803.567918552786,0.1520258528269976,,983497501.0,47.27784474081768
96,9837861,,2.67566,9.9021,1,1817.934788120944,0.6571628249322418,491.5152956194595,0.1350922480069083,,983786101.0,31.47331723069681
97,9889695,,11.2532,8.3208,1,1818.6766633333789,1.2754024622645652,287.2353397483293,0.1800173474220421,,988969501.0,25.737582558587558
98,9890080,,7.71051,8.67108,1,1818.7943386674576,1.6829004235967795,1139.3153762234856,0.2555993964287412,,989008001.0,11.469562436730378
99,9890108,,10.6787,9.6191,1,1818.7923069797453,1.6829004235967795,1054.405371026848,0.2432327487220489,,989010801.0,67.52550712467634
100,9951451,,11.8261,10.4696,1,1818.111937626188,1.213713385962407,453.8722810170542,0.2027159002950201,,995145101.0,18.329577984885127
101,10016484,1.074,0.98708,10.3706,1,1817.764869986763,1.7399543254605627,210.07987922514556,0.2392495150052951,,1001648401.0,18.268607018500486
102,10016667,,8.55713,10.1818,1,1818.869971533121,1.2380282048755722,406.6266184732227,0.1361575406231887,,1001666701.0,18.69244149541409
103,10018784,1.841,1.52714,9.92197,9,2911.4907173592187,0.4642845888115061,10900.723380696185,0.0885875529507417,,1001878409.0,
104,10349445,2.47,4.1431,9.7098,3,1793.631889654845,1.8482360150904595,977.769522653622,0.3764034703843321,,1034944503.0,
105,10352846,2.58,4.05093,9.2695,3,1793.4204658306262,1.911386553833591,112.23592747799104,0.2970492813459168,,1035284603.0,25.22103624338487
106,10354145,,4.68085,10.4448,1,1792.0409178264267,0.7489876317154992,1967.708051308896,0.1402871797537068,,1035414501.0,19.315260794055877
107,10432496,2.29,4.40333,9.5994,5,1794.0004133543707,2.6456027170084915,769.4325992733404,0.3676701630055536,,1043249605.0,4.999001824513984
108,10432496,2.29,4.40333,9.5994,6,1794.6085395922316,2.645730161058924,681.1291069314544,0.6660990878470209,,1043249606.0,3.667226253309862
109,10706353,,4.31874,9.27247,3,1793.4575651835896,2.5348343933436626,323.9555500135372,0.2408926637192399,,1070635303.0,14.067404195541416
110,10710992,,,6.8201,3,1794.878912566667,3.7581722670259192,427.69982539491866,0.1023722081796154,,1071099203.0,4.986707768861996
111,10788791,1.255,1.45672,9.94732,2,1792.6294383063782,8.211885646779965,763.7338843539519,0.159820881632183,,1078879102.0,33.992669723011474
112,10792081,1.058,1.0147,10.0223,1,1799.7990558583997,10.169223927475723,852.4763000877164,0.3059779783838527,,1079208101.0,15.59162078359481
113,10792081,1.058,1.0147,10.0223,4,1792.5204723961526,10.169002036773936,485.1743574477408,0.2187099082293302,,1079208104.0,22.371290532994422
114,10972126,1.569,1.93997,9.56916,4,1792.7791050074616,0.9421928582279808,1207.300505078542,0.1468366968383528,,1097212604.0,4.551195195915651
115,10976802,,7.8429,9.5959,3,1792.8317839401575,2.1102868309777247,169.39762603464558,0.3920937872171482,,1097680203.0,25.019425108255362
116,11066567,1.025,2.34129,9.49488,5,1793.1700628360736,1.4539783494320149,21862.53065307836,0.1928749147968191,,1106656705.0,3.4082216986324703
117,11244460,0.85,0.80462,10.239,2,1816.0688851736784,30.899891106884283,24027.55107031966,0.1068986271684235,,1124446002.0,
118,11253638,,11.5228,10.1953,1,1792.4581994199273,2.4191694428298347,639.0704772173499,0.1291261596303832,,1125363801.0,23.837826255722874
119,11338076,2.08,2.92571,10.3116,1,1793.79322230738,1.963120736622629,3142.1237223871444,0.245574880758751,,1133807601.0,50.37562394118174
120,11338076,2.08,2.92571,10.3116,2,1792.774499886956,1.963188445480313,1116.8118609809503,0.2403521912954923,,1133807602.0,162.27310647601237
121,11338076,2.08,2.92571,10.3116,4,1793.233334071206,1.9632278953509077,1026.0539862599285,0.7390278642131936,,1133807604.0,
122,11996334,,3.90909,9.09481,1,1792.3078883150963,2.0867350798189497,2918.924119880003,0.1752516227299606,,1199633401.0,81.48327877964616
123,12000064,,6.7596,9.5444,1,1794.2173283506977,2.549922918185961,439.3447315083741,0.2032688262764391,,1200006401.0,78.67506668155508
124,12102235,2.145,2.4919,10.0357,4,1792.557124852504,0.9052376324204504,1328.8272783737143,0.1095074468073215,,1210223504.0,36.076782914056395
125,12102235,2.145,2.4919,10.0357,5,1792.769903829383,0.9047719855558056,944.1828035519526,0.110870166737186,,1210223505.0,35.11439815678713
126,12225909,1.272,1.47193,8.19685,1,1792.1097411635844,1.3527654566365683,175.85799014250247,0.1400546211125242,,1222590901.0,12.698713693433895
127,12326312,1.019,1.9147,10.4378,2,1795.171542189878,6.331848318145175,198.3249064274239,0.6035192239967818,,1232631202.0,16.43881203466115
128,12399811,1.98,3.66521,10.45,1,1792.2128006125072,3.156377068197988,3314.932344354552,0.1157299137196146,,1239981101.0,40.69822562440454
129,12399811,1.98,3.66521,10.45,2,1793.8389272039126,3.156237962811891,692.3643792152275,0.2126546309872343,,1239981102.0,16.40292310689188
130,12483531,0.9,0.850286,10.35,2,1793.2452467032554,1.2888300180705463,981.6123460521542,0.2568845336224725,,1248353102.0,41.20848690340176
131,12551354,1.253,1.69178,9.99722,1,1792.374404752329,6.345483862581939,7431.585527785451,0.1676603816555849,,1255135401.0,59.94972549703907
132,12551354,1.253,1.69178,9.99722,2,1792.3799409911485,3.172717915583926,2282.029820990403,0.1642586675579017,,1255135402.0,17.194771572387936
133,12648197,,,9.7922,1,1796.6470389074852,5.431343140113753,8000.015473157416,0.2869710186475702,,1264819701.0,40.13413506408416
134,12648197,,,9.7922,2,1793.92639307996,2.719605233703396,2643.3172342230587,0.2844728772040978,,1264819702.0,34.60416915563688
135,12733613,,12.2631,10.2422,1,1792.8333764699994,0.9213031259012676,636.4701472110671,0.2102116649023218,,1273361301.0,87.04803748424655
136,12735173,,,9.9602,1,1793.1243431076075,1.4053859305251868,89316.11783729139,0.2220168232231567,,1273517301.0,6.129988745306465
137,12735173,,,9.9602,2,1792.4212489767292,1.4053859305251868,22921.984058432103,0.1984510887933869,,1273517302.0,9.17392228257624
138,12740559,2.31,3.60402,10.1533,3,1793.674442948913,1.8694443197639936,349.1107716735579,0.308580611102646,,1274055903.0,4.736641993726301
139,12899319,1.218,1.38841,9.03885,1,1792.1557435967725,1.1668630354127287,151.7089355568218,0.2280125809476842,,1289931901.0,18.612399800340466
140,12981401,1.912,2.26543,9.96819,6,1792.382090917575,0.8661472449248332,823.5181854862582,0.1144282850800406,,1298140106.0,22.79575311219097
141,13078321,1.505,1.5596,8.9698,2,1792.5084161300292,0.5647997075683914,3075.088633976125,0.4273099620594668,,1307832102.0,
142,13260611,,4.68875,10.4164,2,1793.1341492368776,2.2833479666541505,266.5668585114996,0.4980161860734414,,1326061102.0,9.493524190675435
143,13264809,1.235,1.60546,9.43256,2,1792.7626713960512,0.9883081562032172,926.3061994231808,0.2807301139331002,,1326480902.0,15.667614090750641
144,13351941,,,6.9104,1,1792.6909700627273,0.790327174490844,233626.0085864545,0.1711989151644287,,1335194101.0,2.6972081933076972
145,13351941,,,6.9104,2,1792.7854026789105,0.7903047173311681,24315.87951019726,0.0520740629126495,,1335194102.0,
146,13353725,0.998,1.24694,10.2498,1,1802.0162594106712,12.962856344861155,10224.864975546529,0.1397841145192997,,1335372501.0,
147,13358789,1.24,3.36408,8.96888,1,1793.7799058976382,2.711714954826008,306.1235279875449,0.2814525446306958,,1335878901.0,25.45869160949998
148,13360877,1.709,2.61676,9.56959,2,1792.4025089129516,1.2040405638993286,1031.7628089972843,0.8676887746371061,,1336087702.0,
149,13362839,,,9.1785,1,1792.5542593264047,1.63996350088285,522.1573844365819,0.2360917553053531,,1336283901.0,29.809723809872434
150,13453099,,8.53263,10.4543,1,1793.1812870652782,1.466066737491562,1632.6189671183367,0.1257885592581067,,1345309901.0,20.417868684496298
151,13529369,1.99,1.97736,9.5107,5,1792.1329159310571,0.8193027081357716,243.0855284029744,0.0919459664454005,,1352936905.0,144.3806250791529
152,13707036,1.06,1.56397,9.76101,1,1792.209534476172,0.7677660044587029,237.56367612597347,0.1461694914020418,,1370703601.0,19.111229614697393
153,14042031,,,10.1232,1,1794.1584858428355,3.3947645408968548,11432.143358005324,0.1107877462451343,,1404203101.0,4.4997549407634585
154,20973613,2.364,2.2328,8.27826,3,1817.4331181765965,0.9503660941270524,4683.970865555259,0.2752244097087372,,2097361303.0,
155,20973636,2.22,4.39538,9.6831,2,1823.4031329613017,6.377757205279224,446.1930566797474,0.3588821401283679,,2097363602.0,19.518340088099155
156,20973636,2.22,4.39538,9.6831,3,1818.613899163461,2.445808644269494,308.53505493278936,0.315772752038096,,2097363603.0,19.965936776056523
157,21125356,1.47,2.42066,10.3095,2,1717.9389212771364,88.51631679734041,954.0826339248396,0.6478109323681457,,2112535602.0,
158,21133246,1.383,1.82733,8.32758,1,1818.354385043116,1.0810243970145117,393.04381625189984,0.1789656127744602,,2113324601.0,20.465383599798695
159,21133246,1.383,1.82733,8.32758,3,1817.96089906134,1.0807529627472368,426.3369680449216,0.2429038375928857,,2113324603.0,19.375909548602888
160,21143157,,,9.9328,1,1817.3591541851952,0.4940706171087166,6735.696346429892,0.1774548932482131,,2114315701.0,42.64419218095985
161,21143196,1.165,1.63502,10.3563,1,1818.3510652618388,0.9881382364854048,12588.28367670028,0.1548632056690229,,2114319601.0,4.785753667979206
162,21143196,1.165,1.63502,10.3563,2,1817.8890764043729,0.988114957129365,13622.798987364076,0.1998807158164972,,2114319602.0,4.312913587657421
163,21189379,1.93,2.84582,9.2709,2,1689.117924568931,7.590504441809925,13782.926076911186,0.1822589870145348,,2118937902.0,7.057795907831354
164,21240988,1.037,1.14708,10.0361,1,1828.659733273753,12.683358005259716,39062.46224744488,0.1403738983142855,,2124098801.0,42.64783686791924
165,21315467,,8.89324,8.11197,1,1817.5593238005083,0.7104089396133944,291.6921977469534,0.1599442484599002,,2131546701.0,16.34143659347946
166,21315578,1.286,2.87087,10.1988,3,1821.0409752818969,8.618083372532173,733.182390923529,0.2770174488948592,,2131557803.0,14.826690634277707
167,21321966,1.146,1.06608,10.4282,3,1818.2657150343769,2.574270626908545,828.2366789734375,0.2875662132753621,,2132196603.0,33.54373412692196
168,21451667,1.113,3.70236,9.89844,1,1818.368983406841,2.9712998782580144,1130.2381544463028,0.1772587770007147,,2145166701.0,48.46878337132393
169,26398574,,5.15002,9.37756,1,1792.0774959495448,0.5613897731140439,3238.22769632076,0.5604283320117927,,2639857401.0,22.212562081241163
170,26433869,,7.82555,8.4107,1,1791.9181309466544,1.0357120424860853,683.1480976129322,0.0875287252184276,,2643386901.0,41.92219798911234
171,26435864,,5.21488,9.384,1,1799.0053096800912,10.227927821987114,852.3420924763785,0.5166070598438153,,2643586401.0,18.493910577391706
172,26500322,2.21,2.71504,9.0779,2,1792.7782974016864,1.265580967404783,988.5000548446388,0.3103663320872267,,2650032202.0,12.829451325847762
173,26533207,2.24,3.3976,5.1072,1,1793.510230289263,1.7653411704797974,7847.574881421311,0.2000833337957719,,2653320701.0,49.26326927981109
174,26653137,2.17,2.9054,9.7545,3,1791.98217913808,1.5141917322264389,596.8195992012985,0.4804618005122989,,2665313703.0,
175,27099424,1.079,0.990217,9.3207,2,1820.8897384063944,4.127477481988314,205.9711276185917,0.6044159086803587,,2709942402.0,22.04554622363081
176,27197827,,12.2006,9.7887,1,1817.5200945312367,0.5181942346860495,606.5997101713278,0.0730348005919935,,2719782701.0,22.284943544268213
177,27200851,2.118,2.52072,9.44724,1,1817.67922250099,1.1277448066218672,4506.307264358098,0.2705229503039883,,2720085101.0,77.96331565548721
178,27207052,1.605,2.17654,10.2891,3,1817.5837101367736,0.893419303919142,1143.290609532888,0.2433489511930754,,2720705203.0,
179,27245812,,5.3503,9.7572,1,1817.4158925386048,0.4999685194785357,582.459111153255,0.0623054768452183,,2724581201.0,12.149003441958147
180,27346418,1.906,1.57658,10.4762,1,1817.957067832229,1.1505442564632316,852.6723343299993,0.174013005404672,,2734641801.0,213.44885762906236
181,27424662,,,9.5315,1,1818.152682970657,1.3976163428138024,1293.8138255437327,0.0689169342424318,,2742466201.0,11.104342777557072
182,27430078,1.109,2.32836,10.4397,3,1818.5115677597803,1.2343994272402423,3273.510733857873,0.2523758152121435,,2743007803.0,22.26999467432994
183,27595266,,,9.4028,2,1817.7340845607623,6.451773973697369,731.0213048878624,0.1392100443116634,,2759526602.0,12.805396898805762
184,27675392,1.77,3.95306,10.1411,3,1819.0337202363648,2.0308431245417977,628.3051267870693,0.2294176023497312,,2767539203.0,16.0364090822941
185,27935194,,2.03355,10.2492,1,1818.6782608871447,3.79903887636732,8587.879100663991,0.1484048960386756,,2793519401.0,197.7383634654519
186,28251010,1.065,1.08671,9.84177,2,1817.6954606083864,0.3756079046629024,2952.991572830315,0.1274788599725139,,2825101002.0,15.52821928264259
187,28253025,,,10.027,5,1828.777482716251,13.433420209069606,5739.012838060362,0.0662941250421485,,2825302505.0,
188,28258283,1.497,1.85959,10.112,3,1826.1513694635223,16.629330884895655,6253.685026265653,0.1460013138821415,,2825828303.0,229.8859122827159
189,28498463,0.75,0.697069,10.1225,2,1826.1915030756684,16.63114359709706,9706.26371888813,0.1186805841914177,,2849846302.0,20.100974506857604
190,28664347,1.671,3.37322,8.31744,2,1818.1724588049167,1.9057688624800635,2501.851153499159,0.1721055119892379,,2866434702.0,1.9147380392058664
191,28667244,,5.07376,9.9048,1,1817.5990450837,0.4243503057997162,1928.348685570151,0.0697768334883257,,2866724401.0,67.11449165690384
192,28667664,,,10.0165,5,1830.154692319554,25.004696291242897,6008.131491539576,0.1171574571067714,,2866766405.0,209.13275284507276
193,28669648,1.157,1.39757,10.1642,4,1833.819767361348,18.790953158666035,8667.442553126191,0.0850416145508053,,2866964804.0,200.77478268110622
194,28746465,0.849,1.16267,10.3633,2,1827.7765302376692,18.27715142775569,12170.266934597104,0.1448888683410807,,2874646502.0,142.42886432287298
195,28901981,,5.09144,10.4844,3,1817.6202077069468,0.4377885444360117,4463.249465471567,0.1233928041740996,,2890198103.0,5.465033983042205
196,28904598,1.124,1.45005,9.84849,2,1818.9441959202527,4.196159838366898,526.157802576194,0.381489653242637,,2890459802.0,134.57959961464664
197,29076165,1.323,2.84145,9.56065,1,1818.7151075918796,1.7204403568050406,5174.002894733673,0.1539995169107977,,2907616501.0,23.503422955181673
198,29076165,1.323,2.84145,9.56065,2,1817.8536617212956,1.7204403568050406,2520.556947939238,0.1510333089242139,,2907616502.0,29.17702569314574
199,29076165,1.323,2.84145,9.56065,4,1818.274902595585,1.7204613571679392,709.2637161740182,0.6544325507469705,,2907616504.0,
200,29295736,0.73,0.707057,10.0116,1,1817.768663614135,0.5486128508175024,274.93465098214205,0.1128452960205064,,2929573601.0,20.68499053351089
201,29295736,0.73,0.707057,10.0116,2,1826.0397716680889,8.75104964175803,4895.238256889522,0.0702592000893055,,2929573602.0,
202,29296653,2.75,3.97321,10.3367,5,1818.1775532599456,1.5920332533834507,2030.535374754576,0.4338324282318479,,2929665305.0,14.181009013113513
203,29550454,,1.46519,9.7169,1,1820.01650622524,8.756247790021677,33601.51286226426,0.453688964603559,,2955045401.0,1.0221553118848352
204,29550454,,1.46519,9.7169,2,1834.1193969082892,17.652032910037487,32978.596307624095,0.6826886661832513,,2955045402.0,
205,29550454,,1.46519,9.7169,4,1820.4382545943895,26.46698211381872,8048.30591194617,0.4787755853000627,,2955045404.0,0.9851761616126936
206,29550454,,1.46519,9.7169,6,1833.7274812995652,22.159748491975165,5200.362124307348,0.4045258306500542,,2955045406.0,
207,29554789,0.86,0.903548,8.8243,3,1829.5938854128383,13.504610993059554,2526.3339376059103,0.1781912820499198,,2955478903.0,22.841408997403686
208,29557798,,,10.4176,1,1828.8444862273957,15.877530774096904,29200.35022482764,0.0760548723135494,,2955779801.0,157.91891432978596
209,35153975,,10.9097,9.5667,5,1791.764007777556,0.4274620778315207,401.62481480784896,0.0756606629348269,,3515397505.0,26.31925938324172
210,35158178,1.71,2.16735,9.7832,4,1817.074843954786,52.48521116427319,5678.893493432298,0.378158676954438,,3515817804.0,171.71789420343242
211,35201196,0.63,0.633431,10.3837,1,1803.4067718769245,13.120270851953428,14296.60015000373,0.0825524700760559,,3520119601.0,11.485496778019098
212,35201196,0.63,0.633431,10.3837,3,1803.372536110821,26.24059975150044,17731.09922597584,0.1871143592414624,,3520119603.0,192.20324655639783
213,35203627,1.212,1.32754,9.79475,4,1818.3215801433737,27.233878640224216,2685.076692279539,0.2179254896028315,,3520362704.0,
214,47729453,,,7.8628,2,1684.4591916669174,1.343896020238814,121.5692133043664,0.1195474071473288,,4772945302.0,21.904464881363083
215,47756300,2.55,1.78677,8.5739,3,1692.2775520153243,90.9254033906311,1115.8711342994172,0.3964883509564791,,4775630003.0,
216,47757785,0.985,2.46634,8.2533,1,1686.453848728794,15.68125845615058,20196.718731417342,0.5128999439822929,,4775778501.0,0.9352665540337924
217,47757785,0.985,2.46634,8.2533,2,1690.5370671967994,15.678465824420115,11493.72422995341,0.430508989736958,,4775778502.0,
218,47819741,1.29,2.36895,10.3895,1,1734.1890443448829,81.73946834679977,8004.094951610438,0.2056650376572609,,4781974101.0,
219,47931766,2.63,2.232,9.876,1,1684.2720495102185,3.160778398467507,3825.1947498321,0.089504353883214,,4793176601.0,12.973696911226758
220,48018596,1.005,1.47127,9.00772,2,1713.507559368768,30.032134423973943,995.5864154433242,0.1258172825921354,,4801859602.0,
221,48018604,1.32,2.65975,9.6944,2,1778.222632746363,66.97263883019036,1932.6382498927296,0.2228175060135595,,4801860402.0,14.841654731360345
222,48087401,2.04,3.06511,9.0141,1,1683.4773027936385,1.533671995558331,3667.06587096634,0.1305055308191731,,4808740101.0,4.548144484989053
223,48134583,1.72,3.27543,9.9852,5,1684.269445575074,1.6533005445723696,1681.334022213687,0.8861005380927046,,4813458305.0,
224,48135243,1.142,1.43141,9.80286,2,1684.7968623596112,1.710724434996986,128.53658277459328,0.1966354948301422,,4813524302.0,21.282027519793843
225,48136844,1.299,1.41767,9.85087,3,1683.7096082123726,0.7421080768211511,102.66334758520514,0.0906518791572796,,4813684403.0,18.058708722157835
226,48139458,1.132,1.2459,10.1994,6,1710.7634110454237,66.99831840571359,7892.914864105754,0.3142714376389703,,4813945806.0,192.56226222737035
227,48424655,1.71,1.7537,10.2537,1,1683.8552268272497,0.8246206747684454,137.70282328508424,0.1497378234676786,,4842465501.0,23.07710514739979
228,48446566,,,10.429,1,1683.4344723940192,4.372237091518558,40950.12306506813,0.1613438322209623,,4844656601.0,5.289712731498844
229,48446566,,,10.429,2,1685.6255672382902,2.186154461492356,15120.838655353557,0.1523739094587226,,4844656602.0,9.401818922750167
230,48446585,2.27,3.41201,9.4788,1,1734.3475020732385,81.72415773526984,5138.247649120633,0.2165857726603335,,4844658501.0,
231,48500629,1.26,1.63584,10.0411,1,1696.4046198234191,108.6328528808162,15206.285376371796,0.0586966469481469,,4850062901.0,
232,49658056,,1.08726,9.945,3,1793.8722562971057,1.881970691954224,405.13337298548646,0.3296309165040451,,4965805603.0,13.844565347908135
233,49721582,1.274,1.3414,10.1329,2,1815.2251564923672,23.40045240765031,4485.662634127769,0.2635195977254115,,4972158202.0,172.83301979447262
234,49797774,3.03,2.84921,10.0283,3,1792.7786389849202,1.3301224370014708,2198.348371768365,0.3587095994981619,,4979777403.0,15.93559937902409
235,49858757,1.77,2.48519,10.3815,1,1793.422974879355,1.8327871610369195,2599.550356300731,0.1629798494697133,,4985875701.0,64.14832478624446
236,50043155,2.12,2.1742,10.4573,1,1793.1441611468383,3.246142199554707,2296.928770673448,0.1673171565846494,,5004315501.0,74.23209115207473
237,50043155,2.12,2.1742,10.4573,2,1794.1649619801806,3.245894088426392,2310.708818683096,0.2084029435768855,,5004315502.0,74.9679491159007
238,50047446,,11.2524,9.0368,2,1794.370976598423,3.6482452005452632,282.84340771069213,0.1348587160584974,,5004744602.0,18.492190039957634
239,50047932,2.82,3.67595,10.3674,1,1792.8603264902622,1.4230326426869488,5464.624938681496,0.1566889480784286,,5004793201.0,3.8743183451981134
240,50047932,2.82,3.67595,10.3674,2,1792.0884944769862,1.4230966665918887,1228.933633054222,0.0998361181462062,,5004793202.0,3.7520736173601317
241,50048351,,11.8965,9.6717,3,1792.155379223052,0.6510933529897253,368.9628340407678,0.0949275166670612,,5004835103.0,41.38902809373815
242,50119100,1.458,1.65461,10.055,2,1815.2786068883192,34.24218021369222,6742.948962664368,0.1926920107891295,,5011910002.0,
243,50119980,2.565,2.11956,6.67539,3,1792.7116473476758,0.8395930915218784,5689.0357782797255,0.1897725463111788,,5011998003.0,0.8891080651716186
244,50120024,2.174,1.64808,7.54417,2,1792.168149495764,0.5597216099548742,6942.825759696342,0.1903796991250456,,5012002402.0,67.49977778791654
245,50120414,,5.95705,8.951,1,1793.4523915653149,3.581169957253603,907.7724776744318,0.1774632909591899,,5012041401.0,9.118182848916945
246,50123758,1.97,2.48748,10.126,1,1792.99978201843,1.3478838800779125,8150.427606223145,0.1705828761109642,,5012375801.0,67.5585902362356
247,50123758,1.97,2.48748,10.126,2,1792.144279426602,1.3458924445185705,8685.2990738486,0.1810551050109262,,5012375802.0,70.565973377464
248,50123758,1.97,2.48748,10.126,3,1792.5499633491518,1.3478838800779125,8636.407922755667,0.1837309236047809,,5012375803.0,70.81745445779073
249,50191648,0.951,1.09316,9.73126,2,1792.5540541677176,2.1400673660137097,23101.548448100475,0.1311845011328309,,5019164802.0,4.596735056405093
250,50350537,2.29,4.67448,10.4483,2,1794.2062066828898,3.1560738063692715,4219.887451833735,0.2630552712270081,,5035053702.0,7.857911547469907
251,50360888,1.42,1.44209,6.6277,1,1792.1374472101706,1.2117179776997122,361.277414652269,0.1473224730008429,,5036088801.0,68.96018444031453
252,50453242,1.314,2.12843,8.86712,1,1793.5995097387906,1.6464720998900702,3917.708253630002,0.1486848056676857,,5045324201.0,4.465329558034257
253,50455201,,,9.376,1,1803.119256810673,39.57526671166698,17654.925344403404,0.2944071854042722,,5045520101.0,
254,50456275,1.119,2.22314,9.73559,3,1792.1425988448907,1.1975953323008246,6813.827941771421,0.3313071368756679,,5045627503.0,
255,50520772,,,8.0265,3,1792.9806172002773,1.052564171219824,343.46241310474244,0.2448498531024487,,5052077203.0,5.258800549915661
256,50693661,1.598,1.90063,9.34621,3,1792.1515850738022,0.7666042392996254,196.8865520307356,0.1391757488590775,,5069366103.0,24.249740601573915
257,50772420,,,10.3998,3,1792.4015698610594,0.4892719885356532,9005.691500418088,0.1404006410097891,,5077242003.0,
258,50944567,1.282,1.44588,9.92888,2,1792.085613894223,0.5465267906309903,1582.881393609625,0.1442036639365898,,5094456702.0,13.489935004489512
259,50945060,,,10.3096,2,1814.863676086611,29.22162129040367,2422209.25153972,0.22030860813906,,5094506002.0,
260,50946794,1.11,1.6464,9.46124,3,2883.388749333804,1.0462573447804455,792.4212980485235,0.136370985979279,,5094679403.0,100.21903811629223
261,51026945,1.714,3.52321,8.66247,3,1792.69677768264,3.033168086673036,166.75818092525705,0.3072160579723597,,5102694503.0,
262,51027171,1.042,0.883319,10.1154,2,1794.4479539939334,15.46035445103776,792.8201005733217,0.3144049679130878,,5102717102.0,
263,51029700,,,10.4201,2,1793.9031102619658,2.713131936333288,1091.4841637413333,0.1501638274604293,,5102970002.0,36.986338427437495
264,51031137,0.79,0.773431,9.877,4,1792.1330274780664,0.4358019185073181,306.5184735420593,0.3957255226120388,,5103113704.0,18.123864306411036
265,51922518,1.409,1.54522,9.85975,1,1817.1045160635265,0.7948543821016949,881.2103273040792,0.0639651317900498,,5192251801.0,20.447503064765424
266,51922518,1.409,1.54522,9.85975,2,1817.503529521566,0.7948543821016949,512.0159922986701,0.0669997473888291,,5192251802.0,16.30836881261471
267,56455394,1.82,2.68369,9.5184,1,2474.7696378579026,1.1157385117700584,540.0511427438672,0.2022556836430236,,5645539401.0,19.191478683083794
268,58107962,2.4,3.35534,9.7718,2,1818.189580087928,1.7206084683444536,2974.186825028339,0.4657851896594172,,5810796202.0,18.615980279227287
269,58107962,2.4,3.35534,9.7718,3,1818.777760615762,1.7205904743062357,3303.2558020275847,0.4886337951855428,,5810796203.0,
270,58468787,1.519,3.19742,8.01938,2,1817.92876640536,2.162296709785237,94.75963828738992,0.4754016938554082,,5846878702.0,10.781362986021126
271,58540876,0.791,1.29789,10.429,1,1817.706934282104,0.6963526790697145,15607.423530137465,0.0528176058210959,,5854087601.0,12.560613056717283
272,58639015,1.497,2.33925,9.39074,2,1817.654470539104,1.1652243589956357,168.19102403241317,0.2873578238746926,,5863901502.0,15.938193980777616
273,65199342,,11.1405,9.6934,1,1792.208766666556,1.2342652571924777,320.5404635838364,0.2604241597116016,,6519934201.0,9.980853703863618
274,65200533,1.164,2.41684,10.0457,1,1792.7706838485194,3.928458286046704,376.3735635666942,0.3163709028987234,,6520053301.0,18.596503466513077
275,65200579,1.308,1.36784,9.0457,1,1792.7954963464017,3.9283372929703777,1105.485050885607,0.3180950448515541,,6520057901.0,17.28615935707511
276,65201080,1.339,3.40477,9.807,1,1795.638847294293,4.22083503337695,8217.976529753581,0.1936540215424927,,6520108001.0,3.483488771678936
277,65203377,,15.2061,10.1553,1,1792.3644301687282,1.1146873091410334,285.7912297210786,0.2340924689750066,,6520337701.0,14.548509956455918
278,65280705,0.79,0.822115,9.3282,2,1794.3248215384028,6.809506533201549,404.78568468285295,0.3010015463721457,,6528070502.0,25.99844996355145
279,65283240,1.872,1.85765,10.3205,2,1794.5795349561122,3.129406335482145,27152.872169199145,0.2323865879426158,,6528324002.0,27.40450329259735
280,65288989,1.08,1.64323,9.67347,1,1803.1404352534128,17.10613729296847,16782.42100870401,0.2516712039479981,,6528898901.0,
281,65353575,1.799,2.06735,10.1944,2,1792.628308217795,0.7612012821045667,4057.443007406259,0.2025482020620472,,6535357502.0,17.456811224928483
282,65438788,2.489,2.20796,9.63033,2,1801.84141339781,13.51523627842218,1199.7642266582384,0.3994624324684314,,6543878802.0,23.522364289453883
283,65646529,,5.17718,9.9657,1,1792.6592338591531,1.2970894254709178,1086.698142426627,0.2379888863369129,,6564652901.0,22.557385944638284
284,65650418,1.749,3.23214,9.77866,1,1793.023665325898,1.6569555752491358,1771.8145083926968,0.1924876635847096,,6565041801.0,8.661837172244175
285,65650418,1.749,3.23214,9.77866,4,1793.1138129349758,3.3064217745520392,1964.8006403132408,0.1755760236834994,,6565041804.0,3.161834169807651
286,65684551,1.163,1.10942,9.4248,1,2911.4791924873684,1.1372068391377934,3148.297060206587,0.1818195686318567,,6568455101.0,115.39599433801851
287,65817218,1.282,1.43996,10.2864,1,2916.757294635108,20.58974269956588,2999.279506477997,0.3129063563177851,,6581721801.0,55.1917039238493
288,65817218,1.282,1.43996,10.2864,3,2926.028805222601,23.44325201169301,1958.900182381568,0.2568655236828443,,6581721803.0,21.611913748881065
289,65832183,1.454,1.73879,8.6909,2,1817.890419125956,1.0800821326426908,132.78574022090882,0.3862155773252576,,6583218302.0,16.506522882302836
290,65833170,,14.6499,10.3743,2,1818.5252301935705,2.0644351338491225,506.6981367665742,0.2468680718544622,,6583317002.0,20.397154881484433
291,65837758,2.0,2.37199,9.8102,2,1817.8207442045427,1.1076755720039844,1126.8976798007825,0.1591250785524669,,6583775802.0,12.871327486538386
292,65890937,1.352,1.36784,9.82775,1,2911.6189166019717,0.8854457219747214,888.5996264595136,0.1404900411975536,,6589093701.0,17.799080216045063
293,65890937,1.352,1.36784,9.82775,2,2912.0455734973334,0.8876044574571887,330.04731460742494,0.2220841291813804,,6589093702.0,61.661407934748496
294,65914553,1.62,2.22778,10.1832,2,1818.357972531603,1.071809894184815,961.1791623300468,0.1501658982423671,,6591455302.0,19.50917260516724
295,65955099,,1.22235,9.5859,1,2911.8073674437314,0.8832767929066643,17952.66069393694,0.1758040192453852,,6595509901.0,66.67543889424559
296,65955099,,1.22235,9.5859,2,2911.366826329116,0.8832767929066643,8459.52609755325,0.1923365906905856,,6595509902.0,66.46313868542867
297,65957264,1.09,1.44018,10.1549,1,1818.1962253522024,0.5447385230703748,2855.932926513058,0.1498201063445917,,6595726401.0,84.40237746814168
298,66089551,1.056,3.01771,9.85866,1,2912.009843584219,2.2441230306383804,222.99169022614828,0.7161942688649702,,6608955101.0,25.395332288926515
299,66130444,,10.7395,6.44319,1,1818.1593583957704,1.5219766884867714,415.8812973259659,0.243521032462464,,6613044401.0,23.123833149960884
300,66210289,1.449,3.7965,10.2119,1,1818.8429014923715,2.5056842648759585,856.8377906029533,0.2758459133644932,,6621028901.0,16.115231100795643
301,66214447,,21.2137,9.6109,1,1817.254797183502,0.5746432216410037,192.4534805041945,0.5726203210840446,,6621444701.0,12.636348534105748
302,66302845,1.126,2.46682,10.1327,3,1821.0769032899375,25.059768566722727,2572.500581834812,0.2113986684757105,,6630284503.0,68.54226243685667
303,66318654,2.42,3.2716,10.1653,1,2911.550273142272,1.4817867421806572,827.7580304933211,0.2456580869508987,,6631865401.0,23.610125996545857
304,66318654,2.42,3.2716,10.1653,2,2912.308006961515,1.4817041250688807,720.9207714331311,0.2725757740082151,,6631865402.0,19.452462699852653
305,66319363,,,9.3673,2,1828.903684508203,25.472132168016525,823.7321918162445,0.2924920229285231,,6631936302.0,136.3836575198596
306,66319424,,2.97191,9.13428,1,1836.1996732554207,25.91976854562295,1289.318040016497,0.2198665123422109,,6631942401.0,20.673378429619355
307,66319888,,11.1487,10.4629,1,1818.137722799776,1.5443632183433065,443.6041230198307,0.1838695522445482,,6631988801.0,12.935137302419284
308,66319888,,11.1487,10.4629,2,1818.685174738525,1.5257895196146212,397.82623591766696,0.2408342734859765,,6631988802.0,23.949359046873408
309,66326188,2.22,4.41537,9.1199,1,1818.8211350124943,2.59054020904401,5617.595751760515,0.2714361856716209,,6632618801.0,6.909659213495734
310,66328039,,3.6411,9.8161,5,1817.4808008798527,0.3595270763480899,1441.3477393758417,0.0417607218447381,,6632803905.0,13.574683911161042
311,66401410,1.519,2.96513,9.04018,1,1818.697723903265,1.490790201464408,451.5955907718916,0.1866468669581061,,6640141001.0,15.386240755477598
312,66459230,,12.1049,10.4586,1,1817.844065541396,3.075048930678634,599.2670691421571,0.2328342678262126,,6645923001.0,13.119797506510306
313,66463190,,10.2649,8.83422,1,1818.1746527719336,2.632101429886631,297.663644618263,0.2116952013421033,,6646319001.0,18.84890808447818
314,66463258,,,9.0954,1,1821.0311171332185,25.06404051595661,1165.5362038538417,0.4006681493355152,,6646325801.0,16.81591026283206
315,66463261,,4.20007,10.0954,1,1821.029065158281,25.06404051595661,2829.6229704630546,0.35864458227204,,6646326101.0,16.80787861105833
316,66517256,0.78,1.02725,7.8483,1,1817.7917890237736,0.96280415329804,80.50371238493108,0.1406747949443963,,6651725601.0,15.267575375611175
317,66561408,1.51,2.7186,9.8141,1,1819.6631400950505,5.1751950071125545,205.8054339276053,0.5576447785931706,,6656140801.0,17.331438413258237
318,66571594,1.284,1.27034,10.1779,3,1817.5380568662915,0.5074755829798143,1273.893163421783,0.123309687008365,,6657159403.0,23.216734070911283
319,66661844,,,9.93,1,1824.740000743652,7.426084264100482,137908.81366513958,0.2511653899625646,,6666184401.0,1.3443383334104007
320,66661844,,,9.93,2,1820.30019724334,7.426214624920648,93740.3454649533,0.2400161675704305,,6666184402.0,1.5781160242044387
321,66847406,1.034,0.808538,10.3938,2,1817.7709366581205,0.7257589664021709,7722.928360515186,0.2913338104181152,,6684740602.0,
322,66851293,3.135,2.57847,9.22037,4,1818.540699628079,1.1463545279912144,2619.157303928257,0.2965536642745194,,6685129304.0,24.31332710557686
323,66851293,3.135,2.57847,9.22037,5,1818.395672739376,1.3736956169652472,3123.383481913121,0.2346645373138644,,6685129305.0,16.342116125341473
324,66948869,1.99,2.91754,10.0551,2,1818.6126704487835,6.111220261977373,5718.238715564375,0.2003820896206652,,6694886902.0,5.816578583242684
325,66952847,,,9.7655,1,2911.6229123767266,0.8722774857818868,963.2181344774558,0.1247828285770636,,6695284701.0,23.231441922060316
326,66954870,,3.04064,10.2131,2,2911.664021832882,0.8827142197965467,587.6074317434072,0.1102572867368442,,6695487002.0,46.2787381082632
327,67031480,,5.54246,10.4246,2,1819.108164697746,2.1141823346705064,994.4696897551128,0.0661421888298523,,6703148002.0,23.756746559990535
328,67101210,,12.3144,10.4702,1,1818.1290850199337,1.0055073678206314,678.9213546116644,0.1347955221813568,,6710121001.0,74.65804318245878
329,67106156,3.06,3.4737,9.5909,3,2911.325298498821,1.3880761016708525,541.6505309001536,0.3117468335608142,,6710615603.0,16.023357477352143
330,67181214,1.391,1.26195,9.99392,3,1817.7192075156613,0.5898325500073515,1434.553583226863,0.1456212995193974,,6718121403.0,24.879983245236392
331,67181830,1.08,1.30745,8.5627,1,1820.567358894624,7.638024600287867,271.86458127165184,0.1536268961394353,,6718183001.0,7.406046646427712
332,67194566,,10.4985,9.0542,1,1827.827730430282,13.624472581402282,668.8339704631819,0.4126729025501852,,6719456601.0,28.04475047621236
333,67294909,2.203,2.49247,9.81784,2,1817.6403328937104,1.7877660312329295,407.9420098666738,0.2298827400090821,,6729490902.0,18.116082241493398
334,67299513,,1.73676,10.1349,3,1817.5761275160123,0.3855632228460264,2240.231206748861,0.1091851431597943,,6729951303.0,
335,67355861,,,9.8473,1,1818.084891071352,1.344246304157069,3263.0183070037538,0.5094153691355416,,6735586101.0,7.284905523038275
336,67360066,1.584,2.31036,9.1854,1,1819.604154855469,5.470826476738536,2584.980631226443,0.1148494933671691,,6736006601.0,34.152370099956045
337,67360066,1.584,2.31036,9.1854,2,1822.3812967191543,5.470890196738063,1422.7490936830238,0.1236022364328424,,6736006602.0,13.78861052575326
338,67360321,,,9.183,1,1820.2604539280344,3.4289060393213937,45720.27114186812,0.2391800086331505,,6736032101.0,5.416407602614455
339,67360321,,,9.183,2,1818.5716236348617,1.7144131565591083,5276.38684365533,0.2210338584432089,,6736032102.0,23.04785212477642
340,67361328,2.06,2.99484,9.9166,1,2913.1351338687878,2.0392973958612584,1536.8862484739636,0.2209776356361673,,6736132801.0,24.63753934185979
341,67361328,2.06,2.99484,9.9166,2,2912.08930137934,2.041019363601531,1206.4404331334777,0.2025950215136678,,6736132802.0,26.868058000939257
342,67362286,2.383,3.76665,9.18755,1,1817.513555772759,1.8357909510031,1007.54802105251,0.23142886212958,,6736228601.0,72.25893995414657
343,72187236,1.615,1.8672,9.77688,1,1821.113651898535,3.701354936184402,1288.7190226231116,0.2066442702219309,,7218723601.0,35.63070662210434
344,72187236,1.615,1.8672,9.77688,2,1819.5183867923363,3.0556065587704646,706.8616458332884,0.2897001989454854,,7218723602.0,91.80995675404031
345,72187236,1.615,1.8672,9.77688,3,1817.7124060628248,3.0557520193654293,687.5654595867842,0.1739097864748092,,7218723603.0,91.3641753796086
346,72291952,,,9.5277,1,1817.68079573217,2.4995606915972344,496.69418241181313,0.351462159917363,,7229195201.0,20.757794281509486
347,72452387,,,8.9838,1,1817.73459235621,0.4966086500775793,516.8455732443387,0.1318352132077692,,7245238701.0,14.617042416952277
348,72519916,1.087,2.66611,10.3963,7,1818.792976844213,1.6449970912702176,3644.917102201155,0.1107902904398794,,7251991607.0,69.40132266432514
349,72519916,1.087,2.66611,10.3963,8,1818.1758851680268,1.6450030591484135,3926.069746759858,0.1168738082263807,,7251991608.0,69.36328947575511
350,72519916,1.087,2.66611,10.3963,9,1818.1283099492955,1.6487512526890784,2780.9181909520057,0.1299005150558607,,7251991609.0,69.29968815377943
351,72532027,1.299,3.60957,10.221,3,1818.6210548188528,2.074778048845573,5186.591763420922,0.3389552742516755,,7253202703.0,8.715745867189506
352,72608605,2.41,4.15556,10.0161,1,1818.7845351930807,1.8129707698749875,3339.708284160555,0.3658093180791947,,7260860501.0,20.14732525967576
353,72619705,1.27,1.18902,9.43186,1,1818.7815107753893,1.3434502571677722,334.6769361805556,0.2931267689396937,,7261970501.0,87.54545260143908
354,72620395,,4.77959,10.0991,1,1818.2227542355872,0.5620729701618353,827.1461606041452,0.1745427004554003,,7262039501.0,33.10110738781838
355,72869879,,,10.1551,2,1819.3563998300208,8.698859666545577,2129.251575136956,0.2781830356415189,,7286987902.0,26.528444573930827
356,72874210,2.094,1.80676,9.39798,1,1819.0507559917332,1.689538955015872,1258.843994946546,0.2373649379962931,,7287421001.0,42.482887823853964
357,72879905,,2.86636,10.3448,1,1820.784084796367,4.726326128619552,3846.268259687068,0.2836313664528544,,7287990501.0,10.145231658559732
358,81378545,1.09,1.22659,8.308,1,1799.132469128935,34.76172272962404,841.3999509884435,0.2241211264775287,,8137854501.0,
359,81381652,,,9.339,1,1792.4175694840765,0.4831951021830129,605.5118016016582,0.112909305195325,,8138165201.0,68.82578940237923
360,81386317,2.554,4.39252,8.23135,1,1793.9291859676464,2.4420228705888705,1695.9223182727817,0.2257915549467803,,8138631701.0,87.44337030619407
361,81390010,,,9.6261,1,1792.288231581552,7.702759461778667,103583.40621919913,0.6549843092790415,,8139001001.0,79.73335300571014
362,81390010,,,9.6261,2,1794.9233881427429,7.703097023669291,140285.74000762854,0.294106946614442,,8139001002.0,80.15467482054557
363,81518353,1.91,4.89094,9.5171,1,1792.314413990094,3.823996251103101,3934.885589865767,0.395677884104957,,8151835301.0,13.140438488875485
364,81688631,1.488,3.92907,8.64838,3,1793.8735036612852,2.133740508803152,235.0411059000129,0.2527628790880887,,8168863103.0,16.10241282613512
365,81688631,1.488,3.92907,8.64838,5,1792.7768736605155,2.384150759069298,302.87524780622635,0.2734226818574437,,8168863105.0,24.886046206564753
366,81689668,1.184,2.10541,10.1745,1,2882.973639909458,3.3308367500559783,747.8241010170077,0.1901554567992784,,8168966801.0,63.923077133848544
367,81752497,0.69,0.6956,10.1122,1,1792.456961133796,1.5859156045752705,3782.187666340399,0.1635967148403225,,8175249701.0,28.721835802836555
368,81752497,0.69,0.6956,10.1122,2,1793.3367711578608,1.58594513497959,1714.6152203219117,0.1632085011547935,,8175249702.0,29.79911644399513
369,81824425,,,10.3985,1,2885.599390655514,5.113278338028794,67346.54703191825,0.1881507546556957,,8182442501.0,25.813581120219876
370,81824425,,,10.3985,2,2883.041841481136,2.556651078119699,19126.13930295225,0.1899614452125189,,8182442502.0,120.7788997366594
371,81830377,,,8.6466,1,1792.7521507014214,1.3379213608085594,503.381740691287,0.2102906390167644,,8183037701.0,24.797634881984106
372,81831095,1.72,2.05753,9.9944,1,1793.2231909342286,1.5665121344570971,521.12143578897,0.0836622630428757,,8183109501.0,6.767881233813749
373,81910851,,,9.9784,1,1792.4024826407515,0.5211706909557688,250.33392271059583,0.1141179535916673,,8191085101.0,11.699809342006114
374,81916166,1.163,2.60601,8.76748,1,1793.3880123356794,1.810952148873557,249.1421406342995,0.1124029068111729,,8191616601.0,20.41047726239038
375,82010232,1.194,2.60103,10.4598,2,1792.853973956309,1.6374091384750011,2705.656536134434,0.3967789302638468,,8201023202.0,6.536764735726374
376,82010657,1.736,1.70108,9.64805,2,1807.937388084454,20.53304201728495,3054.272048822052,0.3413703870622354,,8201065702.0,
377,82011491,1.273,1.71741,9.2067,2,1801.2319164305873,29.76464710829035,411.540016786031,0.3113048715563152,,8201149102.0,4.7316621625632145
378,82012930,1.381,2.2967,10.3745,1,2914.4118529673888,7.08722438528735,789.4346525870292,0.2848158256273268,,8201293001.0,15.075307455476551
379,82169793,,5.31651,9.3115,2,2912.2434900278904,1.015333338751888,299.3718790220069,0.1293690675271928,,8216979302.0,73.08425854288713
380,82169845,0.981,1.41057,9.9736,2,2912.234413502047,1.0159525605181166,3599.710797188451,0.1056981305004839,,8216984502.0,63.28253442237347
381,82171557,2.87,3.57954,9.8363,4,1793.3230678895866,2.1631715574502115,2889.371651804622,0.2358608545948891,,8217155704.0,12.19230244523886
382,82337809,0.875,1.0183,10.3187,1,1793.6363357680586,1.761608476582213,9062.36436688347,0.1012866982951421,,8233780901.0,5.695730475919185
383,82338105,1.026,1.22966,10.3977,2,1803.5724664184647,13.027537317205006,2826.656614664128,0.2966925371947602,,8233810502.0,88.69676974747021
384,82339358,2.267,1.9966,9.91405,1,1793.908641171288,2.3102449454283573,5579.670779651536,0.2298749943001366,,8233935801.0,24.657259557070855
385,82339358,2.267,1.9966,9.91405,2,1792.5985561414668,2.3103394854438157,4014.702638382113,0.1805186241987401,,8233935802.0,45.458610219544234
386,82343256,,,10.1112,1,1797.0169192277078,8.661435014519906,231231.88574007724,0.291115028438846,,8234325601.0,0.7906428340468928
387,82343256,,,10.1112,2,1792.514286894617,8.66161494429232,12913.808985508718,0.3453336576843539,,8234325602.0,7.188545574802936
388,82392852,,,9.5424,1,1792.9938574939697,1.302420462917798,224.33738797254847,0.2059518515686333,,8239285201.0,61.946862781125404
389,82489851,,5.07057,10.2471,1,1792.614055962465,12.872636806174736,2290.7620142122687,0.1429844179190389,,8248985101.0,7.856429302022527
390,82620725,2.11,3.47733,9.4468,1,1792.375359795442,1.6475905947968337,491.1421092385277,0.2316480786670079,,8262072501.0,61.43482773020113
391,82620914,2.459,3.65536,7.40045,1,1792.9374409873856,2.587543557383527,412.735563745416,0.2918531380901503,,8262091401.0,12.351209575768276
392,82620914,2.459,3.65536,7.40045,2,1792.4974997840104,2.573794556445636,443.381535937586,0.1638201678555702,,8262091402.0,
393,82620914,2.459,3.65536,7.40045,3,1793.7435614730034,2.5810033365968885,266.7709599635802,0.3288816098176817,,8262091403.0,11.132409285959922
394,82687722,,11.8389,9.2572,1,1794.0881356677428,2.1584434732286075,500.6851786581853,0.2293621944274377,,8268772201.0,14.184021955969659
395,82696031,1.527,1.53762,9.64498,3,1817.8586938426845,0.5421163158431629,611.0525714793137,0.1301900884508953,,8269603103.0,20.669526696802333
396,82742881,1.096,1.11875,10.0426,1,1825.5252029290737,10.267535604666971,946.8753705070344,0.2367770039428529,,8274288101.0,45.09801506204728
397,82743186,,,10.0407,1,1821.1107001981748,4.500966523763762,595.8778907546638,0.1820770773355359,,8274318601.0,22.57134990018355
398,82743340,,11.0521,10.1805,1,1819.914443967622,3.755910315420104,755.6560631342319,0.2920838557247366,,8274334001.0,57.508860166674985
399,82748085,1.703,1.6068,9.61251,1,1817.8570446966005,1.2063499102849446,471.9579081909649,0.3336250925084692,,8274808501.0,19.685697564278914
400,82883751,2.11,2.44499,10.2881,1,1818.3028756625756,1.5563560908204814,480.49490360852445,0.1514521504139301,,8288375101.0,13.887738279167102
401,82891097,,14.0296,10.4972,3,1817.540220807168,1.5052690833815752,375.7212778310205,0.2154209050213248,,8289109703.0,142.65292370443032
402,84305961,,5.49644,9.0556,3,1818.2280631587928,0.5548769885924414,582.3588865725192,0.1087646938877368,,8430596103.0,
403,84334988,1.414,1.53851,10.064,4,1792.3833731027628,0.6512092949108482,246.50742910470944,0.2354146514210272,,8433498804.0,13.238232060590738
404,84340524,,,10.0358,1,1821.3349674737087,3.688926184843861,553.9512549402305,0.1876010005354416,,8434052401.0,52.482376053740786
405,84342725,,,6.6113,1,1818.065136052047,1.344307107558907,85248.17531754813,0.3762477719350082,,8434272501.0,25.969286100528382
406,84652085,1.638,1.44859,10.3538,2,1817.789376198796,1.6280395219395871,206.96693703648643,0.3659034396790731,,8465208502.0,14.036197911679162
407,84661138,2.194,2.41189,9.04544,4,1819.40062130757,3.6124210822671614,320.1498044807448,0.1026831379552186,,8466113804.0,17.13726308571701
408,84714368,,10.0075,8.58013,1,1817.9484815838648,2.442703738071747,241.9490886491577,0.1772072546530589,,8471436801.0,10.974047964987486
409,84769802,2.51,3.61186,9.9397,2,1833.927859176091,17.895478999118495,447.6955055803353,0.7722367747494664,,8476980202.0,18.281364358452077
410,84826001,1.76,3.80547,10.1015,1,1819.9189161194904,2.383534839818947,7320.802790379034,0.1000425404657574,,8482600101.0,6.393066697049104
411,84826001,1.76,3.80547,10.1015,2,1818.8097270122664,2.383388624063156,3807.8238726010422,0.1277091877707487,,8482600102.0,1.311553855648215
412,84896199,,7.83159,9.77206,4,1817.8163372937468,0.3596342141290912,451.01190319424273,0.0464889571028302,,8489619904.0,94.10924947442476
413,84899298,2.16,2.37899,10.4991,1,1822.5366416054137,6.171112890522819,843.4790264055941,0.3618024098621729,,8489929801.0,12.723236950273327
414,84989070,,2.42204,10.3415,1,1817.8542011563225,0.4657936436644698,520.0822750186359,0.0730863569103336,,8498907001.0,36.25473727608874
415,84990650,1.036,1.24749,10.3219,1,1819.270783836763,1.6489667055547144,447.1300766932461,0.2104762971818973,,8499065001.0,20.95590770386861
416,85031598,,2.98524,7.3543,1,1818.7013245969376,1.1550099203025783,739.2004419109842,0.0700948351112518,,8503159801.0,13.051303679021178
417,85032377,,11.7761,10.3774,1,1817.9612820584969,0.9646304669636208,335.45290897449314,0.1544387392071232,,8503237701.0,11.442107248859015
418,85373559,2.01,4.3032,10.0874,1,1818.101098160261,2.6228934592447715,898.6844060595326,0.2074406767715343,,8537355901.0,63.88246633662384
419,85373559,2.01,4.3032,10.0874,2,1819.4175444589423,2.6228934592447715,697.6669630821056,0.1998499742830986,,8537355902.0,141.1880606121702
420,85615869,2.6,4.55231,9.7217,4,1817.9449901936453,2.3363002254869243,4392.158232040556,0.3455372723694054,,8561586904.0,13.613584228695272
421,85616717,1.304,2.09835,10.2279,2,1828.938773885555,23.822326269606947,3763.2851168372113,0.2881255890386784,,8561671702.0,11.169293527923381
422,85623056,,,9.7678,2,1833.794935705581,24.922750946931828,25430.26158936459,0.0659678410000314,,8562305602.0,40.86264362257835
423,85629473,2.37,2.66243,8.9045,4,1817.645533636706,1.0939501618959666,2242.2532222842133,0.2296276792181745,,8562947304.0,6.791418265748464
424,85662787,1.91,2.6971,8.8795,1,1817.7243749797376,1.849219800725171,609.5484814353056,0.2700615831870007,,8566278701.0,19.657349144330517
425,85662787,1.91,2.6971,8.8795,2,1818.6728084361564,1.849168189044272,609.2838715015863,0.2790043647095067,,8566278702.0,14.508518485100733
426,85662787,1.91,2.6971,8.8795,4,1818.2343327130056,1.8491135999116315,444.7306030177812,0.411454123038814,,8566278704.0,46.22918703822291
427,85663663,,11.2541,10.3485,1,1817.5350077433195,0.520087817473081,705.9023878688149,0.105306746520118,,8566366301.0,17.186001874854277
428,85668779,,11.9584,7.78449,2,1818.5884276854567,1.2265689878697474,417.3879662823104,0.1733280209345311,,8566877902.0,15.899484287921906
429,85669180,0.921,0.888708,10.0773,1,1828.034542486958,23.834394743128613,5764.212238942067,0.3052262177390953,,8566918001.0,62.254720824657575
430,85669180,0.921,0.888708,10.0773,2,1829.8430466122536,15.18944832496346,5520.847217876651,0.2162655148488914,,8566918002.0,39.28815841975615
431,85671451,1.031,0.969681,10.1209,1,1830.3150039052596,15.18561731556767,8198.059447274989,0.2040821232438723,,8567145101.0,227.2148931919013
432,85693417,0.894,0.857466,10.0468,1,1829.3014890184973,14.986456441687569,22578.57457644189,0.10525311213371,,8569341701.0,261.38583568045857
433,85698263,,11.1609,9.6769,2,1817.4803594750288,1.1794497580361036,263.2235355132101,0.2594480078397666,,8569826302.0,19.11914898325091
434,85698834,1.41,1.7597,9.50216,1,1817.9421258164589,1.331709310839526,177.5684202484694,0.2903364328987412,,8569883401.0,121.36447205560894
435,85739910,1.27,2.88876,9.8906,1,1819.3984228530687,3.197693615269304,9716.294536716176,0.1411823703650825,,8573991001.0,6.7943025193155915
436,85743492,1.242,1.46116,8.48284,4,1817.6295698439023,0.5913075169843085,3940.5446421571537,0.1199383349702578,,8574349204.0,91.74042562830915
437,85746923,2.49,3.78103,9.6545,1,1818.042698522091,1.6540857826500273,1182.0140863719248,0.2993434773319191,,8574692301.0,20.224919585292586
438,85746923,2.49,3.78103,9.6545,3,1817.5806786820117,1.6541553410558685,1182.0694590462897,0.3402522937411366,,8574692303.0,
439,85747898,1.208,2.52158,9.96991,2,1818.7254520805368,1.5578929881823127,1176.334603812605,0.3343263223441697,,8574789802.0,6.881474607594152
440,85850793,,,7.8072,2,1829.608352263864,25.746452590856933,5872.961187150622,0.0937980978604613,,8585079302.0,10.698874322183373
441,85875551,2.03,2.64853,10.3185,1,1829.9060775644664,23.807918907163884,900.7449794488206,0.3097939599331591,,8587555101.0,212.9556578071203
442,85879267,0.94,0.762954,10.4517,2,1848.2804689443992,44.10495583030869,19792.33004452145,0.3055935013913579,,8587926702.0,
443,85906064,2.07,3.42934,9.6418,5,1846.4111957615828,29.938649004977638,6268.965887453006,0.1554805214711357,,8590606405.0,
444,86014275,1.43,3.15449,9.9384,1,1820.7129478974095,5.579258128364083,2309.1223334956258,0.1564645131451106,,8601427501.0,51.005134665056694
445,86072993,1.203,1.32885,9.50249,1,1817.4585704575295,2.277514489573208,538.5016395154768,0.1608643211214016,,8607299301.0,70.75086484687571
446,86125107,1.14,3.97041,10.207,1,1818.9458617516675,2.736672903670243,2574.321709626297,0.2325914200929143,,8612510701.0,3.147344251080461
447,86525173,1.425,2.552,9.92077,2,1818.6709172027292,1.461313093322084,177.20228901562962,0.4265360091709975,,8652517302.0,7.380344281147557
448,86645247,2.23,2.5998,7.09288,2,1818.363197188344,1.3521322917274012,144.4606832509783,0.2482657408111988,,8664524702.0,16.568116498817368
449,86662196,2.18,3.7738,10.0938,3,1818.8781714741883,2.1974755014344565,291.31529686421726,0.395333092065579,,8666219603.0,22.981096209579082
450,86758047,,12.2067,9.9177,1,1818.0097829112972,3.691213657442785,599.0865921056375,0.1882403319116411,,8675804701.0,46.53337688594223
451,86907352,2.031,2.67015,10.3407,1,1818.3795076573476,2.1061419187190515,983.8012422875204,0.1744609548710939,,8690735201.0,20.548081186595212
452,87090944,1.078,1.49305,10.1089,1,1818.190773084124,0.6435997517850038,471.88999008019226,0.0714670070348339,,8709094401.0,19.993424394904796
453,87159954,,0.798369,10.1315,1,1817.9474921296696,0.4671544768776193,2450.2842572570585,0.1295184036697664,,8715995401.0,56.77007043493889
454,87159954,,0.798369,10.1315,2,1817.714486411356,0.4671540598838156,1174.8611259918275,0.1249781447398677,,8715995402.0,54.974859790014065
455,87160359,1.597,1.8904,7.4916,2,1818.3751164837288,0.7663289814763685,935.0840092822684,0.1791076900214137,,8716035902.0,15.065878438285692
456,87250434,2.05,2.0151,10.4319,1,1817.8797589505375,0.7139675248874948,246.7878966661144,0.1518085420535316,,8725043401.0,19.656112437549343
457,87303050,1.121,1.17659,10.1997,2,1826.9652730143107,21.5689391929597,14569.221800070998,0.1871244801906974,,8730305002.0,2.6948878480839675
458,87668714,,10.6022,9.2005,1,1818.469901735913,1.8026001314803235,655.9244550929072,0.100092057507531,,8766871401.0,55.708840701845105
459,87719297,2.12,3.02391,10.4552,1,1817.8264188900152,1.5033587021877377,634.4153432729375,0.1351661423401465,,8771929701.0,54.3929416099685
460,87962464,,2.5077,10.1517,1,1823.60872065372,6.565935895182718,1161.841687990386,0.1694263739497428,,8796246401.0,20.0478631163767
461,88056917,2.292,4.50357,8.62136,4,1818.6730683354351,2.406260470601432,1105.424359247425,0.3899501347133944,,8805691704.0,11.221716320476387
462,88126760,1.555,2.4325,10.0551,1,1818.25822624239,1.588477662251239,247.73825125631828,0.3574407166696681,,8812676001.0,115.496096445877
463,88129419,2.204,2.71741,8.83398,5,1823.183509053849,25.03106669644564,2343.814638587972,0.4970788116379885,,8812941905.0,
464,88206071,,9.30212,7.82371,1,1817.81109266462,2.0040429891197022,371.47170951509605,0.1689869974579978,,8820607101.0,20.149821579599624
465,88211628,0.74,1.05219,9.9455,3,1817.339410005968,0.4147190026283508,3573.687617586528,0.0895697248969188,,8821162803.0,21.99297560303672
466,88211630,1.28,1.40876,8.0065,4,1817.6000754103657,0.5529647568992407,628.8408084035385,0.0954243591457876,,8821163004.0,26.635920013715477
467,90763996,,6.19225,10.1278,1,1792.0019191741148,2.860851927644955,644.6188065939343,0.1346904532490311,,9076399601.0,107.29003798516449
468,90771125,1.61,4.28992,8.6807,1,1793.0792466152832,2.769617423305632,559.4050512097656,0.3273968276113315,,9077112501.0,12.195367145251923
469,94366419,,,10.295,1,1792.945830961388,1.2812069741663028,80007.54483423295,0.1669921497831751,,9436641901.0,8.119159480674858
470,94455327,2.64,2.75235,8.916,4,1792.7229680109367,1.4304235421100748,947.0724784920324,0.2343561052445995,,9445532704.0,
471,94470791,,11.9803,10.0499,1,1792.4255618422908,1.5349199768581716,757.8111871541547,0.1643066719193246,,9447079101.0,26.545421969453347
472,94472740,,3.4669,10.4162,2,1803.7684035799855,13.118822642315047,2513.05138098417,0.3870245220795712,,9447274002.0,21.874680129502345
473,94542991,1.592,1.64348,10.2877,2,1792.7120944876676,1.0299821407492935,208.9035246549375,0.2286840024133125,,9454299102.0,13.03725126759776
474,94607904,,5.80077,9.8032,1,1794.387805771074,3.198810081686796,351.1228531882655,0.3184337589735244,,9460790401.0,114.26055630136159
475,94608826,,2.96146,10.2282,2,1816.802599541028,26.238139178545023,3731.112086857419,0.4190275941658281,,9460882602.0,15.638017891477691
476,94669550,2.18,3.0421,8.2212,5,1792.842151195715,1.2963868139638348,1297.8383185448274,0.1781375538538752,,9466955005.0,14.174004513758954
477,94670767,1.56,2.02149,9.6514,1,1792.3123822312004,0.7659067118644076,253.26679454188573,0.1126370196148744,,9467076701.0,22.56572516896226
478,94672604,1.34,2.34109,9.0924,2,1793.0134852688193,1.3655023350393187,372.2750982546147,0.4199106997932024,,9467260402.0,9.275338816371596
479,94724087,,11.5241,10.0623,1,1792.4437158076748,2.281948378869991,723.6038285604901,0.1524504452637921,,9472408701.0,24.3657885095337
480,94743561,0.94,2.40076,10.2854,2,2912.007339908816,1.9172587043497176,1419.443571326124,0.2998523100443344,,9474356102.0,18.70097716027872
481,94743561,0.94,2.40076,10.2854,3,2912.511555675421,1.9171079545329208,1555.1713125426108,0.3753702456513489,,9474356103.0,
482,94743561,0.94,2.40076,10.2854,4,2911.5767031851656,1.912141829180259,1203.3051650353505,0.3234729215313939,,9474356104.0,22.47861153340982
483,95568346,1.75,2.77014,9.7289,4,2474.7482431128506,1.2841733134455482,614.8742739476188,0.2637358590135736,,9556834604.0,12.406330847298884
484,96028309,2.101,2.95316,10.066,2,1818.3694705045868,1.5400596488833742,3085.651272937219,0.4102020081118309,,9602830902.0,14.28679046065423
485,96205680,,8.75878,9.51524,1,1818.7799052649173,3.9833815443417775,586.0994707382839,0.1711966366349089,,9620568001.0,24.92644423713669
486,96205680,,8.75878,9.51524,2,1821.058948004895,3.9833815443417775,350.04476653267955,0.2123344875778248,,9620568002.0,71.15387748326883
487,96208900,1.741,3.30116,9.46377,6,1817.6073850080725,1.6100943076065128,6897.182334868482,0.1734443819661637,,9620890006.0,6.345739250449905
488,96211765,1.02,1.27355,6.1586,1,1818.6737952715332,1.9722307867828877,86.98587623699423,0.2757862579836987,,9621176501.0,17.641510931937873
489,96291218,,2.04508,10.3614,1,1820.6423506378444,6.852782238715854,5651.792021205773,0.1179439284743073,,9629121801.0,17.498706190464773
490,96524734,1.791,1.29015,9.57326,8,1817.355415535655,0.3831092573077146,990.5951609961672,0.0326182591013033,,9652473408.0,12.574435531464601
491,96617386,1.573,4.38369,10.3612,1,1818.950700549897,3.3361005945843982,530.3315664716895,0.2751466146633946,,9661738601.0,20.97073269822505
492,96680681,1.898,2.95887,6.94321,3,1818.4860240046587,2.140165241890624,1026.402656315173,0.2844751722741715,,9668068103.0,18.511669114727205
493,96680681,1.898,2.95887,6.94321,4,1817.4085086072944,1.255157150332859,986.453079396467,0.2814928109574826,,9668068104.0,2.157782756480552
494,96783157,,11.7779,6.69939,2,1818.095407056976,2.0686316032915903,205.81775178020143,0.2969593001039691,,9678315702.0,17.26096055396806
495,96952279,1.006,1.61762,9.26458,1,1818.02811824657,0.7631998589722979,427.34550376745113,0.0800890120750697,,9695227901.0,41.76839591683701
496,96952592,,3.26838,9.30094,1,1818.4050102209897,1.7405657516482371,2574.0880847230515,0.0826659987846065,,9695259201.0,21.866665700921384
497,96952592,,3.26838,9.30094,2,1817.547615649202,0.8702715924224834,567.5379242732652,0.0850960369777833,,9695259202.0,24.590999374606895
498,96957917,,3.28417,9.11354,4,1817.6654200975595,0.4218168004012832,7123.747093932208,0.0904752741532667,,9695791704.0,
499,97042599,,1.45663,9.6492,2,1817.6417342717389,0.432065090511521,181.24722254007065,0.1528737007824592,,9704259902.0,23.31492358517248
500,97043202,1.308,2.258,7.91966,7,1818.0426323905465,1.1235082390217022,885.7188723293355,0.1150729040781942,,9704320207.0,8.227242686957625
501,97043271,1.312,3.49304,7.11937,4,1818.9750498973945,3.546281992822472,69.5663604655775,0.2482939340437871,,9704327104.0,63.02539421445315
502,97043271,1.312,3.49304,7.11937,6,1818.4489674547613,2.1191010433235085,62.771252687672096,0.2169715514034264,,9704327106.0,24.2801399419916
503,97145904,2.396,1.45927,9.40466,1,1817.4009912678928,0.5631916235095531,357.1009821753156,0.1262680834407495,,9714590401.0,105.55826598298843
504,97207373,0.68,0.721999,9.6812,1,1818.5393948007304,1.8502858090073429,2453.394338914879,0.1827295083593585,,9720737301.0,12.2861025344745
505,98615766,,3.282,9.91388,1,1836.2420181978,22.188487901004656,5738.139439925137,0.0761043325476718,,9861576601.0,161.06298249307193
506,98621703,,12.8851,10.0564,1,1818.4704916610872,1.9756884692833143,402.4989905772349,0.2358870311202817,,9862170301.0,18.509335857158558
507,98706161,,1.54909,9.7871,1,1820.2323603941732,3.942183002582766,3079.4242711688976,0.2515358734165757,,9870616101.0,37.27265065343708
508,98706161,,1.54909,9.7871,3,1820.3313602888693,13.450176690672762,4460.731510373169,0.1202494837737259,,9870616103.0,
509,98710548,1.358,1.28519,9.50921,1,1817.9670824357609,0.9226703534369444,442.52667348581593,0.2470727782320848,,9871054801.0,17.618353630777047
510,98773707,2.2,4.4339,10.2864,2,1818.187809358848,2.252176079031913,647.7325789374097,0.1508475199699802,,9877370702.0,22.302779436658998
511,98773707,2.2,4.4339,10.2864,3,1818.9493239749247,2.252176079031913,792.7120582740009,0.1517535965989505,,9877370703.0,22.12313588741504
512,98776586,1.086,1.83166,9.57332,4,1817.740501944216,1.97896908841648,320.342036330927,0.3094605175913145,,9877658604.0,26.33527715342112
513,99390839,1.696,1.64402,10.0518,4,1817.5317104117369,0.6612631166959734,1123.4870484386347,0.080311813306797,,9939083904.0,17.399807609405006
514,101095311,,,9.7599,2,1794.8156172943632,14.304008321007954,1369.1017008351498,0.3595981755754677,,10109531102.0,22.571829536862026
515,101095560,,13.0716,9.8342,1,1793.499315070463,3.4389120825937978,479.2952543233837,0.159508049587193,,10109556001.0,20.211198173047453
516,101096183,1.44,2.04012,10.0334,2,1791.7983424674185,2.0134448922201296,231.62476764435172,0.4090564067880533,,10109618302.0,14.459259351001531
517,101164244,,10.0976,10.0972,1,1792.4172201061529,1.120054440191589,428.89118554825376,0.2107136991376798,,10116424401.0,69.96185339570901
518,101164728,,9.55549,10.2399,1,1793.9213107931837,4.303359022776448,544.4629112669944,0.3115754590827235,,10116472801.0,19.562581264654945
519,101166418,,,10.091,7,1792.04701853424,0.349556306475459,1447.1756215951186,0.0791317924776324,,10116641807.0,4.900968727594475
520,101255974,,,9.1774,1,1792.6263837487722,1.9340584944369712,430414.4259516893,0.1502512690532019,,10125597401.0,27.538430683341804
521,101255974,,,9.1774,2,1793.337847105743,1.9339823059397148,230479.73277272188,0.1663533886701499,,10125597402.0,27.531938924567992
522,101255981,,,8.1209,1,1792.626380275879,1.9340584944369712,151017.34220536356,0.1536105407599306,,10125598101.0,4.2392246820262205
523,101255981,,,8.1209,2,1793.3553244606078,1.9339530244495096,84593.29166997992,0.1689549407963854,,10125598102.0,4.320910856855229
524,102607699,,,10.4387,1,1864.7485706972836,48.87350817624031,2376.715881124129,0.2082907808798229,,10260769901.0,
525,102672709,1.164,1.45858,9.86671,1,1818.592273922301,6.705397948163395,646.9056619951502,0.1845029737483702,,10267270901.0,8.04061746526377
526,102673938,1.626,2.42762,10.1468,2,1835.6291425720765,25.927216804418965,5469.868436661786,0.2427001712269438,,10267393802.0,39.31552562925329
527,102678533,,14.6515,9.9179,1,1817.4273436154087,0.4467602854854105,261.18770074471666,0.4466385293645318,,10267853301.0,
528,102716998,1.474,1.20208,10.3943,1,1818.011831230694,11.687319968906992,3151.6953101305467,0.2425417076856141,,10271699801.0,73.02265468714756
529,102720981,2.57,4.15121,9.8341,2,1818.3559002617144,2.1953919996495666,3408.913486193284,0.2408827076243907,,10272098102.0,4.830360005141119
530,102720981,2.57,4.15121,9.8341,3,1817.61467119924,2.1953919996495666,3977.1735745325896,0.2706779318352059,,10272098103.0,5.02050745605855
531,102806904,2.071,2.12886,10.0763,3,1817.7698250296928,0.8420552942222325,5194.301124308621,0.1774379452201197,,10280690403.0,
532,102809185,2.65,3.78156,10.3515,1,1817.687848174828,2.1953637910084045,265.9583133018113,0.257939547327706,,10280918501.0,16.9422208776617
533,103034816,0.921,0.829972,10.1793,1,1829.1179197899971,16.830832790379944,1450.8528696525962,0.1257968957068753,,10303481601.0,51.540802806698885
534,103034816,0.921,0.829972,10.1793,2,1822.870987503816,16.830455657194708,1240.266533550265,0.2170857038988481,,10303481602.0,51.46531379775495
535,103075458,2.17,1.79177,10.2314,1,1821.107710101591,13.459626094081347,885.8804366624681,0.2430680679858738,,10307545801.0,
536,103102063,,3.35011,9.99839,3,1835.2986765816363,29.310856536975265,6487.423592821383,0.1444932099738715,,10310206303.0,
537,103174123,1.48,2.64635,9.9931,1,1817.4798790807424,1.4277196914670411,181.70642751513464,0.2803420574324146,,10317412301.0,3.284698325081731
538,103174123,1.48,2.64635,9.9931,2,1818.2193993835267,1.4276874516510722,216.05833521073896,0.2747990172273376,,10317412302.0,15.738161250273242
539,103179033,,0.882285,10.1495,1,1984.701235632276,1.710533624004541,767.1193724045926,0.2432985928869918,,10317903301.0,38.72939790358377
540,103195323,1.7,1.9501,10.1041,1,1984.0380902733332,5.590117809562622,4135.882067968219,0.2392345408384486,,10319532301.0,3.477750779805307
541,103196104,1.302,1.29877,9.00347,1,1817.883649953623,4.026116070436611,108.46390045952636,0.3725416841248493,,10319610401.0,17.454954035938343
542,103309425,0.83,0.88732,9.5581,4,1826.194768917035,11.123608358282375,528.29244548715,0.2182914547933071,,10330942504.0,27.330673987374507
543,103348867,,,10.267,2,1816.9133267001152,0.4096569115752366,9010.813394849005,0.0925774172093684,,10334886702.0,10.64959946081305
544,103348867,,,10.267,3,1817.197667829964,0.4096534065071627,9078.565862657968,0.0953988197171073,,10334886703.0,12.553340026788307
545,103449266,,12.1306,9.4298,1,1818.5608470626428,2.6894972235360584,525.431311526399,0.1460103166214867,,10344926601.0,33.8433632395741
546,103452621,,1.68688,10.3885,1,1819.7928288980893,6.419865227857306,22235.440854549757,0.1545852608100861,,10345262101.0,9.130676776309318
547,103566595,1.718,3.53267,5.70268,1,1820.298463267516,4.194919665605328,3372.614658019731,0.2178114901811274,,10356659501.0,23.653496021838365
548,104034840,,9.4597,10.3625,3,1792.2709875326464,0.428356337045064,490.4987337823927,0.0743124069153969,,10403484003.0,13.916669685475688
549,104143212,,8.7045,9.653,2,1792.6839006822931,1.328785045273908,357.99707353856485,0.1731461512951803,,10414321202.0,22.72768477807619
550,104196370,1.439,2.4883,10.2358,3,1792.626791113552,1.0937375974956942,300.7224303596848,0.2071243081944606,,10419637003.0,201.8953840183802
551,104209095,,,9.366,2,1802.7218791982427,12.91800687082486,2558.160456081573,0.2210892244157263,,10420909502.0,20.874668897295194
552,104383779,3.02,3.81586,10.4499,5,1817.9177746080784,1.8651406445471728,1395.0146584410866,0.2600913480716013,,10438377905.0,16.408617499920727
553,104606725,2.57,4.44064,9.7024,1,1818.508823364764,2.961872731700499,274.6297221548304,0.2156365160559936,,10460672501.0,19.46298224028001
554,104610231,1.351,2.5776,8.93759,2,1818.4825322935355,1.8779979230605437,166.7058371935709,0.3473239043948195,,10461023102.0,19.410280833280392
555,104734832,1.285,2.40847,9.51295,1,1838.8014364732464,25.454766495936894,1067.201385867946,0.5019424206971063,,10473483201.0,7.923859910520765
556,104735198,1.378,1.09726,10.4734,1,1828.9851377163864,13.697614626972046,9532.75980767927,0.2463014395606207,,10473519801.0,14.782704904312988
557,104735198,1.378,1.09726,10.4734,3,1833.4830937563984,25.956891812496472,3573.085907215175,0.1516431398225483,,10473519803.0,11.428478755177055
558,104853789,,,10.1309,3,1818.9351584325152,3.3125119303448503,29028.714420709577,0.4321054312737584,,10485378903.0,1.5538210871452798
559,104879416,,10.0245,10.3682,1,1818.1277815666945,1.415684364009436,515.0284133358765,0.1250446803012068,,10487941601.0,15.81495396741213
560,104880028,1.684,2.56885,10.3076,1,1818.1607156605528,1.4957322989555923,737.4945290851733,0.2892648170862678,,10488002801.0,25.83291498511602
561,104880028,1.684,2.56885,10.3076,2,1817.8198763263529,1.496899796387574,669.850895950394,0.3518481490587022,,10488002802.0,17.538187727640107
562,104986175,1.646,2.61477,10.4747,1,1818.0535754799837,1.5154474631192407,1535.376923740575,0.1336842102296019,,10498617501.0,17.53621246759262
563,104986175,1.646,2.61477,10.4747,2,1818.839414125941,1.5154068197793895,609.1423719706802,0.1071318959522024,,10498617502.0,12.487235472239172
564,104986322,1.961,3.32375,10.1845,2,1818.8913677061896,1.5642433262823958,1932.5349837405972,0.23755594221785,,10498632202.0,8.003298210259347
565,104986322,1.961,3.32375,10.1845,3,1817.936187860793,1.5085991614358796,1553.444565403984,0.2161127567947494,,10498632203.0,21.831371009088674
566,105106373,1.71,4.81137,10.4598,4,1817.9018248164568,2.744518890415285,958.7315263648112,0.2583146270384566,,10510637304.0,9.627250391166426
567,105136165,,11.6367,9.7611,1,1818.2524267475064,2.741741025350798,464.3233046884609,0.2137327289178111,,10513616501.0,20.727792373368352
568,105136334,2.69,3.57777,9.3729,3,1817.8664624103803,1.9124582243573025,251.2590766104898,0.5176999234398799,,10513633403.0,22.08386405502428
569,105233796,1.802,1.77057,9.36631,1,1817.5695387054027,5.134372719366556,19564.28890215566,0.1929165428434174,,10523379601.0,14.773370040599849
570,105286987,1.5,1.8865,10.1717,6,1824.7110224217631,13.651364390755724,1878.6961647426224,0.2281413148605249,,10528698706.0,20.933895880566805
571,105288610,,3.02579,10.4014,1,1817.8920649747215,1.113785961445972,1807.9908624743955,0.0837827292928446,,10528861001.0,4.158616923470782
572,105288610,,3.02579,10.4014,4,1817.9156629882043,0.6362369478118494,810.9239528266552,0.1256190280818765,,10528861004.0,17.257157538851835
573,105294340,1.403,2.23302,9.30438,3,1818.2257439761995,1.5056215688553511,287.4102232487374,0.1571411521132723,,10529434003.0,22.988835288144944
574,105361788,1.3,1.78074,10.1998,4,1817.625557162769,0.7184725757554266,359.06199433095685,0.1214754062383038,,10536178804.0,130.18877178276145
575,115051832,,7.3941,9.71334,1,1817.810606666095,0.4769982932033307,262.708146242592,0.0725937113533926,,11505183201.0,42.92181381750942
576,115131855,1.026,2.33717,9.53565,1,1818.1204139580088,1.1701139579712327,1391.1347791646542,0.1651248827049807,,11513185501.0,18.248420488261743
577,115131855,1.026,2.33717,9.53565,2,1818.505983027462,1.170119290196947,1307.03825217184,0.1601261630995268,,11513185502.0,17.287595107468665
578,115131855,1.026,2.33717,9.53565,3,1817.724393666341,1.17011869593142,1267.974927338833,0.1640176930268879,,11513185503.0,24.58878301277055
579,115195662,,11.2876,10.279,2,1818.9034742752503,3.0050237239654143,506.2568159442845,0.2725230583764993,,11519566202.0,22.573198278359897
580,115202904,,6.29378,10.4753,3,1817.9310463319453,1.352143714703553,556.6264640935212,0.2375941852437267,,11520290403.0,17.933866165839596
581,115381549,1.366,1.56936,10.2489,1,1829.0572402385228,12.819286725964089,925.4943477239318,0.2538257605058359,,11538154901.0,24.026193640311
582,115382683,1.359,1.90882,9.98299,1,1817.9394063973084,0.8069430303894835,813.8974987429815,0.1101706431294698,,11538268301.0,13.15454067925325
583,115382683,1.359,1.90882,9.98299,2,1817.5382459888388,0.8069430303894835,712.0122431668666,0.1127742900168896,,11538268302.0,30.066734497149454
584,115386698,,,9.481,2,1818.149951487412,1.3726870728357017,4430.889091905973,0.3673185072534049,,11538669802.0,16.848283676990185
585,115389098,1.08,2.39706,9.98446,5,1852.9801493977725,43.99530445744825,7274.112175758206,0.5466855841271995,,11538909805.0,203.90751401563202
586,115389098,1.08,2.39706,9.98446,7,1860.673884174502,43.717482565193805,2847.6426120512374,0.2542881145807005,,11538909807.0,182.02545885203807
587,116275460,1.669,4.53426,9.26759,1,1793.106811902682,2.474784005246682,867.3612170391209,0.2368482204372566,,11627546001.0,12.093718540767613
588,116411728,0.82,0.808429,8.3878,2,1792.1096985198717,0.2893496602010608,86.88774005164001,0.0493174227065336,,11641172802.0,26.282546978692192
589,116500420,1.377,4.18093,10.3743,3,1792.729332633375,3.0477539074936586,801.3450748695371,0.5710690383075016,,11650042003.0,20.31507697045108
590,116717135,,,9.5006,1,1793.880898149372,2.5676236282498035,6066.961080245756,0.1819418750394502,,11671713501.0,14.778844342365772
591,116717135,,,9.5006,2,1792.5649718725012,2.567694913197516,1874.2147289015832,0.1667457626654628,,11671713502.0,1.8458991892024934
592,116721085,1.171,2.50694,10.4977,2,1794.942903234824,4.205896313463451,675.3207257517647,0.1788365998949455,,11672108502.0,22.544495482849932
593,116843497,,11.8689,9.7696,1,1792.9094409428465,1.857797518984041,331.6196564147878,0.1784037665166703,,11684349701.0,23.96865207211383
594,116848287,1.225,1.84052,10.2148,2,1794.70354527703,6.396163992105955,6379.117003127446,0.1485674600063231,,11684828702.0,60.50777026939581
595,116848287,1.225,1.84052,10.2148,3,1798.3827814504195,6.396163992105955,5584.392858563946,0.164659409649692,,11684828703.0,59.901781962454066
596,116882691,1.41,3.90961,10.3098,3,1793.2860141791912,6.0308114102048265,7454.955429725135,0.221063469783196,,11688269103.0,4.1991597047492055
597,116882691,1.41,3.90961,10.3098,4,1793.281520109729,3.0154278720320247,6624.400586046164,0.2175488254152367,,11688269104.0,33.11247864632219
598,116882730,1.186,1.35394,9.604,4,1793.2669602002677,3.0154579305018263,1251.326213107851,0.2223546145660965,,11688273004.0,63.10130146236861
599,116991977,1.278,2.17509,7.6104,2,1791.816641720201,0.9504688012839932,25992.30484296524,0.0776384472473806,,11699197702.0,
600,117038616,0.91,0.846381,8.9379,1,1792.152711182295,1.2116369688792157,183.61500085777763,0.0838649085675325,,11703861601.0,15.359135866195988
601,117115323,1.79,2.69371,10.2651,1,1792.8598057205495,1.2473773111651814,933.3076499178004,0.2328042751031196,,11711532301.0,17.744833680792002
602,117115323,1.79,2.69371,10.2651,3,1792.0588862449174,1.4768558108499736,1986.3470689907845,0.1268533431314729,,11711532303.0,23.626858605504303
603,117262667,1.672,3.44439,9.6157,3,1793.7282263481168,2.7329999675852803,4963.990802718416,0.2019887270280344,,11726266703.0,
604,117270960,1.098,2.24338,9.7918,1,1792.905282294897,1.216124268312256,390.9162717491623,0.0933917000408037,,11727096001.0,25.267246140587545
605,117308032,,,10.0971,1,1793.237443915339,1.5150993040151406,454.86001762358046,0.0925596512840136,,11730803201.0,27.368685470437512
606,117322779,,,10.485,1,1792.4483684357217,0.6857623350360293,964.924816206279,0.0944342677204547,,11732277901.0,23.134533437926347
607,117400403,2.537,2.41379,7.11617,3,1792.8938457354625,0.9099223821173948,2146.228788937721,0.2407397560432459,,11740040303.0,2.1110409748112073
608,117400435,1.276,2.42465,10.3909,3,1792.4041415225636,1.2921301912810284,303.9366686268736,0.2607841659658212,,11740043503.0,
609,117404220,1.47,1.50846,7.4871,1,1792.8401406995035,1.7164960639585003,269.7732918391888,0.1807654763100286,,11740422001.0,26.83931133664604
610,117496264,1.811,1.76445,8.50196,1,1793.064227135501,1.2119647600738563,221.2165306316093,0.0640461834274637,,11749626401.0,20.410491305448474
611,117530031,,,9.8927,1,1792.4873539920036,1.2139275902649524,559.3511906367019,0.0908054377879052,,11753003101.0,24.621281648925997
612,117615561,2.66,4.62172,8.7805,1,1793.839199041455,2.5317687079584874,267.2832989294962,0.2497664470436863,,11761556101.0,17.118386013485082
613,117617587,2.522,3.00949,9.42897,1,1797.321045929771,6.222629801182506,390.7676622455137,0.2445808568952785,,11761758701.0,21.214818178545254
614,117617587,2.522,3.00949,9.42897,3,1794.4569563382947,6.220174188044468,443.8251751915212,0.2455240119581801,,11761758703.0,15.57334667899247
615,117618511,,4.13059,10.235,2,1803.329583285736,14.016034339061036,3304.1534856752287,0.4785363395875555,,11761851102.0,17.899412609557526
616,117623626,2.317,2.85487,7.13673,2,1792.2868942119865,3.373320029096145,121.35329282137933,0.197199748587236,,11762362602.0,24.735542823169748
617,117624314,1.97,3.84644,10.3463,4,1793.563789170301,1.83219415626725,1788.4667331437809,0.3293023623596982,,11762431404.0,20.971862189438372
618,117624358,,3.39969,10.2621,2,1801.975996039612,14.583511390130369,1227.7986965884988,0.1289475397725646,,11762435802.0,159.6807397693239
619,117656295,2.005,1.80465,9.62289,6,1792.2529144914597,0.6005794089755968,3596.639477379299,0.078304262072101,,11765629506.0,6.978865778343779
620,117656295,2.005,1.80465,9.62289,7,1792.4868892715058,0.6006405638088717,3290.833517699062,0.0700487851051769,,11765629507.0,18.373356668245425
621,117662379,,5.46575,10.3045,1,1795.991700972691,6.778552006177165,841.8556695301118,0.1093476474503235,,11766237901.0,16.275621036014773
622,117809899,1.377,1.84656,8.78469,2,1792.0922802604755,0.7283039473184835,4862.453317340724,0.3176713866106167,,11780989902.0,
623,120842741,2.65,3.63678,9.9172,1,1819.0041780979127,1.684437231579423,2287.2934545874923,0.2834254479936433,,12084274101.0,4.383336706535209
624,120842741,2.65,3.63678,9.9172,3,1818.5776083757032,1.6805677573987308,2081.247366306357,0.2422377513028593,,12084274103.0,11.852976883969385
625,120847748,1.829,3.92708,8.7897,1,1818.0150167462432,2.2193805427567286,1044.1219034910623,0.2489245910933214,,12084774801.0,124.89841276757254
626,120847748,1.829,3.92708,8.7897,2,1819.1226546745795,2.2193805427567286,958.1219213137748,0.2476241841991396,,12084774802.0,124.74971112415747
627,120847748,1.829,3.92708,8.7897,3,1818.5633005822915,2.226111518362913,338.5718107875174,0.5704971007349546,,12084774803.0,12.09036051679594
628,120910479,0.987,1.48979,10.0461,6,1817.5277626135908,0.711909556374688,1078.7349744219086,0.0910402088587551,,12091047906.0,15.952465048490161
629,121069461,,,9.542,1,1817.4309037545083,0.7641515930638815,121729.80081831908,0.184182618877905,,12106946101.0,1.8262854644910846
630,121070864,1.49,1.46048,10.4371,1,1817.4194747371591,0.5840849385499014,1270.4870420892553,0.039041109303122,,12107086401.0,155.0471668833018
631,121128732,,5.0933,9.17535,5,1817.719002496556,0.448938836536914,467.38193542486096,0.1012842771138559,,12112873205.0,49.57079451567067
632,121219494,,,9.9872,1,1817.4918304448172,0.9817253796377342,4275.565794244343,0.1302155193528121,,12121949401.0,59.174290156675596
633,121296715,1.242,1.86017,10.1,2,1818.4563299726935,1.198740292058479,865.6120172228384,0.578107333990425,,12129671502.0,
634,121438106,1.364,1.47564,10.1017,5,1819.2927158424573,7.09466582464748,1387.0568900524772,0.1157947557861544,,12143810605.0,
635,121526198,1.068,1.846,10.2828,1,1819.759934123319,11.036109328100526,9118.947210895443,0.0785517694237875,,12152619801.0,10.93138234538113
636,121528489,,2.16509,10.2493,1,1818.4017430145188,2.5597564672759536,876.7695786196433,0.524078459469621,,12152848901.0,18.805162205274865
637,121614608,,9.64309,9.8757,1,1817.4530296835524,1.259469127249443,335.31429467174985,0.3186577614913097,,12161460801.0,17.057826893331757
638,121620421,1.155,1.09084,10.4074,1,2912.007227592619,1.2874231655322106,5799.257976091473,0.1105997971990956,,12162042101.0,48.74499724957753
639,121620421,1.155,1.09084,10.4074,2,2911.364480501218,0.6437098394257486,960.1704710773892,0.1114826736464354,,12162042102.0,16.351152508700952
640,121699966,,7.51484,10.1078,1,2911.4210308354363,0.3303874907834251,365.7560131832216,0.0532269714651222,,12169996601.0,18.413515410026427
641,121745961,1.253,1.1201,9.92846,1,2912.163045238073,2.840493285093148,2038.2527836318025,0.1804747996980956,,12174596101.0,15.913053433338197
642,121750019,,0.615172,10.3909,2,2916.8884263695554,26.39262892660199,6704.10664963683,0.123373257819499,,12175001902.0,
643,121754355,1.602,1.96647,10.0827,2,2911.8257233032678,0.8817488507135199,2726.0327953651863,0.1163860346133494,,12175435502.0,15.077572048872485
644,121818161,,8.11739,9.57179,1,2912.539226850624,1.4468413814904677,771.4430698560599,0.345088480740222,,12181816101.0,21.083962449983375
645,121901924,,2.18252,10.2072,1,2911.368762957228,0.4646360503730866,484.66278266268057,0.0896056569075943,,12190192401.0,26.01835174444888
646,121901924,,2.18252,10.2072,2,2911.587526525227,0.464655086341918,344.3885731381679,0.0966173621094931,,12190192402.0,23.401793612139894
647,121902406,1.605,1.71205,9.80903,3,2911.7499469386685,0.6148757621625878,763.3907558143685,0.2417645352988352,,12190240603.0,
648,121963436,1.066,1.08339,10.1268,1,2923.29256714745,13.517466896870454,1651.9588790572848,0.1650351192853188,,12196343601.0,2.695694063096781
649,121972701,1.54,2.90254,10.3486,2,2913.195765526249,2.101261779457932,829.5453943307334,0.3175872759748839,,12197270102.0,20.170614951310622
650,121972701,1.54,2.90254,10.3486,3,2912.716582746258,2.106124960541307,798.6363864945506,0.3907640089841208,,12197270103.0,14.00280673633662
651,121976190,,1.6523,9.6365,1,2911.366599664921,2.49207498113668,469.1051573818396,0.5203126116255564,,12197619001.0,13.654054601661285
652,122035569,1.746,1.78986,10.4007,2,2915.199052329181,5.479077783321968,6811.979730967086,0.0860439182591458,,12203556902.0,4.52116044850821
653,122035569,1.746,1.78986,10.4007,3,2914.8919393182205,5.477629571328048,884.6386283934012,0.6764076792146061,,12203556903.0,20.764771398128378
654,122038718,,,10.026,6,2911.5225000537102,0.3459286438353943,3791.743050162496,0.0479715889850773,,12203871806.0,
655,122039544,,2.11488,10.375,6,2911.4743434014044,0.3466740661705841,5600.38538748323,0.0434631744350503,,12203954406.0,10.442586389649511
656,122042981,,1.55771,10.3413,1,2911.400650061028,0.3850583251161354,2015.5061744079655,0.1135148866300852,,12204298101.0,21.514856387491708
657,122043779,,10.9534,10.2993,1,2911.851962834949,0.793082408065773,528.8167017504278,0.0987124674991543,,12204377901.0,19.465750109553134
658,122048645,,,9.8139,1,1818.1880919404248,1.3944306432144002,6349.760786459611,0.1696033190070954,,12204864501.0,85.91059454968885
659,122108380,,11.1348,7.1069,2,1817.4574418842788,0.6972343693366501,677.7646632718289,0.160379736528823,,12210838002.0,65.20755266325382
660,122109746,2.35,2.12343,10.1226,1,1818.1845403344432,3.043655097291341,890.3916314387103,0.0953690439630456,,12210974601.0,18.08349851473077
661,122271006,2.16,1.84531,10.2553,3,2911.6494186333084,0.7832843410163035,4517.023309372648,0.2018813366515977,,12227100603.0,
662,122273570,2.54,3.51111,9.8834,2,1818.2533516924177,2.2060755204726683,6874.754568589187,0.1000715058427987,,12227357002.0,4.252068958524372
663,122273570,2.54,3.51111,9.8834,5,1819.397149741028,2.206153483483761,1627.211559244214,0.4411356877464309,,12227357005.0,
664,122273632,,8.84607,10.409,2,1817.5656608390707,0.4872653307230678,543.5681155533129,0.0915890494416633,,12227363202.0,19.327057697040697
665,122341984,,1.64174,9.7854,1,1818.114957212348,1.7410220070320257,3546.9957748697702,0.2334609030826454,,12234198401.0,65.98884547216772
666,122389493,1.558,2.41203,9.4642,1,2912.335516607244,1.147880483657702,16110.72577311632,0.1570719702949991,,12238949301.0,47.70932253065814
667,122477803,1.99,3.672,10.3172,2,1819.897337192259,3.2166962887427166,1310.1566464764935,0.1910284525198522,,12247780302.0,13.028738786713635
668,122479370,1.652,2.36452,9.19663,1,1817.6760617090044,2.978046278742017,6983.205766059814,0.1425633415494844,,12247937001.0,4.87666530758402
669,122479379,1.376,2.22862,9.43737,1,1817.627810913788,2.978147814786316,10063.798401185964,0.1223823553057757,,12247937901.0,19.77353644164637
670,122486827,1.023,2.60722,9.55885,1,1818.8569283487216,1.5481426817813422,1158.1879272453937,0.1822644621565977,,12248682701.0,25.493494816562762
671,122570784,,1.22246,9.1717,1,1817.9342893267387,0.7756644081756108,188.80561847891363,0.13733663884638,,12257078401.0,18.642884922214666
672,122629761,1.084,1.00015,9.47632,1,1824.784529780065,8.212323026438543,898.2532795020887,0.1725843037712241,,12262976101.0,14.649075863092666
673,122703480,1.74,2.37161,10.4129,1,1817.737344135016,2.082917185281413,657.0423203000532,0.1572784779123052,,12270348001.0,11.664476816027298
674,122766582,1.357,2.00012,9.61552,1,1817.985067414648,1.083224227907603,826.3127148213096,0.0941352590803557,,12276658201.0,15.388845232512104
675,122775468,1.405,2.01312,10.2465,1,1828.074612887181,20.761763779287683,2851.313235781713,0.3999719745567399,,12277546801.0,
676,122879544,,,10.4026,1,1818.5569986132944,1.9465477414230616,2039.8818093022749,0.171849015290235,,12287954401.0,40.48352004742917
677,122879946,1.9,3.88562,9.4325,2,1818.4503695020512,2.1538573990278604,1019.0961327570908,0.1338578628942176,,12287994602.0,18.429017476323107
678,122879946,1.9,3.88562,9.4325,5,1817.9676076064889,2.156455608013505,920.717986334418,0.1439059567584149,,12287994605.0,16.81366231043339
679,122882943,3.02,4.86605,9.621,1,1819.0485861843197,2.3391099983270536,5515.983200436795,0.1112636781924109,,12288294301.0,11.816594328813013
680,125737484,,1.06694,9.5724,4,1792.3002736479943,1.111602760529074,141.30118063800987,0.0845758197983188,,12573748404.0,14.415829367139573
681,125755205,1.326,1.21492,10.4298,1,1815.976506680997,26.26165707622886,5958.37987570455,0.1376719920476111,,12575520501.0,100.01672169095743
682,125755217,2.23,2.74578,9.7152,2,1792.6028309574583,1.084478773366139,346.23183854285736,0.5021262432287827,,12575521702.0,
683,125840969,1.861,1.80331,9.1992,4,1817.8525240551096,0.6778005837128828,1142.1120095768017,0.1282317943563143,,12584096904.0,37.19193036551007
684,126098356,2.31,4.04243,9.8322,2,1795.2130296410692,6.091722558319802,311.0604625146509,0.4730586161732135,,12609835602.0,13.345712556023527
685,127505662,,1.37004,10.4894,2,1828.301205407781,33.57678795417605,2928.7094177051817,0.3100665279888474,,12750566202.0,
686,127588474,,8.10342,10.3357,3,1818.14277647728,6.292458798342556,345.4907600868109,0.3153727415036206,,12758847403.0,22.272901248834234
687,127633512,,,8.28,1,1817.6574348409013,0.918403831779314,52654.29062348988,0.1857622756682655,,12763351201.0,4.494551336348285
688,127633849,0.86,0.824534,8.9536,1,1817.7525135533228,0.4523555765846924,232.1094829046312,0.117743453588315,,12763384901.0,13.726207921309525
689,127633849,0.86,0.824534,8.9536,2,1817.5414672777304,0.452349444659791,203.81134991081328,0.0856459152710744,,12763384902.0,16.847679273560733
690,127754626,2.06,2.99024,10.2827,2,1817.7552711780415,1.593283924965187,164.05003776734546,0.4836902900765109,,12775462602.0,13.580003722620656
691,127758526,,,10.3773,1,1817.466452591044,0.6045408154192414,966.7067391399954,0.1416486475626343,,12775852601.0,48.806956973162464
692,127759189,,10.9001,7.8043,1,1819.1601032358608,3.1780050134596296,692.8199543443902,0.1206291448789089,,12775918901.0,23.497548428460675
693,127761120,,10.4976,5.63762,1,1817.818409822204,0.5801864890456845,326.9037093986708,0.1342862559938183,,12776112001.0,29.91541557187916
694,127763963,,8.64345,9.90281,1,1817.8994488623812,0.6207908742352731,329.3027405915862,0.1274446856832544,,12776396301.0,12.448809427376647
695,127763963,,8.64345,9.90281,2,1817.588599520462,0.6207853455052136,319.3016100335296,0.1364714843214445,,12776396302.0,25.963324110148378
696,127836129,1.248,1.14191,9.29048,1,1818.5883921906047,3.4507081257005114,2501.320218053284,0.2127055478740879,,12783612901.0,27.16397141032785
697,127840409,2.75,3.30122,10.0996,1,1819.524340594679,2.1571871373953475,911.0492414682708,0.1731852326207028,,12784040901.0,72.53817916852276
698,127960899,2.34,4.3103,10.4508,2,1818.6665522356009,2.9318609948162817,309.02560126804724,0.3996756357300992,,12796089902.0,20.712998914605873
699,127965420,1.252,1.51599,9.17071,1,1819.2413821110888,7.492561703247761,255.61775222480728,0.7302336996332519,,12796542001.0,29.854983219992732
700,128023813,1.454,4.62911,9.09186,5,1818.171079093096,3.538518959668514,528.5721284279505,0.2980827667606066,,12802381305.0,23.610581420064104
701,137081684,2.08,4.34812,10.2667,2,1791.5933272733523,2.5229988577823805,513.3061243292617,0.4755591211529964,,13708168402.0,99.33954560377067
702,137085186,,9.22431,9.2099,7,1791.94985789029,0.3576036774456453,359.9745755470142,0.047018125862109,,13708518607.0,
703,137204173,,2.71572,8.05443,1,1796.1387496044672,6.353670269816651,10661.77563326427,0.2770716505269393,,13720417301.0,122.8511462479697
704,137204173,,2.71572,8.05443,2,1792.0498592937136,6.353551234101015,6460.078455960767,0.2096593524144111,,13720417302.0,122.4136969398585
705,137262770,,,9.5054,3,1796.7301295911516,7.012258350632356,358.1801621955566,0.1611131744101658,,13726277003.0,33.084079361119514
706,137266818,,,10.483,1,1794.4919587158688,13.011327981103308,7463.863988167399,0.2263525367443677,,13726681801.0,
707,137266818,,,10.483,2,1798.9757965719389,13.011018578982515,3716.548128135483,0.3527148599948879,,13726681802.0,2.199843039243499
708,137321400,1.5,2.46469,10.4687,2,1819.0682777045288,3.8486428413010856,11943.73486882719,0.3182792627590621,,13732140002.0,6.865777978998934
709,137322451,1.367,1.18793,10.2499,1,1817.6482964870424,0.5247247872283498,420.1972840219159,0.0542354547934948,,13732245101.0,26.005757000066914
710,137322451,1.367,1.18793,10.2499,2,1817.380567780634,0.5247247872283498,219.6795510217061,0.0522862482401942,,13732245102.0,16.674392510401052
711,137326629,1.42,1.47678,6.4841,11,1855.064931988145,38.63846972238657,1602.0720330097624,0.2152003214024659,,13732662911.0,
712,137328861,1.032,1.23035,10.4404,2,1819.3375506440448,6.334556989623161,39998.91036456403,0.1044231691892479,,13732886102.0,
713,137328861,1.032,1.23035,10.4404,3,1822.4080243966853,6.334703372175405,8405.307645651374,0.1277876909289254,,13732886103.0,
714,137335995,1.509,1.45843,9.72689,1,1855.359089283196,38.63166124366479,6523.881293920755,0.1797333759596572,,13733599501.0,
715,137392758,2.198,3.25777,10.0213,1,1818.4178385022449,3.219337491062108,709.4933439535624,0.1528211718132512,,13739275801.0,17.014244008001704
716,137394467,1.57,3.08551,9.0141,6,1818.0030666365064,1.523463690352738,2871.903339715306,1.1855755013888392,,13739446706.0,
717,137399859,2.36,3.6781,8.9206,4,1817.931059079117,1.5690937182712013,336.3005584803494,0.290426310900759,,13739985904.0,11.010129899322491
718,137416472,,2.19711,9.1331,2,1855.377582543996,38.630914584125215,3382.557550601108,0.1819786395568191,,13741647202.0,
719,138025521,,1.60656,9.2499,1,1817.8947187978376,1.3728196350251989,502.5785129064035,0.1053809890874875,,13802552101.0,51.82114681838612
720,138107797,1.177,1.534,10.0618,3,1817.012256706184,0.7771074546581105,13141.564600782369,0.1538411400347834,,13810779703.0,
721,138351811,2.11,2.8243,9.8209,4,1817.187542937394,1.373652824281601,1479.395975720463,0.2642457054720565,,13835181104.0,19.858700007338385
722,138401079,1.65,1.96098,9.7708,8,1817.738614361988,0.7232273309983069,1712.5518666470475,0.0739457687736675,,13840107908.0,15.676039882303732
723,138419280,1.59,2.47255,10.0678,1,1817.371297212342,1.1153786007918107,209.15790764042248,0.1958744019684143,,13841928001.0,21.273230317795274
724,138421943,1.96,1.54239,9.13009,6,1817.2449698815171,0.4496332047924786,1617.418159882811,0.0513307177017774,,13842194306.0,2.911550502129065
725,138421943,1.96,1.54239,9.13009,7,1817.1415608175728,0.4496240963473853,1134.8113137089342,0.0679481216840523,,13842194307.0,13.106352933214264
726,138422735,1.75,1.69532,9.4935,1,1818.701530866001,4.156932021549674,1033.275380471575,0.1203629492728644,,13842273501.0,32.52394867284169
727,140627437,1.15,1.68506,10.4874,1,1817.176954937224,0.9693857321794324,1244.5012405601458,0.086633059981106,,14062743701.0,61.244493213730735
728,140627437,1.15,1.68506,10.4874,2,1817.6259539483965,0.9694182158539862,1047.6211888546777,0.071700321810167,,14062743702.0,19.759896273746524
729,140711626,,,8.0138,1,1854.210607284347,48.342961633190654,3398.268454566544,0.0409565764181484,,14071162601.0,
730,140712898,1.589,2.37958,10.1773,6,1819.200198963304,2.682914054688157,1770.2895064941874,0.180023296182229,,14071289806.0,
731,140734969,1.937,3.55883,7.81033,2,1821.261691379125,25.974323655952624,165.55259861351666,0.4647109347806299,,14073496902.0,35.783786358261494
732,140777980,,6.59024,9.3329,1,1818.5861882468248,3.9696629233342855,187.8035024299472,0.2410637577291657,,14077798001.0,23.451484273131438
733,140804999,,1.35153,10.1338,1,1817.0104066604556,0.4724858376626825,7013.93241216568,0.1550420372771549,,14080499901.0,29.51538097557292
734,140863094,,,10.044,1,1817.4137352004825,0.7734542594669624,11686.456572200144,0.0774750900180143,,14086309401.0,1.9986139200798143
735,140863294,,10.7923,9.9113,1,1817.5138595769224,0.7998117982966901,407.90902798970257,0.0522068330901794,,14086329401.0,26.815992114078895
736,140865580,2.023,2.35241,8.51836,1,1823.012413638448,25.744200884555497,120.35245606920694,0.4894353375154404,,14086558001.0,
737,140912613,2.422,1.99568,7.26281,1,1816.9095725284385,1.0700622291306894,1694.8719486522984,0.3525543854055493,,14091261301.0,0.6093214229062444
738,140931639,1.66,1.62542,9.9405,4,1817.0780484632023,0.6003838145514083,3297.649956593762,0.1276704580188128,,14093163904.0,
739,140934805,1.417,1.91537,9.95141,4,1817.4561328921732,0.8571963858748124,1408.7131103896131,0.1716229543592123,,14093480504.0,
740,140962889,1.47,3.11242,9.7914,1,1818.773341177108,2.427280352258266,172.44754066629125,0.6057799221349356,,14096288901.0,12.422641028252745
741,140967217,,10.6879,8.7998,1,1817.3513457334732,0.5447268366942326,347.1401081867292,0.0603491777591412,,14096721701.0,4.881371409739268
742,141612863,0.983,1.75093,10.4942,2,1842.0655813785827,43.25675827469101,5763.361930657236,0.250491117072911,,14161286302.0,200.02215896026772
743,141613202,1.31,2.75285,9.8263,2,1828.5179992954352,17.113382033933963,8841.564337357626,0.2522695188732822,,14161320202.0,23.836884750768426
744,142088246,1.118,1.79155,10.0272,2,1832.6968088049064,21.30252472076057,1369.7186626365265,0.1603078467812957,,14208824602.0,11.385527942114367
745,142101690,,9.14258,7.2929,1,1818.0262466182048,3.0003604951401464,416.3038687072685,0.108430237020538,,14210169001.0,61.68551997324331
746,142153762,1.889,2.12945,9.46925,1,1818.358589264421,2.007252222933876,190.71202227013836,0.0979898650439425,,14215376201.0,30.717170317665055
747,143455717,2.2,4.28104,9.9459,1,1818.789849338756,3.0444605881165234,1508.8593868904777,0.3623003897700996,,14345571701.0,2.9810419271233544
748,143499351,,10.9262,9.858,1,1817.5835545838124,0.3293920357662587,355.63146469595404,0.3275295198350099,,14349935101.0,19.259309072718224
749,143634395,1.08,2.20124,9.31051,1,1819.066938487003,1.9346710793461088,285.2987441690523,0.1216653985413285,,14363439501.0,78.98018461928679
750,143634957,,5.37092,10.2521,1,1824.8242605377195,11.581513274876698,2092.6690562322538,0.1917865297257538,,14363495701.0,70.25424886217489
751,143635239,1.798,1.79837,10.2667,2,1823.916985082991,7.3175084413287586,1246.2326051804655,0.2496349794827514,,14363523902.0,131.3038402181055
752,143645314,1.236,1.13852,8.9945,1,1818.5852147138248,2.6397844749180166,604.5374297395339,0.1486359448846617,,14364531401.0,8.313224555480009
753,143748481,,10.2213,10.4787,1,1819.0029684059475,2.1363166927224047,965.6860247123134,0.1856457323780028,,14374848101.0,13.48464957120331
754,143807256,1.42,1.47414,9.41167,1,1817.8070353951296,0.7296398656567286,207.9690431352745,0.2710137640909647,,14380725601.0,22.227152356715848
755,143813510,1.939,4.19263,9.59612,1,1818.7084667073584,2.190670964212179,637.9655207451906,0.1492805987161769,,14381351001.0,19.53865301366375
756,143864070,1.679,1.89602,10.0789,1,1839.49400140041,25.20496866649517,25862.820885857887,0.1271141242307801,,14386407001.0,
757,143869580,2.643,2.29555,8.56417,3,1817.7338613165675,0.9277904952649052,2794.4487874105635,0.2268291624866777,,14386958003.0,4.103615031721234
758,143869942,,9.9818,7.51964,1,1817.727730688588,2.2521733264591526,273.941270683171,0.2124635185428436,,14386994201.0,3.8791254548824265
759,143872627,,,9.6663,1,1819.2729196916328,2.31612220211753,124932.108381959,0.2964443155255717,,14387262701.0,2.71703782717358
760,143954951,1.82,1.58406,10.0774,1,1818.5538084620537,1.433239598272712,938.46383521311,0.1982602883900547,,14395495101.0,23.44955070671908
761,143962652,1.039,1.06827,10.0233,1,1819.0112685235224,3.164634968897834,609.0063586226696,0.1308002776169755,,14396265201.0,97.14801051568003
762,143962663,,1.31446,10.4247,1,1819.0072617701148,3.164665776098531,3295.588234694261,0.1300226599280617,,14396266301.0,77.93115393813768
763,143967678,2.36,1.65409,8.56572,1,1831.2108239219824,21.94584552858724,1836.1050215077005,0.173711722838233,,14396767801.0,
764,144006874,0.69,0.709177,9.5951,1,1818.588226591344,2.367334830693894,592.4769042619762,0.0723693063297943,,14400687401.0,12.179007862032615
765,144007967,1.55,2.28602,10.4733,1,1818.103169408525,1.3481330298482723,957.383807494846,0.2963622421708172,,14400796701.0,22.423058131925785
766,144013113,,,9.0509,1,1824.6092533828005,12.181697736935837,2595.824534985583,0.2192031024205383,,14401311301.0,25.016541458512435
767,144013113,,,9.0509,2,1819.715439370692,12.181697736935837,1667.2314220521964,0.2404053116662444,,14401311302.0,35.161981693932034
768,148211668,,,10.1619,1,1817.8208900086663,0.6646253758072278,27646.05447357204,0.1955430241940096,,14821166801.0,1.9458136234576193
769,148254927,,1.56175,10.2135,1,1827.1401756546131,25.424855886979024,2034.2769595097504,0.3505577434637884,,14825492701.0,
770,148287852,1.343,3.88085,8.99627,5,1819.414648130776,4.46401737410913,585.7656615296086,0.2719493129348946,,14828785205.0,18.697901057892416
771,148392230,,,9.0498,1,1827.155430865944,16.317316462272757,102814.77903414537,0.3130133898086683,,14839223001.0,
772,148392230,,,9.0498,2,1830.114722459321,24.299653995780545,34905.65707460991,0.2402247201182239,,14839223002.0,
773,148392965,1.614,4.60196,8.66336,5,1817.996664232773,2.785650431520696,838.7069901389528,0.305720066809663,,14839296505.0,17.377951032149802
774,148438925,1.056,0.889661,10.4888,1,1829.7645174056245,13.504983857611249,3288.5919139861285,0.1653332642462991,,14843892501.0,19.784591262862307
775,148442515,,14.48,10.0514,1,1822.252656942877,6.625806125690636,498.5898404741403,0.1892378982211385,,14844251501.0,17.90771423809551
776,148445658,2.441,1.78887,8.74982,1,1817.8975305013864,0.5937596046129353,295.20986425000547,0.0862031023431185,,14844565801.0,11.996005429067832
777,148470409,,,9.947,1,1817.555896375504,0.4340216050463271,211215.03050627655,0.0901615646017086,,14847040901.0,1.3753821328342286
778,148574497,,1.93993,10.3383,1,1820.2748928348076,13.475882285566884,692.3815100559453,0.2868262106818936,,14857449701.0,23.67715237103062
779,149859222,1.29,3.24426,9.1233,1,1792.6553768645017,1.9604403369355023,177.3878259637123,0.230064999384188,,14985922201.0,18.91022041153751
780,149910089,,6.60544,9.7896,3,1791.8020224532772,0.4310912480571856,212.6477647168608,0.0954631264434557,,14991008903.0,23.559665831602278
781,150295916,,11.6962,10.0477,1,1819.6160328305964,4.928821968870109,637.950295104862,0.0890297297745591,,15029591601.0,9.289070805725807
782,150314591,,3.56106,9.10831,1,1818.011761293157,1.297538961673767,378.8420094734456,0.1035524262318838,,15031459101.0,63.37174550504297
783,154718361,1.071,3.29813,9.85639,1,1844.2452044132049,2.6722237494546937,333.7965773082259,0.1690181529654768,,15471836101.0,61.1894026101958
784,154789888,,1.81714,9.0205,5,1683.8559586425197,19.10421752246141,1020.5454181307568,0.0907319792145055,,15478988805.0,22.090901140120245
785,154840461,1.689,1.68843,8.40534,1,1685.5438459566435,6.036241584338299,1206.9824208226732,0.0999839402346275,,15484046101.0,16.69573345049439
786,154872375,1.155,1.15415,9.02855,1,1684.155788757004,8.027704390519382,5705.497420703191,0.1887112916035109,,15487237501.0,2.5590570022382124
787,154906919,,11.8081,10.0951,1,1684.6549305446233,1.449576149060601,824.8372621839931,0.0636405830848492,,15490691901.0,24.21507100397942
788,154908214,1.96,2.4607,9.2897,4,1684.5663751790996,0.9257985749008196,7450.993075018978,0.5969248046988613,,15490821404.0,
789,154924011,1.9,2.66488,9.7804,2,1684.883244187677,1.0908443417936071,1525.345075515405,0.0550895527728717,,15492401102.0,
790,154924011,1.9,2.66488,9.7804,4,1683.919654567593,1.090834300653935,253.54932636950937,0.353367130461775,,15492401104.0,23.328848266748977
791,154925091,1.817,1.75754,8.85591,1,1683.9732388708069,1.4900464942182343,323.09644525794533,0.0794224964903803,,15492509101.0,14.984892494975345
792,154927364,1.166,1.85932,10.249,1,1688.9525821963766,6.9746403813030025,8850.565554234321,0.1598372843258603,,15492736401.0,12.18243880804415
793,155354560,,,10.3324,5,1821.165709882422,12.974182987686536,5717.634721675334,0.0780288336914952,,15535456005.0,171.74237684462565
794,155400036,,,9.6367,1,1830.005673411502,15.20703314044945,120048.8911498644,0.4349580913546442,,15540003601.0,
795,155479809,1.566,2.1085,9.7446,2,1818.193959999088,1.3494071844050946,12589.762961716357,0.2034122953000833,,15547980902.0,8.65715379329535
796,155601278,1.45,1.70087,9.22062,3,1817.719770951772,0.7280575804542737,261.3895111617616,0.6082086518776196,,15560127803.0,
797,155664778,,,7.754,2,1818.177038598852,1.6806141639630603,25315.978569113893,0.1764570733922461,,15566477802.0,7.531876497299414
798,155794095,,7.12024,7.74143,2,1817.6198006112877,1.2732745931746512,635.7089585033826,0.0989005470876302,,15579409502.0,23.100293868204126
799,155794095,,7.12024,7.74143,4,1817.5463669856117,1.0244768343265331,172.30418228099722,0.2135177898633115,,15579409504.0,23.19131815349272
800,155794101,2.327,2.57713,9.97011,2,1818.296248884088,1.271037679563427,3342.4043871046338,0.1153152832087236,,15579410102.0,31.165623807360568
801,155798599,1.598,2.12498,7.9254,1,2912.535637019987,1.5827788999747368,2267.603107076244,0.192859884476649,,15579859901.0,31.900389366232595
802,155860086,,2.09574,10.2589,1,1823.2329183714896,6.728108318202262,5257.42970746883,0.2054348188297619,,15586008601.0,64.30190610223163
803,155860086,,2.09574,10.2589,2,1821.4156955316805,6.728238584892608,3306.599423331053,0.2317069237977077,,15586008602.0,65.3571409730311
804,155907696,1.172,2.05464,9.90681,1,1817.5796166278144,1.6040090704428065,842.2103883950471,0.1654563011671405,,15590769601.0,30.435883750847196
805,155907696,1.172,2.05464,9.90681,2,1818.3420515608836,1.6040743464500282,759.1968298521982,0.1507267072646287,,15590769602.0,21.53114405873542
806,156089357,2.0,1.92154,10.3543,2,1817.9409603059844,1.0778289111932529,507.3700599935729,0.2816525518862299,,15608935702.0,15.705654509549131
807,156097900,1.337,1.73686,10.3943,1,1820.403920521829,10.357850247269972,3060.951233094331,0.1677156322902798,,15609790001.0,65.07784468024539
808,156201240,,5.20006,9.8843,5,1817.4226494832271,0.3371494098297103,939.846639254553,0.0532279340124276,,15620124005.0,223.32990550147798
809,156272605,1.0,3.11731,10.3924,1,1817.9772658047536,2.5510603478205347,651.5707394892503,0.1874451578649006,,15627260501.0,15.127262178517576
810,156275936,2.11,4.58756,10.1307,2,1819.4940608678803,2.3096201612100486,400.0269029368041,0.246600954186719,,15627593602.0,20.866826617956864
811,156410010,,6.77425,10.3899,1,1819.451582133135,2.6329052245433164,1157.695209940278,0.2135647116669554,,15641001001.0,73.15491960205969
812,156490584,,11.7951,9.5631,1,1817.9863906737016,0.8515852919141184,555.7848533006305,0.0871011620963463,,15649058401.0,44.36450797166325
813,156519022,1.276,1.19786,9.01307,1,1822.085846910296,5.224227874590596,3348.8803000851435,0.1844647408823821,,15651902201.0,20.988872636632
814,156519022,1.276,1.19786,9.01307,2,1818.518489373676,5.224227874590596,2055.7916601976344,0.180069872462399,,15651902202.0,19.24848464292252
815,156606941,,10.2107,10.1885,1,1817.891056141024,0.7183737864824049,717.0165995748263,0.1535972300560575,,15660694101.0,13.679726475536361
816,156676557,,,10.2879,1,1817.4104472375875,0.9802868462694856,1339.8111967799505,0.1120482797554194,,15667655701.0,11.773446588115258
817,156719253,2.26,2.74641,10.4043,1,1829.342263949536,20.6461486579964,2382.7563622763278,0.3650592871406677,,15671925301.0,71.60342844430421
818,156719253,2.26,2.74641,10.4043,4,1818.3955015457889,10.170716912007938,794.7303587572135,0.3558400606124997,,15671925304.0,73.07377637688045
819,156723141,2.29,3.03208,9.794,1,2911.737295880304,1.2007182050225265,248.23904566278077,0.3028902672500919,,15672314101.0,19.310612810103933
820,156724719,,,9.353,1,1818.1287533356551,10.95685113126075,4642.8877479362,0.1578058754106479,,15672471901.0,4.306639849802356
821,156799005,2.234,2.21501,10.2969,3,1817.4646668303908,1.0327310026886387,275.1353687954329,0.1484691736517251,,15679900503.0,107.58040783582341
822,159333269,1.55,4.16011,8.7558,5,1684.603160963624,2.3444525309297988,1558.4654795661002,0.1910148584802269,,15933326905.0,
823,159343218,1.508,1.4493,9.67863,1,1719.4440222540009,54.56518263714834,1662.4495169028175,0.2251556147386169,,15934321801.0,
824,159344597,1.133,1.09655,9.42518,1,1684.2072154031123,0.6748319471301693,1579.2094033208086,0.2510776471904944,,15934459701.0,80.1572701173006
825,159417455,,7.01953,8.7458,3,1690.67222931497,108.36000500393985,974.3909523598196,0.1790613559293845,,15941745503.0,3.900108805258191
826,159418353,0.78,0.780707,9.812,2,1685.2269271091957,8.30343628333698,570.661925205283,0.089828093071782,,15941835302.0,13.414939897511525
827,159438367,,5.1536,9.8599,3,1725.1241474097606,80.78193795625616,3080.490205888438,0.1894700899601274,,15943836703.0,
828,159452733,1.158,1.6527,10.4425,2,1688.1212230106296,109.39890194830248,3555.1872264094814,0.2534209898341206,,15945273302.0,
829,159465467,,17.9357,9.7685,1,1683.9820574664518,0.5350300238401323,141.30549139129892,0.5347705326603037,,15946546701.0,
830,159510109,1.08,1.1179,8.8523,2,1687.5782083473423,16.94901035967998,11628.133736589542,0.3030374866034329,,15951010902.0,14.287370250091964
831,160143197,1.26,3.0422,10.0972,3,1817.5024698767172,2.0338134865924022,84.99635573344315,0.3337451172055952,,16014319703.0,25.50851679152428
832,160195393,1.019,0.836542,10.473,2,1684.0563469877586,0.2864482812898385,12023.405222741254,0.0740363315041046,,16019539302.0,
833,160489326,1.069,1.26626,10.3528,3,1698.7807270170993,38.52932840535921,396.6899392703659,0.3916918789853551,,16048932603.0,
834,160536102,1.26,1.59657,9.6046,1,1690.265835537116,12.3247608573151,366.9923849085483,0.2180908992670702,,16053610201.0,129.02531466502285
835,160536102,1.26,1.59657,9.6046,2,1684.8795457249198,12.324358431034742,357.28151350985706,0.1663181653105572,,16053610202.0,15.777311766939759
836,160585729,,3.28907,10.2395,1,1690.0847181712904,9.357569815462815,4350.580889666722,0.1491619446225118,,16058572901.0,5.726619773362764
837,160585729,,3.28907,10.2395,2,1684.5287835123224,9.357381290774386,2708.482166463922,0.1430614988117465,,16058572902.0,2.346203252405981
838,160599683,1.157,1.1043,9.4613,2,1812.4013275583056,181.46751834749767,1028.540992967132,0.733156386611913,,16059968302.0,
839,160602452,,8.62264,10.4861,1,1683.8233093672866,0.3946108733001301,115.86351860742832,0.3946015948793762,,16060245201.0,
840,160618494,1.135,1.23847,8.90968,2,1684.646477523286,2.130932131602023,15880.796457211623,0.1324985677388942,,16061849402.0,11.511050846548928
841,160618495,1.483,1.82969,9.01081,1,1684.6154145783985,4.261958224254893,209.85805006200795,0.1374930420745417,,16061849501.0,133.99619280930366
842,165502447,1.36,2.19058,10.4947,1,1712.8956469873567,2.8447951196212093,12642.430688342904,0.2409387907622205,,16550244701.0,8.940434824186326
843,171003651,1.426,2.94442,7.24287,1,1819.161632305747,1.9078831682158848,50.63275379882612,0.2135904109446841,,17100365101.0,25.6879053231444
844,171160243,1.86,2.07805,9.56967,1,1817.4064591380895,1.3887612355738228,2929.5658150188706,0.0884485485645811,,17116024301.0,9.576351525800327
845,171196011,,13.3851,10.2449,2,1817.7548766128684,5.820430627030357,543.6533975847506,0.2321687542376136,,17119601102.0,28.014825595607768
846,187032134,,,8.4947,1,1819.0313362237123,2.8406760667899675,213.78104742383667,0.1631988938579012,,18703213401.0,15.04071735794586
847,187033588,,,10.0821,1,2914.305743954725,3.197587763083374,648.5883125917678,0.1933607597952571,,18703358801.0,18.015931790332687
848,187090553,,11.8266,10.4817,1,2911.9493074270526,2.9356159206044774,600.867735029425,0.2671679875732384,,18709055301.0,23.43380463011344
849,187172420,1.746,1.52961,10.3555,1,1817.417593716381,4.42240085337524,811.8483945879431,0.3752402145068313,,18717242001.0,99.9987157138875
850,187178452,,3.04448,10.4787,1,1817.633545597335,0.4154019924154645,442.64109863518894,0.0918450838267004,,18717845201.0,13.99121814871623
851,187180477,,7.72057,10.1979,1,2913.3618155164936,2.902139172317822,893.5528376878233,0.2446156695308088,,18718047701.0,99.32280026098674
852,187191187,1.49,3.77104,10.2522,3,1817.950508623716,1.967376257666806,595.0255143699859,0.2520130212334541,,18719118703.0,49.45440913243493
853,187199555,1.379,2.16919,9.49627,1,1817.838820975028,1.7515969887712344,803.0667784521459,0.1308746578141401,,18719955501.0,17.47673587490194
854,187202523,,,8.4065,1,1817.464664418384,6.39787322545796,4512.3355412713,0.389034581566094,,18720252301.0,30.722306971202997
855,187256021,,10.7503,9.6718,1,2912.745949804083,1.5018314720745938,351.6431662026825,0.189652539824477,,18725602101.0,17.060294235431062
856,187282650,,4.20324,9.3594,3,1817.7410669823737,0.5241651215236336,4600.244259093888,0.129382039045429,,18728265003.0,
857,187320079,1.07,0.953773,9.1783,1,1818.1295864091087,1.8390394364175005,300.280579161548,0.19965050199973,,18732007901.0,13.610357865698408
858,187327532,2.015,2.74916,10.4084,2,1818.9668335768868,2.6972834588800167,672.2432659380419,0.1531043803546391,,18732753202.0,23.689906538111302
859,187327532,2.015,2.74916,10.4084,3,1818.3055628588168,1.799730747337712,554.4423407715643,0.2492930490047047,,18732753203.0,39.447460643661024
860,187430033,1.257,1.53625,10.0432,1,1817.582307915932,1.91939310326978,1219.1452296453583,0.1844136917419153,,18743003301.0,17.291219125495918
861,187430875,1.872,2.48079,9.43095,1,1818.8438971566104,1.715088256675669,158.65300685676056,0.3178848917015465,,18743087501.0,16.499401463725818
862,187434233,0.983,1.02038,10.2606,2,1817.6922054744584,0.3961539203798229,3088.084995985202,0.1450824193147493,,18743423302.0,48.1813121664853
863,187483630,,8.27893,10.3371,1,1817.5743454511448,0.7881374335236698,1147.709288123196,0.0777016333097383,,18748363001.0,68.59114770454515
864,187487135,1.109,1.32079,9.64147,3,1817.624778294874,0.4805627892030137,419.0402592701198,0.1055178869598742,,18748713503.0,58.2713119085361
865,187490088,1.19,4.57196,9.7823,1,1820.9067117623008,14.78900450002728,540.6958190829336,0.4149810675526323,,18749008801.0,19.1639290956011
866,187538393,2.57,3.34229,9.7756,2,1819.588527560913,10.471061126136226,1112.712171631864,0.2469395899021373,,18753839302.0,13.11842381303634
867,187586911,,2.28303,10.4902,1,1818.273246754825,1.7572344371510873,17702.74220313382,0.1187060129603837,,18758691101.0,1.435647681962001
868,187586911,,2.28303,10.4902,2,1817.3982814145247,0.8786150641317308,3003.7309927954893,0.1122582371078729,,18758691102.0,14.277556426864319
869,187588017,,2.30115,8.8227,2,1817.5520366273963,1.513864747957652,3344.7628460061387,0.1516358989766539,,18758801702.0,3.1875330354300693
870,187622213,2.288,2.01634,10.3972,1,1817.455401569489,0.7240048292738982,333.63071613637226,0.0966817377581798,,18762221301.0,16.508582010003792
871,187622545,2.53,2.43039,10.4458,1,1818.327756023112,2.9203036335190964,791.9859805104829,0.184014199328105,,18762254501.0,18.82528470649239
872,187622545,2.53,2.43039,10.4458,2,1817.8763400516984,1.077244983859787,459.8776671772279,0.2121387476512895,,18762254502.0,85.1639380099666
873,187622545,2.53,2.43039,10.4458,3,1818.360854559932,1.080450905640999,486.8445865656485,0.1314280007707741,,18762254503.0,20.020569683534173
874,187625342,2.622,2.67624,9.70634,3,1817.3756053289849,0.9851640005306812,3820.15710815877,0.2448226070579047,,18762534203.0,
875,187630375,,2.27454,10.3201,1,1817.440677566968,1.8066133426236424,2800.375293817956,0.1361986853761099,,18763037501.0,15.413828445512964
876,187632447,2.24,1.72277,9.57819,2,1819.438904138069,2.2944938913598407,430.99334713994375,0.3403047257966041,,18763244702.0,21.051335664601694
877,187691023,,1.84519,10.3994,9,1817.4703987271323,0.366218689308507,4804.131556495173,0.0309878078852027,,18769102309.0,12.656891357528403
878,187695534,1.67,2.98951,10.2299,3,2913.753911768643,6.918605094431145,950.596458437058,0.2010327060836842,,18769553403.0,81.23824163064394
879,187698364,,,9.73,1,1830.309358262384,20.31141223785073,439627.1462702229,0.2375185573746676,,18769836401.0,2.633112568432515
880,187698365,,,10.1958,1,1830.3096890173413,20.31141223785073,771413.6576165594,0.2310769415408687,,18769836501.0,3.8050488553724855
881,192842077,1.48,1.59086,9.6762,1,1792.9180063355564,1.5145059032817558,957.4478145967324,0.2512783949875316,,19284207701.0,87.84689226979933
882,192935592,1.453,2.10119,10.3884,1,1792.0138849052623,0.992866204016298,9346.213356952496,0.0987345890952072,,19293559201.0,30.682435817439288
883,192935592,1.453,2.10119,10.3884,2,1792.52175655858,0.99285585648271,7800.761793965051,0.1148429072646517,,19293559202.0,31.621099336440693
884,192935592,1.453,2.10119,10.3884,3,1792.072307295876,0.9942039848582378,645.1361198192087,0.4875074731615499,,19293559203.0,22.01347447093021
885,194736418,1.239,1.62119,9.3229,1,1793.4189785496933,5.826908877378545,1068.489724857872,0.2365040760333346,,19473641801.0,8.490137712293226
886,194782218,,11.2271,7.39698,1,1791.95079627503,1.2526558926640934,310.0240067392441,0.2029443938402106,,19478221801.0,20.29736215749036
887,194783432,2.13,4.06263,9.6052,6,1792.8190536808415,2.2421218817732025,523.9816812566983,0.4131073026928266,,19478343206.0,21.6945753678438
888,194853581,,11.5122,9.4921,1,1791.8207953700971,0.6537216033836524,821.3563431568459,0.1272057428581567,,19485358101.0,73.70204190992644
889,198161957,0.74,0.839581,10.4927,2,1855.600366040366,199.36773051463115,4375.335064529077,0.2365923006087092,,19816195702.0,
890,198181552,1.418,2.39263,8.56897,1,1684.2915299252363,1.411145595427023,489.379744842009,0.1056615833781112,,19818155201.0,16.48560349436729
891,198187600,1.25,2.19555,9.9821,1,1685.7692720016505,2.2220754525710045,11894.627150963575,0.0833465632664462,,19818760001.0,3.3950240596731995
892,198187600,1.25,2.19555,9.9821,2,1684.645478405383,1.1110502188733973,1239.8080028274787,0.0780814182193054,,19818760002.0,28.292448157119267
893,198213332,0.985,2.39803,9.2872,1,1684.014664393271,1.7581490248614422,191.16727788793327,0.1174467420149255,,19821333201.0,31.49328658659937
894,198213332,0.985,2.39803,9.2872,2,1684.651393291056,1.7580763519842608,542.1187067019141,0.0535892664993481,,19821333202.0,16.199281096126754
895,198356533,1.144,1.2224,8.69378,2,1700.6835065625696,18.841660496251848,330.5495683458487,0.3132695821685872,,19835653302.0,21.00634183404797
896,198363456,1.78,1.97615,9.7646,1,1742.4268292478398,5.283519025257927,27224.321285324782,0.1611677421839863,,19836345601.0,4.707830407822801
897,198363456,1.78,1.97615,9.7646,2,1739.759331567314,2.6418179336781087,8359.785744702622,0.1432330065670134,,19836345602.0,18.269704258393467
898,198383486,1.01,2.61759,10.464,2,1776.9411510244374,150.7341932949647,801.8021558908998,0.6660292803715564,,19838348602.0,
899,198390247,0.81,0.70962,10.1426,1,1683.821290223064,6.58858873435318,852.3408489512707,0.0981224156335705,,19839024701.0,17.41411987844028
900,198390885,1.105,1.38513,10.2954,1,1855.933163335427,356.21022818177545,7611.837579096969,0.2761853189398136,,19839088501.0,105.70818016069327
901,198391011,1.033,1.01664,10.4801,2,1855.7425410295225,356.2374922612306,16161.115852468323,0.1650022051073284,,19839101102.0,28.986155077698104
902,198410480,1.24,1.71914,9.26033,1,1739.3595381650591,1.123381017242113,18612.8873067308,0.0864910365271201,,19841048001.0,6.774975506421324
903,198413562,,10.8139,9.6232,1,1684.0108689249378,0.3398591156925756,130.26489493665608,0.3397986373777549,,19841356201.0,27.001318981058343
904,198459125,,11.2078,8.4365,2,1711.5773772578918,0.346155841205181,129.9532480748787,0.3461363750835783,,19845912502.0,
905,198459239,1.34,2.02689,9.9122,1,1829.980486181462,175.5178123049329,9999.937306452077,0.2378535627483801,,19845923901.0,
906,199574208,0.29722,0.317971,10.1645,1,1711.3973078898662,0.6341914976277995,424117.62522528216,0.0463311483051984,,19957420801.0,36.77635811222712
907,199574208,0.29722,0.317971,10.1645,2,1712.0069320244593,0.6342024214521108,90429.6005158282,0.0316458117631257,,19957420802.0,
908,199635065,1.06,1.33656,10.3922,1,1791.124681969851,82.13518057032815,55810.6684290084,0.273627711291279,,19963506501.0,
909,199661915,1.43,1.80599,4.4557,1,1722.146864895995,22.70841199115853,1201.300392871635,0.1470975969448933,,19966191501.0,61.850721590947586
910,199688471,,5.42342,9.5169,1,1685.084077916651,1.4412319293868665,1956.486470875449,0.0962472120226935,,19968847101.0,72.48664187475902
911,199688472,1.038,1.46056,9.84566,1,1685.0862587089937,1.4412295863554312,13875.519969653744,0.0983661888138323,,19968847201.0,5.425043386728042
912,199712572,0.975,1.38695,8.79318,2,1714.8650293150945,3.5941688969124943,107.19424835159144,0.1020028632549154,,19971257202.0,21.443723154612137
913,200697157,1.01,2.15185,10.2873,1,1792.7719318954244,1.9568754585708512,759.7668139995875,0.1952597507510023,,20069715701.0,23.937742629130458
914,200697159,,12.3114,9.4024,1,1792.0221901894188,3.3007242630370817,563.0248144980249,0.2209199505959173,,20069715901.0,22.38216074649953
915,200739118,,8.61225,9.1296,1,1792.3967106425685,1.0744109587798047,301.39440059330553,0.1428448721112621,,20073911801.0,23.94837655500255
916,200779266,2.512,4.01071,7.4695,1,1792.1428362809268,3.4725983764781194,352.90301767680063,0.4183588316161959,,20077926601.0,13.700679854070698
917,200779554,1.013,0.896298,9.59663,3,1803.811778265438,19.469596718456955,2437.106392599745,0.138865581638535,,20077955403.0,22.843660824997407
918,200792606,1.065,1.10636,10.3201,1,1792.0018821835474,0.3772573525393943,46046.66920232225,0.071506703268165,,20079260601.0,7.777067172956426
919,200854948,,2.33154,9.6023,1,1802.1305905022489,13.512961882105303,2501.82449874758,0.2479364952123199,,20085494801.0,20.220360833302497
920,200916863,,,9.1269,1,1795.6889159203438,7.160811910779576,117597.03632549892,0.2595531773126232,,20091686301.0,2.8050365791378287
921,200916863,,,9.1269,2,1795.3024729378135,7.161091140315739,98705.5867747097,0.3498687808619378,,20091686302.0,1.0579040029606828
922,200921621,1.117,3.19255,9.32812,2,1793.200163591963,2.426490309847038,740.641839502349,0.3364203277575591,,20092162102.0,14.661545866337654
923,200939418,1.016,1.21574,9.53208,2,1792.2605276037427,0.5822214404150419,4567.678649720303,0.2390854116635146,,20093941802.0,
924,201003756,1.374,2.26845,9.57294,1,1792.094979846159,1.2267745231100888,2134.444311137225,0.1600296151458607,,20100375601.0,16.30074529990674
925,201003756,1.374,2.26845,9.57294,3,1792.6585395711336,1.2268304615281456,538.7955265732893,0.1695919084691926,,20100375603.0,19.666190776425985
926,201003756,1.374,2.26845,9.57294,4,1802.2816396923697,14.02382862864679,4236.9054098282,0.1403152775868934,,20100375604.0,14.047978773046882
927,201008614,,1.23505,9.9356,2,1791.9054427282622,0.3592663510467183,335.18329415415747,0.0764162554355973,,20100861402.0,14.99343804838856
928,201008614,,1.23505,9.9356,3,1802.7256134860968,14.020390372264387,2912.665394361921,0.1263261019407267,,20100861403.0,21.650958278014727
929,201010216,1.65,2.699,9.8332,1,1792.7738267097388,1.6317247110592914,388.4393349174713,0.2564870014744019,,20101021601.0,21.034979200738686
930,201010216,1.65,2.699,9.8332,2,1792.7620263637218,1.2278532214934903,314.3755654600609,0.2229870037333413,,20101021602.0,207.86852645274072
931,201010216,1.65,2.699,9.8332,3,1792.011551539478,1.226438699666387,267.5538475159352,0.290357468901351,,20101021603.0,22.176859293391594
932,201154493,2.4,4.34703,9.7479,1,1793.670819810136,3.0325876393033555,833.017186892864,0.1967088319072864,,20115449301.0,16.655630045332693
933,201154493,2.4,4.34703,9.7479,2,1792.1610934668058,3.0325876393033555,844.7854501164533,0.1705378609535027,,20115449302.0,17.885896926832945
934,201301963,1.33,1.88375,10.1343,2,1792.7556202070043,1.0940143983552049,465.5863985082181,0.3139900313906079,,20130196302.0,3.4399328395811426
935,201357489,2.169,4.16233,9.1151,1,1799.284513297631,7.690769194323427,3520.977927798833,0.3006038894604362,,20135748901.0,2.4065160322801895
936,201382974,1.19,4.04952,10.0727,1,1792.4565251312335,4.721931097204201,1889.0425367322932,0.1941269856463187,,20138297401.0,60.75268278345221
937,207437730,1.46,2.92817,9.1679,2,1713.6676996883834,9.42230327718811,93.62397625451294,0.3615624472397678,,20743773002.0,25.510269395245945
938,207439389,1.053,1.90111,9.4064,2,1740.4673992058104,1.104135956909693,397.3898744431316,0.0674655329347158,,20743938902.0,13.629545763585416
939,207468071,1.261,1.61988,9.29416,1,1749.7992655481703,20.379845111737637,1189.3924956377125,0.2693649526664687,,20746807101.0,1.7859668791914547
940,207468665,2.477,3.1108,5.76453,1,1829.6573942867185,106.40163150134558,231.0104553282476,0.5383458309810567,,20746866501.0,23.560960415020514
941,207493152,1.15,1.55005,10.0627,1,1713.68195765486,9.127909266032775,26494.92321842557,0.2770636051042783,,20749315201.0,4.547183397520482
942,207495364,0.65,0.878193,10.1018,4,1750.7410270082476,39.34792866908561,808.085424098734,0.2441594229121487,,20749536404.0,185.86558617335484
943,207495702,,7.81622,7.7258,1,1739.6183449219664,0.566765552257595,55.18275447475761,0.5667582793837879,,20749570201.0,
944,207503856,1.182,1.23733,9.98727,1,1830.0297977115847,97.82720743993572,4520.683216459621,0.2697274187166976,,20750385601.0,
945,219090795,,8.61251,10.2297,2,1684.1632421197412,0.5357705737594177,1489.534245563076,0.0564154906341798,,21909079502.0,28.530368629923974
946,219107930,1.12,1.39394,10.2163,1,1684.608529659063,0.9510225812954266,101.25195147575276,0.2167029216715839,,21910793001.0,14.308123995251151
947,219110814,1.93,2.7417,9.1399,1,1683.8931453016803,3.588985409952326,11310.21819140344,0.2722128860122544,,21911081401.0,2.627956651568116
948,219118163,1.203,1.7465,10.2549,1,1841.6652282200955,204.53078225020985,24317.282925720305,0.3482933154890154,,21911816301.0,
949,219750378,1.202,1.47582,9.7138,1,1844.1603935199764,241.18859881524105,19152.666635774098,0.158593435266428,,21975037801.0,
950,219750618,1.17,1.24251,9.7758,1,1684.0200872056453,0.5965587316405888,250.68680115272497,0.0500272713509071,,21975061801.0,63.98379193616305
951,219750618,1.17,1.24251,9.7758,2,1683.7324882317243,0.5965539784174266,288.3629555418284,0.0437622920083827,,21975061802.0,55.849352113026804
952,219753239,1.189,1.66729,9.92814,2,1788.6943230875863,272.897945650136,36194.05361581152,0.5903351885146708,,21975323902.0,
953,219753427,,,10.3611,1,1765.3472881487205,371.6468666457972,91274.82191662726,0.2382789203164535,,21975342701.0,
954,219753427,,,10.3611,2,1776.8637308466662,305.63651536886533,29305.680317803988,0.2307888124005005,,21975342702.0,
955,219763163,1.38,1.7156,10.2798,3,1683.8004941453528,1.1641433881625811,36631.77524411774,0.2438482222656986,,21976316303.0,
956,219765411,2.04,2.70154,8.9896,1,1850.349518106697,223.3214806839285,10059.910026604992,0.1661117440683474,,21976541101.0,61.10129735002828
957,219811026,1.18,3.52788,10.2817,2,1685.6022771637147,2.482848161836562,94.7903847966586,0.2697323105718923,,21981102602.0,15.971117935650621
958,219844480,1.317,1.59408,8.47932,1,1913.1123299293947,238.85866322294527,2575.041762810408,0.2231830106405615,,21984448001.0,
959,219845931,1.72,2.47293,10.4949,4,1684.4393014429334,1.0557984706413452,6669.689375390336,0.7642336376121752,,21984593104.0,
960,219853150,1.74,2.17034,9.3553,4,1683.774883712988,0.8507612192681505,580.0857932947603,0.4814624450675728,,21985315004.0,
961,219857012,1.02,1.15853,8.2865,1,1725.394915466621,21.26824572692052,349.5988408826184,0.2929954375812229,,21985701201.0,13.676843457482692
962,219875897,,1.27638,10.0824,1,1683.947277865888,0.4641996645111764,68.23150783493706,0.4638248933100202,,21987589701.0,21.00666438751106
963,219877568,1.18,2.17454,10.2426,1,1685.4398372072624,2.2852060204166893,21666.757115684755,0.1831697655357857,,21987756801.0,2.901625224238481
964,219882262,1.28,1.7222,9.9411,1,1711.6997926769031,2.065485059885729,1542.2100020541122,0.0821893565162887,,21988226201.0,9.049053623512618
965,219882262,1.28,1.7222,9.9411,2,1712.7329307592724,2.065485059885729,625.7803934001312,0.0829772282108426,,21988226202.0,20.434549383516337
966,219892705,1.045,0.840883,10.4727,1,1684.1428210508582,0.5389850974880215,2081.886110552254,0.0686558616912689,,21989270501.0,48.94154039650667
967,219897710,1.462,2.54855,9.43611,3,1768.750588586479,144.7006014272627,872.9292663559349,0.4705080539812429,,21989771003.0,
968,224595426,1.18,2.02464,9.33141,1,1740.701131359115,1.242845590563941,623.446412142386,0.1016737117526465,,22459542601.0,34.9879720930144
969,224595426,1.18,2.02464,9.33141,2,1740.286488508778,1.242845590563941,638.6665353444772,0.1017179599019862,,22459542602.0,23.898925974706763
970,224595426,1.18,2.02464,9.33141,3,1739.8736456740971,1.2428448146843398,584.9763146731226,0.0943048741148401,,22459542603.0,36.41729367432425
971,224595426,1.18,2.02464,9.33141,4,1740.0568834223193,1.2428706932078026,476.0927699765404,0.0686234932463882,,22459542604.0,12.165238807091274
972,224595426,1.18,2.02464,9.33141,5,1740.473248796903,1.2428689279343113,381.7761869047705,0.0710960921062415,,22459542605.0,15.721638459608977
973,224595426,1.18,2.02464,9.33141,6,1739.6433623172445,1.2428689279343113,427.8638468523384,0.0687806945745898,,22459542606.0,23.89960210224491
974,224598384,2.08,3.69771,9.7141,1,1741.9316062943358,3.866790218433744,3550.539399299212,0.2022820167879796,,22459838401.0,16.93347151386174
975,224603921,1.07,1.16261,8.86873,2,1709.155869107408,26.34634482740344,130.35654180621765,0.3615604047209988,,22460392102.0,16.703858464347537
976,229399317,,12.6942,8.3351,1,1684.4345476451194,2.8435929678177243,502.2869552320439,0.1595031856190765,,22939931701.0,73.40548010704643
977,229400643,1.74,1.67608,9.8969,3,1683.8878281605255,0.7187651288578755,4322.13945984788,0.100260727881906,,22940064303.0,25.843353320890046
978,229439761,0.95,0.767194,9.8145,1,1829.653651572736,241.83059025673325,6790.913404515819,0.2466878354172587,,22943976101.0,
979,229444493,1.9,2.39855,9.7277,4,1684.4187766402365,1.0239884347779022,640.3784513192444,0.0891732423279216,,22944449304.0,
980,229455001,1.181,1.13948,9.01932,1,1701.8929701934271,22.34243660974936,472.1891381127228,0.1511981266825536,,22945500101.0,12.377739380813523
981,229474338,1.53,1.6484,10.3049,2,1684.0139775907066,1.0278389460186537,1767.3034286041518,0.3316050307356867,,22947433802.0,14.39729808741022
982,229502230,1.47,1.90932,8.7472,2,1684.3887387566135,2.706521534738265,95.24291965113296,0.3629400029832655,,22950223002.0,12.301362086773961
983,229507053,,,7.844,1,1790.8457843096733,121.32264131727764,51505.12741429293,0.2225266286216252,,22950705301.0,
984,229507449,1.58,2.39103,9.1148,4,1683.971761965888,1.0062301663786304,852.2683815484935,0.7189061793468119,,22950744904.0,
985,229510866,1.16,1.92663,10.079,1,1684.4379364052747,2.103131730030201,7109.6327570760905,0.2164258838135432,,22951086601.0,5.221158813198613
986,229585365,1.386,1.38197,9.56003,1,1683.9134573886545,0.7098026303113423,5740.076039844971,0.135965008640654,,22958536501.0,104.72418342619387
987,229683265,1.53,2.34077,10.3884,1,1684.7239383135757,1.769024980635523,154.31160677794813,0.2842881691822389,,22968326501.0,6.655290444982697
988,229704306,2.2,2.26575,10.0059,1,1684.4050516649197,19.26555322547549,401.4716188550481,0.1540625673921551,,22970430601.0,10.583289120329558
989,229742722,1.291,1.40156,9.93689,1,1726.190796720589,63.48110061829748,5348.821617692658,0.2686578255908741,,22974272201.0,
990,229759427,,8.14349,9.9503,1,1685.364661734661,6.23967223207326,902.1567843984328,0.1449030985494844,,22975942701.0,68.81152202676681
991,229759427,,8.14349,9.9503,2,1688.8540198840876,6.2395623691372535,540.91724365583,0.1791615266651168,,22975942702.0,68.46483317138035
992,229778368,1.49,2.191,9.9205,2,1684.5366775088223,1.1658051946401988,372.1918078837811,0.3332574951435529,,22977836802.0,21.88168047126691
993,229941161,1.61,4.39107,9.6101,2,1684.380158641388,2.560042675673209,185.0029557041445,0.1129276673680634,,22994116102.0,11.628942923708772
994,229941161,1.61,4.39107,9.6101,3,1685.2362159231602,2.560042675673209,143.62275434284336,0.0984543783934303,,22994116103.0,16.655156246629907
995,229948921,,,9.2609,1,1685.3348805221776,2.807708756836961,51477.01397049567,0.4226517840607156,,22994892101.0,6.685075970177782
996,229979731,,1.64804,10.1116,1,1683.704274552049,4.1601560689765344,29743.51136990949,0.1952921435431654,,22997973101.0,4.37650205492135
997,229998470,1.95,3.92709,8.4195,3,1683.5916612227672,2.337739106274721,5367.7243153139,0.1894222888336482,,22999847003.0,1.162521672898726
998,230003797,1.7,2.21251,10.4712,2,1683.657318833423,3.718464220186205,1333.940355527844,0.4820910591142494,,23000379702.0,15.909921261013414
999,230017325,1.11,3.50629,10.3843,1,1691.3431332256778,9.692293419913504,1392.6765054894367,0.1698300103797762,,23001732501.0,16.471542416154428
1000,230023734,1.32,1.50143,9.65178,3,1683.4828326107418,10.063400746111624,1157.254300610145,0.1657735897771505,,23002373403.0,22.10247232887433
1001,230070983,1.39,2.89304,9.7318,2,1689.062573073688,7.351788364063243,11569.620174217183,0.1842262106721691,,23007098302.0,2.1999155196545415
1002,230079399,1.33,1.5745,9.563,3,1731.9349626718006,210.18095726941397,4133.463342612742,0.2868015549399986,,23007939903.0,
1003,230088370,1.38,1.57435,10.1772,1,1695.4050106124116,14.007172149943187,5031.466009821725,0.2886964239107822,,23008837001.0,12.16832067266531
1004,230091330,,1.06544,9.6568,2,1893.2791540783749,365.85239720397794,479.99392213877366,0.8811436977613316,,23009133002.0,
1005,230118001,1.524,2.45375,8.78797,2,1684.797843092746,1.3175921152848713,41.94973966344457,0.2233036134809589,,23011800102.0,16.73924159523494
1006,230129522,1.22,2.40311,10.1258,1,1694.3449010209872,14.975511618490694,232.8331503041392,0.7266467806265613,,23012952201.0,21.50173561225335
1007,230374572,,,9.3016,1,1724.4288961219568,188.62549553915247,94269.4752037627,0.2291419607342237,,23037457201.0,
1008,230376136,1.402,2.71827,8.60436,3,1683.7192675991423,6.391791249488935,17059.337578362283,0.182673102843603,,23037613603.0,
1009,230377505,0.994,0.965802,10.486,1,1685.4755442046703,4.515582113982033,448.9439074864629,0.1313360347748205,,23037750501.0,8.17025473426372
1010,230377505,0.994,0.965802,10.486,3,1690.1046952648646,7.405775048293435,324.5209867179739,0.1431751576274416,,23037750503.0,11.937829893127974
1011,230382159,,,6.852,1,1724.6543080503825,188.6030527684744,75854.20865737584,0.222614046147244,,23038215901.0,
1012,230384686,1.59,2.97149,9.2933,4,1684.292128485158,1.3691865866852784,5023.837809460313,0.9847759068615296,,23038468604.0,
1013,230386284,,,9.1188,1,1683.478706248163,0.3414969346670524,54759.16978919785,0.0439855802486096,,23038628401.0,6.205065869717562
1014,230386284,,,9.1188,2,1683.6482304066546,0.3414971825646877,46108.39571820285,0.0435852424274888,,23038628402.0,6.42246552759062
1015,232626905,1.711,1.72622,8.74132,4,1683.8842185136143,0.5995189757743391,3974.3864936859054,0.4510120799525632,,23262690504.0,
1016,232629077,0.95,1.06913,8.0406,2,1686.1380685436752,3.654975579477509,9660.682920710571,0.0932636177524919,,23262907702.0,2.2571164821195713
1017,232636773,1.245,1.41329,9.65057,2,1815.88276736535,245.20073331835667,2214.5145974051147,0.1713561310923239,,23263677302.0,
1018,232636913,,6.95159,9.8197,2,1683.4148733364495,0.3850919847381054,69.37911109036301,0.0930661490768827,,23263691302.0,12.742857303975336
1019,232637376,1.537,3.41437,7.77574,1,1684.2558457417183,1.800789789824068,4063.893774437817,0.1053098165825648,,23263737601.0,1.2803043513904653
1020,232643392,,1.48066,9.6892,1,1690.1021454388897,9.869098420803333,4520.962461021112,0.0989430778850665,,23264339201.0,13.920653391470234
1021,232643392,,1.48066,9.6892,2,1685.572971105741,9.86889606503194,2655.0700345566133,0.0880218009976202,,23264339202.0,5.2172074855518895
1022,232675532,,7.08561,9.4742,1,1697.188035848582,173.3697395907613,1920.3233623053632,0.5786082691168448,,23267553201.0,
1023,232679662,,,10.3018,1,1687.7977558968455,7.851408791848442,21570.63290752169,0.2876455921591467,,23267966201.0,2.656381628728123
1024,232982558,1.063,1.62481,9.98671,3,1703.433733735374,27.644908298451178,560.1500600812889,0.2863108554932308,,23298255803.0,12.294993645250464
1025,233009109,1.408,1.94652,8.57502,2,1717.0010495720624,14.44813033770817,217.55562070119976,0.2586645422654071,,23300910902.0,17.792404417023832
1026,233056207,1.072,1.45224,10.2231,3,1849.4333455495464,234.50826468949057,1217.2340861186049,0.4167010433481947,,23305620703.0,
1027,233058987,1.2,1.78917,10.1672,4,1697.566123184176,53.57916389456882,670.9959035035263,0.3138969250534926,,23305898704.0,
1028,233071535,0.73,0.763937,10.1205,1,1898.6512175528023,215.6153300593339,8891.904397012177,0.267880970832051,,23307153501.0,
1029,233071822,0.69,0.697932,10.4302,3,1684.976453638498,2.7546504253215414,393.77115370857126,0.0433212725597051,,23307182203.0,15.748326622748964
1030,233076309,,,5.6866,1,1898.8727039421665,215.58836141508456,20362.39550189332,0.247911931813038,,23307630901.0,
1031,233086258,1.61,2.40038,9.6611,4,1684.7538707849442,1.0063132413219915,5255.399753440316,0.1462017538873289,,23308625804.0,
1032,233087860,0.71,0.692384,9.9469,2,1684.340190096976,5.748532134899262,1033.9799870063569,0.1018796673965227,,23308786002.0,16.625059573547123
1033,233121948,0.97,2.25294,9.34767,1,1713.2791945537847,3.3801861501144286,4639.19121850675,0.1973899635205893,,23312194801.0,43.195304673875235
1034,233121948,0.97,2.25294,9.34767,2,1711.6721233773062,1.689976254195576,1813.5398890771185,0.1599973114608939,,23312194802.0,25.245549839340136
1035,233154075,1.26,2.22447,10.4023,1,1714.448094319672,8.281836733121258,15288.816163258718,0.1695667597600453,,23315407501.0,3.6364812677231075
1036,233156652,1.25,1.80808,10.4672,2,1684.09285179038,1.0972817151033445,165.7671623342219,0.3143986105187365,,23315665202.0,98.96776623495987
1037,233161073,1.47,4.9843,9.2825,2,1684.5801591392033,4.279455911816894,2628.304124924495,0.3928883573963296,,23316107302.0,
1038,233193944,1.374,1.8131,7.63609,2,1686.1351166186862,2.505590788433877,4755.188689356199,0.1343385986495588,,23319394402.0,2.4008294371890107
1039,233195058,,,7.765,1,1685.0365034019012,2.6793449663810742,26068.46313290997,0.1508033899867598,,23319505801.0,3.6104072239317286
1040,233195058,,,7.765,2,1683.7322460231674,1.3396388160973955,763.4006755414636,0.1468757251716368,,23319505802.0,18.31531425039288
1041,233205102,1.29,2.81207,9.8786,4,1712.2891706102462,1.3615147167322486,113.36460261527898,0.9615841675374402,,23320510204.0,25.49239793794657
1042,233206302,,4.79355,8.75283,1,1710.4562384916974,28.29705388155451,1452.916068773506,0.2190760881252094,,23320630201.0,
1043,233206302,,4.79355,8.75283,2,1709.7930319284703,28.297878005053786,1950.827331930692,0.4231381967253652,,23320630202.0,12.68624813645459
1044,233210225,1.144,1.24303,10.4171,1,1788.4810079260228,110.80035080665562,4800.804290433748,0.1835805305886715,,23321022501.0,
1045,233539926,1.53,2.64855,9.8241,2,1684.4992220107663,1.6192029276676994,155.30484122731156,0.794737843191842,,23353992602.0,
1046,233569141,1.419,1.74261,9.3072,1,1692.416765763527,16.46624293093637,21599.491332846657,0.4112248002751017,,23356914101.0,3.1836032461729418
1047,233569141,1.419,1.74261,9.3072,2,1694.6060658493082,16.46624293093637,1200.72351303452,0.1853115401873655,,23356914102.0,2.042802287346162
1048,233569604,,,9.2298,1,1776.3474207091442,305.7229414011053,12181.486263725958,0.2215239332053819,,23356960401.0,
1049,233576880,1.55,2.26198,9.5839,2,1684.3269587882703,1.5178611397022403,10979.73499283014,0.1533516356179904,,23357688002.0,3.112807494804894
1050,233614224,,,7.7554,1,1750.98194310024,309.9504800631705,12012.347130095335,0.2224129490821981,,23361422401.0,
1051,233615971,,,10.3102,1,1778.395065551772,305.3814107518179,178734.23037438776,0.2252225898513356,,23361597101.0,
1052,233680651,1.34,1.99121,10.0788,1,1686.241852272074,5.135678308126401,325.3512753360389,0.218419669751441,,23368065101.0,13.755789889354038
1053,233684822,1.0,1.45077,9.89947,1,1685.5139376190837,4.675620669001593,737.7672469023172,0.1019377286153963,,23368482201.0,10.056918124394638
1054,233720276,1.399,1.90793,8.49298,2,1712.95965851969,2.1983225023386743,26584.66111098852,0.1289352593547377,,23372027602.0,
1055,233722108,,,7.9348,1,1868.634912545686,248.86409534049884,26599.05300134102,0.228168167854948,,23372210801.0,
1056,233725397,1.41,3.47408,10.4351,1,1684.748193285091,2.127761443267804,1544.5726019053636,0.0651092248478358,,23372539701.0,11.28788465398044
1057,233725397,1.41,3.47408,10.4351,2,1684.322383088588,2.127761443267804,1566.5372551900823,0.0632429573640335,,23372539702.0,4.563425067126651
1058,233725397,1.41,3.47408,10.4351,3,1685.1737607467742,2.127761443267804,1500.9765056502367,0.0640494983832278,,23372539703.0,1.742554897502866
1059,233725397,1.41,3.47408,10.4351,4,1683.471482116494,2.127761443267804,1448.1855101847154,0.0639519566940225,,23372539704.0,7.673133609241878
1060,233725397,1.41,3.47408,10.4351,5,1683.8503327619196,2.127845403922386,631.2636014842805,0.1277378761883594,,23372539705.0,110.77832842814611
1061,233735068,,3.06688,10.0194,1,1683.6458780203473,7.686831793587521,4341.463245709801,0.1949354916474504,,23373506801.0,29.07341967386991
1062,233735068,,3.06688,10.0194,2,1687.445146872405,7.6869768365467825,469.36012704294615,0.1934608224046139,,23373506802.0,26.58668004984399
1063,235674326,1.46,1.72366,9.8657,3,1688.5664587015096,9.355937187715222,315.716304314548,0.4239378492902378,,23567432603.0,14.574314803908969
1064,235714126,1.827,2.18591,9.29125,3,1684.551873115719,0.9674284625822888,787.6121156718862,0.087002360004618,,23571412603.0,
1065,235716539,,4.78064,10.3809,3,1683.7323797241213,0.4221094338616173,3243.6459675259694,0.0989135749588882,,23571653903.0,50.994060067291905
1066,235903203,1.432,1.48252,10.1804,1,1684.7127789190326,1.68122658256067,1105.1666174576349,0.1388299207519059,,23590320301.0,71.63738422058637
1067,235946131,,11.4762,9.6669,1,1764.9076029017965,0.3975068997132749,142.48861809511797,0.3972724779672107,,23594613101.0,
1068,235946576,1.041,0.935503,10.4855,1,1842.6914605301151,78.25300262684841,3967.362921638311,0.1615895922868698,,23594657601.0,
1069,235953510,1.514,1.94644,9.51066,4,1791.944638141695,1.0073924778307113,102.7279940788014,0.1971790399285719,,23595351004.0,16.05537725145562
1070,235977872,1.13,2.83153,10.4469,1,1855.011114926226,99.81450440073368,1093.6072185112748,0.8648523868420239,,23597787201.0,152.8181499385779
1071,235977986,1.317,1.62852,10.2258,1,1764.7546650625247,0.8422831815678357,610.0682915613414,0.0834802295686013,,23597798601.0,63.17964972578559
1072,235977986,1.317,1.62852,10.2258,2,1765.1744791571462,0.8422831815678357,576.1372953244115,0.07861665273248,,23597798602.0,61.55801594916141
1073,235977986,1.317,1.62852,10.2258,4,1848.536441713512,100.15817774139605,7253.900356833487,0.3182577954935461,,23597798604.0,189.89846348631679
1074,235987999,1.943,1.80708,9.42694,4,1764.9317593149017,0.5976451227261618,593.6160008044543,0.13890287399935,,23598799904.0,10.502738668634588
1075,235996401,0.916,2.07477,9.45072,1,1770.0580038747066,8.61992861229882,5015.216411786754,0.1947246741968946,,23599640101.0,3.12016153236499
1076,235996401,0.916,2.07477,9.45072,2,1773.6100958006864,8.61992861229882,1054.9903714940267,0.133993711834346,,23599640102.0,3.5475827255143564
1077,236001191,0.95,1.8647,9.62042,2,1766.2573019420458,1.0213450429043631,3517.216851740541,0.2677719838687973,,23600119102.0,22.710938554325732
1078,236761447,1.52,2.76372,9.7304,1,1683.6891255871076,1.407235673051405,125.15801866435294,0.2581920889212508,,23676144701.0,11.990172596513428
1079,236776750,1.227,1.20879,9.87813,3,1683.517274919763,0.5316064831248742,7922.652998541504,0.1375884083726204,,23677675003.0,
1080,236863919,1.36,2.2177,10.3181,2,1694.48640938576,39.65770448160933,445.94928648221634,0.354003380635668,,23686391902.0,18.566244944663445
1081,236935277,,,7.8786,1,1751.6948333664525,92.94946558684012,27153.363730177807,0.2412254686297265,,23693527701.0,
1082,236969320,,,7.3194,1,1750.8057928832718,92.9938405482812,27711.049230715933,0.2479707574941962,,23696932001.0,
1083,236984278,1.161,3.17097,8.99305,1,1750.6802648420594,93.00015570088684,8403.834044245445,0.2486585011653435,,23698427801.0,
1084,237116051,0.946,1.14393,10.2074,2,1683.4879049969315,1.2314668242154545,35566.56978074838,0.0578461318724799,,23711605102.0,
1085,237116870,,9.67757,7.9254,1,1683.5179858017275,0.9072816977310144,1386.9606975148376,0.0794935536672439,,23711687001.0,25.970467737450786
1086,237116870,,9.67757,7.9254,2,1683.9979192867015,0.9072647279613894,290.6929856504386,0.094979668138267,,23711687002.0,12.330906379584107
1087,237117512,1.017,1.14226,10.0603,1,1683.5637995215432,2.57457313152516,307.17870291971104,0.1181498043619025,,23711751201.0,17.833631065113806
1088,237117591,1.34,2.38548,9.3262,1,1683.6215435705308,6.7980161672034,18867.33439269264,0.2663381699539087,,23711759101.0,49.51159646596311
1089,237117591,1.34,2.38548,9.3262,2,1686.8000126206546,6.7980161672034,2223.917493664889,0.1728210463274677,,23711759102.0,50.58551669531283
1090,237156010,1.239,1.43227,9.75683,5,1766.2372663494416,97.60103722906048,1363.4925043562196,0.3180678418191764,,23715601005.0,
1091,237203271,1.86,2.37699,10.4175,3,1684.4903255162824,0.9073239645393194,3176.8761865127103,0.1033921637080892,,23720327103.0,
1092,237203969,1.37,2.29951,9.5259,2,1688.491042581299,20.895496266915696,128.69725300665866,0.2510213536636093,,23720396902.0,21.874508601476602
1093,237205141,,,10.177,1,1689.3989673691783,5.893101411453569,515.0991993270014,0.1972795532244963,,23720514101.0,70.95161048959828
1094,237206223,2.24,4.17792,8.4709,4,1684.3869322268993,2.2553135837083573,202.99397828350695,0.4758068091763025,,23720622304.0,
1095,237217334,,11.1506,8.6694,1,1689.067625964306,5.437567429992524,403.95966170340415,0.1796128366710935,,23721733401.0,64.14440133645004
1096,237218524,0.999,1.60378,10.1593,3,1887.8178422563008,217.20508447565555,11567.94548405312,0.2580129385055767,,23721852403.0,
1097,237222864,0.86,0.865815,9.1416,1,1691.669099214375,10.288764807261474,854.303252927784,0.0841831401156967,,23722286401.0,4.906804964764026
1098,237232044,0.89,0.748579,9.9377,1,1693.2172117502064,23.541382174819237,956.4281840560434,0.2259605596465993,,23723204401.0,2.7925688636851356
1099,237235316,0.76,0.727331,10.3223,1,1709.2758400198625,62.58496483027866,1443.505286586388,0.1721222078374733,,23723531601.0,52.35376148494092
1100,237236168,1.58,1.67694,10.2665,1,1685.877331856116,2.3153569746604297,1680.9961311582024,0.1681071880898664,,23723616801.0,75.31854396989571
1101,237278975,1.057,2.14392,9.75887,5,1684.6445041865493,1.0288634038227455,1536.1906291594714,0.1449513395377607,,23727897505.0,101.10371310624299
1102,237280203,1.119,2.52909,9.39006,1,1740.2236957439245,17.323549022229866,3252.563628600729,0.3538659325167083,,23728020301.0,64.95395663435411
1103,237280203,1.119,2.52909,9.39006,2,1749.4106652597006,17.324623996441375,2563.5321116555297,0.3693459724037514,,23728020302.0,19.04340350499694
1104,237280203,1.119,2.52909,9.39006,4,1749.8795194125053,17.324623996441375,524.9528075549446,0.3589032345147656,,23728020304.0,23.919005187520316
1105,237302032,1.53,1.30656,10.1389,1,1773.9175715547617,34.91062759999211,614.3688273005693,0.2785657124798646,,23730203201.0,66.25354255776364
1106,238827218,1.613,1.96651,9.8768,2,1829.556060691168,18.24460148603513,4313.168650124485,0.4953101792328676,,23882721802.0,100.40440012049395
1107,238828834,,,6.052,2,2911.793338893088,3.071273685302202,93.6172667119064,0.3318748491283442,,23882883402.0,26.76450359675396
1108,238908550,,1.52535,10.102,2,1818.1052643507105,1.0938602975497294,17252.391583654153,0.2042345982195745,,23890855002.0,11.353682104675478
1109,238943185,1.048,1.10636,10.4747,4,1817.5962103030056,1.4357385095349882,653.4691418557247,0.2259422090765977,,23894318504.0,72.78780542079109
1110,238944876,2.9,2.67805,10.0942,4,1818.189180400368,0.8526930022758625,8333.66374034025,0.1506228782260054,,23894487604.0,
1111,238957324,,,9.3551,1,1819.4175869321136,2.084784172327794,19144.81154405424,0.2702219242022015,,23895732401.0,51.45147896969709
1112,238957324,,,9.3551,2,1818.384773461824,1.0423846500169702,3075.9068987785454,0.2382989318449906,,23895732402.0,25.732867286896948
1113,238974493,1.472,3.82567,10.118,1,1817.9013263350207,2.1333410271653057,2332.8152574086444,0.1223464802650373,,23897449301.0,60.042286925762475
1114,238974493,1.472,3.82567,10.118,2,1819.3251061319345,2.1333410271653057,2217.203189657893,0.1292404778103932,,23897449302.0,26.170833564938015
1115,238974493,1.472,3.82567,10.118,3,1818.671386391297,2.133242258709052,1690.776054335257,0.1630048565006847,,23897449303.0,59.67619523603147
1116,238974493,1.472,3.82567,10.118,5,1818.3353469974288,2.129099224970825,831.2820179239993,0.3316580988932196,,23897449305.0,23.20214128661757
1117,238978279,2.416,4.02603,9.31689,3,1818.1367046026824,2.2907984832093997,323.1143186398276,0.3403075093259344,,23897827903.0,17.939743144280566
1118,239010749,,,10.3674,1,1817.4440170088897,0.7089851973131311,1795.6630923912587,0.1251787147598392,,23901074901.0,41.32216740611639
1119,239014877,1.426,2.45359,10.4129,1,1820.27660362944,3.050955379529084,1580.6915181073098,0.1901912299727271,,23901487701.0,223.4537351381233
1120,239018323,2.36,2.40118,10.3299,9,1818.0247818378225,0.8157324630834222,923.6461530569084,0.0764559910459612,,23901832309.0,28.80673334587416
1121,239021739,1.028,0.917261,9.90988,2,1841.49012227152,25.15957204092309,23529.03718568233,0.3518976637778282,,23902173902.0,41.81999687275846
1122,239657584,1.75,1.72262,10.4471,2,1821.0563468313624,20.87439917305525,1852.9909201205155,0.2154301364450966,,23965758402.0,17.332133918109985
1123,239661117,0.81,1.19324,9.4999,2,1817.3724097204376,0.5749715171441936,6884.504779696225,0.1285381443936047,,23966111702.0,20.72127193889535
1124,239661117,0.81,1.19324,9.4999,3,1817.752989868247,0.5749727821172332,6881.916546598886,0.1282420834510602,,23966111703.0,23.400912075399354
1125,239664827,1.64,3.81016,10.1063,1,1817.568145380496,2.329002733471572,2407.751893975308,0.1255312182861919,,23966482701.0,60.394015966419396
1126,239664827,1.64,3.81016,10.1063,2,1818.771134070069,2.3288969470900347,1411.54631552781,0.14350939228679,,23966482702.0,18.825505754569573
1127,239674583,1.327,1.9619,10.0372,2,1830.3198873492247,13.503362814940434,2041.9631705077904,0.5425388492227503,,23967458302.0,
1128,239701918,1.184,0.866074,10.3158,1,1842.691951913036,38.61575368401348,16678.76124588044,0.1321001017406453,,23970191801.0,263.63851950039833
1129,239702513,1.834,1.82095,9.61808,4,1817.824808749688,0.8203999337247622,1827.6940612005112,0.2396499553664944,,23970251304.0,
1130,239710188,,6.62262,10.4581,1,1818.35746671255,1.2056308003781917,2586.294718532113,0.2916177142332012,,23971018801.0,6.670697812017184
1131,239715814,,,9.617,1,1819.901234351525,4.752384143385501,21806.60717380685,0.1484929084510923,,23971581401.0,3.149360112128281
1132,239721092,,,9.1189,4,1817.767623493448,0.4300349834249193,379.5916909394673,0.0888947082502139,,23972109204.0,
1133,243259124,1.87,3.0019,8.979,3,1684.6008863254822,1.5453610459562312,205.3672147321788,0.1917148402047644,,24325912403.0,15.666559210810833
1134,243276111,1.43,2.22111,9.6716,3,1684.3378025780785,0.998869504362992,5310.309012599419,0.2772838161525309,,24327611103.0,
1135,243281362,1.84,1.8451,9.4122,4,1684.0239116914531,0.6222703626988317,3759.8782276813017,0.4061465757762237,,24328136204.0,
1136,243315412,2.15,2.39967,9.7771,1,1683.7606623761085,1.0525915432159856,188.28374137426275,0.1500722699517346,,24331541201.0,13.127816917160175
1137,245394919,2.14,4.48718,8.5975,6,1792.724955607162,3.0903502879463893,219.47380184028503,0.294939749973009,,24539491906.0,15.383398916332355
1138,245396971,0.88,0.769312,9.9319,2,1802.6039198031344,15.186962743300269,8721.262123968085,0.0808288811180889,,24539697102.0,119.201194594754
1139,245417292,1.735,3.16327,8.74864,2,2882.834046249276,1.9162645555763484,1770.0300545263503,0.3679747276554602,,24541729202.0,8.033609001319313
1140,245420659,,,8.9842,5,1799.0862241381217,20.421778687598128,675.8274961678444,0.4639889343173783,,24542065905.0,25.044514373564525
1141,245467485,,11.4387,10.3369,3,1792.1877033717396,0.5827670997407112,400.6899479755372,0.5825694814018975,,24546748503.0,
1142,245470408,1.172,2.47449,7.29297,4,1803.02151834064,28.216708465218044,1306.644635609852,0.2859938283144599,,24547040804.0,18.462411235617722
1143,245474193,0.99,0.986943,8.3181,3,2896.197562488361,20.02415389124812,3147.6291446316045,0.1543154402608359,,24547419303.0,8.19231279572968
1144,245480715,2.369,2.39928,9.70286,2,1805.2349355604777,20.583207488911807,970.2058173575492,0.4570240741443058,,24548071502.0,17.953499014338114
1145,245534262,,,10.0579,1,1802.1641222305948,14.587822955413165,15293.509596084275,0.0747509225684993,,24553426201.0,44.333231270178615
1146,245552197,1.843,1.90337,10.3204,1,1802.75974675538,15.185701297782702,9404.44116347255,0.0820118157822348,,24555219701.0,12.447222384052681
1147,245553251,1.8,3.89104,10.2163,2,1792.745731429403,2.4607325834277223,557.4417860746913,0.2444493730600559,,24555325102.0,25.45042552754088
1148,245553251,1.8,3.89104,10.2163,3,1792.1557923513878,2.4688992478649205,427.9971562965455,0.2152340378723498,,24555325103.0,2.0362656737186233
1149,245553251,1.8,3.89104,10.2163,4,1794.0482314420765,2.460596213441903,410.869869848161,0.233289117807756,,24555325104.0,9.18641439848112
1150,245587339,,,9.4403,2,1793.5719090143782,2.3873396324453067,660.2380149375919,0.2074827745734315,,24558733902.0,25.273804715244093
1151,245587339,,,9.4403,3,1803.6813125631852,14.348029430454666,3272.562083532123,0.0802115440710203,,24558733903.0,8.564167340172995
1152,245620667,2.342,2.46983,9.77551,2,1792.962531551504,1.296574198716669,712.3544562839344,0.0917414253017928,,24562066702.0,
1153,245697030,3.198,2.36809,9.10016,1,1792.091601470485,1.4754319631567647,390.2182180521922,0.1445204664876461,,24569703001.0,33.43376596560386
1154,245702241,1.279,2.56325,10.294,3,1793.0680619255008,1.7972782012677255,444.5096962401444,0.2359758251517201,,24570224103.0,103.33459294288093
1155,245712723,,,10.4472,1,1792.9116151340306,0.9568426395253355,445682.17699169245,0.1581965127312208,,24571272301.0,6.188599775074838
1156,245712723,,,10.4472,2,1792.4624891140857,0.4784119113259902,83506.00980618659,0.1603452852103679,,24571272302.0,6.004518669742504
1157,245747607,1.252,4.43703,8.01646,2,1792.0749284532228,2.7466777816294683,101.52889284704376,0.3285614311369863,,24574760702.0,16.40454419781413
1158,245750473,1.07,0.916592,7.7031,3,1795.2095197212775,7.291940007489506,445.35852369354194,0.1423793089895694,,24575047303.0,22.640276555796692
1159,245757014,2.36,3.84111,10.0739,2,1802.0039029048305,13.108305091858096,787.7321164409112,0.2902749710565178,,24575701402.0,15.96619394109658
1160,251053620,,8.16166,7.5523,1,1818.5494491216668,2.1970098971418346,332.2150212948236,0.3065149898783403,,25105362001.0,7.246999034629261
1161,251104757,2.389,2.2329,10.0122,3,1793.2876344057695,1.3128591107587049,192.33606857164523,0.4106860741233611,,25110475703.0,69.84276142273707
1162,251123435,,,8.4711,1,1818.608453865097,26.939987210769296,4000.3766835016263,0.2632818514066317,,25112343501.0,
1163,251129411,2.1,1.86581,6.3646,2,1802.879818782931,23.260554810733264,401.4263452325757,0.2653361352910215,,25112941102.0,15.470289830676236
1164,251144858,,10.5623,10.4852,1,1797.6154678906098,8.151424835632811,1131.518596064426,0.1181616196964937,,25114485801.0,106.01269999696858
1165,251168385,1.072,1.27348,10.3531,2,1802.389777905419,14.582645697316304,4875.235379184631,0.1634168562964955,,25116838502.0,21.99247286491258
1166,251226484,1.285,1.12069,9.62362,1,1792.3184374080463,0.6051770286099789,258.821206499553,0.6051515251617625,,25122648401.0,16.71098939938151
1167,251247031,,,8.2371,1,1792.2337785675195,0.7129790808547346,1203.8228511555783,0.183798708611424,,25124703101.0,54.868961584863534
1168,251250152,1.499,2.45753,10.0379,7,1792.3467625410212,1.1038080885973005,766.9977230325089,0.1172359532258831,,25125015207.0,55.82783521468363
1169,251276625,2.081,2.25474,10.2237,1,1795.2225412614011,3.789584578235646,8441.688500284308,0.3253580223460611,,25127662501.0,63.25993122579666
1170,251276625,2.081,2.25474,10.2237,2,1792.9636899459913,3.789690600546052,7411.122245827395,0.3531095010096984,,25127662502.0,63.710055746017524
1171,251297155,2.62,3.24163,9.83706,2,1793.724373745835,1.7586611356612762,12287.8453027567,0.417184475759429,,25129715502.0,8.971777727218626
1172,251305409,1.102,3.10692,9.16472,1,1793.1950065694728,1.711655209631681,210.64519082012689,0.2673307211228033,,25130540901.0,22.919309534214904
1173,251360069,1.675,1.7674,10.4875,2,1792.139078888013,3.384757109142825,888.2079103316415,0.0939892062668919,,25136006902.0,13.416308570399448
1174,251384275,,2.18252,9.2085,1,1808.4613633087367,42.27979184954071,3340.975297705864,0.2446566522298151,,25138427501.0,
1175,251384869,,2.22622,9.4516,1,1792.9629995188168,1.1320761222619942,5596.436691879082,0.1066462385041919,,25138486901.0,2.343959238950406
1176,251386714,1.14,4.16373,9.9542,4,1793.7443405440526,2.699207664219945,377.2210988817218,0.2486635550240302,,25138671404.0,23.15249908828867
1177,251403284,,11.1809,8.61928,1,1792.9780739168189,1.6559039128925337,566.6739054470773,0.1785116016636117,,25140328401.0,51.91662700815742
1178,251408128,1.342,3.31402,9.14401,1,1792.6219476306508,1.7905937582443652,875.0605923123105,0.1821223931060873,,25140812801.0,11.149328478638713
1179,251408128,1.342,3.31402,9.14401,2,1793.3405995434605,1.7945982341479845,857.9858142067488,0.2626479459483334,,25140812802.0,15.36729817340561
1180,251408128,1.342,3.31402,9.14401,4,1793.0316165432805,1.7936945564138935,890.6074128687413,0.1771214192393824,,25140812804.0,14.039996332613244
1181,251430500,2.37,3.32136,10.3776,2,1793.3145786179282,1.7463978525023989,11591.365469719409,0.4267940231402398,,25143050002.0,9.767267832443686
1182,251430500,2.37,3.32136,10.3776,3,1792.6466325075637,1.7465070253033694,10905.85049416304,0.484251590963578,,25143050003.0,
1183,251434629,1.088,0.993913,9.23876,5,1802.359335102194,30.81158713431175,4827.061783674162,0.3044739856370184,,25143462905.0,
1184,251458996,1.18,1.077,8.91569,1,1801.8319407238,29.18401706630731,2708.335807920197,0.2336447976157976,,25145899601.0,23.55824034207828
1185,251469237,2.18,4.11297,10.4473,1,1793.8460977593616,4.744804611548084,609.6835224108368,0.2985388384785964,,25146923701.0,24.885207765059153
1186,251496240,0.904,1.28608,10.3632,3,1818.083783142735,29.13517699605573,5538.313501326987,0.2151324980046091,,25149624003.0,
1187,251496911,2.03,3.51164,10.3088,1,1793.862109433764,2.1513765728217864,1605.8411933382783,0.2099875167353394,,25149691101.0,85.97983635219107
1188,251515243,,8.75395,9.9161,1,1793.3719970901066,3.267045448490709,1073.89224113348,0.1597751542001326,,25151524301.0,11.47924985855289
1189,251520048,1.7,3.23666,9.8461,4,1793.6753476059507,1.908977545562484,777.2469633611628,0.1687747132628591,,25152004804.0,8.73872524850971
1190,251538118,1.424,2.86624,10.3867,1,1797.874481809772,7.900227149983654,995.9355053887068,0.2125199371366878,,25153811801.0,11.158106706293864
1191,251538118,1.424,2.86624,10.3867,3,1792.499137005835,2.9109784256014333,830.7240358278133,0.1817925535639707,,25153811803.0,24.094573399396875
1192,251539922,1.251,1.83917,9.5432,2,1792.24149944368,3.259849648853727,293.454060489809,0.3358908596290755,,25153992202.0,17.59909291847806
1193,251595519,,5.65864,9.60262,1,1795.722035437065,4.248570879913332,948.804321521642,0.2521061582602824,,25159551901.0,24.212699791143766
1194,251619073,1.223,3.19833,9.26414,2,1794.7085114457727,3.175413958068216,2353.282109758051,0.1474893609024393,,25161907302.0,21.08279622739542
1195,251619073,1.223,3.19833,9.26414,3,1793.1188299485154,3.175413958068216,2066.317425871013,0.1431988250082337,,25161907303.0,48.35081525595139
1196,251652448,3.11,4.97906,8.9045,1,1792.0730720014774,2.3839073318362547,1201.2399206434388,0.1355350517419287,,25165244801.0,44.0598420381368
1197,251658064,,,9.74,1,1792.3227271423898,0.5302094056029154,4085.446980496108,0.1703771227971759,,25165806401.0,15.099425739238159
1198,251710173,2.39,4.4196,10.3904,3,1793.8086708971834,1.9946905582484535,1106.1091370039103,0.3783080614617338,,25171017303.0,16.93077945116667
1199,251725639,1.311,1.0819,10.1515,1,1792.152111949394,0.518455990097431,1087.7550884119548,0.205051873184223,,25172563901.0,13.716574929610864
1200,251758050,2.646,4.59494,7.9912,1,1792.1993942302158,2.278035208603469,226.7698418645449,0.2370826181184626,,25175805001.0,19.652147045928746
1201,251766663,1.85,2.65272,10.4702,1,1792.786030233331,1.1154686526620263,630.3330715213962,0.1898955476281372,,25176666301.0,21.901456732547373
1202,251788115,,,10.1019,1,1792.9760894226954,1.443596575899021,432.7396159917152,0.170713569199721,,25178811501.0,17.981831391135042
1203,251789203,2.32,4.35138,10.1381,1,1793.5893416899758,1.958342397938184,2794.594261520074,0.1871097196579345,,25178920301.0,6.2834301705450315
1204,251789203,2.32,4.35138,10.1381,2,1792.740310443115,1.9581083926834972,2760.4878316956524,0.1685229111430331,,25178920302.0,17.535642055904884
1205,251791631,1.571,2.87444,7.14535,1,1793.3674912293209,4.404196910981092,204.43896235777515,0.2559001533084558,,25179163101.0,21.111946264659323
1206,251791631,1.571,2.87444,7.14535,2,1792.748136796345,3.293503759224376,182.29690960998155,0.2032208509659533,,25179163102.0,12.59819737652364
1207,251791631,1.571,2.87444,7.14535,3,1793.3283869407232,1.4029134765818223,148.25931611463145,0.1658309779532031,,25179163103.0,21.734624837163622
1208,251812504,1.508,3.59167,9.39536,1,1793.8079578851389,2.475771429318848,1468.2182095164458,0.3149063556207551,,25181250401.0,10.045147091601276
1209,251813283,1.171,1.96989,9.69579,1,1792.5321740261356,3.1752213285153665,427.6126322523259,0.2292718940382711,,25181328301.0,60.83105562414136
1210,252208856,,6.03617,10.3515,1,1824.1947959813597,7.603154942426292,866.6261999562712,0.2193359738361931,,25220885601.0,35.85071670711488
1211,252211595,,13.1233,9.33433,1,1820.680542141003,4.844092847578273,526.0543983031948,0.2879578794645853,,25221159501.0,18.31907487007943
1212,252227846,1.208,1.9251,10.1637,3,2911.7724959114994,0.9524588966585654,717.7226381974307,0.0680023060062333,,25222784603.0,12.296210032959712
1213,252234113,1.283,2.47183,10.3053,5,2912.188527874986,2.618038868025176,562.7819063509504,0.2220069617751028,,25223411305.0,27.706447641771764
1214,252254714,1.285,3.5423,7.20383,1,2911.5877478406333,2.605694430843636,90.6895795986598,0.1871376769484425,,25225471401.0,20.90409792884414
1215,252254714,1.285,3.5423,7.20383,2,2915.666476353741,6.720074368421864,138.34306566363932,0.2796394654904338,,25225471402.0,15.379432602968997
1216,252272852,,,9.5101,2,2912.1324553336176,1.6904424588885365,388.39109752894734,0.1184935693107627,,25227285202.0,13.193452413385344
1217,252274184,2.35,3.16462,10.2807,2,1821.2951854386272,5.175673117127038,604.0919893284464,0.2303501754700815,,25227418402.0,20.000665417543157
1218,252286270,1.442,1.95669,9.49127,7,1817.9089559284128,0.8538670892833438,651.0921608748213,0.0903935297273455,,25228627007.0,12.167776274139792
1219,252294709,1.62,1.82776,8.76235,1,1818.2960279147708,7.858400594669345,12751.290867163652,0.1371450328511845,,25229470901.0,1.3554985948295153
1220,252297906,,13.2212,9.8494,1,1817.3812750751824,1.233558145624488,526.2326193634968,0.1614388052372383,,25229790601.0,41.75461727256142
1221,252307344,,3.08052,9.08426,1,1817.4233548867603,0.7524631759551291,326.98630148992504,0.1211795808058862,,25230734401.0,15.129148515646342
1222,252324940,2.41,3.40741,10.4998,1,1818.596567680525,1.5705144332069436,574.4370511613088,0.1421539063850483,,25232494001.0,25.958609874807895
1223,252325936,2.11,3.74849,10.4409,4,1817.433691722533,1.6822973118492663,1660.930491012035,0.3993977477132064,,25232593604.0,
1224,252331855,,6.16813,9.53376,1,1818.058409753796,2.4351863850123543,292.2383884708976,0.3930415200594537,,25233185501.0,8.639236051150494
1225,252332225,1.276,1.19036,9.44097,1,1817.9884649127823,1.217604661414318,3800.184188771018,0.0738552059303578,,25233222501.0,4.232031786678575
1226,252344738,2.16,3.68036,10.2679,3,1817.4195306991887,1.7157781147570972,4190.465392134551,0.4876408555187004,,25234473803.0,
1227,252374849,,,9.577,7,1817.6601893418624,0.3356481390606138,592.3266174752962,0.0277478368234328,,25237484907.0,
1228,252403376,1.55,2.52811,10.4882,1,1819.9828115360624,3.5506960227789794,3477.451986854565,0.1651762624789996,,25240337601.0,9.044852864109838
1229,252422661,1.167,1.54698,8.68078,3,1817.8667185395727,0.5944528734406657,178.9166014003206,0.1801530001637912,,25242266103.0,19.907874975554556
1230,252426779,1.259,1.85801,9.33687,3,1817.6124572060492,0.988488779853393,1071.0321087980517,0.2436971176154133,,25242677903.0,11.887550051443716
1231,252442532,,24.8634,8.7121,1,1817.760414764699,0.5895837923222121,97.48233751781852,0.5891846092220091,,25244253201.0,16.12054289269539
1232,252444685,1.802,1.94924,9.97489,1,1831.889531152567,21.13440104673684,989.7045301191056,0.3019901693711065,,25244468501.0,18.288680499010802
1233,252451201,1.645,1.81267,9.44982,2,1818.3227316273465,1.5986865658693474,14403.649275888973,0.1366086155599994,,25245120102.0,11.598993013310695
1234,252812907,,,9.804,3,1792.1516978946413,0.4630241035135933,2545.564516503041,0.1197221502633282,,25281290703.0,8.37356966249632
1235,252815095,1.564,3.48133,9.81935,4,1794.9154051623862,3.7395265700339295,6019.543837767474,0.3767030174532125,,25281509504.0,
1236,252821024,1.06,1.5092,10.1888,3,1792.256337990388,0.6242325022830364,3438.495833740478,0.1181198419046013,,25282102403.0,
1237,252824383,1.93,2.16914,10.13,3,1792.604042709891,0.9132152724530735,1604.2026094322505,0.1037575063796032,,25282438303.0,18.64588616822101
1238,252831717,1.36,1.34368,9.426,2,1792.5514452261075,0.600994789612275,2084.222280893074,0.142589187628484,,25283171702.0,
1239,252837144,1.67,2.68217,10.4111,1,1796.8761176817725,15.077303693029815,5203.450362303267,0.2147503534596351,,25283714401.0,
1240,252839695,1.819,2.70935,9.75257,2,1792.774423357414,1.7764212733090805,2056.219968143652,0.2045598668814542,,25283969502.0,20.077426156222742
1241,252844796,1.314,1.79425,8.76456,4,1792.1978781724936,0.8394345796867427,3935.378540965488,0.1478480332018683,,25284479604.0,8.080727675568605
1242,252845364,,2.85403,10.1187,1,1797.5698068694885,6.75873295295517,1860.7879706169783,0.2680933402724438,,25284536401.0,19.78731124318753
1243,252852419,1.08,2.2626,8.18412,3,1793.926189884057,2.574623792142656,126.04564667645388,0.2796224138742541,,25285241903.0,17.924546120036478
1244,252855893,1.041,1.14681,9.40617,2,1792.1415760128405,1.2156278388342685,356.7735851642338,0.0730220986974542,,25285589302.0,19.115453456217107
1245,252856762,,11.6017,10.148,1,1792.496797340627,1.3856435267840437,901.9125106132468,0.1629568527779839,,25285676201.0,24.258492679514646
1246,252866695,1.664,3.18076,8.62177,3,1793.0675528334048,1.7725525046585426,834.0667465450766,0.3333993061401297,,25286669503.0,20.536154050722182
1247,255621275,1.165,1.32517,10.4344,2,1792.6995174000294,0.9900948951598688,458.305567565038,0.2845018394123337,,25562127502.0,26.437707227150007
1248,255865351,1.71,1.91067,9.9163,3,1711.736082512222,1.1057648103707405,142.2079878625361,0.4574285421091979,,25586535103.0,
1249,255868130,,11.6377,9.8482,2,1711.5387429462016,0.3510341260315842,943.8348878823032,0.0535671744291929,,25586813002.0,32.35288648253211
1250,255921197,1.31,2.72822,9.0469,4,1739.7864547774864,1.7785707783393514,558.146846308339,0.718089470837048,,25592119704.0,
1251,255992730,,5.55324,10.2708,1,1711.799179989106,0.5561418710823751,1557.7739699121184,0.1228828253783883,,25599273001.0,32.827002616549414
1252,255992730,,5.55324,10.2708,2,1711.5315199088868,0.5561373630340596,387.1492388896984,0.1294149768058675,,25599273002.0,19.189519038118412
1253,255993517,1.405,1.30404,10.1684,2,1711.8761244237394,0.5132387022886727,268.1830593744017,0.1262647051547483,,25599351702.0,17.088877397928005
1254,255993777,1.0,1.78332,8.62443,2,1711.497596706078,0.9255381185375816,4893.256167527234,0.2153390400087877,,25599377702.0,36.89346640842636
1255,255993777,1.0,1.78332,8.62443,3,1712.1154896273315,0.9255374975479792,4867.105884565939,0.2151157660676517,,25599377703.0,39.64476252153795
1256,255993862,1.15,3.88794,9.4311,1,1713.3787133931137,2.8033601876607928,63.10268059642592,0.4464426453773912,,25599386201.0,18.31097700187603
1257,255994336,1.464,3.22036,9.05564,1,1733.4709347766798,30.32614745654145,2434.805548886396,0.2753321508173027,,25599433601.0,6.0278813450061195
1258,256324377,0.57465,0.583782,9.68774,1,1683.9071596244842,0.6108427189130675,378.359306029297,0.0514105724362546,,25632437701.0,41.40105720258112
1259,256383997,,,9.2964,1,1750.29293124238,116.27454016126477,44652.45767199784,0.2221793017708679,,25638399701.0,
1260,256428083,1.139,2.22159,7.51319,1,1740.9055420815184,1.872211883991412,78.32474638863721,0.2509289863110439,,25642808301.0,20.702532629413625
1261,256428083,1.139,2.22159,7.51319,4,1739.276055032052,1.8771866578890957,75.33091416010697,0.1833234439413534,,25642808304.0,21.43984297055592
1262,256486883,,,9.0201,1,1803.5930336073984,14.00846847750032,4781.876741261041,0.2501504550813168,,25648688301.0,
1263,256503960,2.0,3.46348,8.91783,1,1766.6155305452662,4.211512355760682,5695.023268759804,0.1800773071002767,,25650396001.0,3.261598497424342
1264,256503960,2.0,3.46348,8.91783,2,1768.465789375433,4.21132392039575,6935.1813655288415,0.1567990934317557,,25650396002.0,9.54000181264245
1265,256508766,1.192,1.18124,10.1148,1,1685.047102414287,2.392035290766752,208.2339600287211,0.1365308191872641,,25650876601.0,24.597512436561942
1266,256515752,1.408,1.45302,9.70426,2,1855.5432389780867,199.3660327182759,6483.58645995122,0.2580851454039981,,25651575202.0,
1267,256608813,1.047,2.77452,10.4863,4,1794.4325943709523,2.520153102444997,2419.4958687478093,0.2426708340688372,,25660881304.0,92.23592513992713
1268,256608813,1.047,2.77452,10.4863,6,1793.1429094110122,2.5202389686566056,1367.513830123885,0.239887061665518,,25660881306.0,135.69126116318677
1269,256617994,1.283,1.76332,10.171,2,1758.5948581448906,77.44745818841163,778.0163144462317,0.281820253954842,,25661799402.0,
1270,256640561,1.89,4.13227,8.0459,3,1767.447732574515,3.440316110387268,7336.118158882763,0.1485484375920225,,25664056103.0,2.1057201078244194
1271,256773905,1.49,2.84258,9.4695,1,1818.1944452494631,1.8385623161008424,94.36526821039584,0.2373001838511247,,25677390501.0,19.207532118411844
1272,256864208,1.89,1.71815,10.2633,1,1689.181208498334,8.839538046968293,1383.824860369975,0.1104950766380452,,25686420801.0,13.773146879482717
1273,256864208,1.89,1.71815,10.2633,2,1684.954623129125,8.839780972723293,764.3167137892372,0.137867624685398,,25686420802.0,17.459147132224363
1274,258393558,2.07,2.53648,9.9896,1,1705.744177357365,32.996527479378685,2850.1991625892774,0.2944042812066805,,25839355801.0,90.83949457871347
1275,258393558,2.07,2.53648,9.9896,2,1700.7377000473798,32.99854081862828,336.05553902877114,0.448306357942105,,25839355802.0,91.38012498157369
1276,258509996,1.56,3.297,9.2321,1,1712.8686802018408,2.6836121958981924,235.5787467244969,0.1560290071937946,,25850999601.0,16.10823335921154
1277,258509996,1.56,3.297,9.2321,2,1711.4747459606908,2.683717167645456,253.03088647921055,0.0997065261642001,,25850999602.0,18.15725103489509
1278,258549140,2.009,2.0504,9.57309,2,1711.662455042838,0.9612617057686274,89.1243496061122,0.2690593499965562,,25854914002.0,14.745683951849205
1279,258631784,,5.33686,9.5832,1,1711.5568304874855,0.9216659928624402,217.4455293951014,0.1353898481367881,,25863178401.0,16.594140097229793
1280,258773721,1.907,1.85076,7.98645,4,1683.7907001888484,0.6531610122358288,1485.7172960065936,0.430259835948715,,25877372104.0,
1281,258777137,,1.06469,9.9478,1,1686.0063452127474,5.929385873385302,10225.8821123836,0.1355939510391125,,25877713701.0,2.6998860143689978
1282,258799245,1.76,2.66748,9.5931,2,1696.1839639573095,30.13201821038882,1550.1372273074765,0.3077483359717319,,25879924502.0,3.5776216176080586
1283,258826816,1.171,1.11082,9.6399,2,1689.8027151043266,41.6432716721992,9965.83383924634,0.2812619937699938,,25882681602.0,3.081243701309444
1284,258826934,1.451,2.15984,9.1358,1,1689.5351605522626,8.349698005510414,283.9048337385401,0.1257019476755049,,25882693401.0,15.443067056840622
1285,258827116,,11.3478,8.3346,1,1685.8910715652655,2.481311645656063,220.71045955372588,0.1427677476552475,,25882711601.0,14.34059479873297
1286,258829450,,,10.1556,1,1685.402899351248,1.83482368572275,242.03577276122596,0.1388489608232202,,25882945001.0,15.457545248048925
1287,258831213,1.262,1.36755,9.66981,2,1683.906086066878,0.5518168077359846,164.6800232136885,0.033015753777585,,25883121302.0,22.49616228440818
1288,258831213,1.262,1.36755,9.66981,3,1684.0910089994916,0.5518168077359846,160.52674271278445,0.0319069380354528,,25883121303.0,14.69926998760776
1289,258869917,1.704,2.07702,8.7417,2,1684.60827602913,1.0209791062835467,68.04326215497953,0.2286137721880925,,25886991702.0,10.632892558677609
1290,258872445,1.37,2.22687,10.0172,1,1684.872263394302,1.2517972912581856,7793.390342881804,0.0950796151320725,,25887244501.0,31.836899233047543
1291,258872445,1.37,2.22687,10.0172,2,1684.2464449790907,1.2517972912581856,6492.208644701155,0.0954643432890807,,25887244502.0,31.95624678800492
1292,258875414,0.987,0.901249,10.1548,2,1689.7913871356077,9.5266813878289,195.98121563691268,0.1703921632625963,,25887541402.0,78.93221007024235
1293,258956843,1.57,2.56423,8.2453,1,1685.24478505068,1.6945191514323517,193.46553839416535,0.2450470418131184,,25895684301.0,15.92432986163884
1294,258956843,1.57,2.56423,8.2453,2,1684.361009141557,1.694564578740636,173.3247007296437,0.2538547431748325,,25895684302.0,15.363953581841873
1295,259003743,,,9.6962,1,1777.1238683765368,305.59333843353807,35981.273877943815,0.2298255621376557,,25900374301.0,
1296,259006185,1.587,1.46405,9.11642,2,1684.636091539348,0.9698136291796255,1998.9559192757388,0.0923339043836285,,25900618502.0,11.71295768965291
1297,259006185,1.587,1.46405,9.11642,3,1684.5931117609011,1.9396956226435889,5420.005060912304,0.0612741831553215,,25900618503.0,
1298,259037539,,12.6774,10.4367,1,1683.946250510979,0.3804434851155612,132.41780625450014,0.3804125366162464,,25903753901.0,
1299,259108252,2.44,4.93297,9.27494,4,1792.931486419588,2.3987031345765955,205.41783908575312,0.330629080382133,,25910825204.0,18.409546112720236
1300,259108351,,10.213,10.2262,1,1792.5229860034003,1.2152116437738771,908.7951795455202,0.1082201950077101,,25910835101.0,11.827717438450481
1301,259110077,1.997,3.17259,9.65907,3,1794.7883959654291,4.076037060600865,1340.84051141589,0.2393766087049118,,25911007703.0,19.560812966454154
1302,259110287,2.462,2.55874,7.02133,3,1792.8486573388936,0.9005156976206419,1556.9851602573235,0.1883996120068306,,25911028703.0,5.796785328885374
1303,259126453,2.51,2.50083,10.3029,2,1685.9083861214176,2.6960865825768168,2253.5584588323773,0.1546343795814173,,25912645302.0,21.66772258432938
1304,259144386,,5.63438,10.4694,1,1791.919642509533,0.8581661011608848,304.6219048449601,0.1637373893706156,,25914438601.0,13.802423490393062
1305,259150520,1.345,4.18434,9.15248,2,1793.5374953162056,2.423020197329869,838.7246905115682,0.1803543677606039,,25915052002.0,25.84218546446843
1306,259151170,0.71,0.855413,10.374,2,1808.5136534308008,17.323087493915068,52114.24482930538,0.166978526596495,,25915117002.0,9.377696720248272
1307,259237597,,10.6736,8.7685,2,1683.8962734163244,1.2639368875157513,506.8953703694705,0.1418022055217171,,25923759702.0,12.058787409639349
1308,259237610,,10.2593,10.011,1,1683.911734093303,2.527852024520889,933.0914084665408,0.1405979625974973,,25923761001.0,92.77867342035283
1309,259246832,1.809,3.17043,10.325,1,1793.371128028793,3.3307316792097845,608.4279091941111,0.1582129443603865,,25924683201.0,7.096387292770632
1310,259321913,1.405,2.45906,10.184,1,1818.1118856077408,1.1864314093271058,347.51155785049434,0.2767506839256228,,25932191301.0,18.926782698658357
1311,259326088,,2.0622,10.3167,1,1817.5091294691135,5.3135803495252025,5092.705309016423,0.1788149580640457,,25932608801.0,53.77456577181807
1312,259331083,,2.1521,9.691,1,1817.4588908702576,0.4033600906221626,2225.2172264513947,0.4033571393196138,,25933108301.0,
1313,259401130,,,10.3887,1,1823.3546045359192,8.930629668554227,8030.605469679601,0.1598970533872822,,25940113001.0,3.3492818324899885
1314,259401130,,,10.3887,2,1819.067462443173,1.7488918879579158,2153.1807393343483,0.2305617914175603,,25940113002.0,23.08990617832266
1315,259468149,,11.2423,10.1919,1,1819.1301328385891,1.8644005400062995,418.8673129633599,0.2640936546287565,,25946814901.0,19.378901912598327
1316,259499465,,,8.2394,2,1818.602424190084,1.4169213027675411,400.1161615197447,0.1184390551986181,,25949946502.0,13.427623156066641
1317,259505812,1.266,2.00105,10.3407,1,1817.7341638324408,2.489420383443925,3228.362680520923,0.2078023769198796,,25950581201.0,51.111932078565395
1318,259547807,2.395,4.06743,8.95086,1,1818.568134329977,1.950106730068752,455.7558329155197,0.4590726731256057,,25954780701.0,17.26682994502573
1319,259550525,1.364,1.66263,10.1272,3,1817.6121818097115,0.991126273293637,25198.67584990468,0.2036928834911388,,25955052503.0,
1320,259550733,,12.084,9.1551,1,1818.2399753070508,1.7297653801873365,344.3734661042181,0.2213453117887747,,25955073301.0,17.496957730650667
1321,259551972,2.4,4.79098,9.7169,1,1819.774223533276,3.9434826501824194,716.7630643047607,0.3033208317880864,,25955197201.0,10.540367258661957
1322,259582682,,5.02372,9.74912,2,1817.427866925021,0.4274648425334472,589.4361666118356,0.0980154881178461,,25958268202.0,112.66889284979092
1323,259582786,2.34,4.75051,9.2157,5,1818.3257624319097,2.838811460118783,195.1458666272376,0.4461250285098012,,25958278605.0,16.884960753393262
1324,259741928,2.6,4.64505,9.4806,2,1819.000419755041,2.207198724951668,2377.2163737732885,0.4166158775068349,,25974192802.0,22.39700177945025
1325,259741928,2.6,4.64505,9.4806,3,1817.813724606882,2.2073023677307817,1996.7331485594527,0.4213254688979377,,25974192803.0,31.44442947801114
1326,259741928,2.6,4.64505,9.4806,4,1819.428659408257,2.207366284918172,2060.185941479353,0.4433992877768045,,25974192804.0,
1327,259816975,2.041,1.97157,9.92235,1,1818.010007341451,0.6814221529035424,907.5752766859764,0.0784002443928979,,25981697501.0,15.416481767638976
1328,259892337,2.245,2.81698,10.2571,1,1819.1201049156305,2.641568412856565,13101.368954615864,0.2663506655685479,,25989233701.0,6.5606731482261145
1329,260055805,1.58,2.21637,10.1308,1,1817.9934610109524,2.8629166914561965,1381.879877076269,0.1401113165647921,,26005580501.0,29.146878822705265
1330,260156982,1.82,2.06576,9.72926,1,1818.59785686573,2.250033181806208,447.3777072246633,0.1512271158881879,,26015698201.0,16.485324629809647
1331,260229369,1.82,3.8606,10.3355,1,1818.5681306941192,2.4481679914710903,2244.928739555012,0.1642766739456277,,26022936901.0,86.56991403735194
1332,260229369,1.82,3.8606,10.3355,2,1819.3535183560343,2.4536877908800427,2887.0661086834702,0.1452182445911997,,26022936902.0,12.023352912506285
1333,260229369,1.82,3.8606,10.3355,3,1817.792659214441,2.442664196530776,1753.1547386422892,0.1655785813811523,,26022936903.0,12.499674005288217
1334,260236606,1.887,1.89409,9.48334,1,1819.0234942206407,2.600971070150838,435.843107125684,0.3344409572074383,,26023660601.0,4.034208256543282
1335,260273161,0.96,0.916275,9.6187,1,1988.9433207204968,17.787369178708392,40221.62090993445,0.2508889692461727,,26027316101.0,27.57142678726596
1336,260274707,1.53,2.02004,9.887,2,1983.986547630736,1.00912138432735,308.6117302255068,0.5375822527382595,,26027470702.0,
1337,260277762,1.69,2.04731,10.1152,1,1996.3801731293568,26.124482346986763,5741.712177463472,0.1896565167326811,,26027776201.0,
1338,260277762,1.69,2.04731,10.1152,3,1985.0188423503355,2.3489750490790846,686.7961644998607,0.1028226962040256,,26027776203.0,8.819622615640856
1339,260300316,1.451,2.105,10.1369,1,1818.4241604736296,2.397768505495166,352.2347079973004,0.5181645485069187,,26030031601.0,15.94245513544117
1340,260363630,,10.9195,10.069,1,1819.9066702853704,4.478579994451345,503.9946936223325,0.1208481070417226,,26036363001.0,39.620837039845554
1341,260376477,,,9.38566,2,2913.046700435209,2.1870792289824403,2530.894782831254,0.1404362425235713,,26037647702.0,12.187767174887437
1342,260380431,1.68,1.66216,10.316,2,1817.45809714808,1.1678887276119745,732.512393980494,0.1869536136661335,,26038043102.0,16.96399567913195
1343,260386267,0.974,1.09079,10.123,1,1829.4148975146747,18.23107920327393,1836.2439721454523,0.1587992751515561,,26038626701.0,
1344,260481843,0.95,1.14961,10.2439,1,2923.413330759018,23.60697892612487,24344.73459681435,0.0690527297154058,,26048184301.0,6.737879362983546
1345,260690477,1.573,2.04564,9.23486,3,1818.221682710367,0.9068852106138718,194.45309474811387,0.142972693910101,,26069047703.0,17.86363336863031
1346,260698115,1.542,1.33082,10.4543,3,1817.71307095378,0.5510249441583874,889.9455003050792,0.1202776755392115,,26069811503.0,14.740467355529269
1347,260789388,0.883,1.311,10.4235,1,1820.830751230566,4.746891561913827,16107.559969282274,0.1408036293427708,,26078938801.0,39.18650806193926
1348,260789388,0.883,1.311,10.4235,2,1818.4577084940383,4.746891561913827,4560.298921231372,0.1385370759423621,,26078938802.0,31.945578901739914
1349,260789413,1.127,2.36375,10.2221,1,1818.457051763097,2.373447435606629,9603.675740493814,0.1394552463190958,,26078941301.0,1.6822230275216017
1350,260858711,,,9.7418,3,1835.1087905338552,19.34746992223747,603.4753214486711,0.422065281657088,,26085871103.0,15.839950100925082
1351,261142585,1.292,1.33237,10.3604,6,1820.8392846556617,22.0765999566632,4205.108471678204,0.0871861466921537,,26114258506.0,64.19174676887346
1352,261248147,1.505,1.50209,10.3133,4,1817.485473750873,0.5479649055142726,507.6174880177964,0.0859460906809586,,26124814704.0,17.02043037371596
1353,261619357,1.463,1.34514,10.006,1,1829.9854628945177,25.00810300468357,3357.044786429305,0.1423268686100671,,26161935701.0,252.07216982741988
1354,261620164,2.58,3.31102,10.0741,2,1818.801661036748,2.36780913097837,4801.6270428805965,0.2909262870710134,,26162016402.0,10.564172965868734
1355,261620164,2.58,3.31102,10.0741,3,1818.2138004974304,2.3679681439858946,2364.3081719132165,0.3735103891560358,,26162016403.0,12.421775637620328
1356,261620164,2.58,3.31102,10.0741,5,1817.533952691505,2.367875802868538,1974.997331377531,1.058213477664656,,26162016405.0,
1357,261714552,1.694,1.75977,10.2316,1,1820.608073333044,3.4200215955858,1535.002015334107,0.0918325665422409,,26171455201.0,10.245621613783685
1358,261716725,,6.82437,9.886,1,1817.5595413396368,0.7502416091099444,2427.46845633004,0.1667819009054158,,26171672501.0,47.13804269122685
1359,261810817,,5.05863,9.51314,1,1819.537293158365,2.377488164843508,3962.369299544685,0.2727634666887832,,26181081701.0,42.34153946236643
1360,261821114,2.116,1.86366,9.39503,4,1817.675348297916,0.6039262006859167,216.67483672425087,0.0478980083244182,,26182111404.0,24.351119598144145
1361,261822291,,8.5498,9.9167,2,1818.8308981496623,2.1570478518350487,291.5504118063295,0.1817624531366222,,26182229102.0,22.117935072901332
1362,262008884,2.87,4.66307,8.8617,2,1820.2366789189623,3.0645382035665927,382.9582737320829,0.2010398450754267,,26200888402.0,37.079644556977065
1363,262098462,1.353,2.67833,10.4865,1,1818.0812681526595,1.2381578149272288,15564.28376823897,0.0881422323670515,,26209846201.0,5.528162015617001
1364,262098462,1.353,2.67833,10.4865,2,1817.71515183048,1.2381155365851628,12784.689489433536,0.098915623891167,,26209846202.0,4.019797295896642
1365,262098462,1.353,2.67833,10.4865,3,1818.539504713702,1.2381155365851628,13147.58876225021,0.0996480071068541,,26209846203.0,0.5909299053632805
1366,262098462,1.353,2.67833,10.4865,4,1818.3088194448908,1.2353694505545445,7421.883823771931,0.1135414590319897,,26209846204.0,8.919984327998185
1367,262098462,1.353,2.67833,10.4865,5,1817.4857251121207,1.2353694505545445,7475.824743899266,0.1148015085594484,,26209846205.0,9.134512053796179
1368,262098462,1.353,2.67833,10.4865,6,1817.897796208896,1.2353694505545445,7399.095879159735,0.1061092646200456,,26209846206.0,14.435153914607767
1369,262102807,,,9.6894,1,1817.9189297034943,2.3687506523740423,631.259075778897,0.2910335794460291,,26210280701.0,29.026361647262657
1370,262102807,,,9.6894,2,1817.351920665125,0.7890088017361148,263.78508132710954,0.1463091567273361,,26210280702.0,10.939028777680003
1371,262104353,2.407,3.4604,7.83122,1,1819.097247342084,2.216966864653513,152.65424474632167,0.266788139386324,,26210435301.0,20.544809085622
1372,262165073,2.35,2.74424,10.322,2,1818.6369040796176,1.768061104632198,7946.686152684233,0.2562408714911707,,26216507302.0,59.82807918888909
1373,262169297,,,8.7703,1,1817.5657728221483,0.6050380786354755,733865.6452741179,0.2545765826617964,,26216929701.0,1.5883449346287157
1374,262173985,2.09,2.38748,7.99005,1,1818.388045437855,1.1126071954152246,1691.9250894026293,0.2524575073472274,,26217398501.0,31.353402777768494
1375,262251254,,9.49843,9.4576,1,1817.5373077647384,0.9913059099768032,217.5469101567744,0.1073531580387348,,26225125401.0,18.777544207823187
1376,263930781,2.4,2.75048,8.9947,1,1684.5115466569669,1.1247662048011218,367.30565328782967,0.1640917366961367,,26393078101.0,131.83263758802298
1377,263930781,2.4,2.75048,8.9947,2,1683.928597264567,1.1247819004546176,322.62598660548235,0.1734179436423336,,26393078102.0,111.14695235508755
1378,263969664,,10.8359,8.4445,1,1683.7805257173384,1.6416913656493368,780.4909404490872,0.1819272062933849,,26396966401.0,71.4727745679724
1379,264005294,1.254,1.10598,9.98561,1,1827.6293295513744,80.17999779576124,4756.135271223447,0.1760600226795581,,26400529401.0,
1380,264176274,2.258,1.87114,9.54688,1,1792.0290419639343,0.7839161784315214,386.0555661569213,0.2083194260649786,,26417627401.0,18.585287295349115
1381,264195013,1.36,3.41369,10.299,3,1791.962476789367,3.3625327427131877,11139.70710409902,0.2157490048046222,,26419501303.0,5.367885422168238
1382,264195013,1.36,3.41369,10.299,4,1793.6415309469796,3.3625327427131877,10863.543750592897,0.2155246081968088,,26419501304.0,7.335275493314805
1383,264303333,1.023,0.96947,10.1583,1,1684.254780562187,0.8153129571963535,170.37568452549203,0.0871645732135388,,26430333301.0,23.221993130565988
1384,264402311,1.069,1.29714,9.91331,4,1766.476581820094,0.4726709474338759,414.5748144540052,0.059970181189936,,26440231104.0,53.62542343233842
1385,264469286,,,10.4931,4,1777.94148990852,77.49485875729377,43619.208136344205,0.1845646055838776,,26446928604.0,
1386,264678534,0.85,0.780338,7.5825,1,1796.50571167827,16.201528636665742,885.4386658043121,0.1334629591781083,,26467853401.0,1.1141899427954618
1387,264738797,,,8.8627,1,1819.7139527218585,29.094654130283917,17040.91422470474,0.2449159005677633,,26473879701.0,
1388,264798741,,11.8742,8.34993,1,1792.3996368717526,0.4193113013732775,332.593319267542,0.1348069317799425,,26479874101.0,23.360892022301762
1389,264803943,1.325,1.64803,10.3431,1,1792.5692689669986,0.6220763322353166,7961.960819828362,0.2177515949677717,,26480394301.0,51.416699004997426
1390,264803971,1.236,2.02891,9.80048,1,1793.1943820882743,1.2441512742148295,4113.186247625211,0.2294559169704237,,26480397101.0,50.358280360153266
1391,264803971,1.236,2.02891,9.80048,2,1792.6144674905647,1.2441137575699344,3655.614981068232,0.2217568147796944,,26480397102.0,49.800329776173136
1392,264805320,2.11,1.79025,9.7275,1,1792.2447271936471,1.5119621914354264,614.2688911074548,0.2245193411995672,,26480532001.0,125.5432396624391
1393,264844557,,1.54358,8.4351,3,1791.749629189355,0.4112142048268907,3548.5588152605574,0.0955119912907683,,26484455703.0,79.708441707916
1394,264844699,1.236,1.98256,10.2213,6,1791.9381154669602,0.8828543277883254,7845.522447419543,0.1058547525769481,,26484469906.0,3.9728250883064438
1395,264922092,,,10.2698,1,1792.3190214115357,1.511900855576815,420814.2473463288,0.331580898286436,,26492209201.0,5.66143800605587
1396,264922092,,,10.2698,2,1792.114361157107,3.024386184799999,152930.3677222543,0.0993837066296069,,26492209202.0,
1397,264922092,,,10.2698,3,1794.0116546850008,3.0236856388850617,108411.8351599078,0.1926094381218812,,26492209203.0,
1398,265006206,2.015,2.34399,10.0857,1,1792.0557288434266,1.0434174916473191,1156.452260654439,0.2320182633990944,,26500620601.0,60.694701619195406
1399,265006206,2.015,2.34399,10.0857,2,1802.019019586975,15.733596568464565,8035.849096493247,0.3056124677876591,,26500620602.0,
1400,265006206,2.015,2.34399,10.0857,3,1792.555535998582,1.0434360074096038,786.8094381263043,0.8977552904865047,,26500620603.0,29.126584509685948
1401,265007049,,4.68922,10.2827,1,1795.349787404636,3.520742619340586,3637.050533713876,0.1978285630506473,,26500704901.0,35.5277326928898
1402,265060921,,1.42969,10.0371,1,1739.860614383209,3.5331346376178523,8270.190264820747,0.1255161176361432,,26506092101.0,2.810206847173317
1403,265060921,,1.42969,10.0371,2,1739.862687761152,1.7665993446598798,690.6250383258256,0.1302915409294887,,26506092102.0,18.348613177467623
1404,265089157,,,10.3438,1,1792.2294669923715,1.0057132061548826,384.858671353292,0.2372965217992012,,26508915701.0,97.99627801994052
1405,265089818,,20.4391,7.7381,2,1792.0866983601234,0.9085459392470592,252.54147337806597,0.2228031347313071,,26508981802.0,17.585634249741112
1406,265092744,2.268,3.03491,8.74736,1,1793.818757154296,2.170650214498328,2129.9747097315035,0.3744481445550032,,26509274401.0,22.70129671927765
1407,265253426,2.778,3.55603,8.69416,4,1739.5772287408154,1.449748632887745,5221.848473196316,0.987420890961346,,26525342604.0,
1408,265383734,1.146,1.07694,9.07976,5,1802.7675632595367,15.845976732164958,1790.977489661533,0.1045010880140749,,26538373405.0,39.69255136102146
1409,265426233,1.243,1.78761,9.65561,1,1795.642483853293,5.882223267758243,615.9191405102287,0.130659848447661,,26542623301.0,41.10291547220268
1410,265426233,1.243,1.78761,9.65561,2,1792.7522212660638,5.882581024829715,632.5963552594976,0.1687365119515394,,26542623302.0,134.9826487221625
1411,265471485,1.252,1.64124,10.4961,1,1792.5151550801083,1.3890910179046505,40341.29853841124,0.2480027080235894,,26547148501.0,23.589631877303177
1412,265570301,2.165,2.65222,9.83471,3,2913.0017968255765,2.635843576595618,752.0994542691947,0.2089915867365422,,26557030103.0,27.979071645164844
1413,265582221,,6.17881,10.178,1,1817.9252173854295,0.7335745764934853,846.4239716337535,0.1778856309650685,,26558222101.0,16.22723659538416
1414,265678311,,10.7414,10.0964,1,1817.85589965871,1.2726443218968846,375.96708157244666,0.1721833397956949,,26567831101.0,21.68171291760308
1415,265680748,,2.24272,9.459,3,1817.894258016578,0.3876044146867093,11737.415677433924,0.0890340321564189,,26568074803.0,6.6534706332820015
1416,265761246,1.234,1.85221,8.68159,1,1828.5716433336725,13.51652070706462,1419.366816730348,0.1628105380436424,,26576124601.0,10.147353989405817
1417,265765061,1.849,1.38458,10.4068,8,1817.7645779494137,0.4423980596239867,1426.084235268015,0.0541444818705667,,26576506108.0,2.1290880500007523
1418,265767012,2.392,3.39731,7.66329,6,1818.5494062222392,1.7434464163682353,2997.545786618516,0.3441930583997474,,26576701206.0,22.347673496930717
1419,265880749,,9.58334,10.2809,1,1818.2065349980812,0.6182477065672308,480.6738944615672,0.1321626912678279,,26588074901.0,16.81597071014058
1420,265985820,2.64,2.75731,9.2075,1,1829.6242452377664,25.46534411305197,1581.405814916705,0.2933969060051351,,26598582001.0,
1421,265986706,2.92,4.43422,10.0326,6,1818.1031067275533,1.8557468405005288,466.3778647076565,0.1712086169584332,,26598670606.0,168.9319803421731
1422,265986706,2.92,4.43422,10.0326,6,1818.1031067275533,1.8557468405005288,466.3778647076565,0.1712086169584332,,26598670606.0,168.9319803421731
1423,265986706,2.92,4.43422,10.0326,6,1818.1031067275533,1.8557468405005288,466.3778647076565,0.1712086169584332,,26598670606.0,168.9319803421731
1424,265986706,2.92,4.43422,10.0326,6,1818.1031067275533,1.8557468405005288,466.3778647076565,0.1712086169584332,,26598670606.0,168.9319803421731
1425,265989848,,,10.0488,1,1829.6367710759168,13.589763458731245,1930.067676876797,0.2084853966694223,,26598984801.0,118.57746866681393
1426,265992496,,1.42565,10.1514,1,1817.8076114445412,0.893754935140262,722.4043522837378,0.04332442066495,,26599249601.0,19.882242856051317
1427,266034083,1.371,1.34971,8.33155,1,1818.4638732904089,1.2009724026059387,359.69176955779864,0.3249036087645829,,26603408301.0,20.077794774794757
1428,266039354,1.129,1.33626,10.4096,2,1828.303668720517,13.518475272910432,4122.526490449835,0.1849738356123416,,26603935402.0,20.005536690791395
1429,266044991,2.293,3.28475,8.86981,1,1818.0437772363737,1.878345534539066,159.38258122801778,0.2069451970372,,26604499101.0,15.895699126246775
1430,266141457,1.176,3.27654,9.86282,1,1819.8289477425656,2.2302717837530386,2531.866329496178,0.2180624091830877,,26614145701.0,20.042600494753923
1431,266141457,1.176,3.27654,9.86282,2,1818.678246295552,2.230333686798932,2463.919427046344,0.2127586253348535,,26614145702.0,54.90745581382584
1432,266141457,1.176,3.27654,9.86282,3,1819.3268259212332,2.223411554531505,2124.968688525238,0.2718352439017111,,26614145703.0,15.45344774510786
1433,266141457,1.176,3.27654,9.86282,4,1818.2181621912573,2.223411554531505,1674.633786993624,0.2525758604537979,,26614145704.0,15.895996556132115
1434,266142999,,11.7753,10.0889,1,1817.93523967788,1.079346810039021,621.9496640717247,0.132122133789708,,26614299901.0,13.044672547396708
1435,266150750,1.265,1.44079,10.2588,1,1828.859748311563,13.198343373562512,3095.378117465156,0.2068993133421342,,26615075001.0,22.435708876402412
1436,266334276,1.79,1.9662,10.3562,1,1817.8710221721456,1.218754517459565,658.5350610101635,0.1512479095686823,,26633427601.0,37.55802870145356
1437,266336016,1.376,2.68688,10.4757,2,1818.522365370601,1.4796699825949573,297.91313501255775,0.3202776572603742,,26633601602.0,22.709592120278348
1438,266337194,2.8,4.07888,10.1931,4,1818.1051216626977,2.344420909649422,228.2394898767308,0.4988662204940621,,26633719404.0,12.667294657798047
1439,266395295,1.576,2.53848,10.3549,1,1820.1582527969797,5.239762599514437,5016.5206834284445,0.211188589960731,,26639529501.0,78.74858189628972
1440,266395295,1.576,2.53848,10.3549,3,1818.459491664968,1.5244865450213885,4030.357076774424,0.1021973699295093,,26639529503.0,85.04157261988864
1441,266395331,1.913,2.27184,8.52349,1,1820.1989040197332,5.2396044472630345,11989.688232825149,0.2233905769860264,,26639533101.0,6.283309209420072
1442,266395331,1.913,2.27184,8.52349,2,1819.988397913966,3.048964821982146,7176.76550070405,0.1109680166505746,,26639533102.0,12.123934075192606
1443,266395331,1.913,2.27184,8.52349,3,1818.4778865162175,1.5244644064597797,2059.3786314629174,0.1182310381060469,,26639533103.0,15.396643802054463
1444,266395345,,,9.7357,1,1820.2154823376063,5.239535204956256,26814.021777330392,0.2201416339822464,,26639534501.0,47.29405486291495
1445,266395345,,,9.7357,2,1819.9753889618796,3.048995975834556,16018.477343173809,0.1127013065457941,,26639534502.0,50.66478017472671
1446,266395345,,,9.7357,3,1818.4539115139855,3.048995975834556,4937.825983415765,0.1075960597270007,,26639534503.0,45.82974314805966
1447,266396044,2.568,2.03526,8.92868,1,1829.562155713491,13.38922861656789,579.4074813155186,0.1774853042408506,,26639604401.0,127.30269766191192
1448,266497921,2.9,3.85567,10.3968,1,1819.3919215288947,1.7236881115985243,8788.604068336786,0.197559763508308,,26649792101.0,12.716712950300085
1449,266497921,2.9,3.85567,10.3968,2,1817.9999494715548,1.722286951202531,7930.063473771172,0.1947985828294677,,26649792102.0,7.534588000101795
1450,266499754,2.097,2.98412,9.37141,3,1819.4774450993868,2.762864980479572,3443.814380083627,0.449441641904036,,26649975403.0,5.027450855672068
1451,266500992,0.941,1.14586,10.3309,1,1819.7128625185164,3.2786377290959687,1100.605741598805,0.1397065232419844,,26650099201.0,18.781074540724298
1452,266605366,,,9.7753,1,1828.872461550248,13.69842106502768,7628.401676188208,0.2694284034674711,,26660536601.0,17.357607210844282
1453,266605366,,,9.7753,4,1830.299956680708,13.581489834320138,1836.6223272471263,0.167385472334496,,26660536604.0,21.297329734033397
1454,266669858,,6.8917,10.0092,3,1818.1168568855144,1.7397333647089748,669.6573692947594,0.1468194820532775,,26666985803.0,86.50330098150415
1455,266671248,1.283,1.54027,8.98579,1,1818.1934357018056,1.088704510116372,199.21528005286996,0.1545053354172295,,26667124801.0,14.63762694015187
1456,266671248,1.283,1.54027,8.98579,2,1826.9107327048655,19.893464713251287,873.806576756957,0.1870365798643957,,26667124802.0,17.56927657528803
1457,266676103,2.338,3.29984,9.02333,2,1820.0574074369813,2.8725668568884712,898.88585047155,0.228815070819499,,26667610302.0,99.91729238932992
1458,266771319,1.345,1.61069,9.87546,1,1818.15042217573,3.4794108084159325,12282.451542776658,0.1584020099223269,,26677131901.0,48.71759345862116
1459,266771319,1.345,1.61069,9.87546,2,1820.9929388904204,3.833973785024575,4484.695174717041,0.1566059108977445,,26677131902.0,49.46242094557702
1460,266771319,1.345,1.61069,9.87546,3,1819.9002727977563,3.4793316493159017,3844.5806597449873,0.1629748342780299,,26677131903.0,47.72609363551045
1461,266773101,,22.1584,8.902,1,1818.0068450871056,0.621348803349968,222.83839549254927,0.1477520007580013,,26677310101.0,19.622618465494796
1462,266773492,1.92,2.56681,10.1533,3,1817.7181220006075,1.007111437128918,733.0089568263923,0.2902568524083077,,26677349203.0,24.615262115986713
1463,266782181,2.42,4.9505,9.7449,1,1820.761091921195,3.472363859951904,4266.37182077613,0.2047808499727713,,26678218101.0,50.184045703886945
1464,266782181,2.42,4.9505,9.7449,3,1819.7650016762489,3.4892184565252835,1545.417297975007,0.1820032818297722,,26678218103.0,51.08139787436595
1465,266782181,2.42,4.9505,9.7449,4,1818.0190178735547,3.4892184565252835,1532.1253845996475,0.1625215768998466,,26678218104.0,18.990825141651534
1466,266882992,,6.91163,4.27201,1,1817.5792700982856,1.4661789825514462,95.44331793606298,0.2767608015087412,,26688299201.0,44.10020871671845
1467,266882992,,6.91163,4.27201,2,1817.721950650062,0.3664872286818517,53.19249551876799,0.364639381393792,,26688299202.0,61.16376052033846
1468,266885038,,8.05532,9.8422,2,1819.1428932261476,3.013164780003086,527.9564750866175,0.1511114795073099,,26688503802.0,17.50941269728812
1469,266893576,1.765,2.73186,9.95225,1,1818.022741142172,1.7472162275418304,7033.164135321237,0.1237806830439968,,26689357601.0,3.435572752941663
1470,266893576,1.765,2.73186,9.95225,2,1818.003813066278,1.7514186115237729,11969.804278170512,0.0630972549591666,,26689357602.0,3.7044659094996515
1471,266893587,1.68,3.25717,10.1183,1,1818.4415592910184,1.7493388244895816,10101.794831146182,0.1638464752291005,,26689358701.0,7.854121060701336
1472,267129302,0.875,0.809139,10.3445,1,1818.6760286461183,1.6843028559130289,696.7729640281451,0.1959726609615912,,26712930201.0,24.47552641196276
1473,267223677,,,10.0888,1,1818.1106574694195,16.770309123449476,2864.72173000836,0.1818840282815627,,26722367701.0,66.45531400339404
1474,267416658,1.994,3.1847,10.3123,4,1821.9007421815504,5.619609910052718,922.8585133683011,0.2664577641653159,,26741665804.0,37.00411335880213
1475,267417544,1.25,3.46345,10.1984,1,1819.6132859870784,3.2860788393897686,1433.7741985954003,0.2948405505963444,,26741754401.0,19.079988698973114
1476,267542728,,4.88886,10.2521,2,1708.0884615696648,39.73536123534077,416.542893636592,0.3001976429598242,,26754272802.0,3.1179710575689663
1477,267576327,1.51,1.43773,10.2301,1,1734.3868436160192,81.72213101086207,42867.31285936752,0.2998002032430876,,26757632701.0,
1478,267612680,1.793,1.7247,10.0006,8,1817.617878903731,0.6041840420155938,6499.566344152455,0.0565309158481794,,26761268008.0,5.905105133909754
1479,267612796,1.614,2.49113,8.82842,2,1819.1345519407903,2.8656329011890835,683.8050440323624,0.1529060629377613,,26761279602.0,15.280844123116257
1480,267621102,,5.75417,10.4901,1,1819.1739410811729,1.9483172362353047,1749.0677356797703,0.2214163910445055,,26762110201.0,60.46986639209032
1481,267691572,,4.38596,10.4892,1,1817.9217913265568,1.3071144031892683,725.1607092060286,0.2239077949600156,,26769157201.0,63.44789916497984
1482,267694283,1.248,1.25666,8.54941,1,1822.587106707557,24.72689353866076,6515.948336035982,0.385439196144097,,26769428301.0,
1483,267812474,,,6.7865,1,1822.4013611088683,8.58182635104316,430.1852943972038,0.2146231059222743,,26781247401.0,20.523069985163783
1484,267812474,,,6.7865,2,1817.944505789925,8.58182635104316,377.31618782908544,0.2143791094804311,,26781247402.0,46.28283753943947
1485,267818528,1.129,1.51561,10.2402,1,1819.327838026011,3.22332579877085,757.3552109647648,0.2892784374667219,,26781852801.0,14.095882533426723
1486,267900270,1.473,3.80235,9.50574,6,1818.9293185492545,2.662128329039494,2123.021463931444,0.2324772394257516,,26790027006.0,10.402831393296484
1487,267904889,1.95,4.30246,10.0274,1,1818.859561484487,4.616196057871962,2500.317151705263,0.1365035949227501,,26790488901.0,40.263403969254405
1488,267996883,1.758,3.42065,9.60117,1,1817.8610760853792,4.064639721198812,1504.845239307384,0.4100007361585233,,26799688301.0,76.5637878115592
1489,268000816,2.259,2.4218,10.049,3,1817.898894462158,1.108552711444005,4663.388154913716,0.9437574157637362,,26800081603.0,20.809222256989973
1490,268003106,,,10.3193,6,1817.634045817579,0.3557099303280245,3304.862439861672,0.0439493140561983,,26800310606.0,
1491,268003807,1.53,2.01138,10.4208,2,1820.5542886925527,4.352096821876359,529.3907473365688,0.2018523826936728,,26800380702.0,14.774533153607644
1492,268170116,2.72,3.12934,9.2588,1,1833.922561176772,17.04224967713712,1214.527362942825,0.4694907154234886,,26817011601.0,18.92921910240561
1493,268172959,1.236,1.2552,8.89791,2,1821.136355767893,23.47879272636958,12110.98024350506,0.1120363233982492,,26817295902.0,
1494,268175197,1.802,2.13627,7.58749,2,1818.733969201576,1.589798935719881,134.75198514872207,0.1699836188940301,,26817519702.0,18.818154997780603
1495,268278403,2.3,4.18354,10.0692,2,1821.1352312570727,4.350462235839097,1361.750966755593,0.1251683502162502,,26827840302.0,40.695245216685606
1496,268286024,1.434,2.20162,7.98598,3,1818.1283330182475,1.6525086072540418,1030.4522746586524,0.3408176124360364,,26828602403.0,11.047356061488635
1497,268319545,,8.67816,8.492,2,1711.3436273822197,27.95017169825952,362.2509025907034,0.1743731975201832,,26831954502.0,11.51426470188493
1498,268321917,1.558,2.31052,9.19054,1,1694.1029134134642,30.903055420536305,228.7905783447612,0.419524632390557,,26832191701.0,8.380689362960338
1499,268334473,1.031,1.00422,9.52636,1,1818.071600295664,16.73725322471863,991.8177735078974,0.2217983305659296,,26833447301.0,4.844080161154012
1500,268403451,1.139,1.5269,10.0521,1,1793.9151156156693,2.8640879779257205,9534.815504665545,0.1302877906132216,,26840345101.0,3.338872591031566
1501,268403738,1.347,1.44392,8.88791,1,1792.097825875877,0.8315511267681445,1394.0178346821597,0.1328538015115709,,26840373801.0,57.06481938285846
1502,269291226,1.402,2.04679,9.01629,1,1817.9541429379549,1.3794818071787505,377.5979270453414,0.1847424984585148,,26929122601.0,72.398293884285
1503,269291226,1.402,2.04679,9.01629,2,1818.645768655108,1.3794818071787505,428.0889257295812,0.1705792950574871,,26929122602.0,72.51688103655157
1504,269295535,,,9.9623,2,1817.5755901658915,0.6116026692547895,16519.839978419328,0.1238765556117749,,26929553502.0,4.192503784599059
1505,269296940,2.85,3.32832,10.0024,2,1818.515937582065,6.118198143485538,6094.99958981193,0.2406797321364057,,26929694002.0,18.050738021592025
1506,269296951,2.535,3.34322,9.37441,2,1818.472613602769,6.118394658518933,3175.736764092434,0.245078820172992,,26929695102.0,8.789513734292932
1507,269596928,,11.7216,9.4844,1,1683.8073564288306,0.3684414449403019,114.54446686877176,0.3683095565332674,,26959692801.0,24.07845856381527
1508,269696430,1.75,1.6258,10.2369,2,1684.1198668864497,1.4894150815025826,2581.425775625631,0.1341650353863903,,26969643002.0,30.15065854770905
1509,269696438,2.6,2.86687,8.725,1,1684.0406905357308,2.979019880889357,9943.293603601418,0.1683942565889427,,26969643801.0,51.39361454170247
1510,269701147,0.95,0.920435,8.2929,1,1715.3466250787426,8.880390614408176,1237.5890543497103,0.1356690828100896,,26970114701.0,4.870981948281425
1511,269701147,0.95,0.920435,8.2929,2,1726.0073361796524,28.581181167556984,823.7301172721889,0.1965811886116874,,26970114702.0,20.849086936303298
1512,269701147,0.95,0.920435,8.2929,3,1743.5776709004977,38.35089608957939,676.8284411059335,0.2325859332105214,,26970114703.0,13.331012680684326
1513,273355277,1.38,4.19252,7.4937,2,1820.628115664724,3.112707762558419,295.7810178620014,0.2860884651981294,,27335527702.0,1.4863756719683
1514,273359417,2.328,3.64139,10.1092,2,1817.969054754938,1.919862380500232,1217.3334221642217,0.4730270478063271,,27335941702.0,19.065626222101688
1515,274838623,1.045,1.68826,10.3831,1,1791.8540251698782,1.4995927086617726,414.0128482071802,0.1927413951917301,,27483862301.0,39.75936333952027
1516,274954711,1.143,1.18679,9.82682,1,1792.4226323049593,1.5348044296347207,864.4923532962706,0.2021778640316364,,27495471101.0,55.5685355280315
1517,274982669,2.06,4.18573,9.8969,2,1795.6252383139783,5.251985909226025,637.7306795810417,0.3878976651703688,,27498266902.0,2.993383701876387
1518,275056789,1.31,3.72229,10.3777,8,1791.5998480035364,2.6436762701941823,1380.5594697328647,1.7493297262964946,,27505678908.0,
1519,275136087,,5.16115,9.354,3,1791.5923098300602,0.4263594086932799,4765.870410430892,0.1242219282915979,,27513608703.0,
1520,275148372,,10.7074,9.4792,1,1808.6216914477848,19.0331898076826,970.6697928318096,0.1729237940514846,,27514837201.0,
1521,275187599,,11.2419,10.4297,1,1791.6562792484503,0.3407487420905522,163.90405910682148,0.3406269479169807,,27518759901.0,
1522,275192542,1.309,1.4691,10.4471,3,1791.932320996278,0.6705316423688629,2830.790868381452,0.1160548324204861,,27519254203.0,40.78595309965634
1523,275192542,1.309,1.4691,10.4471,4,1792.2511701919718,0.6705398595328459,2788.64827235054,0.114997347511141,,27519254204.0,39.68694929530372
1524,275193099,1.97,2.42834,10.2754,1,1792.3321983961682,1.0078915835166466,151.37155196236236,0.1992385819686192,,27519309901.0,20.051258916362713
1525,275262087,1.97,4.00701,9.2961,2,1793.2643608847668,2.2395135586176886,299.1884869693602,0.2633069074057683,,27526208702.0,18.198297480949513
1526,275364036,,12.0874,10.4847,1,1792.694912024099,1.269487952946766,246.17066685543327,0.1853106783724943,,27536403601.0,21.142698139853298
1527,275366134,,12.5324,9.6616,1,1794.4419936947934,7.792109855941589,373.8507519776498,0.145940777989157,,27536613401.0,19.339537426587725
1528,275460226,1.164,2.28031,10.2728,5,1792.046520235769,1.0692931205041805,461.2371255105668,0.1891201049388212,,27546022605.0,90.32103049820441
1529,275463064,3.17,3.71047,9.5488,2,1792.2432448060545,1.900362013235355,1918.7981737990035,0.282183868596745,,27546306402.0,4.4241535520807895
1530,275635324,,,10.478,1,1813.070884302407,24.077304253492137,70504.9035295624,0.2368886256765439,,27563532401.0,
1531,275635324,,,10.478,2,1804.922871730009,24.078007238722112,48384.51291505309,0.1673711815429672,,27563532402.0,
1532,275704144,1.326,2.09749,9.55375,1,1803.756935500294,25.754126010130737,14030.110510199933,0.2539684907735002,,27570414401.0,
1533,275769970,,13.0591,9.9782,1,1792.38916245196,0.4901882250111268,570.3807097679627,0.1442396514822943,,27576997001.0,32.42370534271282
1534,275769970,,13.0591,9.9782,2,1792.1036105662536,0.4908475577984592,243.32535339653356,0.1046300680568275,,27576997002.0,11.456173412439458
1535,275770230,1.078,3.02207,9.07873,2,1792.4671151297712,3.358892417935296,1541.69266612952,0.2758280349779653,,27577023002.0,5.393577464524593
1536,275853561,1.748,1.70735,7.75679,2,1799.1265935613797,29.22263010274355,1176.029747554862,0.2345818756000243,,27585356102.0,26.732479241882668
1537,275905784,1.49,2.65634,8.55239,1,1793.2379896213315,2.236983550697383,237.05933791232587,0.3392113654024337,,27590578401.0,31.32508364940834
1538,275905784,1.49,2.65634,8.55239,2,1792.1827282201546,2.2324367305786934,136.9705904249262,0.2575323645249556,,27590578402.0,11.930207506691012
1539,276188503,,,8.1904,3,1833.935811289865,24.918274536211364,3491.50655332972,0.1471680480340376,,27618850303.0,66.4958216891383
1540,276230420,2.64,4.17285,9.6106,2,1818.3611046752528,2.586909762034085,410.0815515862933,0.3083816612394715,,27623042002.0,231.66113605314948
1541,278855378,1.13,1.06713,8.2956,3,1796.2131750338983,4.72248463050869,108.76263953925265,0.2386341528075679,,27885537803.0,73.53352083823742
1542,278855717,1.75,4.03551,10.0774,2,1793.5005627046758,2.077128718597104,257.34001405396174,0.2420305656551121,,27885571702.0,25.05843977207114
1543,278859617,,,9.0586,1,1795.0834072045627,4.041203036599463,1524.0021994280949,0.2520789260351494,,27885961701.0,16.69616508667903
1544,278859617,,,9.0586,2,1793.7620917808745,4.04119513336819,992.742132857783,0.2733968466015515,,27885961702.0,16.55725961543385
1545,278999262,,6.17389,9.6721,1,1807.9666657432024,24.69276062136264,1074.349016401805,0.2670887263758402,,27899926201.0,16.86913195237922
1546,279001492,,10.5494,9.8781,1,1792.201817176733,0.4401291177436154,437.1941713504393,0.1157545077414764,,27900149201.0,11.051263245492981
1547,279002554,,,10.3699,1,1797.7373351199658,21.721370749589298,699.0151826716235,0.2188613383046907,,27900255401.0,55.75814045804296
1548,279002554,,,10.3699,2,1808.1675243775933,21.71953245149427,680.1925589797117,0.59429676642121,,27900255402.0,
1549,279078000,1.091,1.80952,10.2532,1,1793.0686534054666,1.1428174500743713,585.6711496521923,0.2726313554962903,,27907800001.0,33.578475895180794
1550,279079829,,1.78969,10.4738,6,1792.3772451859595,0.3531454017649568,3563.371244840799,0.0414673456871167,,27907982906.0,4.139312089908696
1551,279079829,,1.78969,10.4738,7,1792.186937420112,0.3531425204082669,3158.914083690668,0.042501634054927,,27907982907.0,3.200131814224887
1552,279212407,1.227,1.72221,9.98272,1,1799.4332658717142,28.66220937499484,2844.5069506117125,0.1834579521519513,,27921240701.0,42.29519025719412
1553,279257592,1.528,1.52563,10.0713,1,1814.9036099937612,49.82792185984526,4586.947245989646,0.1478409135167429,,27925759201.0,
1554,279258908,2.641,1.69196,9.47862,1,1792.5882983876022,0.8654156638112156,140.10430736191137,0.1326252560442917,,27925890801.0,15.779987954224614
1555,279262080,1.09,1.52409,9.60434,1,1794.6348497003462,4.350989974252923,365.6073734393765,0.2338334425286247,,27926208001.0,102.79286674332862
1556,279462605,1.14,2.3922,10.4928,1,1817.0592333852328,4.801254850180035,14579.289830677428,0.152564303368938,,27946260501.0,1.3028035689816777
1557,279499686,0.959,2.39235,10.4107,2,1795.4682121353192,3.8118196504654094,144.76166582703772,0.8953251529793976,,27949968602.0,18.938439048170814
1558,279592635,1.108,2.51301,10.0786,1,1793.117751362696,2.2896248815760685,2158.7510670008683,0.1157727251987488,,27959263501.0,88.81804786201576
1559,279597300,,,10.201,1,1841.9771684036216,52.3787563347813,19444.06767510379,0.17149703823553,,27959730001.0,
1560,279716447,,,9.33,1,1828.2071505228616,22.163109002073845,1999.007462718801,0.1503067377366449,,27971644701.0,27.794321846991124
1561,279761356,,3.50719,9.5438,1,1767.3102497048358,2.0480186590016984,352.7249415450744,0.1349817502032205,,27976135601.0,13.577156824569474
1562,279846008,1.424,1.79227,10.0872,1,1792.5020711841903,0.6921523607790581,299.9147958241169,0.1220435067633624,,27984600801.0,46.929635310865116
1563,279847800,1.325,3.35697,10.3568,1,1793.224878775085,2.9778116233858185,11447.242636895297,0.1297288823353548,,27984780001.0,1.1759630805799783
1564,279847800,1.325,3.35697,10.3568,2,1794.70367057235,2.977856773439125,8951.470411533957,0.131482385253887,,27984780002.0,0.8964859230410239
1565,279877861,1.048,0.903432,10.4683,3,1802.8026939838269,41.38966184680246,3441.8241979551963,0.0765129198667348,,27987786103.0,
1566,279894397,1.78,3.85468,9.6568,3,1767.9399000090566,1.9818887337315296,1429.6803133376116,0.4003309875425191,,27989439703.0,7.5126521390716645
1567,279980938,1.457,1.69345,9.31106,3,1683.9396374445807,0.6815132753405507,1203.0743157600402,0.1392693339300073,,27998093803.0,
1568,279980938,1.457,1.69345,9.31106,4,1684.280398582854,0.6815132753405507,1175.8915513215254,0.1372707061304067,,27998093804.0,
1569,280033918,0.971,1.8453,9.45844,4,1683.907485884229,0.8363262088594026,30561.6863104661,0.1007414182481087,,28003391804.0,71.50175201393596
1570,280074267,,,9.9038,1,1777.1245628055906,305.5935268057789,19378.70044823833,0.2219042836270397,,28007426701.0,
1571,280128287,,8.25832,10.4228,1,1817.5935712107212,0.3649596978263718,384.34317159488097,0.0799129406495337,,28012828701.0,55.05536433560557
1572,280323140,,11.0543,9.5148,1,1792.7884981762534,3.314407282851452,988.8451335495488,0.1317751157801913,,28032314001.0,24.23375678305648
1573,280463016,2.52,2.43991,10.497,1,1818.4510478806912,1.1368135279277125,963.6097926255428,0.2359537979784562,,28046301601.0,174.75753400970748
1574,280463016,2.52,2.43991,10.497,2,1817.9255206292796,1.1367688000392715,940.935632311184,0.2255143884339522,,28046301602.0,16.25749119813209
1575,280467037,1.25,1.68627,9.79736,1,1794.22607790835,2.315237735256494,2923.029884334249,0.2017518801220661,,28046703701.0,73.90582624402943
1576,280467854,1.481,1.67566,8.75778,12,1815.435846538849,28.03312581907218,4205.780110792246,0.2068457911377448,,28046785412.0,
1577,280570665,1.295,1.40558,10.1036,1,1814.6988642388555,45.19211868398704,42292.96141056893,0.2630001597408823,,28057066501.0,
1578,280627094,1.214,1.83569,8.97491,1,1792.6950147714451,2.5704197051067488,408.3384216606207,0.2697852151620157,,28062709401.0,22.192129161985
1579,280806973,2.667,1.99874,6.96064,2,1818.2691244237024,0.629712628177301,659.9395078533497,0.6292546861367951,,28080697302.0,
1580,280883561,2.108,2.20266,8.78805,2,1984.5518260241456,0.992151298274232,467.0327639793288,0.0929528209000744,,28088356102.0,8.874552126927012
1581,280883908,,,10.2634,1,1984.9125529410996,2.623980468643254,43750.01961224109,0.2383296839498724,,28088390801.0,3.2424946142618247
1582,280885062,,,9.58,1,2753.836315387481,26.13880153992323,24148.79355863741,0.3262985849310201,,28088506201.0,
1583,280935810,1.74,1.86937,10.3143,1,1854.9666409637557,39.06057366602851,12870.886117481805,0.3039612616722202,,28093581001.0,
1584,280977563,1.996,3.57163,6.78696,1,2913.3647904532986,2.3660915664424182,84.55611738982171,0.4074520719897097,,28097756301.0,4.143135713701696
1585,280978399,1.491,2.11286,9.05545,2,2913.185527891192,2.335554566007189,14858.557012907784,0.1932382557390541,,28097839902.0,10.129848899960528
1586,281114299,1.133,1.04993,10.3373,1,1819.1457535058328,2.965689001303322,25026.017734044937,0.07541274201769,,28111429901.0,8.62825707467251
1587,281114299,1.133,1.04993,10.3373,2,1817.774324510872,2.965689001303322,6562.207287012076,0.0827049387125064,,28111429902.0,10.690582436630647
1588,281114303,1.471,1.33005,9.42143,1,1819.152962895602,2.9656690365308824,9886.314022497205,0.0826768324216384,,28111430301.0,11.507742321202462
1589,281114303,1.471,1.33005,9.42143,2,1817.7631633081205,2.965720248223183,2808.285552189732,0.077047070432475,,28111430302.0,8.49060169157555
1590,281115879,1.36,2.30329,10.1904,1,1817.7386787920764,12.570842210331495,430.3331417425838,0.3884853264803738,,28111587901.0,23.08763616767868
1591,281190157,1.084,1.27152,9.85547,1,1818.4423777409288,2.415364494684244,263.7511415322842,0.191994630924848,,28119015701.0,26.68716266780806
1592,281190157,1.084,1.27152,9.85547,2,1823.2530328513135,21.596769534844004,1531.183049563809,0.2488371856272719,,28119015702.0,
1593,281279497,,3.15559,10.024,1,1820.0560568782555,6.633575282682276,4123.3252094986665,0.1286009911450084,,28127949701.0,3.6705587338331407
1594,281279497,,3.15559,10.024,2,1820.0402638921312,3.316714285731052,1325.6343506017463,0.0859473715816706,,28127949702.0,21.741976964556127
1595,281485916,,5.40494,9.2785,4,1817.278483415278,0.395040827763883,1925.497327315204,0.0877029402421043,,28148591604.0,
1596,281486906,1.614,1.9458,9.98956,2,1817.8755490579983,1.7314235533031888,4370.163007905486,0.1374896112717644,,28148690602.0,16.616994549989307
1597,281602898,0.888,0.896173,10.3738,3,1828.2729487728625,13.501149021321192,57818.09369465398,0.1113161088691656,,28160289803.0,39.586674893469024
1598,281606397,1.072,0.993214,10.3454,1,1833.824636458256,25.339371468267498,4755.041999472402,0.1994070064996823,,28160639701.0,
1599,281694357,0.98,0.875635,9.1301,1,1817.9603493306504,1.87281485049694,522.8403416501271,0.1571440174634082,,28169435701.0,79.97473191087207
1600,284115376,1.67,2.77133,10.4109,1,1818.5261793751204,1.226927931285264,12996.464402928266,0.1855815791207948,,28411537601.0,1.814064024420144
1601,284117962,1.54,1.60473,10.0889,2,1817.365320446632,0.8490278509785774,580.9750272646709,0.2143456269189929,,28411796202.0,16.511446980087648
1602,284191344,1.45,2.24662,9.9553,1,1683.7910428505231,1.42658304731082,136.58699978644984,0.3529613944433257,,28419134401.0,4.2561998747127285
1603,284359742,,10.3607,9.4132,1,1702.5054553836485,21.49524684087964,773.94533272983,0.2096147543471983,,28435974201.0,50.173808336978155
1604,284359756,1.5,1.46305,10.3281,2,1702.5002802164802,21.495133877080782,647.1974149158538,0.1976793684420882,,28435975602.0,68.35932495170964
1605,284360156,1.91,1.76834,9.6338,1,1693.5617947295684,31.345239991511924,206.09854424828717,0.2933678123633864,,28436015601.0,23.0135641104658
1606,284564230,1.38,1.6613,10.2182,1,1684.2835586759545,12.977112066427154,996.7488750102352,0.2077987161438433,,28456423001.0,14.711185019814309
1607,284665542,1.89,2.28251,9.1548,2,1817.4088484573008,1.361493806032997,161.42070554711407,0.1733499523742173,,28466554202.0,27.050753819685667
1608,284751025,1.42,1.51329,7.1928,1,1818.0132954933076,1.012539788056397,68.40445935089204,0.0986720055774243,,28475102501.0,23.33833837755692
1609,285304019,2.7,3.70588,8.8311,2,1817.883878540297,1.5279014171112677,393.2173740588824,0.2552691897684134,,28530401902.0,19.916544775267873
1610,285306502,1.07,1.47622,7.5814,3,1817.916218231613,0.747182443328291,121.24659054710686,0.1196994567695463,,28530650203.0,16.578170869414695
1611,285414142,1.636,3.65925,9.77438,1,1820.5886440302472,3.26943433313,4755.490540852189,0.2219173836630243,,28541414201.0,61.1922905680441
1612,285414142,1.636,3.65925,9.77438,3,1819.115140119292,3.2690090066871047,2883.4745555815243,0.1972624310671171,,28541414203.0,60.50973377844703
1613,285414869,1.098,1.03463,9.30641,1,1818.4300765220955,2.779669980771043,20794.78665782408,0.0852433838511503,,28541486901.0,1.826141612574868
1614,285414869,1.098,1.03463,9.30641,2,1818.381892151987,1.389885146661504,3146.211883053414,0.0589139269146684,,28541486902.0,11.836941572064577
1615,285417411,,8.84636,10.2371,3,1824.6496198084376,25.00655489503444,1461.8073000314223,0.3762140132162963,,28541741103.0,
1616,285674485,0.8,0.780293,10.4534,1,1792.4078595474011,1.4471479191577017,5917.091264982924,0.2327342714078508,,28567448501.0,111.39808024945607
1617,285674856,2.06,1.80159,9.4883,1,1792.573891319618,1.7450408559656965,924.964092526352,0.2285225831647609,,28567485601.0,5.956717796106609
1618,285796746,,,9.5604,1,1802.700711211624,51.39075375132308,162248.94272120838,0.5465634867721868,,28579674601.0,
1619,285796746,,,9.5604,3,1802.3964218733645,14.022854216918969,55709.08348028778,0.1054106313536775,,28579674603.0,
1620,285864517,1.023,1.44541,9.75156,4,1792.760708204473,1.5563216724177866,478.41637653987374,0.3309829228553998,,28586451704.0,15.481437273335635
1621,285874398,1.346,2.276,10.4481,1,1792.0808867748644,1.0014682770376493,382.30369664908034,0.1827574908829277,,28587439801.0,16.81118918072984
1622,285908332,,10.9441,10.2343,2,1792.2913906709914,0.5937279621186441,496.0098573512354,0.1238076725286922,,28590833202.0,9.961013929670358
1623,285913870,,11.378,9.7884,1,1792.2186352531714,0.8028730834410096,355.168361830723,0.0615199123276158,,28591387001.0,23.934869514411623
1624,286105832,1.058,1.63775,10.3445,2,1819.3327857761176,3.049794819374241,697.7941812747857,0.3149342121979036,,28610583202.0,85.56243935503703
1625,286125783,1.684,1.97089,10.0273,5,1833.5133914957908,49.826929563618776,14106.55033992435,0.151296319572263,,28612578305.0,
1626,286218898,1.015,1.19022,10.3478,4,1792.115786110773,5.240897264113164,690.3002311214768,0.1190113117745188,,28621889804.0,18.752273922705182
1627,286284432,1.08,1.11574,10.1317,1,1828.420285617074,13.744950713853354,6089.372454672741,0.1169577031230535,,28628443201.0,193.29738260825135
1628,286290595,1.94,2.6473,10.3939,4,1818.33276839836,1.6061705080210082,1923.2543419974584,0.1402246812511765,,28629059504.0,16.391042238885756
1629,286290596,2.16,2.60212,10.3734,4,1818.1468590738243,1.2994526758903204,1521.3626926266618,0.1253959036078238,,28629059604.0,18.997624127112896
1630,286321911,1.301,2.36522,9.38903,1,1818.415761175076,3.1802214214486653,250.6435672100257,0.1396880708424055,,28632191101.0,94.05331237564582
1631,286323890,1.183,1.47138,10.1545,1,1801.6542578333415,14.032977616730673,3180.417278274233,0.1702733259780708,,28632389001.0,96.61516711780195
1632,286324583,,2.26842,9.8505,1,1792.909174459793,1.1729019862789862,18432.75228499701,0.1598168663921582,,28632458301.0,1.5546499554954485
1633,286324583,,2.26842,9.8505,2,1792.3464018754732,0.585702646280478,3989.1912465392375,0.1575155722921294,,28632458302.0,8.322057007803242
1634,286405674,,,8.856,1,1792.0613785125015,0.5395287693370436,225927.94918797945,0.2728178913285525,,28640567401.0,1.0256586274905164
1635,286405763,1.3,1.86388,9.07602,3,1793.118476993257,1.0736144592897414,105.6448540381324,0.265959559475537,,28640576303.0,239.67094061552694
1636,286405832,0.825,0.831931,10.3222,1,1802.0678101744195,14.029160082309245,19159.115865835272,0.2684961442682299,,28640583201.0,97.11852529226843
1637,286412671,1.316,1.26246,8.97844,2,1799.1188941346677,36.102420739697706,574.2515163654674,0.1775951337543365,,28641267102.0,14.95646833596364
1638,286472423,1.036,1.64986,10.4865,5,1792.2910039943454,0.7675885146105266,794.2863639231288,0.0964287191972292,,28647242305.0,179.46511024796746
1639,286560541,2.038,2.00165,9.94858,2,1817.6090495740648,0.6909745746742213,239.9094210611103,0.1632681311037977,,28656054102.0,11.094505600768468
1640,286561122,1.66,2.97877,10.2674,1,1818.6591502645736,1.3581027267272714,700.485684991936,0.1574299083879315,,28656112201.0,8.279323949652525
1641,286561122,1.66,2.97877,10.2674,2,1817.9506592515509,1.3581456500639415,700.9005160246148,0.1249348239565872,,28656112202.0,17.26346926651314
1642,286561401,2.69,2.19707,9.92016,3,1817.8506495735387,1.1034983424079237,1627.5189127493973,0.2221485239118358,,28656140103.0,8.599689436093419
1643,286564085,0.421347,0.426775,10.2815,5,1817.478657424644,0.2563399620848053,132.02036668938825,0.0881629562005277,,28656408505.0,93.08155225058347
1644,286566741,1.461,1.79166,8.75786,1,1793.3954208058603,2.19519162170866,528.8101561291652,0.2208465943423245,,28656674101.0,16.04603052655668
1645,286574033,,9.20508,9.05278,1,1792.350835095663,1.0436038091007194,164.04589941217418,0.1308030327030364,,28657403301.0,19.29747852105876
1646,286600354,2.284,2.13179,10.2476,1,1818.2925297066483,1.340164132456602,940.7613511973166,0.1560739398337323,,28660035401.0,63.841114098898075
1647,286600354,2.284,2.13179,10.2476,2,1817.652128637469,1.340130037255986,526.7077395316924,0.1988983029273692,,28660035402.0,64.05998558595425
1648,286622217,1.174,2.01594,9.65426,2,1818.399613436015,1.3719965067659914,333.5063134653521,0.3209935088230156,,28662221702.0,28.331116765365266
1649,286686060,,11.062,9.40225,1,1817.7271027333625,1.1717303979002434,249.2122278930824,0.1248145701266126,,28668606001.0,108.43999490042367
1650,286697120,1.38,1.33737,9.58469,3,1817.939348589321,0.8544259642665789,251.052446822981,0.1246629150854714,,28669712003.0,20.931072608301275
1651,286703464,1.626,1.93662,8.83901,2,1816.931250056489,4.346093776123672,4524.243652198601,0.1702315070910195,,28670346402.0,6.559060931031876
1652,286780523,,12.318,10.0598,1,1817.608028283837,0.7497633836069997,260.9640404732208,0.128833507937641,,28678052301.0,19.05158543761459
1653,286802585,1.604,1.60878,9.23548,1,2911.8827814655265,0.6616755358690702,811.7797736278407,0.1740890323250089,,28680258501.0,35.66951161462763
1654,286845802,1.029,0.987889,10.1982,1,1827.875804208296,12.757021473313356,1099.1910773876746,0.1278777663158823,,28684580201.0,14.732330230441944
1655,286845802,1.029,0.987889,10.1982,2,1821.031929154624,12.975973942899602,686.4409739077901,0.5889061181060505,,28684580202.0,17.589590696145923
1656,286845975,,3.7008,7.95597,1,1819.2442173274385,2.451533801960716,139.9179271543183,0.1126303281622125,,28684597501.0,24.014452766030853
1657,286905597,,11.1541,9.3558,1,1817.378676239502,0.9906963339351216,249.2434877511363,0.2101622595455527,,28690559701.0,20.639334868585433
1658,286906724,1.46,1.39218,9.5582,1,1817.9370881039092,0.8017863853892552,263.3137141282012,0.0940220067812124,,28690672401.0,2.5720703857372547
1659,286921642,2.221,3.29272,6.34698,1,2912.555676409821,1.676395969731097,547.58035490155,0.2754775378771775,,28692164201.0,23.470256966075336
1660,286951633,1.394,1.24887,10.4781,1,1817.589602658714,3.0201208173660743,4959.131993807246,0.1356773732530399,,28695163301.0,50.26763267586111
1661,286951633,1.394,1.24887,10.4781,2,1817.5784321277083,1.5100768497045218,779.3358437520827,0.1624334664995942,,28695163302.0,20.12320547545219
1662,286954430,1.63,1.95278,10.4776,2,1836.2110709714796,19.538702301785232,8139.079662251143,0.2618912211513963,,28695443002.0,106.2777253942279
1663,286954430,1.63,1.95278,10.4776,4,1833.9023089865173,25.959812529275364,11063.859648136318,0.2315829818963424,,28695443004.0,
1664,287007874,,10.9365,10.3247,1,1817.7739413401816,0.4439975173192194,332.2476326345241,0.4434729193018661,,28700787401.0,20.195658741152343
1665,287011654,0.976,0.867783,10.4645,1,1817.9856534397063,0.85780074436151,265.1069778088769,0.10207465909893,,28701165401.0,18.928228774172
1666,287059426,1.35,1.44109,10.1664,1,1817.5368144761144,0.6357445399632626,343.8617557830419,0.1927393983590711,,28705942601.0,18.46658192142412
1667,287061169,1.43,2.19825,10.2568,1,1817.863040698595,0.9478765435168712,197.59357955647832,0.2426645915635922,,28706116901.0,20.97529762523953
1668,287063489,1.023,1.79148,10.0802,1,1820.0164822667991,3.147319943903977,3321.6341309345376,0.1017180963815748,,28706348901.0,36.42377161926389
1669,287068626,1.193,2.14747,8.58671,1,2913.528845376243,2.9985470932115303,203.2936154704656,0.3918321750563843,,28706862601.0,22.589766107807698
1670,287080092,1.152,1.26841,8.80616,1,1733.5968335884306,37.47003191307937,413.57747199555394,0.3728296229757961,,28708009201.0,17.95883446950381
1671,287139830,,2.76571,9.0993,1,1683.942164492505,0.6000537088610851,73.86249849003327,0.6000150870020327,,28713983001.0,
1672,288182795,1.158,1.78203,10.2865,1,1685.6714749095852,3.070858256658372,4053.227413213916,0.1945806312758181,,28818279501.0,22.471035999095584
1673,288185138,1.149,1.24389,10.402,1,1683.804485055101,0.8352535407315854,2117.5899635874825,0.0677600782609884,,28818513801.0,11.970979883319112
1674,288268259,1.44,1.84545,9.9727,1,1684.574960643759,91.35905749764872,9755.519999078508,0.5686730168941381,,28826825901.0,
1675,288312840,0.71,0.750573,10.3514,1,1683.9550861292391,0.7588059512677232,47179.025445199535,0.0512256506158154,,28831284001.0,4.762925996522138
1676,288316797,0.85,0.752837,9.6183,1,1738.328898850583,103.98158005564606,4141.560226374797,0.1607431159994771,,28831679701.0,
1677,288317543,1.25,2.58699,10.3658,1,1684.289917908975,1.5183937288245084,2372.206344256657,0.0460199106549786,,28831754301.0,8.505435728005695
1678,288317543,1.25,2.58699,10.3658,2,1684.636427770463,1.5184351450921674,1507.8317791232564,0.0617419440407659,,28831754302.0,6.735908511914516
1679,288317543,1.25,2.58699,10.3658,4,1684.954853127969,1.5183937288245084,390.813456449712,0.2412167338465178,,28831754304.0,19.127833169869362
1680,288317543,1.25,2.58699,10.3658,5,1684.0999281269278,1.5183937288245084,2217.132736475978,0.0505671326561137,,28831754305.0,8.345982764166042
1681,288317543,1.25,2.58699,10.3658,6,1684.479668425167,1.5183937288245084,2215.8074302895548,0.0523709492497572,,28831754306.0,80.88114333118573
1682,288317543,1.25,2.58699,10.3658,7,1683.720448696392,1.5183937288245084,2189.919198886591,0.0515613104834685,,28831754307.0,7.026818436502149
1683,288346777,1.49,2.04803,10.2613,2,1684.632834610519,1.3765568599536833,16603.608894819503,0.1165201162514325,,28834677702.0,3.290957918264293
1684,288380002,1.224,1.27512,10.4594,1,1737.8671531688851,104.00761865488396,27165.197987121654,0.1705278650967346,,28838000201.0,
1685,288391628,1.217,2.92296,8.36544,1,1692.2138064968156,10.927069762714918,2036.3472063733136,0.2096929537838702,,28839162801.0,3.2175579426390404
1686,288507797,1.803,1.64396,7.73547,4,1684.1116542399554,0.5219473984330326,923.0594279842026,0.2982044066554224,,28850779704.0,
1687,288510700,1.17,3.2746,10.3342,2,1684.3113106260876,1.9500214314181,2374.5594776826697,0.468169290568814,,28851070002.0,37.39779581669361
1688,288602429,0.98,0.771856,9.0997,1,1744.2077465711648,97.20499260083344,1631.412161488987,0.1718626496246507,,28860242901.0,
1689,288632704,,5.93658,10.371,2,1732.5471608993994,124.99077642848036,1853.4817560489305,0.1931264452948181,,28863270402.0,
1690,288634948,1.237,1.50258,10.288,3,1738.0561043364464,103.99562155095025,5318.381147928719,0.1145374390294961,,28863494803.0,
1691,288635686,1.19,1.66802,10.499,2,1683.9251267544776,12.069234369903455,39178.39126624839,0.282396100241557,,28863568602.0,7.998611198453913
1692,288635871,0.98,0.779534,9.2972,2,1745.3278982833526,97.1331174952339,6692.2566348085375,0.1966074385942273,,28863587102.0,
1693,288739095,2.9,4.44079,10.0768,3,1819.0662890234487,1.8744536973299304,2688.882166478276,0.3413404770852621,,28873909503.0,19.904020474555328
1694,288800620,,6.10129,10.4538,1,1818.933775145549,1.873450491305384,574.4736675648589,0.1502445474443388,,28880062001.0,22.465981500340014
1695,288806750,1.64,2.04232,10.4993,1,1829.0109965631996,13.514149307256323,2482.1200732441857,0.397790747241745,,28880675001.0,52.41836580697214
1696,288855848,1.176,1.22529,10.0448,2,1792.269948883739,6.198793799545735,1228.875934461081,0.1625344382325585,,28885584802.0,44.89795501710128
1697,288855848,1.176,1.22529,10.0448,3,1795.4792655788146,6.198927584836012,853.763145394746,0.2179170576444413,,28885584803.0,33.00735566518423
1698,288855892,,8.03647,9.4264,1,1792.495244945672,0.7900421952396797,369.5797888919319,0.1100578889916439,,28885589201.0,98.7573078447678
1699,288859591,,16.6151,9.4546,1,1792.3600534402829,1.3661640133828017,249.55254761418047,0.1480655671840288,,28885959101.0,18.777391225233306
1700,289044412,,5.07562,8.2762,1,1809.253885787476,24.849281946383478,4621.331218287428,0.2817669465291742,,28904441201.0,102.3926724897794
1701,289087681,1.619,2.43455,10.4529,6,1792.0793046572585,1.017720030233451,343.26805227329936,0.0784952721968424,,28908768106.0,
1702,289089035,,9.47941,10.4972,1,1792.1551785295635,1.0061432223968465,216.33690446930729,0.1981124712360239,,28908903501.0,24.598779041350237
1703,289089477,0.965,0.873658,10.0966,3,1791.9141318083068,0.3254196343499275,150.28816347421892,0.0963519485706974,,28908947703.0,19.737282711964166
1704,289095474,1.88,1.8814,10.2677,1,1791.933023923693,0.857372769713375,29669.82578893552,0.09474642067487,,28909547401.0,3.1827836187926684
1705,289095474,1.88,1.8814,10.2677,2,1792.4056923596772,0.8573469431504593,9919.244854140685,0.1132770246169434,,28909547402.0,2.9321624030790434
1706,289137630,,3.21413,10.4174,1,1791.6015066520372,0.5015890799775065,193.503676175486,0.5005479381642499,,28913763001.0,7.574828700526216
1707,289137932,1.146,1.17398,10.489,1,1795.9772390502617,9.812374786250617,922.766014350733,0.1808377793079999,,28913793201.0,81.18261219006457
1708,289137932,1.146,1.17398,10.489,2,1800.6919754749972,9.812136460817438,586.3124420921278,0.1454064343323683,,28913793202.0,81.11394211145266
1709,289206058,1.016,1.52224,10.3261,1,1794.228064692744,4.393057355135418,32070.987977960016,0.1050901608697492,,28920605801.0,3.123101550855186
1710,289206060,1.027,1.44162,10.405,1,1794.2236604441289,4.393071267726718,34468.083185961805,0.1024708795052965,,28920606001.0,9.45675095012697
1711,289358330,1.511,3.42832,8.24989,1,1792.4511875620249,2.0611963777826805,147.3998002376652,0.2293801082185866,,28935833001.0,20.140880329007214
1712,289450711,1.15,1.81219,9.40451,1,1859.67467962602,49.801233038837054,17044.946599876566,0.2626404634377335,,28945071101.0,
1713,289450956,1.059,1.09269,10.3698,2,1819.5464051015608,3.8513748343012857,8077.920331500446,0.1166637130126221,,28945095602.0,9.929296926026348
1714,289539327,1.143,2.00656,9.92402,1,1692.370537573577,11.246490909115735,7576.1326383701635,0.3223957434253299,,28953932701.0,8.623275409262785
1715,289570559,1.241,1.2424,10.1754,1,1751.3727086470765,185.95444461856383,12571.143977734791,0.1380472165340105,,28957055901.0,
1716,289665564,1.26,1.49939,8.58403,1,1833.9016980691576,29.33740687335209,1656.146853649027,0.138736624748281,,28966556401.0,24.156566544424752
1717,289906351,1.208,1.86872,10.2425,3,1817.02412320131,0.7889332710083902,879.5665787496338,0.1700194207771659,,28990635103.0,
1718,289941103,1.54,3.62854,8.7932,4,1818.4567678902383,2.128430000019692,4602.36151494101,1.190981367832617,,28994110304.0,
1719,293567206,1.05,1.05926,10.4929,1,1984.224654226794,0.6856279792258773,806.1717736858506,0.0623225771595724,,29356720601.0,44.35961627053656
1720,293567206,1.05,1.05926,10.4929,2,1983.9026953622988,0.6856135329345481,356.4702673266323,0.0593110526797857,,29356720602.0,46.43676947231032
1721,297647075,2.432,1.92649,10.4015,4,1792.365358042977,0.8489927678042183,515.3034501294508,0.1132524229941217,,29764707504.0,20.36960122091958
1722,297647075,2.432,1.92649,10.4015,5,1792.796983401423,0.8489927678042183,449.4720217828274,0.1173887782475113,,29764707505.0,16.777751203174812
1723,297694099,1.833,1.51157,9.57392,4,1792.413366340188,0.4855416267531216,911.6376499540364,0.3025499225577266,,29769409904.0,
1724,297696978,1.0,1.04945,8.8756,1,1792.388766624485,0.6022027175456269,129.77125238826267,0.1319784108459123,,29769697801.0,84.09302093359221
1725,297696978,1.0,1.04945,8.8756,2,1792.0743303318452,0.6022121586893273,111.65778000947591,0.0889902997028146,,29769697802.0,84.2319905234086
1726,297775364,1.137,1.04674,9.41857,2,1815.8413560631589,28.06099856621441,3522.9188790131093,0.0841701281212565,,29777536402.0,69.8070579693485
1727,297899548,0.98,0.946052,10.4943,1,1820.4283710570412,7.971456999283346,3586.8280139320973,0.1377624170334421,,29789954801.0,137.16167178943772
1728,297899548,0.98,0.946052,10.4943,2,1823.5457706613352,7.971612476982825,2499.4337145092663,0.2820234645474712,,29789954802.0,136.72327257938258
1729,297899564,1.647,2.05183,9.44784,5,1823.6814613305744,7.971596324877272,28908.041644336627,0.1859685236532644,,29789956405.0,
1730,298412829,,13.8443,9.9022,1,1843.1439103653024,0.387255547695736,142.60794188927264,0.3872446440661879,,29841282901.0,
1731,298734051,,6.38377,10.4832,1,1683.6214838378205,6.267683640255204,3119.1443657348977,0.2613100815424853,,29873405101.0,1.2398162378858184
1732,298734051,,6.38377,10.4832,2,1689.5038378737531,6.267573134744076,2854.9027496051613,0.2656151461774924,,29873405102.0,70.1251581838585
1733,298735434,1.229,1.83451,10.3416,3,1683.506749201742,0.9437020400147708,284.3666858887609,0.1770306040584915,,29873543403.0,
1734,298735434,1.229,1.83451,10.3416,4,1683.977116467071,0.9437037042158868,295.2184505035792,0.1967686004021936,,29873543404.0,124.42672275134903
1735,299494754,,,7.01142,2,1766.89425040424,1.5970605217919855,5485.503797269083,0.1336886627237139,,29949475402.0,2.1840541429261155
1736,302555882,2.15,4.12007,10.416,7,1793.4542268040586,1.877560221618529,581.4750033097682,0.1524781668967601,,30255588207.0,
1737,302624371,1.57,2.37298,10.2648,1,1792.5744389006334,1.216484555357004,16007.33526811717,0.0817180109002311,,30262437101.0,65.224530625234
1738,302624371,1.57,2.37298,10.2648,2,1792.980047005128,1.216484555357004,15546.92650190184,0.0818237254801813,,30262437102.0,65.12531393193832
1739,302624371,1.57,2.37298,10.2648,3,1792.1380706395996,1.216512244373373,14734.10405045243,0.0923099921303926,,30262437103.0,66.14010846105217
1740,302624371,1.57,2.37298,10.2648,4,1793.1813168873844,1.216484555357004,4844.048697178963,0.0841943856600126,,30262437104.0,65.30343474545039
1741,302624371,1.57,2.37298,10.2648,5,1792.360325857738,1.2164940766303003,4827.162157557475,0.0824300919042568,,30262437105.0,64.04288219528148
1742,302624371,1.57,2.37298,10.2648,6,1792.7427711257203,1.216513927839029,4277.793454073018,0.0913650865647512,,30262437106.0,63.730428043116845
1743,302771617,,12.573,9.1431,1,1792.3102724257135,0.7888920191944366,566.504645632861,0.0690877895955734,,30277161701.0,24.33140268742468
1744,302773669,1.1,1.55106,7.6353,1,1809.05086358328,21.21681956069554,6510.095263960504,0.1404719683235411,,30277366901.0,
1745,302776369,,,9.65678,1,1792.484148489619,0.5462682393610733,1909.6983284156345,0.1201887415867069,,30277636901.0,32.83554014500205
1746,303256280,1.8,3.44321,9.0015,4,1818.4995734086,1.7594868814010851,430.4042028842393,0.2991813120047603,,30325628004.0,23.765983287585684
1747,305966257,,8.17,9.39787,3,1817.687302262203,0.4626491651524015,1688.048886918338,0.0965173592840957,,30596625703.0,20.29347247436649
1748,305966312,,12.8792,9.9508,1,1822.3725340677663,5.5816247474696175,791.112928296298,0.2402965090371287,,30596631201.0,229.22604220815109
1749,307484741,,,8.3513,1,1817.9130896698832,9.545713260676322,1964.865356535487,0.2429907976451489,,30748474101.0,76.13404504666504
1750,307484741,,,8.3513,2,1821.768447522644,9.546128514288592,1590.5286281326294,0.2322776549276871,,30748474102.0,77.270765623588
1751,307637131,1.373,1.8804,10.3975,1,1802.8377825592424,10.8404104176397,19955.2807602474,0.2942427287387293,,30763713101.0,101.71927862423223
1752,307637131,1.373,1.8804,10.3975,2,1797.4239332053448,10.840325490219367,5550.966900804152,0.2734240270316765,,30763713102.0,101.3696530611319
1753,309305768,1.95,3.61051,10.268,3,1817.5709199544804,1.8014234958885085,638.4513183176412,0.2429518144921543,,30930576803.0,22.77499502191081
1754,309305768,1.95,3.61051,10.268,4,1818.6068054492089,1.8440773632097025,830.845248324827,0.2581266416759618,,30930576804.0,20.845623593102147
1755,309310832,1.529,4.49292,9.75192,1,1819.9606099102216,3.8478547402473424,361.60997326168336,0.3684026101305133,,30931083201.0,16.83125406156892
1756,309416040,,5.19176,9.19546,1,1818.0696006497228,0.994431991568207,344.8314832473499,0.0549490413496107,,30941604001.0,19.975982260078673
1757,309420803,2.195,2.97409,10.126,3,1818.5659950999552,1.5525517349477531,966.89177658907,0.2654475633161401,,30942080303.0,23.142525930768443
1758,309494262,0.927,2.33655,9.01861,2,1817.470462398076,1.4718698653087872,452.92204661626425,0.1727305715196951,,30949426202.0,25.75960168940105
1759,309498139,,4.35952,9.79971,1,1817.600594610016,0.536378829116082,3568.849814384984,0.2094299313897874,,30949813901.0,47.51489338617713
1760,309600815,0.982,1.00657,10.42,2,1827.296781444272,18.475893586131157,15338.979930785135,0.2383760686800027,,30960081502.0,
1761,309687752,2.157,2.9416,9.17756,4,1818.7249113159844,1.271256352636221,461.4645055694136,0.108956730888476,,30968775204.0,
1762,309767778,1.474,1.95286,8.71363,1,1817.9926252890325,3.4352227759581617,262.7464322608543,0.3638631902996596,,30976777801.0,20.177838985251118
1763,310162414,1.4,3.20056,10.342,1,1819.4206283070432,2.275475554322853,2857.1033666537487,0.1245035642334674,,31016241401.0,3.9317984877191385
1764,310165804,1.428,1.45235,9.32872,3,1817.441780046728,0.7640765818938682,393.2542106949588,0.2635468658912818,,31016580403.0,24.171615262613823
1765,310241597,2.49,2.89252,9.9073,4,1818.0721277842736,1.038027754448285,878.2290814074024,0.2081783722899645,,31024159704.0,
1766,310836946,1.297,2.61401,9.80307,2,1817.2028577194485,1.3198825490414383,3087.582725645117,0.0943899280645283,,31083694602.0,4.521636724933507
1767,310836946,1.297,2.61401,9.80307,3,1818.1347453130988,1.3198263476539454,2985.228157395268,0.0952022635930576,,31083694603.0,10.88321298067008
1768,310836946,1.297,2.61401,9.80307,4,1817.9154957798764,1.3198263476539454,2715.901969297421,0.0964501500682493,,31083694604.0,6.204823075469836
1769,310836946,1.297,2.61401,9.80307,5,1817.0757016722655,1.3197893093963482,2066.9512531066007,0.1175879865774419,,31083694605.0,2.6234414108276893
1770,310836946,1.297,2.61401,9.80307,6,1817.475662323132,1.3198263476539454,2902.459722924353,0.0939362026125098,,31083694606.0,5.28650030118115
1771,310838627,,12.3104,9.4709,1,1817.3036583046949,2.02043436358454,364.9698909385836,0.2393289695550177,,31083862701.0,20.948155053109062
1772,313193981,1.355,1.43213,9.91029,1,1840.3574078104896,25.539610549417763,13694.160817491727,0.2816216948674692,,31319398101.0,36.107961847686866
1773,313193981,1.355,1.43213,9.91029,2,1823.610195331892,25.539610549417763,795.6448245590503,0.2061732351185451,,31319398102.0,37.012925086718745
1774,314592855,,,7.9516,1,1751.6919688601067,92.9496143057156,15983.93306303262,0.2408831081439784,,31459285501.0,
1775,314641859,,,10.392,1,1711.5352867505608,2.0544860029885124,4437.65023055049,0.2139956790165923,,31464185901.0,4.716374055074667
1776,314641994,1.51,2.65584,10.092,4,1717.7499053530355,9.585197340386598,541.1137703048356,0.2345627924977295,,31464199404.0,20.477918251147102
1777,315611780,1.082,1.28525,10.3097,1,1794.0891540700773,3.010271914982179,871.4802663797141,0.311107646242759,,31561178001.0,41.89544398052737
1778,315612969,1.718,2.42404,10.1893,1,1793.5074358278598,2.250126094124379,789.487861901101,0.112661203813672,,31561296901.0,180.03866683380554
1779,315622166,,12.3696,10.491,1,1794.0093532085148,4.423879181417064,662.5169746888051,0.2725467860743641,,31562216601.0,13.255787329883667
1780,315723179,2.55,4.0106,9.7301,5,1792.52208982412,1.8803055184989483,1693.2656385668454,0.331147331060437,,31572317905.0,18.60738741146357
1781,315728717,,,8.82,1,1792.9357093353233,1.1702407436823186,297921.80253781995,0.2386949540319458,,31572871701.0,1.6911975154019967
1782,315734888,1.6807997,2.32991,10.3818,3,1792.855243082069,1.1591908504464823,282.0926237156362,0.1976883480636081,,31573488803.0,164.68538642441771
1783,315829531,2.827,2.20123,10.2083,1,1803.2956303939527,13.029341722560714,3003.1466185497293,0.1964509465770663,,31582953101.0,12.156650443273975
1784,315932437,,8.29212,9.0071,1,1792.704719186955,1.0813289517145113,600.1931632192103,0.0799110788955831,,31593243701.0,3.318305302659644
1785,315932437,,8.29212,9.0071,2,1792.1068536861924,1.081385545048286,108.22281394603527,0.1836159652503608,,31593243702.0,22.421111392748113
1786,315933368,,10.4688,5.90262,1,1792.287939032039,0.5741696277350313,839.8716222718032,0.202745490583435,,31593336801.0,121.53499230189286
1787,315936984,,2.14262,10.446,1,1792.3394560421932,0.8104382137227272,23572.66520710524,0.1447472580192765,,31593698401.0,49.02678407420406
1788,316045876,1.084,3.09195,9.93516,2,1794.9389573753404,2.92715598966358,3979.144280759275,0.1922634453634908,,31604587602.0,180.1749987762847
1789,316050606,1.211,1.89367,9.88227,2,1792.7532356404606,1.0034161507620485,1140.3964797577828,0.289286338614225,,31605060602.0,8.476652444818804
1790,316254876,0.978,1.62756,10.3775,1,1793.1756623016263,2.461098347611824,1686.850636005822,0.1648882605943551,,31625487601.0,21.336787469675045
1791,316254876,0.978,1.62756,10.3775,3,1793.1697658056814,1.2305594165311775,428.4669232946404,0.1664032991221107,,31625487603.0,135.571769367805
1792,316321015,,,9.326,1,1797.4833053680522,5.849407387609708,15685.57712227708,0.1787467013346717,,31632101501.0,6.194032206645133
1793,316524784,,,10.0356,1,1792.5163659097689,0.979141157747716,22465.75270765341,0.1792701955013261,,31652478401.0,1.4095175268971445
1794,316524784,,,10.0356,4,1796.4707817069338,16.303882797358156,9556.285959939536,0.1673979846190128,,31652478404.0,
1795,316625551,2.75,2.08876,9.8273,3,1792.3328883414986,1.1163860222407265,127.58863502199056,0.2984447385354277,,31662555103.0,16.704778036322065
1796,316733305,1.487,2.2007,7.63302,2,1792.360566502642,1.2439449815408774,9716.884237720442,0.2998460984346641,,31673330502.0,2.8336135354430434
1797,316733305,1.487,2.2007,7.63302,3,1793.2461435926923,1.2438920617272418,11742.59249301239,0.3540025409710784,,31673330503.0,
1798,316839871,0.98,1.01368,10.3813,1,1792.2580561953885,0.414965679885753,305.17879315875655,0.1234801904388608,,31683987101.0,38.7749135334452
1799,316850381,1.67,2.67175,9.2592,1,1793.7191759175644,1.995360987188624,238.57083500274524,0.3329928049955559,,31685038101.0,19.114550754078703
1800,316959529,1.413,3.24132,8.95581,3,1792.923389697263,2.10674363403931,650.2920225192743,0.3407599271519534,,31695952903.0,17.253944186852074
1801,316959529,1.413,3.24132,8.95581,4,1792.297228065721,2.1128585826517017,560.1453721125703,0.3211136753864186,,31695952904.0,13.99859936302716
1802,316964106,,,10.019,2,1792.1679350552124,0.3484397716327697,49764.01244204328,0.1212793699692413,,31696410602.0,1.4446397079789546
1803,316964326,,,9.7456,1,1792.704463207838,1.7557105001057305,314.76708666378045,0.1477249877262549,,31696432601.0,12.205317285021486
1804,317015040,1.209,1.00624,10.2813,1,1785.123219084272,19.84808387816227,57015.717575200295,0.2143289409927219,,31701504001.0,40.52660952345409
1805,317015040,1.209,1.00624,10.2813,2,1783.3100915922057,19.84808387816227,37070.63453650943,0.2748689667196435,,31701504002.0,40.484222679780714
1806,317015040,1.209,1.00624,10.2813,4,1774.3712629338509,32.159036493009026,1427.0622582254614,0.2033585978801192,,31701504004.0,26.295252581315207
1807,317027914,,5.35038,10.0186,5,1792.3339105486994,0.3311463673812636,822.7612254844145,0.0495010425224555,,31702791405.0,1.9983903105359937
1808,317031893,1.105,3.31962,10.2873,1,1792.5381048031,2.054796404117329,410.2341984938756,0.2648775958672802,,31703189301.0,10.935608402383473
1809,317041842,,9.03342,10.2317,1,1797.9630762237198,5.93414722973417,1256.257064212537,0.2174084189415901,,31704184201.0,20.211274929579634
1810,317147460,1.437,3.57809,9.8944,2,1793.523629596713,6.979156714138469,3697.7329397671992,0.2437262108208297,,31714746002.0,
1811,317264215,,3.56957,9.06678,1,1817.7529137833112,1.2876286953697056,1524.7198398335725,0.1071889826283029,,31726421501.0,15.820240696542
1812,317264215,,3.56957,9.06678,2,1817.743656263228,0.6438214683940205,420.1087401396025,0.0985100303671866,,31726421502.0,11.426611441320379
1813,317319557,1.78,4.77966,10.1937,1,1791.635805620229,2.7209587091608345,1078.945629375154,0.2251142512637846,,31731955701.0,73.1024031480493
1814,317319557,1.78,4.77966,10.1937,2,1793.7004997579402,2.721374676069369,342.5480180184087,0.426671642058572,,31731955702.0,14.069731488300373
1815,317319778,1.009,2.19042,9.8572,1,1795.6798465328673,12.545368942738596,254.2513463648181,0.5753876598133326,,31731977801.0,19.730944431989688
1816,317323455,1.482,2.0207,9.1887,2,1791.8804678570891,1.2323559256184549,463.9366422940552,0.5754289155289602,,31732345502.0,
1817,317325022,1.8,3.35974,10.477,5,1766.617014667999,1.6704976881924427,4147.431218553489,0.1917030141665862,,31732502205.0,28.996912324020478
1818,317346146,,2.18441,9.2264,1,1818.358916028052,0.9981170431753956,152.25447287178645,0.1906211281406053,,31734614601.0,11.365441484162513
1819,317395893,1.8,2.00507,9.91478,3,1766.303228285115,0.7172813992457572,2776.7317334745026,0.1976353700197433,,31739589303.0,
1820,317396024,,12.5649,9.6288,3,1766.4242229041106,0.5894864936433785,794.1109260494801,0.1095602811198767,,31739602403.0,
1821,317397615,,4.03695,10.2351,1,1766.8827250006568,0.7438157529489892,608.4596423144914,0.1027176661860224,,31739761501.0,38.3690889849794
1822,317468402,1.198,1.45703,10.077,1,1767.19163596868,1.1131093586847618,1186.6718002827251,0.1099159122931012,,31746840201.0,58.79959357147644
1823,317507345,1.69,1.51067,9.68708,1,1794.722612613925,3.940298992029882,13533.74581793362,0.1097789986194777,,31750734501.0,3.4118243502235344
1824,317554163,,9.68956,9.14235,1,1818.4921974094589,3.631477845084476,373.63730031113545,0.1724001752933521,,31755416301.0,16.481309126161282
1825,317596917,1.65,2.52279,9.967,1,1794.8833219336227,3.574276896156677,95.57563584213386,0.6599497751856442,,31759691701.0,15.0294104362943
1826,317597583,0.95,0.831212,8.9943,1,1773.8648392085404,12.055831996289184,806.8387053126437,0.1073218708903966,,31759758301.0,9.800278500847623
1827,317647561,1.221,1.8042,8.35124,3,1956.153258454841,0.9905871437441652,1190.608284379199,0.267833469363445,,31764756103.0,
1828,317674537,2.22,4.71192,9.7284,1,1819.032858087472,2.762721283807815,1232.2656296899825,0.274098248795337,,31767453701.0,5.238251110592614
1829,317707622,1.52,2.69052,9.8682,1,1793.4578577465004,1.8703626372297395,183.3398670080339,0.2433407971329604,,31770762201.0,11.539703277790595
1830,317708010,0.965,0.927207,10.3646,1,1833.5802543399168,44.91268425237719,7149.1283366700345,0.2644654355330383,,31770801001.0,
1831,317712758,,9.21015,10.1607,1,1766.9101781244883,0.9443703848657796,204.7878430983747,0.1955405714890022,,31771275801.0,14.613287061539395
1832,317751208,2.143,4.30672,9.41456,2,1819.279425380168,2.384999840725047,881.8967427156855,0.4164141706134565,,31775120802.0,79.13507972340982
1833,317779563,1.26,1.50331,10.3656,8,1819.8193757931772,49.59976711513445,14899.814535949788,0.1942002226554208,,31777956308.0,
1834,317780345,1.139,1.07617,9.28292,1,1792.1306182880162,0.6398369290827607,213.81103035426727,0.1491180167062172,,31778034501.0,71.8919361028584
1835,317838838,,10.1765,10.2403,1,1766.6655697537642,1.5589608108620694,660.4652792572153,0.140989863604216,,31783883801.0,74.8812917231589
1836,317839169,0.986,2.38285,8.94907,1,1769.7277763775796,4.669295444971988,7235.176443672073,0.1827385682897793,,31783916901.0,2.32610256186342
1837,317843239,,,9.8396,1,1778.760828001837,21.549749394615095,15453.996659989276,0.2016196986030527,,31784323901.0,1.180401474482857
1838,317843247,1.45,1.77088,8.16662,1,1778.7638467166544,21.54968095495564,3118.2183871747134,0.1960832861819269,,31784324701.0,39.85464530851266
1839,317885897,,,10.0354,1,1819.280609007367,2.4253250458658875,34393.2472290966,0.2505241238970263,,31788589701.0,2.458162525397109
1840,317888368,2.778,3.05803,6.08681,3,1818.725964638107,1.1164693629173448,312.6476308098255,0.315934244930847,,31788836803.0,18.72503890543099
1841,319483660,1.9,2.95334,10.148,2,1816.9161428413129,1.2909098014955291,1775.0504315903745,0.0764538645616376,,31948366002.0,79.613240144032
1842,319483660,1.9,2.95334,10.148,8,1817.4204133739788,1.2908868790889114,1224.3816358647025,0.1019090285231127,,31948366008.0,79.98352826394459
1843,320525204,1.122,1.34204,8.88797,1,1686.3404469494776,13.743106385625802,5687.994307198391,0.0996855598906794,,32052520401.0,6.4935531490168765
1844,320525204,1.122,1.34204,8.88797,2,1694.4920092007608,13.743512817511352,624.3949053447636,0.1362918375713107,,32052520402.0,6.847040099983667
1845,320526355,,10.75,10.0086,2,1684.018934215212,0.5348800627306728,528.3583956820839,0.0937932753819796,,32052635502.0,59.45087898216742
1846,320679117,,,9.9549,1,1817.87873874302,1.053078220947028,242.7033932455477,0.1146908566438853,,32067911701.0,22.69942484468461
1847,320680923,2.053,1.48171,10.0849,1,1817.8819913761515,0.5828794514016149,286.2155139137625,0.1086869983553749,,32068092301.0,16.74519777985832
1848,320789108,1.105,1.5974,10.0984,1,1818.5401940478896,6.70394470731899,681.4477193302208,0.2671361602321067,,32078910801.0,119.88429039127212
1849,320949520,,12.6949,10.0983,1,1818.0697202517308,1.0334668095569313,490.1388558266693,0.1084857840275766,,32094952001.0,9.493573602629496
1850,321037313,2.53,4.70341,9.7412,2,1819.775507694657,2.655637372683638,636.7386447738347,0.3987136246420197,,32103731302.0,7.5345618509891485
1851,321037313,2.53,4.70341,9.7412,3,1817.92046608401,2.6362947317575127,604.2471633745809,0.5241463068671515,,32103731303.0,16.809770251064318
1852,321037313,2.53,4.70341,9.7412,4,1819.0845406831647,2.655603636556884,566.4714053489361,0.5233914640877142,,32103731304.0,16.787338999367414
1853,321040762,2.085,2.17351,7.99083,2,1818.2872172692596,1.7994358420048444,1834.6558248526087,0.1715506712484945,,32104076202.0,17.701545701070263
1854,321040762,2.085,2.17351,7.99083,3,1817.818797007693,0.7945341697430935,866.2603770312451,0.1366999561742528,,32104076203.0,13.42772690303032
1855,321041369,1.008,0.925172,10.4445,1,1818.063281335545,1.537929991375715,1279.4049840731998,0.0523070758138783,,32104136901.0,18.264387033077618
1856,321108196,2.083,2.04675,9.18627,1,1817.0904545343649,0.671039853982263,756.2893957626501,0.1404349217388595,,32110819601.0,12.176677483973716
1857,321154524,1.73,1.6808,10.1065,3,1817.6354670959083,0.8326343720077386,107.04815244092248,0.2162543790178357,,32115452403.0,4.57701425704473
1858,321158665,,,6.024,7,1817.215248073892,0.3479175540792215,3393.248086735497,0.0407686678533556,,32115866507.0,25.264059664609395
1859,321181302,1.558,2.1915,7.82752,1,1817.502162957818,1.6525946953172084,109.1083216279784,0.2628869158524194,,32118130201.0,22.288672102959207
1860,321181302,1.558,2.1915,7.82752,2,1818.037430032649,1.6505539386436945,124.40183516380972,0.28067141993903,,32118130202.0,17.326420202382977
1861,321186179,1.105,1.49632,9.98008,3,1821.1423534631297,25.062755703245266,1685.7387086193046,0.1818825420704387,,32118617903.0,14.059107272168983
1862,321188496,,14.4042,9.8337,2,1818.2189831483988,1.4765498732782545,555.3485010262556,0.2285861099660303,,32118849602.0,64.18642579481586
1863,321266380,,11.6408,9.19936,1,1818.272352974934,1.632181891149653,281.5580615102716,0.1822464115848121,,32126638001.0,20.780256462066216
1864,321321774,1.013,1.26859,10.154,1,1817.994731239034,0.79190174082366,969.475847879121,0.0685975831357246,,32132177401.0,14.122373008936131
1865,321326493,,8.42182,7.63174,1,1817.4087287793905,0.5760142303063641,126.4177106340009,0.1229155002714217,,32132649301.0,16.76733972065337
1866,321447715,2.19,2.48043,10.0406,1,1740.456285549546,1.960129618943093,693.3688152123184,0.1956139119286927,,32144771501.0,62.67891137667867
1867,321450653,1.22,1.2603,9.90206,2,1776.852713773874,88.24592441951694,926.2212536822028,0.4261200032185937,,32145065302.0,
1868,321489666,0.9,0.776125,9.9092,1,1833.9568458059,25.95140508277254,13954.104655895377,0.1712011488142691,,32148966601.0,17.525833536585104
1869,321551218,,,8.6183,1,1751.0742071756372,92.9804126510327,9338.94114343323,0.2496941935402115,,32155121801.0,
1870,321578361,,14.3088,9.4387,2,1817.8716259049413,2.7519617099424973,333.3863664714402,0.24975033960188,,32157836102.0,16.02843836166161
1871,321586629,2.06,2.79787,9.865,1,1818.7662161199148,2.045737263056745,243.3564725540851,0.27018164277204,,32158662901.0,16.426961938908335
1872,321672300,2.19,3.59764,9.6697,3,1817.525817396372,1.595491797371826,588.563250866709,0.3118532296933711,,32167230003.0,8.917397096369019
1873,321673341,,10.0723,9.9401,1,1817.6634071921956,0.5468977651595904,450.6581847808842,0.1594923526431245,,32167334101.0,14.891893394679164
1874,321827134,1.476,2.56621,9.29529,4,1817.6414248282624,1.9818491623562164,3230.8430237958496,0.4470505209711908,,32182713404.0,
1875,321828403,1.352,2.80662,8.16474,1,1819.0903043583596,2.1003113146500887,556.4050914957039,0.1053371257950259,,32182840301.0,15.828416741700037
1876,321829426,2.14,2.3411,10.2347,1,1829.091826797676,21.05594872748397,18328.999044334563,0.3343416325839911,,32182942601.0,27.01958186026559
1877,321829426,2.14,2.3411,10.2347,4,1833.8089187873936,19.81992399628129,14036.35672536242,0.2528111710673457,,32182942604.0,25.22397708689169
1878,321829426,2.14,2.3411,10.2347,5,1841.0658873057985,25.171880245304667,17595.688989158796,0.1920023371946472,,32182942605.0,177.01122019694466
1879,321829426,2.14,2.3411,10.2347,7,1828.2195430500424,19.920179211723607,6679.12064452987,0.2503408496898109,,32182942607.0,5.164809696283189
1880,321829581,2.03,2.67988,9.8853,1,1828.6303914520083,23.828485520464618,3011.7521377158896,0.3546645228412274,,32182958101.0,133.0869444181167
1881,321896671,1.375,1.38978,9.22956,2,1827.9549092693496,20.801107555993205,3966.1525703305465,0.1936322740526039,,32189667102.0,
1882,321986876,1.671,2.15755,8.60811,1,1766.6808745772748,1.553924918761238,197.2064129731744,0.1607678123038692,,32198687601.0,208.95723759541104
1883,322131794,,10.4331,8.46919,2,1766.3172838493851,0.3854541479337571,857.9506871870238,0.1402869050549027,,32213179402.0,13.406657067416138
1884,322132157,1.321,2.11755,8.15281,1,1767.0746851978308,1.146844127096834,330.53821540451145,0.1688350663305547,,32213215701.0,19.984151378520462
1885,322224023,1.44,1.98432,7.054,3,2896.209962435478,30.994702964476676,13156.20893694196,0.2354322194920545,,32222402303.0,27.629516577473865
1886,322224300,,,10.4793,1,2896.149664672636,25.558583697417557,52753.04232292477,0.230684287674276,,32222430001.0,13.931947474298449
1887,322224378,1.74,1.63546,8.04381,3,1802.496878369452,14.583850515191372,11069.88747457611,0.1380276564683225,,32222437803.0,2.9693909647702816
1888,322226168,1.1,1.14583,10.3201,3,1792.1197751671116,0.4546490072115931,3371.074693304061,0.336292647442834,,32222616803.0,28.38840680755899
1889,322262620,2.244,1.87626,7.79751,4,1766.436379073518,4.427775709721743,20852.41852445896,0.1394895522135716,,32226262004.0,
1890,322262620,2.244,1.87626,7.79751,5,1768.4543866668162,4.427671527055103,17915.105252152927,0.1861313821501913,,32226262005.0,
1891,322265422,,9.32125,10.0134,1,1739.5612922244686,0.501712428980054,1035.9017514973505,0.1306478637796832,,32226542201.0,26.334782493275924
1892,322265422,,9.32125,10.0134,2,1739.304562567227,0.5017164476664103,767.8723489014775,0.1451278367386337,,32226542202.0,26.32034283968819
1893,322437808,2.469,2.66502,6.46019,3,1766.9495548854377,1.3444754734745508,31.496997515687013,0.3081916471465785,,32243780803.0,17.458023630117715
1894,323059712,1.046,1.1731,9.50078,3,1766.5335334145466,0.4136170079837471,560.1920192797521,0.0915826124944214,,32305971203.0,
1895,323122938,1.51,2.27517,9.1187,1,1766.5691787133658,1.7291168035576907,108.8959276330913,0.262889918944522,,32312293801.0,20.57277878367092
1896,323144533,1.455,2.04752,9.0435,1,1766.8658693133625,3.807753556746664,480.52205407034177,0.163158598019026,,32314453301.0,20.51580848087449
1897,326199578,1.378,2.70052,10.4197,3,1766.398392603937,2.0341208846319634,874.4124821958425,0.1237914016208088,,32619957803.0,46.87281780719416
1898,326257275,,,6.8127,1,1750.9654126803846,185.97190551817303,13396.709953131463,0.2291306571061514,,32625727501.0,
1899,327694960,,,9.4543,1,1821.992492370052,4.73366825975318,1560.076237207433,0.1479968793025648,,32769496001.0,26.85489699498465
1900,327695943,1.972,1.84024,9.05995,5,1817.4979955973304,0.5957623562301864,331.9467018295695,0.0458777893194686,,32769594305.0,14.635348257587875
1901,327696866,,8.53042,10.4287,1,1817.8590126782644,1.2988739087251755,297.1318304773644,0.2222636350506241,,32769686601.0,84.76626457041651
1902,327698010,,6.05303,8.78884,1,1817.357087289989,0.629014463561817,1532.66764361764,0.123904810854818,,32769801001.0,22.29578880733086
1903,327698010,,6.05303,8.78884,2,1817.653093349369,0.6290228168974987,1088.9002388482374,0.1464788028107174,,32769801002.0,22.21114574477288
1904,327699962,2.41,3.52659,10.0038,1,1819.7147308266883,2.8506026501501123,6299.172864752616,0.3733867693316597,,32769996201.0,85.66356919177943
1905,327699962,2.41,3.52659,10.0038,4,1817.6945985004752,1.517841633635415,778.0798590926025,0.2556635343959184,,32769996204.0,23.726000154437383
1906,327700056,1.938,1.91336,10.1933,1,1818.0448809517047,1.303830723446413,201.8618344748131,0.2885145598582914,,32770005601.0,91.65295272116434
1907,328003292,1.213,2.98437,10.1692,1,1833.865337902211,18.801724594056054,5768.680269307794,0.1576474037299063,,32800329201.0,186.70299119544265
1908,328090648,,4.30839,9.56873,1,1823.093314996995,8.097609949467989,398.98224219554135,0.1918710505241252,,32809064801.0,22.900312411988985
1909,328188113,1.0,0.910665,9.81659,1,1833.8506275415464,18.792726803596477,6297.432918606385,0.1340687002906325,,32818811301.0,62.00899297708054
1910,328518172,1.35,3.49622,9.7047,2,1818.3357280633368,2.114268116750828,220.50048037790003,0.4506333241914078,,32851817202.0,11.745625259238997
1911,328606144,,8.7369,10.3703,1,1817.6943277774844,0.9563088375998056,222.14205814839087,0.1518522613804419,,32860614401.0,18.89875366405307
1912,328606144,,8.7369,10.3703,2,1820.5882211885664,11.751570770681347,1378.755864333185,0.1582968652886246,,32860614402.0,
1913,328721150,1.2,2.14532,9.9499,1,1841.069685942245,33.23931449267535,15397.034007320535,0.2098375570660816,,32872115001.0,
1914,329171987,1.574,1.77338,9.8757,3,1683.535232973514,0.75229961829966,2476.773870184864,0.2066605619404476,,32917198703.0,
1915,331553970,1.367,1.42995,10.2438,4,1844.759679665892,29.968676896699968,2041.5160501772104,0.2251601294960231,,33155397004.0,
1916,331618196,,1.48957,9.9412,1,1817.5167107505745,8.717884801552517,423.5196055110624,0.1492615814627378,,33161819601.0,32.252174263694364
1917,331652781,,2.49443,9.26087,1,1830.897264428358,30.49423184977375,4616.680702950582,0.2259851929647237,,33165278101.0,2.202044020187005
1918,331726184,2.06,1.89271,5.9466,5,1791.7981304104076,0.6784279553359397,909.8409237144826,0.6389576450372642,,33172618405.0,19.61323913290001
1919,331815110,1.326,1.08183,10.2698,3,1791.7983342990376,1.7384111533493278,944.1746802443304,0.1488625559130132,,33181511003.0,12.957964443731017
1920,331815117,,,9.2031,3,1791.7995606680174,1.7384102737800606,340.28283265305816,0.1515148640963607,,33181511703.0,58.82595248198852
1921,331849193,,26.4261,10.4409,1,1791.9031794794255,0.5888713645729294,139.0808309815095,0.587893447240033,,33184919301.0,25.471606792493308
1922,331928720,,12.7974,10.0422,1,1792.017866129676,0.8801504891667696,175.06113309241158,0.1412229297237962,,33192872001.0,19.553661129983443
1923,333630691,,,10.479,1,2912.395863542549,1.420698675254322,3412.966626233076,0.3068461387906188,,33363069101.0,8.625237206658696
1924,333632951,1.202,1.57759,10.3409,1,1818.1318954062317,0.8099317574517837,2441.336568759688,0.1615727790695604,,33363295101.0,25.975457481731016
1925,333632951,1.202,1.57759,10.3409,2,1817.7272550558264,0.8099300960711465,1808.7225167745853,0.2296069360277375,,33363295102.0,14.765296373548138
1926,333731345,1.566,2.34279,9.90343,2,1739.41082069827,1.0484500099160807,187.38408650299564,0.3513593976390072,,33373134502.0,11.912569499957387
1927,333785427,1.28,2.43901,10.0801,1,1740.5314839760672,1.5792893429483954,3883.541547836357,0.130222892424231,,33378542701.0,3.233594274373774
1928,334312404,1.22,1.06841,9.8441,1,1842.6118812913192,34.20938630806646,556.4231345215787,0.3876148731787516,,33431240401.0,
1929,334780420,1.548,2.99549,7.80814,4,1683.786262264303,1.3935803068460535,2175.4588230186805,0.8755505151269863,,33478042004.0,
1930,336104507,1.55,2.51213,10.0127,3,1739.8329699346127,1.05293568778262,6975.697127636234,0.1279843717696691,,33610450703.0,
1931,336167040,1.054,1.40856,10.1012,3,1815.3899929578863,62.88948100075006,3720.659150197056,0.2027699324758159,,33616704003.0,17.28286329080905
1932,339101968,,,9.9717,3,1818.139661126373,0.5340537836042498,28602.306080910093,0.1105774225750297,,33910196803.0,
1933,339135342,2.91,3.21981,10.2595,3,1830.2521351087496,18.628333924571976,8241.765604347695,0.2068508541321735,,33913534203.0,150.3790004121516
1934,339136783,1.528,1.89226,10.4215,1,1818.138693499608,1.59980473400838,342.9798546847811,0.2793101830076139,,33913678301.0,22.096293028060913
1935,339136783,1.528,1.89226,10.4215,3,1818.6301899345144,0.8009440994375482,237.50840691917972,0.2536991216122056,,33913678303.0,12.275080501833296
1936,339267629,1.07,1.57773,9.84716,1,1828.399208981312,17.108522291653905,3067.943594943076,0.1300684275892827,,33926762901.0,196.17518106652605
1937,339372788,,,7.8537,1,1829.5320605076224,17.09792757419643,1690.829149909514,0.1425408209523712,,33937278801.0,23.145884903982008
1938,339389132,1.31,2.58366,9.6919,1,2912.593779360863,1.2856578350346632,1312.8637443289797,0.1426492527181103,,33938913201.0,11.909749715502715
1939,339391727,1.19,2.73489,9.4473,1,1819.2517681811655,2.4897704829382308,491.57226197195297,0.1342028945563366,,33939172701.0,38.35017155976333
1940,339423298,,3.04767,10.0567,4,1828.0410575821663,13.209571608527972,6478.243144295833,0.2456004384948023,,33942329804.0,204.57336419695523
1941,345919804,2.48,3.61786,9.20613,1,1792.0605949049102,1.6808814641623102,1215.2358082815165,0.3877859127182781,,34591980401.0,0.7325568296759439
1942,345920563,,12.2362,8.9666,1,1792.1488427868376,3.688889226291494,442.3054507516511,0.1408748901055354,,34592056301.0,19.476965069464185
1943,345920683,2.78,2.80922,10.3466,4,1793.2711706861955,1.2966672852631556,1237.3545822379165,0.335885210752972,,34592068304.0,6.178493277949041
1944,346013012,1.25,4.36261,10.1461,2,1793.0107488438682,2.8797396848717454,273.5488831614384,0.3289400650327023,,34601301202.0,19.156694599751347
1945,346115732,,10.388,9.8197,1,1792.255516426114,0.5084676096357623,471.35341099838826,0.1110573447946922,,34611573201.0,46.077129060483315
1946,346115732,,10.388,9.8197,2,1792.506254594551,0.5084676096357623,413.98417630237145,0.1018625924235893,,34611573202.0,6.706521360280728
1947,346182192,1.55,2.75783,9.17393,2,1818.701480708992,1.4717056650724187,103.83946056231616,0.3386979387214607,,34618219202.0,14.201118175082085
1948,346277724,,14.1701,10.4547,2,1817.771393638218,0.3507099366634743,247.0541995587756,0.1034181171424305,,34627772402.0,12.744325263435963
1949,346416400,1.21,2.49227,9.1087,4,1843.2576918610052,43.22406968000912,504.8655970699634,0.3956887224035174,,34641640004.0,20.421393865358517
1950,346718588,1.398,2.22475,9.74523,2,1792.7299266507102,1.1900864658553043,2769.832089548936,0.1553641553524442,,34671858802.0,18.200818218910566
1951,346718588,1.398,2.22475,9.74523,3,1792.4902858542523,1.1900341056048105,1563.528977313698,0.2129134716207539,,34671858803.0,23.104202710348254
1952,346718588,1.398,2.22475,9.74523,4,1791.8563792363652,1.1900710891531812,1723.1027036940172,0.1810285315653737,,34671858804.0,14.872696740228562
1953,346890515,1.755,2.12592,10.0662,1,1792.237915207619,1.67870551362784,370.56482031948974,0.4279224384863481,,34689051501.0,19.303173886831313
1954,346890573,2.41,3.52533,9.12,2,1793.482030929037,1.8539259506106112,242.29002478998035,0.2321728960566301,,34689057302.0,16.053435897171237
1955,346901599,,4.41911,10.0932,2,1794.8549125447787,6.723512882724212,1302.8273828807717,0.1491575074285363,,34690159902.0,19.397443729412693
1956,346980292,,11.2366,9.63,2,1792.6879749019986,1.201311319117122,264.678398848626,0.2398714605991413,,34698029202.0,13.641660854022092
1957,346984621,,,8.39244,6,1817.40180034448,0.3757501806632705,682.9791726189142,0.0382466423931627,,34698462106.0,26.806343950737286
1958,346984621,,,8.39244,7,1817.506037143717,0.3759151088069522,582.9743415823385,0.0473548846334718,,34698462107.0,15.955004139783286
1959,346987279,2.214,1.90717,7.36767,1,1817.4913815198809,0.7422827093138636,2556.7578609904917,0.2285612521941809,,34698727901.0,17.174810675233545
1960,347043549,1.008,1.77647,10.2079,2,2923.6048543592547,13.52577792226196,4771.3480653598,0.4089695362241646,,34704354902.0,6.502381512141976
1961,347044473,0.944,1.23549,10.1749,1,1817.783103807584,4.213755523669629,570.554811493205,0.1809980189824993,,34704447301.0,7.988970538188257
1962,347128746,2.492,3.00492,8.53798,1,1818.466967420533,3.438160919448408,2090.3392006906897,0.205478382065537,,34712874601.0,14.551558214830697
1963,347128746,2.492,3.00492,8.53798,2,1817.5534699652628,1.2728998369388842,1557.331052981665,0.1835491988911654,,34712874602.0,13.441088935637532
1964,347128746,2.492,3.00492,8.53798,5,1818.445585774602,1.133070978000148,1709.52619331626,0.1618465444615018,,34712874605.0,15.705082159502451
1965,347130362,1.434,1.74997,10.2017,1,1826.0858822511204,11.593824920503597,29336.03301983289,0.2543860967794386,,34713036201.0,1.3957432443554425
1966,347130362,1.434,1.74997,10.2017,2,1819.490898234003,11.593407255673462,1555.856974011368,0.3010059818175307,,34713036202.0,18.219083568157757
1967,347261874,1.06,1.44806,7.5979,1,1830.7500087258773,18.01805309151797,162.12303179465377,0.7671174750658908,,34726187401.0,
1968,347263308,2.05,3.38888,10.2379,1,1819.0001122783387,1.796336612022275,466.9260888276213,0.2503153641204241,,34726330801.0,13.165686398609848
1969,347265181,1.303,1.66011,10.2948,1,1819.3015189261964,5.206731410523489,1829.4051787345704,0.2008547983558172,,34726518101.0,59.551906040244184
1970,347498107,,,5.0615,1,1815.593748698645,32.28564274929262,43890.70824214521,0.2500803090890242,,34749810701.0,
1971,347567771,2.54,4.64139,9.8397,1,1796.047104221732,4.653237988671385,534.535826030192,0.4739880968353829,,34756777101.0,20.566013525676723
1972,347569606,,8.20386,6.94384,2,1794.7884709523396,21.984472941044157,416.945906806388,0.4545343329400441,,34756960602.0,
1973,347641245,1.865,1.41443,10.3021,1,1823.1414561104948,18.31303587308209,23265.430113817427,0.2220342071583576,,34764124501.0,
1974,347722850,,9.86405,6.86474,1,1817.719039471379,0.6746992164078536,207.4598278595463,0.1630501862113055,,34772285001.0,17.81480902550295
1975,347816090,1.318,1.98303,9.83533,1,1830.2377414739688,24.982956013147003,31589.950657758414,0.3685822029005997,,34781609001.0,2.212048154091629
1976,347816090,1.318,1.98303,9.83533,2,1830.2297669564996,20.81847774723601,1185.0300459829125,0.3677341152115647,,34781609002.0,8.650353255454073
1977,347925707,,,9.663,1,1818.1347099539848,1.3636447569089398,36835.539638473725,0.1550035817991917,,34792570701.0,4.266475574718643
1978,347925707,,,9.663,2,1817.4820490038308,0.6818074351535747,2235.0268910795785,0.1393792036734646,,34792570702.0,7.274382880115548
1979,347926273,2.43,2.77143,9.8308,2,1834.1780442911893,20.95387154323137,1697.1496128119045,0.4411445729532453,,34792627302.0,20.793842057548073
1980,347930264,1.199,1.43898,10.123,1,1818.243077409932,3.130232761697345,1195.77603443838,0.1014738626980085,,34793026401.0,73.69362669457985
1981,347930264,1.199,1.43898,10.123,3,1819.280488410706,2.9139549131994595,706.3252543667971,0.2280013745430424,,34793026403.0,10.46713131545508
1982,347994423,1.403,2.54805,10.2026,1,1818.364608247212,2.5833194156094783,396.4715651907644,0.4885056233992642,,34799442301.0,12.222183228078668
1983,347995170,1.009,1.42211,9.14876,1,1817.3666877453288,0.967368275309857,2561.052889749013,0.1208196148436501,,34799517001.0,38.86854191805586
1984,348224754,,6.53624,10.1627,3,1792.0535062337913,0.4734287430486603,2017.588864607451,0.11546698497709,,34822475403.0,19.015812571497268
1985,348289155,1.643,2.05766,10.243,2,2912.9138956412985,3.794448126647272,905.582340284146,0.1114153678177125,,34828915502.0,22.17240584564181
1986,348290988,1.105,1.21347,10.222,1,2911.392953180705,0.6896769933134104,577.7705597389904,0.1857669008079943,,34829098801.0,71.48437755272427
1987,348290988,1.105,1.21347,10.222,2,2920.32876357113,10.06725463681598,8407.31986594746,0.0651939440203368,,34829098802.0,134.91996520718274
1988,348375997,,2.06916,10.4886,1,1817.767741346552,0.4760415092959209,450.0710245107935,0.4756674891223833,,34837599701.0,
1989,348468490,2.337,3.18613,9.15053,1,1836.1264362690456,25.286831040429774,3190.591028003297,0.2787546793577791,,34846849001.0,42.6646212232573
1990,348469289,,1.78382,10.3829,1,1817.3551468457665,0.7354066156720471,504.9314607318627,0.1031158572461129,,34846928901.0,80.25026001427007
1991,348474263,2.83,3.36389,9.6407,2,1819.161264391544,3.068952930193185,503.744114847806,0.3149991017224015,,34847426302.0,136.66481307410774
1992,349385640,,,10.4495,2,2474.5487251482423,0.405327681140225,305.3233422662572,0.0569742203882747,,34938564002.0,67.69684276231519
1993,349387689,,,9.8698,3,2481.2334665200724,32.20104892741037,1177.8012008544358,0.1710025976107947,,34938768903.0,
1994,349452503,,,6.8102,1,2474.4804592731493,1.0143870090686231,231415.84067181995,0.2798618757234724,,34945250301.0,3.7613565128593702
1995,349452503,,,6.8102,2,2474.5078132463764,2.028460995843861,28378.963674269136,0.0623980498073441,,34945250302.0,
1996,349585901,1.56,2.18957,10.0911,1,1818.4690158454605,1.1474211941264667,1774.5886743889666,0.1782555452090161,,34958590101.0,47.686549621417356
1997,349661784,,,9.9098,1,1821.128167742351,25.07545667044372,6983.381908963714,0.2500001989970153,,34966178401.0,
1998,349667325,,,5.887,2,1817.505404336752,0.4612568351927701,19766.049712216784,0.1818793568306599,,34966732502.0,27.06053890246973
1999,349916333,1.34,2.33123,10.227,1,1713.0272697161715,3.0641212361931425,13894.366084494446,0.1369807011024646,,34991633301.0,0.9457453253310913
2000,349917679,1.534,2.08435,9.68712,2,1712.9920205366948,3.02213355250731,108.72281854258266,0.2404681270960937,,34991767902.0,18.49696524634039
2001,349919690,1.729,1.46027,10.2532,3,1711.4884742547454,0.5142089800068862,536.0214251146633,0.1437269450609578,,34991969003.0,
2002,349978696,1.46,2.56418,10.0543,2,1720.804730432595,20.756378091289957,8811.958864665203,0.196483827767102,,34997869602.0,1.7798751606782002
2003,350131239,2.073,1.56636,10.2209,3,1761.728642701698,55.13600841121965,14386.428544523844,0.2136612842547525,,35013123903.0,
2004,351361327,0.66,0.706559,10.4206,1,1792.9435118456774,10.83742863236369,1008.8745442748752,0.1682726647742267,,35136132701.0,62.23257211647616
2005,351467297,1.057,1.10181,9.05972,3,1791.8747360428088,0.6058331187879953,2626.2244069052394,0.1087120006400718,,35146729703.0,32.893460534119676
2006,351467297,1.057,1.10181,9.05972,4,1791.5988038823298,0.6058216540877406,2601.232802293185,0.1084238052603321,,35146729704.0,32.68199256694169
2007,351883272,0.959,2.37135,10.3429,3,1792.0486785286962,2.079671443058193,4328.272660579371,0.3887885975541269,,35188327203.0,17.78646002907087
2008,352110423,2.61,3.40987,9.3731,3,1792.861038710238,1.7770556140512326,189.7190022534433,0.1261885846898883,,35211042303.0,19.449505318171767
2009,352117069,,11.8158,9.7246,3,1792.3393765785693,0.809797538648902,912.3428605752416,0.6609458990658462,,35211706903.0,18.29330588921526
2010,352279857,,4.86439,9.909,1,1792.553943177316,2.800267234661753,392.6706579982389,0.1564700002538859,,35227985701.0,13.67020476397877
2011,352280702,,,9.9083,1,1792.5896964040212,6.409305252759576,4726.791007785687,0.1275616459884541,,35228070201.0,1.9156160161426476
2012,352280702,,,9.9083,2,1795.7750354872098,6.409064402946687,5675.474728268995,0.0565761361003654,,35228070202.0,4.103331978185271
2013,352430281,1.419,2.96322,9.92012,7,1792.2885403989312,1.5520325419373626,667.3807615664557,0.886710824720977,,35243028107.0,
2014,352685023,1.751,1.57883,10.2496,1,1792.2069762949068,1.365467042905609,182.8728505845904,0.2994543510348599,,35268502301.0,9.364133924194164
2015,352835378,,,10.3781,2,1795.082508810816,5.193779455210133,1081.8972828730648,0.4582068585628208,,35283537802.0,0.42682988905679264
2016,352906906,1.74,1.6017,7.2769,2,2911.920822245189,0.821170086896612,835.8732699523482,0.3844597644589289,,35290690602.0,
2017,352922830,1.502,2.56868,8.42747,1,1792.0756141507425,1.3161806515529622,136.7780771482259,0.1895985520268872,,35292283001.0,23.479053098738923
2018,352924930,1.52,2.63655,10.3755,1,1794.0085811865106,4.0156365666699525,479.48473989429743,0.407838917305885,,35292493001.0,20.05424980329473
2019,352927561,,2.38201,9.8224,1,1794.7475224145562,3.634347506112356,10004.091633946016,0.1388735252678665,,35292756101.0,130.81530073765026
2020,352927561,,2.38201,9.8224,2,1792.9381962675006,1.817161009746298,1291.273228107223,0.1344164213549773,,35292756102.0,14.261096862925791
2021,352939774,,2.16716,10.2399,2,1828.7226858641784,13.51800549471863,1718.2706910889267,0.4900852738102702,,35293977402.0,21.972016226121642
2022,352956776,1.67,3.74335,10.1226,2,1767.9683067769529,2.403412021776848,692.4553982000134,0.4605044203527013,,35295677602.0,19.39705875757664
2023,353010727,,0.988281,10.0159,1,1792.3784264848437,2.0083988698557107,762.2256603707997,0.1738322882259897,,35301072701.0,65.62207494289633
2024,353070431,1.907,2.62908,9.83336,2,1820.6891721766976,3.92393233961788,447.6126188589389,0.3442360134798645,,35307043102.0,14.940892871685744
2025,353074892,1.163,1.80536,8.8941,4,1792.725227343844,0.9128615406380792,1230.4640277803712,0.1213781388421515,,35307489204.0,51.636443270057136
2026,353074892,1.163,1.80536,8.8941,5,1792.1775751050443,0.9128615406380792,1196.9607458786113,0.1191729051612798,,35307489205.0,53.33057434797066
2027,353081393,1.193,1.18902,9.90613,1,1791.779449541094,0.6017488771343712,3030.4055317593643,0.1211070059234591,,35308139301.0,80.7430664622885
2028,353129911,,,6.5039,1,1817.445642562506,1.485773292938309,13959.837040151331,0.0820804492293562,,35312991101.0,19.499410981402043
2029,353170779,1.524,1.04288,10.4094,1,1792.5679439202456,0.5340046556941127,675.1321830731271,0.0855996636608994,,35317077901.0,42.554811233215744
2030,353170779,1.524,1.04288,10.4094,2,1792.287592654345,0.534010604833575,381.1620285469824,0.0908269827917069,,35317077902.0,25.023243277477707
2031,353202035,1.282,1.59243,10.0936,4,1822.4094520262795,13.269150086920536,10153.926726528818,0.1784776877429489,,35320203504.0,37.97442713582229
2032,353239852,2.846,3.54368,7.27977,4,1793.024049757383,1.6919435315045763,99.0335730616436,0.2564871811470429,,35323985204.0,18.471685802452324
2033,353239852,2.846,3.54368,7.27977,5,1793.5075170925131,1.6930128564330875,95.62485738601607,0.3360352036372067,,35323985205.0,
2034,353255045,,,9.6391,2,1817.6751015796167,0.4078355041849401,458.2064496778193,0.1656501580100467,,35325504502.0,
2035,353318178,1.975,1.88543,9.08039,1,1796.8248808381422,13.43239245593493,218.60403800602984,0.3522414210528818,,35331817801.0,19.589782887603956
2036,353325720,,7.39353,9.0006,1,1817.9505282689724,2.6963171785692164,623.0423791082032,0.1734433859709187,,35332572001.0,22.776230685348363
2037,353382069,,11.2813,9.9643,1,1798.688749454773,11.022722084441403,703.3586760403797,0.2677950981154761,,35338206901.0,117.30523894874158
2038,353471780,1.707,2.68342,9.72902,1,1817.7856511830207,3.860188815802115,7619.882262786265,0.148221145575984,,35347178001.0,15.874734162259516
2039,353487210,1.196,1.78933,9.92057,1,1793.1185448942365,1.321280608839811,357.59794393984527,0.2020038048052062,,35348721001.0,20.37399156330388
2040,353487210,1.196,1.78933,9.92057,2,1792.4284604275342,1.3213115257210784,315.4205951810483,0.1862385038350901,,35348721002.0,27.740389728667093
2041,353541085,1.41,2.94014,10.1639,2,1817.4012946002708,1.6711929343113658,621.9697249229087,0.1361252691617354,,35354108502.0,20.75224042790526
2042,353541085,1.41,2.94014,10.1639,3,1818.3060630678808,1.6635387875368728,545.8151201184047,0.1392735991805611,,35354108503.0,18.94436646070789
2043,353541433,,1.73998,10.2468,1,1821.5057797922889,4.476089377423133,8549.728194615485,0.2420366506521226,,35354143301.0,37.676779415024335
2044,353541433,,1.73998,10.2468,2,1819.7496722687497,4.47601368291661,6702.331563582167,0.2646320694689348,,35354143302.0,42.930016081153674
2045,353605025,1.029,0.806673,10.1598,1,1802.7405820052247,52.414475658872426,3832.3212472708974,0.2644754714482961,,35360502501.0,203.30818366190343
2046,353605555,,,9.7146,1,1792.1445223598282,1.119686326818941,1733.295399848428,0.1285988927210012,,35360555501.0,15.504220940469365
2047,353605555,,,9.7146,2,1828.3985018094804,42.74211628687485,9244.90651412367,0.2623005412075785,,35360555502.0,
2048,353605555,,,9.7146,3,1792.1407697344605,0.5598449057724258,614.1071561757086,0.1659861564309474,,35360555503.0,19.721632130800987
2049,353606484,1.29,3.91744,10.3958,2,1793.1997940826648,4.183997225441152,199.69498321729023,0.3865074115509429,,35360648402.0,24.73840150064938
2050,353692482,1.124,1.49603,10.2501,4,1792.7509800329387,0.8118354927408692,884.2792258450772,0.2094607428321402,,35369248204.0,58.463101507868195
2051,353778788,1.366,1.59604,9.7778,1,1683.7774094911936,0.8043240321648769,297.0571418964725,0.0955784116925878,,35377878801.0,10.47515587189889
2052,353778788,1.366,1.59604,9.7778,2,1684.1767567461395,0.8043240321648769,296.32474940923623,0.097859728040655,,35377878802.0,68.83005510022797
2053,353778788,1.366,1.59604,9.7778,3,1683.602709860418,0.8043074198822514,99.90743903060812,0.0847518175006029,,35377878803.0,13.991729909616
2054,353782445,1.17,1.33768,9.17708,1,1689.1865771026044,11.835153811078778,335.9147928487888,0.1018228943626295,,35378244501.0,16.357798718143513
2055,353840102,1.98,2.20288,10.3342,2,1819.6556485549452,3.1027519101264995,697.4843160100504,0.2335428179650065,,35384010202.0,20.801058953553213
2056,353880638,,1.67809,10.2151,1,1792.2632207382549,1.7974638491341914,14989.954652081224,0.1388402822831609,,35388063801.0,2.6862914357625227
2057,353884557,1.372,1.90838,10.4306,1,1792.7528616832597,2.405422400832781,407.1526227473869,0.1914575608912831,,35388455701.0,18.98299319913485
2058,353934620,,3.00546,9.79397,1,1683.7234176229292,0.3896325523418457,194.246351239937,0.0729088541910148,,35393462001.0,61.147593862915734
2059,353937916,1.114,1.17519,10.307,1,1683.8070848319926,0.4648173107150367,172.73017557442984,0.0513789305252608,,35393791601.0,15.38753961520739
2060,353960119,1.607,2.62336,8.58341,2,1818.2475273463776,3.0442539444380543,1211.0009944386193,0.1944499890257168,,35396011902.0,1.7921825906278115
2061,354023414,1.376,1.73026,7.70434,2,1817.5310097121603,0.6766174981310702,8635.445733031684,0.0834369897211385,,35402341402.0,10.042496034870329
2062,354132998,1.284,1.47544,9.28298,2,1792.0824864816443,0.933256212805746,324.709098987086,0.2057984801039376,,35413299802.0,18.685849395475195
2063,354175507,1.77,3.89373,10.4361,2,1792.881081269775,2.853312428309984,1158.507062077827,0.2399471356681155,,35417550702.0,22.63895199028232
2064,354178358,,10.7041,10.3888,1,1792.2256959105928,0.5247274874626551,921.9275985955538,0.0524452077990367,,35417835801.0,34.2104987253516
2065,354179413,,13.8571,10.2636,1,1792.7766648652057,1.490363476346359,656.087420113232,0.2941759902498487,,35417941301.0,26.059239002506708
2066,354274143,1.207,1.70636,9.92959,1,1818.352621220081,3.934935132560839,818.1456527141174,0.2711927123743279,,35427414301.0,61.72639362513378
2067,354277026,1.03,1.13923,10.4958,2,1817.7520970348676,0.4095113364362069,355.70401703508963,0.0736193396023007,,35427702602.0,62.360614413834554
2068,354291396,1.678,1.71585,9.58371,4,1789.4953723940123,51.02719914937038,18618.013447061745,0.3082227995032819,,35429139604.0,
2069,354291396,1.678,1.71585,9.58371,6,1776.3123268761035,69.07466255672192,13305.004006437262,0.2943758091778984,,35429139606.0,
2070,354349615,1.751,2.31844,9.634,1,2911.5267563047323,1.3785492270643225,2063.20199916061,0.2010462376281409,,35434961501.0,66.09648304017978
2071,354349840,,,10.2658,1,2911.947573663987,1.3564398172748675,2418.7659526298594,0.1549975434298506,,35434984001.0,44.26668572570881
2072,354416982,,,9.6181,1,1817.57473958074,1.5334390845452446,6040.484471603112,0.1325308331301184,,35441698201.0,72.45252938368422
2073,354695873,2.69,3.13612,10.2556,1,1792.1187594392725,1.3378302473767094,9000.416842671026,0.0976874345744888,,35469587301.0,5.618323894125482
2074,354695873,2.69,3.13612,10.2556,3,1792.8171630248214,1.3377954425490113,1043.121908932761,0.0827233612145914,,35469587303.0,9.619161260642239
2075,354785553,,,9.0265,2,1832.1385943891205,41.7825554692053,14100.609677677725,0.7453795424353684,,35478555302.0,
2076,354785553,,,9.0265,7,1793.9702826031607,38.77774099605639,1979.383488727512,0.334303048070798,,35478555307.0,
2077,354791999,2.595,2.73109,6.62403,3,1792.9303425193875,1.2330990931954258,6046.594545786646,0.3612751462479939,,35479199903.0,
2078,354792404,1.189,1.11826,9.91607,1,1792.182165733406,0.4966433886165485,2289.268201660301,0.4964746232715177,,35479240401.0,
2079,354832035,1.39,4.74174,9.2153,2,1792.8657664990355,4.0774757850575245,137.53129373878016,0.4185912396594394,,35483203502.0,25.461024488804615
2080,354832070,,11.3773,10.3715,3,1792.4925467810351,0.5650040933602087,519.8987899330236,0.1345805027894393,,35483207003.0,67.04184982059766
2081,354867730,,,9.3477,2,1792.3763580346194,0.3566943595982742,440.9738372594245,0.1440019953581207,,35486773002.0,
2082,354959477,2.381,2.73026,7.63509,1,1817.3952006319848,1.7730740403848566,2110.2387006718923,0.3717745291766328,,35495947701.0,5.793276033838631
2083,354959477,2.381,2.73026,7.63509,2,1818.026476339364,1.7644611158408654,1352.9127187921938,0.4381948570888486,,35495947702.0,23.437078822526992
2084,354969063,,,7.944,2,1792.6290425077868,1.0578127455236233,99.7734851678447,0.0502289109334198,,35496906302.0,24.338822957480463
2085,355010560,1.74,2.72005,10.3557,2,1817.9715059834684,1.6270119491692396,1164.0650394916574,0.1617307369491149,,35501056002.0,16.98590714976352
2086,355010562,2.05,2.21069,10.4951,2,1817.9611756786785,1.6270279719471532,1337.609180779704,0.1689487045339235,,35501056202.0,27.56197239895389
2087,355240283,1.105,1.3634,10.0971,4,1826.124742827235,22.53893799485865,33346.25942357272,0.2268634930859907,,35524028304.0,
2088,355240283,1.105,1.3634,10.0971,8,1828.0035466281315,14.060097910848452,34260.18347773814,0.133281667607172,,35524028308.0,
2089,355244410,1.034,1.73215,9.77607,1,1817.915170465684,0.8318767136452471,374.4500306781178,0.1846329347234936,,35524441001.0,148.77791413533592
2090,355344197,2.6,3.36375,10.0998,1,1818.376227879458,1.2918021412517036,3319.7934834692915,0.29827412595701,,35534419701.0,10.542403518746513
2091,355344197,2.6,3.36375,10.0998,3,1817.4501146966795,1.2918293087891912,2018.7737605248424,0.775502111339896,,35534419703.0,
2092,355496792,,,7.8722,3,1817.341923211178,1.0333791679478723,118.38272620020938,0.1721689066678808,,35549679203.0,12.56435903702257
2093,355499760,2.318,2.44925,9.84749,1,1834.2642810470784,19.808269213629583,1954.0745514170733,0.3188662651892671,,35549976001.0,23.33065449222735
2094,355569809,1.305,2.56299,9.90654,1,1819.5763482587804,2.393116549519384,7787.249849584054,0.1381943347698244,,35556980901.0,6.032470004874684
2095,355893293,,,9.5227,1,1818.0419523668452,0.4595905760169386,950.5751839101558,0.4562236532734198,,35589329301.0,19.646747209666703
2096,355933226,,,9.5674,1,1817.9943919392565,0.5448615561958908,188.98413263008567,0.1160288050526313,,35593322601.0,15.871831044603422
2097,356015361,0.983,1.81699,9.90455,1,1691.645194470551,11.25935551877444,24688.55131224213,0.2246757236356059,,35601536101.0,99.54988177574486
2098,356015361,0.983,1.81699,9.90455,2,1683.690322112295,11.25935551877444,6518.799979811732,0.2436786263306229,,35601536102.0,98.60152413357994
2099,356030897,,,8.4852,1,1818.64236028986,1.874475940531115,432.1777240743253,0.2061961446025572,,35603089701.0,38.3650587703944
2100,356110000,1.429,2.2939,9.19086,2,1685.0824543658216,1.754412483904492,129.61240484085403,0.2154411331263914,,35611000002.0,20.94931894068629
2101,356110000,1.429,2.2939,9.19086,3,1684.1839715061408,1.754443323915724,115.88991588151532,0.2272857114196733,,35611000003.0,22.001306960775644
2102,356211709,1.659,1.01716,10.4069,1,1817.8481155257668,1.1921107210498807,1815.0785353261133,0.3603701836570437,,35621170901.0,165.67926668807777
2103,356322489,2.236,2.6621,8.61496,3,1817.9538192317568,0.975690665410704,2163.6893132725027,0.2651408807897032,,35632248903.0,
2104,356384240,,11.9031,9.1226,1,1819.688063951108,3.20367603234884,667.7424118149193,0.2345425432507901,,35638424001.0,26.034015212502865
2105,356465408,1.174,2.15297,8.96713,1,1817.913367526872,1.0490765999074936,252.46196477610053,0.1398253679249343,,35646540801.0,19.458812770433564
2106,356465408,1.174,2.15297,8.96713,2,1818.432154274315,1.0490765999074936,240.17713342099157,0.14325109258985,,35646540802.0,18.265425603159503
2107,356468353,3.13,4.6038,8.4316,4,1819.2741443890047,2.0894419373330737,265.1239184376012,0.4421369072438545,,35646835304.0,18.00305389023635
2108,356470807,1.83,2.49017,10.2556,1,1819.6887280899168,2.21859885570591,891.7640207956158,0.3096957157379209,,35647080701.0,13.605133508194044
2109,356492051,1.254,3.19643,9.7688,1,1817.8918322714096,1.971332037376523,140.37961455077456,0.329249975552275,,35649205101.0,27.891070573418762
2110,356595943,,10.6623,7.59273,1,1818.2527010439371,1.7382343156006677,317.74200019415457,0.2376063976625955,,35659594301.0,20.86383048528593
2111,356599712,1.587,1.95836,9.84896,4,1818.1050858165504,0.8651912110712964,844.3254818428641,0.264177960988021,,35659971204.0,
2112,356641568,0.624552,0.646573,10.2771,2,1822.9962652684835,11.49551756693525,23199.78983765064,0.1344255541397496,,35664156802.0,10.311087500619294
2113,356894748,1.34,2.33757,10.2855,1,1685.397831158345,8.378770894860937,21198.37053064573,0.284452969253673,,35689474801.0,42.268978609290585
2114,356894748,1.34,2.33757,10.2855,2,1688.5340174665382,8.37899682143123,23340.19793217654,0.2228727096355939,,35689474802.0,41.95552890344568
2115,356896561,,,9.1494,1,1685.3877335497664,2.253401625042005,308032.20336446643,0.1672458788566256,,35689656101.0,4.082121967783358
2116,356896561,,,9.1494,2,1684.275339675992,2.253373306715749,122607.67525964814,0.1635254097379885,,35689656102.0,4.955397627772063
2117,357031563,1.118,1.44361,10.4016,1,1858.6666696438533,242.56451890587425,52352.22905806433,0.4285801018335885,,35703156301.0,
2118,357045538,2.03,2.4059,8.0368,5,1683.8962324543606,0.9583622408306216,441.1233933945608,0.0440843443626319,,35704553805.0,
2119,357047077,,3.40068,10.0485,1,1683.9714080778292,2.315269218650088,1530.621338254094,0.2427646082798705,,35704707701.0,101.34930609441096
2120,357591856,2.02,2.85656,10.4946,1,1793.91370454431,2.3595611013030173,484.6791476627498,0.2532159997795374,,35759185601.0,20.99742345230753
2121,357596859,1.187,1.38646,9.89443,2,1683.4607005599787,0.6771205449346416,260.8297461093075,0.0298584610080218,,35759685902.0,6.5733809051076015
2122,357667663,,,8.6796,7,1792.3007006614291,0.3298387975997515,878.3537674579287,0.0398018212592804,,35766766307.0,13.631680710701488
2123,357679402,1.322,2.40079,10.3559,1,1802.1594937009409,11.631908520851182,393.488255968125,0.5696597494417559,,35767940201.0,234.28139504754472
2124,357685999,1.45,3.41723,7.60054,1,1683.8905260492504,1.873677499837318,1392.5180402992935,0.186803050709834,,35768599901.0,47.63351038317024
2125,357685999,1.45,3.41723,7.60054,2,1684.8228097513215,1.8736833913942976,1387.7153358718074,0.1896649438631509,,35768599902.0,48.97297153627122
2126,357737266,1.136,1.50495,9.79388,1,1792.496630986463,0.8437918178867126,754.036650206544,0.2113056799365532,,35773726601.0,26.145280364996445
2127,357738627,1.31,1.36792,9.4295,3,1792.390525723137,0.7234599794935874,171.41644302799764,0.0793459588282049,,35773862703.0,77.43640682250017
2128,357738627,1.31,1.36792,9.4295,4,1792.402078678978,0.7227542538033992,153.52007532498746,0.1057815877520471,,35773862704.0,78.15230714423419
2129,357740937,1.251,1.19999,9.8309,1,1814.291904757271,44.46069270189982,2811.811956702894,0.2918373902239336,,35774093701.0,14.449049145142352
2130,357741514,2.43,2.77479,10.1244,1,1793.6622175397229,1.8816096191358256,2686.730558733213,0.3150543203701921,,35774151401.0,13.859929380979167
2131,357741514,2.43,2.77479,10.1244,2,1792.7234886037852,1.8816096191358256,2595.651359393657,0.2972694587444722,,35774151402.0,10.396534258842847
2132,357744369,,4.63781,8.72745,1,1792.1641583069388,0.4843596653485418,5216.695854058542,0.0668186457293889,,35774436901.0,13.726274579231116
2133,357744369,,4.63781,8.72745,2,1792.406120236353,0.4843596653485418,3376.231598377555,0.0673051586573452,,35774436902.0,15.939737981058835
2134,357747158,1.422,2.52148,9.89357,2,1792.57785185328,1.485589805147367,231.42403619790335,0.3067048831575079,,35774715802.0,11.469015824863042
2135,357747158,1.422,2.52148,9.89357,3,1793.32577795394,1.485585122617038,186.37002431288172,0.2316313720252749,,35774715803.0,26.661587058218018
2136,357830667,1.038,0.910838,10.3589,1,1817.1118318145584,52.07597580384277,6475.397237604008,0.1560774630221529,,35783066701.0,167.63351280887773
2137,358029661,,12.4551,8.8986,1,1984.706665992445,1.6544400648801856,675.9108124006436,0.0910634240065201,,35802966101.0,29.27441220921853
2138,358031319,,9.19853,9.8879,3,1817.2194906555164,0.4366555911993959,353.23570786986505,0.0389950299426237,,35803131903.0,57.96262809067923
2139,358031319,,9.19853,9.8879,4,1817.0902447624464,0.4366627757918097,440.6316871943518,0.0354597565898883,,35803131904.0,56.329349490288116
2140,358031319,,9.19853,9.8879,5,1816.8903919869708,0.4366557780608626,396.0185555850301,0.048008051005377,,35803131905.0,56.94912642601669
2141,359387812,,9.46881,10.337,1,1687.8103102538275,5.543419001164391,960.5918987532876,0.2555794503124738,,35938781201.0,102.69294833642228
2142,359496368,0.552175,0.557752,10.1358,1,1685.2035073398586,2.6651826844850324,813.7632395418667,0.1971061741715262,,35949636801.0,10.00092775392991
2143,359497418,1.139,2.57966,9.58467,1,1687.6913020224406,6.33243234267411,18029.35079630673,0.247705893791522,,35949741801.0,2.9090261183827626
2144,359497418,1.139,2.57966,9.58467,2,1684.5627021519765,3.1661184470577624,3856.175805114311,0.1910924257881311,,35949741802.0,26.462000089716355
2145,359631482,,0.986778,8.6621,1,1683.726977536283,0.5565183763714513,20171.445151078093,0.1743630329324013,,35963148201.0,1.5651405815618882
2146,359632791,1.35,3.59861,9.9821,1,1683.6392167951724,4.500168672515609,273.8912609968672,0.126945093328994,,35963279101.0,20.335738216825536
2147,359633572,1.214,2.13888,9.12413,1,1684.514875224398,1.194112869796366,15285.841097731069,0.1153749637564896,,35963357201.0,4.467165913075404
2148,359633572,1.214,2.13888,9.12413,2,1684.5434484957875,2.388174134796594,11393.10696516527,0.1153205713005641,,35963357202.0,10.690257861418239
2149,359675127,,0.964786,10.1692,2,1814.96024211568,245.36211342892855,9026.413536846876,0.2459997340136299,,35967512702.0,
2150,359675849,1.08,1.43057,7.3529,1,1684.1205455869886,3.677115167566721,52216.03750639973,0.1615332360321909,,35967584901.0,4.870428886204314
2151,360021292,1.58,2.88243,10.3953,4,1684.781741087203,1.2799764414519048,1152.2034527217038,0.8175352945486228,,36002129204.0,
2152,362104293,0.84,0.807878,10.1096,1,1706.9890493230116,28.961650565141756,36985.670695323206,0.173024798808564,,36210429301.0,2.774268481648135
2153,362104293,0.84,0.807878,10.1096,2,1687.5541820867356,28.96310617044349,28078.055020985164,0.1609716332553779,,36210429302.0,2.176093795284853
2154,362226108,1.545,3.00001,7.57837,2,1684.8849280309466,2.0094122323565338,43.66759166204171,0.2359683002874905,,36222610802.0,16.387155370466242
2155,362259855,0.949,2.19662,8.76847,1,1684.1313785880943,1.7694467228646522,7611.53403988333,0.2555638150384635,,36225985501.0,50.60602587937385
2156,362259855,0.949,2.19662,8.76847,2,1685.016830736809,1.7694467228646522,7531.059526576998,0.2502004579364572,,36225985502.0,50.98002587153067
2157,362259855,0.949,2.19662,8.76847,4,1684.549268245975,1.769477578754414,2987.434235687388,0.2875500459356895,,36225985504.0,50.88485072737512
2158,363761216,1.068,1.13939,10.4708,1,1963.005414846788,7.40705702495424,14765.041303121228,0.1534452101411071,,36376121601.0,2.2988936595804
2159,364074479,2.036,1.65762,8.88921,1,1766.3078844354372,0.8313873615257588,801.6245012523846,0.1775189911386933,,36407447901.0,81.55481225485545
2160,364120439,,5.40544,9.6844,2,1740.8967604831153,4.66001424026332,2439.187947924251,0.2389028775794766,,36412043902.0,39.44621320038261
2161,364121018,1.84,1.89755,10.147,2,1802.5809428787936,90.42205700425768,14685.688232180844,0.0917929942651498,,36412101802.0,
2162,364175033,1.201,1.41382,10.4886,2,1785.7902486757985,82.97401023215296,16029.876888037112,0.1900779289378461,,36417503302.0,
2163,364176306,1.48,2.68462,9.9001,2,1767.0084744692906,1.332716792813343,73.68153626041845,0.286336400924613,,36417630602.0,262.9150368536777
2164,364182451,1.4,1.90191,10.0807,1,1766.9562020686362,1.3635650848622187,10286.098743975226,0.2375296479655357,,36418245101.0,3.4591179115063264
2165,364182451,1.4,1.90191,10.0807,2,1766.2049771162146,1.3636296920723687,12055.113899683754,0.2557459862851142,,36418245102.0,2.127110034495598
2166,364182451,1.4,1.90191,10.0807,3,1766.568675374268,1.3636108172965196,11124.424240504051,0.2860072903826025,,36418245103.0,
2167,364186197,1.375,1.48504,8.82374,1,1740.8625179853188,4.424695723802663,2447.243980703494,0.0687234671392509,,36418619701.0,3.195044803299347
2168,364186197,1.375,1.48504,8.82374,2,1741.0246640898315,2.381320291880864,205.28311572619117,0.1663922531466494,,36418619702.0,20.560153346638305
2169,365941795,2.52,4.81383,9.6044,1,1769.1592793472862,9.745669544080243,321.6008780798273,0.5373057232792742,,36594179501.0,23.62278276223049
2170,366085002,,1.36489,10.1262,1,1834.1529325555264,27.199385586948043,7748.719071885905,0.2097370655025117,,36608500201.0,221.86882807474205
2171,366087026,0.903,1.94788,10.4786,1,1819.059102321051,1.798282532145535,10547.313970018944,0.1458078095709388,,36608702601.0,68.7240557290345
2172,366216586,1.115,1.06116,9.96658,3,1828.0719535436224,19.451093837928774,577.1383212656476,0.7964469979359061,,36621658603.0,
2173,366218434,,10.9408,9.31324,1,1820.6567555068264,4.627717328031564,520.1091689110211,0.2193512232838015,,36621843401.0,13.570592217770812
2174,366416144,2.213,2.9817,8.24213,2,1767.4102521190866,1.6008203275119768,1905.7289090692675,0.3803763404825168,,36641614402.0,3.772471237033496
2175,366417532,1.8,3.28273,9.4819,2,1767.970774556242,2.067308415996963,63.6688021687286,0.4088399817877106,,36641753202.0,18.32521806410947
2176,366474490,,10.5866,10.3382,1,1766.3463374570583,0.3494278926184334,208.13458827098208,0.3494238569174865,,36647449001.0,
2177,366503318,,,10.0782,2,1766.689319761196,0.8057005592325027,544.6284995983862,0.6373026410968187,,36650331802.0,19.639913086080515
2178,366513253,1.18,1.55958,10.4688,2,1712.045955539781,0.6699030151703498,17708.13751180792,0.2573543493914501,,36651325302.0,56.96404066293023
2179,366513512,,4.88007,10.4425,1,1684.2274493609195,0.9100659976053722,342.17837058471986,0.119606950275788,,36651351201.0,25.105418760295702
2180,366517337,1.247,1.92161,10.1437,3,1767.9104324686527,1.6885929618581432,19478.73573299417,0.0990225254164615,,36651733703.0,
2181,366560593,1.261,1.96711,10.4835,2,1711.6174769005063,1.6117390259412618,177.05014803146426,0.1678399316827726,,36656059302.0,13.525260159650326
2182,366563452,0.84,0.808444,9.5998,1,1767.111842540511,1.5873890072947612,194.6937862501502,0.0770233651009347,,36656345201.0,48.5038545085489
2183,366581544,,,10.452,1,1756.5258521616688,49.65337280029229,758.5598192501902,0.329121716394877,,36658154401.0,35.51712198621507
2184,366581544,,,10.452,2,1745.5220295872566,49.65157842277946,946.4186911366792,0.3208301311586535,,36658154402.0,
2185,366593903,2.686,2.94901,8.26323,3,1766.83819688999,1.3279871287214082,553.7537029725776,0.2819095637264325,,36659390303.0,
2186,366594905,2.62,3.68061,10.2827,1,1817.867926553304,1.5424790981469756,2017.758584726095,0.2624314770537694,,36659490501.0,22.457313735395374
2187,366599871,,1.84836,10.487,3,2474.6967140644706,0.5534984974769077,738.3796473419395,0.1956809012605007,,36659987103.0,33.34241428348092
2188,366601736,,,10.1217,2,2511.613382310895,38.71599943455244,47543.23432814232,0.3265868765840782,,36660173602.0,
2189,366639961,1.813,1.29956,9.91843,3,1766.2258756797337,0.578162004042319,918.0568652505896,0.1023046133953681,,36663996103.0,53.5495817582915
2190,366639961,1.813,1.29956,9.91843,4,1766.5265976609978,0.5781567461968358,857.4496754331648,0.1104700685746999,,36663996104.0,
2191,366666247,0.946,1.94422,9.29758,2,2474.3167198752253,1.2359511229523177,8456.755154009008,0.3621161452163646,,36666624702.0,9.158534427826668
2192,366713760,1.35,2.66103,10.3608,4,1767.2859251923728,2.421021724652668,330.71003252306616,0.2481323853393807,,36671376004.0,22.43541474407086
2193,366715078,1.185,1.54308,8.30432,3,1766.7159683777825,0.6900947234387175,3697.9820631289417,0.1179011540490394,,36671507803.0,57.41350332181805
2194,366715078,1.185,1.54308,8.30432,4,1766.3710556391284,0.6900947234387175,3775.687512767816,0.1194179429447521,,36671507804.0,57.4001774588381
2195,366758486,1.3,2.9713,10.1891,2,1766.5454772157734,1.698518034870799,790.9628350889847,0.2700363748908306,,36675848602.0,20.432486182217854
2196,366758486,1.3,2.9713,10.1891,4,1767.328087285494,1.698603882461571,752.9992237670779,0.260575277872517,,36675848604.0,11.769839870592229
2197,366759161,,19.8107,8.9951,1,1766.830092398943,1.244728240602784,82.5769324070106,0.1957568749494002,,36675916101.0,16.63185165874031
2198,366761790,1.171,3.01225,9.72594,2,1768.0160278503015,1.960935307511592,222.12449156699765,0.1492055153400413,,36676179002.0,114.62670161507366
2199,366761790,1.171,3.01225,9.72594,3,1766.51991325891,1.960968500517102,283.9520046903305,0.0797016875238879,,36676179003.0,20.46343227327466
2200,366780184,1.052,1.79666,10.3132,1,1767.085799508748,2.5359016209503014,859.0007296236996,0.1447348985488236,,36678018401.0,51.627399130296986
2201,366780184,1.052,1.79666,10.3132,2,1788.314031192659,27.72932189320192,706.4820445348524,0.3029879368024966,,36678018402.0,39.16126478230722
2202,366781281,,5.17883,6.82277,1,1773.28700351948,7.479250517511928,223.571516088893,0.1201006765117323,,36678128101.0,18.371425299933474
2203,366811525,,10.696,9.736,2,1818.3328610564995,4.44678927086905,234.8896683592369,0.2065011450172397,,36681152502.0,12.539150321496313
2204,366812009,1.14,1.31551,8.435,1,1817.917581297095,2.326198724631465,123.79361901158964,0.1918957209255218,,36681200901.0,24.311547936897885
2205,366815707,1.35,3.0617,9.8435,2,1818.0399364224056,2.63273657715509,290.9950915046494,0.2411489087456436,,36681570702.0,16.285260640681756
2206,366815707,1.35,3.0617,9.8435,3,1819.394772084072,2.632631201770189,256.4002334073086,0.3389960397422429,,36681570703.0,15.227558649613005
2207,366824263,1.1,1.55919,9.97542,2,1815.1740011678176,60.2931140423023,13817.478004718176,0.1620203350867944,,36682426302.0,
2208,366824263,1.1,1.55919,9.97542,3,1802.0505019123627,64.60070929837595,6249.3787310712205,0.2472360782768476,,36682426303.0,
2209,366824263,1.1,1.55919,9.97542,6,1802.740011650796,60.30379895568898,4811.3386471127,0.1860678306537748,,36682426306.0,
2210,366832364,1.256,1.46151,9.71453,3,1766.2895535795922,0.65458854477256,4772.412436251097,0.1048146594828762,,36683236403.0,24.00294385802619
2211,366832364,1.256,1.46151,9.71453,4,1766.6153951396282,0.6545892294254952,4810.564713878563,0.1052613980454191,,36683236404.0,23.47845410546806
2212,366869206,1.261,1.14149,10.1798,4,1766.6014501100267,0.482076992597629,322.24426957516334,0.0993456334328485,,36686920604.0,
2213,366870097,2.329,2.05626,9.98257,1,1766.4954785431687,4.492099801289816,1455.9333059462217,0.1923264518602722,,36687009701.0,82.82250970621364
2214,366875659,,10.1876,9.5099,2,1817.447137633794,0.3669411690491538,767.2547493481538,0.1263279909495323,,36687565902.0,27.80841840673119
2215,366918222,1.309,1.3735,9.09812,1,1766.634815988759,0.6278010746296679,411.8827908193661,0.1895868359652737,,36691822201.0,13.24044084809481
2216,366975475,1.265,1.74641,9.92884,3,1766.7293408372336,0.6886162760152603,317.18315556375524,0.1392124553525016,,36697547503.0,
2217,367007266,1.415,1.39291,9.91073,1,1766.2160765606914,0.7668194851235061,631.0525786577606,0.1395268870823524,,36700726601.0,13.998211055419569
2218,367008619,1.37,1.42915,9.68817,3,1766.662893327392,0.5025719232964071,252.4262725007296,0.1098216230645017,,36700861903.0,22.11960170004569
2219,367073138,1.736,1.61886,9.30557,4,1766.5276538871542,0.6258447281980024,1018.8353660393124,0.4932082067323353,,36707313804.0,18.014594639248372
2220,367075714,,11.8847,10.31,1,1766.4686633618714,1.817240768220212,200.0766769388679,0.1604844588251954,,36707571401.0,9.1171759361266
2221,367079660,,,10.0818,1,1766.6571259048983,2.394977813022643,3188.1443658196563,0.2313993165525778,,36707966001.0,58.697922393258864
2222,367094746,,11.4373,10.2465,1,1767.6476100089385,1.590307064212504,320.6022766121527,0.1350947506666742,,36709474601.0,18.59980288151309
2223,367099243,1.484,1.2263,10.4849,1,1739.495417569167,1.8287018248215927,7142.246867696347,0.1676271824177482,,36709924301.0,29.664605710475804
2224,367102581,2.279,1.88829,9.39575,1,1768.3529105122186,2.9798628726305765,776.5011546400385,0.1814948344682381,,36710258101.0,14.037186302820444
2225,367106469,1.006,1.17346,10.4915,3,1817.8640167113956,0.7114192757153497,35311.05323872176,0.046559629622867,,36710646903.0,
2226,367111568,,11.0311,10.0316,4,1817.7461021324036,0.4847667581054282,383.7537187632168,0.082637703438646,,36711156804.0,13.816257341664215
2227,367184339,,1.95889,8.8179,5,1766.4330304968162,0.4162327650847794,138.35573089202475,0.0753160241723501,,36718433905.0,13.872964515566483
2228,367240609,1.817,1.64115,9.44129,4,1766.699222269605,0.5570254550828837,4180.441235998823,0.3652013905093867,,36724060904.0,
2229,367241842,1.65,1.95596,10.1087,2,1767.1194266208818,0.907772870839996,172.98807140946496,0.905917820891148,,36724184202.0,
2230,367244880,2.28,1.68596,10.49,2,1766.6453859061262,0.5547227239054052,248.11609209969703,0.0680662690567332,,36724488002.0,8.562049421248622
2231,367308534,1.411,3.26033,9.55708,2,1818.3079912225105,2.4186773840196416,213.48136742937533,0.3937868564102296,,36730853402.0,24.32301476439403
2232,367323025,2.45,3.94881,10.4065,2,1818.7733912746385,1.7403875050994737,3331.607214444005,0.3841181449168191,,36732302502.0,94.98856995789448
2233,367323025,2.45,3.94881,10.4065,3,1818.1721590100155,1.7404184752881735,3985.3913502194714,0.4454420629110645,,36732302503.0,
2234,367353967,1.607,1.48222,9.34759,1,1766.2671518947163,1.148324329466662,223.90819076084364,0.2128716413451372,,36735396701.0,24.201135986912586
2235,367356904,,21.0267,10.3975,1,1766.2391271645183,0.4344007714828681,237.3588842939085,0.4343587992199366,,36735690401.0,
2236,367366318,1.45,1.769,8.14847,1,1819.253727009568,2.734764452880532,9209.245428227518,0.1432164222876573,,36736631801.0,7.220431654804661
2237,367441734,,11.2515,10.1225,1,1818.040456574004,1.2578471250127947,699.7075641365782,0.2465545060096615,,36744173401.0,24.707761127051104
2238,367448058,2.49,3.70852,10.4766,3,1817.826683387294,1.7266368099607974,645.7729011540921,0.1196253181611415,,36744805803.0,33.76200807283475
2239,367449615,2.23,1.992,10.1369,1,1817.786222020829,0.8633475882591526,504.3895668433981,0.0801101751655837,,36744961501.0,12.550504394656727
2240,367519791,1.783,2.6804,9.69195,1,1818.1153400410328,1.14482228163608,674.956441891358,0.1271142883248343,,36751979101.0,49.23949123245673
2241,367524777,,,9.4244,1,1827.5958181663336,14.388418812046773,52609.18369966401,0.2845709995404719,,36752477701.0,3.0590371567989307
2242,367524777,,,9.4244,2,1822.191917944462,14.388060068497447,14147.30851273827,0.2759749813833918,,36752477702.0,
2243,367540617,,2.30682,9.2465,3,1817.578421605005,1.0831935065343938,556.0493462706008,0.149560689120914,,36754061703.0,51.98827920675105
2244,367593236,,8.03768,10.2622,1,1817.4691271559384,0.4980385565189582,363.208469130421,0.101618453667802,,36759323601.0,12.778467137279947
2245,367616105,,2.90652,10.1063,3,1817.6144578683443,0.4224419079649223,4842.799294618503,0.0971405413739002,,36761610503.0,15.527916359754716
2246,367617453,2.27,4.14294,9.6788,1,1818.3441372487512,3.2017733164446507,287.12983701612586,0.2712792499554096,,36761745301.0,16.65939292592389
2247,367625901,,10.695,9.603,1,1818.8382336622908,2.7692515206064634,932.1270921892448,0.2729686897848309,,36762590101.0,8.316138164699497
2248,367628098,1.643,2.28673,10.0071,1,1819.3173087807068,3.307549684937485,781.5215046781136,0.1702699398458868,,36762809801.0,19.43911661669708
2249,367628098,1.643,2.28673,10.0071,2,1818.4660206118929,1.977143960823724,521.1269866514589,0.2085411061205865,,36762809802.0,214.1049282112415
2250,367650614,1.067,1.90948,9.96666,3,1819.5500608398097,3.3019539527740203,458.0631401203144,0.177138575868827,,36765061403.0,28.97582145462226
2251,367702863,,,10.3692,3,2911.8608996832418,0.4208630435047428,701.0692047868494,0.0826416483396067,,36770286303.0,17.53393673478757
2252,367738779,1.28,3.15944,10.4494,1,1686.7650311519278,9.65016215595857,1525.2175026461732,0.1682585922099354,,36773877901.0,16.231221112229758
2253,367738779,1.28,3.15944,10.4494,2,1691.1922357391709,9.649588639692084,1278.1523763340565,0.1414230707206757,,36773877902.0,12.976332652354513
2254,367752981,,6.94541,8.06088,1,1683.7732323895762,1.4610158069808343,140.43517482674406,0.0939948543188245,,36775298101.0,27.23254803451014
2255,367768592,2.271,1.82931,10.3614,2,1817.7987455292443,0.6295258812641714,1441.1401325262136,0.2344860615112304,,36776859202.0,47.99412614969641
2256,367769043,1.077,2.47846,9.66826,1,1818.0320253524192,1.486207540084722,366.3110430432014,0.1690724259477663,,36776904301.0,21.15780713291607
2257,367777421,1.049,1.07247,10.4203,1,1817.679476806487,0.5860419467488683,34887.53446369665,0.0803162396703427,,36777742101.0,1.8078858534617053
2258,367784627,2.36,2.77312,10.1792,1,1828.2014470291333,16.02544550734186,10222.980308607748,0.1201576203265196,,36778462701.0,59.14890424704067
2259,367784627,2.36,2.77312,10.1792,3,1818.9298577069385,2.2673205800306944,1000.0449521474324,0.2940366449295271,,36778462703.0,13.56351923810195
2260,367785426,,,8.0046,1,1827.28431428816,10.17640858719477,2608.014801315486,0.2773298644244138,,36778542601.0,77.60384506952212
2261,367786244,,10.492,9.6716,2,1817.6656233922856,0.4135820048658674,849.5023915528233,0.0584305309045343,,36778624402.0,18.850485935924507
2262,367786244,,10.492,9.6716,3,1817.4484951398863,0.4135852682685239,414.0095538520926,0.0505282053773378,,36778624403.0,17.68581552998599
2263,367789563,1.55,2.26703,10.4147,3,1822.211968952619,5.630470258867731,1351.497321566413,0.2730559063731363,,36778956303.0,80.53756006424793
2264,367855789,1.04,2.0513,10.1122,1,1855.5416079823929,221.813879144169,6781.665892453784,0.3177100231444271,,36785578901.0,
2265,367858035,0.88,0.805886,10.0907,1,1806.690415816728,20.705264719628616,1786.1520394840145,0.1598337466545327,,36785803501.0,21.405391967809763
2266,367859029,,12.2311,9.8611,1,1792.1466304866517,4.845771238511119,382.1258618487151,0.2101428336602173,,36785902901.0,16.125402933200927
2267,367910985,1.419,2.44855,6.92289,1,1792.6659286978577,1.3472952057048224,50.95573186936407,0.2490110084238756,,36791098501.0,14.779700120706856
2268,367924881,,2.13782,10.404,4,1817.717415352559,1.8527235409033265,1499.5408860814225,0.1389708387995576,,36792488104.0,35.885752173685894
2269,367927193,,,9.656,1,2913.764532263328,12.435376918160294,3501.582353916531,0.2948066865206598,,36792719301.0,56.583632480115064
2270,367927193,,,9.656,2,2919.1751057029337,12.435376918160294,2875.517144921123,0.3248150435325241,,36792719302.0,56.31552040581729
2271,367928600,,5.61323,9.12054,1,1818.4498913963464,7.545137716368484,407.24398451687057,0.1735362057359143,,36792860001.0,8.731232252298453
2272,367934383,2.85,3.34151,10.3118,2,2914.09098258774,2.9320648059913994,965.2512277576568,0.4510112440503664,,36793438302.0,14.972607878614605
2273,367939458,,,6.2864,2,2912.782724208282,3.3885630995989917,3734.9479302191626,0.2667349875307728,,36793945802.0,95.71338557568305
2274,367940662,2.099,1.60554,10.4789,4,2911.662217416928,0.5508035179030712,2682.9733095318525,0.0886416288064588,,36794066204.0,
2275,367998096,2.33,2.87945,10.4028,1,1819.992856518584,4.155329627826485,1574.0401471896453,0.1759393637068995,,36799809601.0,95.49060419145701
2276,367998096,2.33,2.87945,10.4028,2,1817.9397911004476,4.15562906150129,829.790892890986,0.1874298214887031,,36799809602.0,95.04635936661316
2277,368013010,1.02,1.62353,8.1561,1,1817.8028935783195,1.124102321880536,820.8027667681799,0.1746905998393066,,36801301001.0,68.75358242921199
2278,368013010,1.02,1.62353,8.1561,2,1818.410692247514,1.1240569125887507,709.3251126331492,0.1701862833782299,,36801301002.0,68.93323946085637
2279,368064735,,5.11694,10.3256,1,1817.8019330135369,1.7762467119105243,860.1469307956379,0.1101577650175711,,36806473501.0,66.85874135255818
2280,368073692,2.83,2.55897,10.3349,3,1828.3638364443384,11.043309510904995,1077.9792260487347,0.3053472021159852,,36807369203.0,24.437275192935992
2281,368118204,1.389,1.4662,10.0545,1,1831.9493387379184,16.949014528252956,52504.50461995447,0.1265864953012063,,36811820401.0,1.9067991697276063
2282,368149595,1.537,2.06543,9.32391,4,1817.8614329181944,0.7992195070405255,374.44322033499776,0.0790705592631115,,36814959504.0,3.3002311205949875
2283,368165619,,6.79777,9.392,3,1778.8048646670532,46.59286809996076,2398.689481454743,0.4449379317351045,,36816561903.0,
2284,368173787,1.95,2.86159,9.21168,2,1818.1687182665416,1.418424234318468,959.930958238395,0.2402781956688996,,36817378702.0,28.81498992647438
2285,368173787,1.95,2.86159,9.21168,4,1819.027441020572,3.804152558305816,1409.911838637417,0.2214206792296953,,36817378704.0,13.931588782261294
2286,368242197,0.903,0.782686,10.2635,3,1817.9617084231356,1.7660247587697526,406.1092134374365,0.3520435294675927,,36824219703.0,8.955404118270247
2287,368263867,1.194,1.29829,10.2944,1,1830.175859255661,14.016379716207576,1585.5445736378097,0.5365551313754332,,36826386701.0,
2288,368264622,1.503,1.61889,10.4002,2,1817.404901805496,0.8947118926809389,1053.8678553571349,0.2143986782049034,,36826462202.0,21.811945660809286
2289,368268947,,1.48512,10.0987,1,1817.7644278041416,0.4569853145899177,10881.440881331742,0.1070347063743162,,36826894701.0,8.44839508140486
2290,368275098,1.21,2.34155,9.51755,1,1817.383358816448,1.251051687253571,306.0214618199615,0.3493114027070703,,36827509801.0,18.54190913770051
2291,368301501,2.7,2.42105,10.3839,1,1817.5383425221496,0.9216900752200968,763.1430990187952,0.0839254040786116,,36830150101.0,133.38802757630137
2292,368386274,2.22,3.32018,10.4318,1,1818.8819054310263,1.5812715053960498,1464.5677600157017,0.1812609810780989,,36838627401.0,107.54020678922195
2293,368386274,2.22,3.32018,10.4318,6,1818.792595161206,1.5802413976706644,1300.0027758664537,0.1802838106348427,,36838627406.0,20.12339336127527
2294,368387403,1.734,2.27091,9.70093,5,1822.0616206839647,13.444426306657,13557.601848838089,0.3939676674504553,,36838740305.0,
2295,368398707,2.56,3.08967,10.0471,3,1792.2052555406024,1.286507223937959,5209.590851157666,0.2393791979025478,,36839870703.0,7.911031665773231
2296,368446470,2.62,2.32819,10.033,2,1766.5077306292835,1.365451274897823,1143.020675497688,0.3583868697564173,,36844647002.0,2.2800471821296977
2297,368458516,,,10.3188,1,1791.963669244249,6.293771236360255,8761.922523760124,0.321696637480244,,36845851601.0,24.516782133169748
2298,368514796,,5.54088,10.1488,1,1793.3067652960206,3.4406172093894964,344.4903817883167,0.182147506782263,,36851479601.0,99.5270516675697
2299,368534838,,,9.8115,1,1817.454617708211,0.411111662103407,13129.35667479154,0.1628430455714656,,36853483801.0,11.392340861466293
2300,368597811,1.082,2.34206,9.88604,2,1768.100360193814,2.1106055533185755,280.78146166888666,0.3177687128783479,,36859781102.0,62.74100606978381
2301,368597811,1.082,2.34206,9.88604,3,1767.598925384979,2.110592252609537,196.96863788781263,0.4063660881870329,,36859781103.0,64.05763759706917
2302,368598964,,2.19324,9.3564,4,1766.3313508335164,0.3350356768096165,518.5520400326959,0.0643817095929206,,36859896404.0,
2303,368603344,1.325,1.46493,10.1373,2,1792.348244473839,0.907225529614347,203.76646281528173,0.198628882978627,,36860334402.0,68.96815481293618
2304,368733493,,7.91724,9.1345,1,1793.8949880657458,2.4070414721639577,565.5034455885293,0.2475978862822652,,36873349301.0,23.611215590065402
2305,368736432,1.82,3.27635,10.3022,1,1793.693226237736,3.8349389478301,236.4585485412675,0.3311980874669476,,36873643201.0,29.224881498158428
2306,368793387,,,9.3826,2,1791.7521411113478,0.4265729434244577,302.53486628857803,0.4261590038934701,,36879338702.0,
2307,368835265,,2.1512,9.4524,1,1817.570707398159,0.3967379204010141,611.38712188299,0.1426012565657345,,36883526501.0,29.150388411999366
2308,368918260,,11.4437,10.2554,1,1791.802082159812,0.4346784576616154,282.4304900245034,0.4336739723796937,,36891826001.0,15.89559901469255
2309,368919198,1.459,2.73771,9.92586,1,1793.234054540589,2.985984515915831,142.40093387927772,0.5190170186835461,,36891919801.0,22.28143035320938
2310,368919696,,,10.3557,1,1791.6162176209364,2.2479917745968008,403.40504425515496,0.2231732874092639,,36891969601.0,50.523164728838644
2311,368977330,,3.63171,10.2841,1,1817.5927751139563,0.6517431178993363,2135.9231927636624,0.1742853883352437,,36897733001.0,48.00743195395929
2312,368977330,,3.63171,10.2841,2,1817.913378531616,0.6517431178993363,981.272720225271,0.2200225786937744,,36897733002.0,28.18889948972305
2313,369053415,,10.3323,9.7521,1,1819.9118441612832,6.609713924723515,966.3048681320104,0.2849299421811307,,36905341501.0,67.23623577874191
2314,369202510,1.409,2.11298,10.1951,1,1820.983074576559,5.364600459724337,894.8598479504259,0.2150179550668263,,36920251001.0,148.59325467321176
2315,369255529,1.091,1.16916,9.21792,1,1817.4772713312104,0.7010270838487903,2794.466113182595,0.1283029979281459,,36925552901.0,71.37526477465428
2316,369255529,1.091,1.16916,9.21792,2,1817.7992412935744,0.7010418788965267,1235.8089224724488,0.1740079382069033,,36925552902.0,71.55571192812288
2317,369259265,1.166,1.84185,10.0597,6,1817.8227346724932,0.9558359561391608,2606.673917385827,0.1107941284067401,,36925926506.0,25.965610381292496
2318,369259265,1.166,1.84185,10.0597,7,1817.629404412057,0.9570585811547158,2336.1018551429,0.1066041226006415,,36925926507.0,29.92708390933324
2319,369259704,2.577,2.21002,10.4915,1,1818.3748694152243,2.5515045930426696,2175.6653881417687,0.3037425586127118,,36925970401.0,42.425704944307256
2320,369264198,2.603,2.82999,9.21518,1,1818.37665074358,2.00842766500316,425.7601456807717,0.2100196509336649,,36926419801.0,65.67501295552081
2321,369273784,1.54,3.77495,10.1575,3,1794.0651732770182,3.035010744987206,115.95521818493766,0.5421615571703775,,36927378403.0,22.469993258923424
2322,369279845,,,10.2588,1,1799.0031720517347,20.865264925629248,2335.2705322599963,0.2686801269427706,,36927984501.0,
2323,369279845,,,10.2588,4,1792.278926989354,0.467810875374784,440.6441679091485,0.0856981213771613,,36927984504.0,64.31216835789422
2324,369283035,1.282,3.44955,7.73293,1,1794.027509963261,9.5349105207395,9820.098971714557,0.1549518886466381,,36928303501.0,2.8645700453262073
2325,369351854,1.84,1.63107,10.173,3,1815.4679165477569,52.12618447994737,3663.45877755394,0.2215158100654712,,36935185403.0,43.00415238279563
2326,369383695,,10.4711,8.23615,1,1817.3627160109984,1.123233518920405,242.2439251655316,0.2249863437224169,,36938369501.0,9.75993632014134
2327,369461240,,11.6527,9.0073,1,1819.1028940621584,2.6180179919191646,458.88493592222034,0.2327262113643711,,36946124001.0,4.303583465238966
2328,371217549,,,8.4148,1,1825.8257351238897,74.36910454952935,9178.100185664156,0.2450389360451453,,37121754901.0,
2329,371709098,,8.48942,10.141,1,1816.9292174584264,0.6372424561871708,748.8413046174569,0.0877960235522893,,37170909801.0,42.576222196049066
2330,371709098,,8.48942,10.141,2,1817.2469041046627,0.6372424561871708,735.9147137146126,0.0792831617887135,,37170909802.0,45.74779042998759
2331,372113814,1.552,1.93539,9.76381,3,1802.212860295532,14.587121843096927,10077.030197502943,0.1547303159251785,,37211381403.0,
2332,372132045,1.831,1.80596,9.28633,1,1821.3366192685023,83.87207006737279,718.478018824984,0.539810778636109,,37213204501.0,
2333,372196447,,4.17967,10.4692,2,1795.1910548462454,3.2406388989634367,5717.983636168378,0.2398575616294443,,37219644702.0,5.631642213681788
2334,372256697,,,10.1983,1,1825.7453577024544,74.37238736787502,14012.819464617687,0.2425590533606825,,37225669701.0,
2335,372265485,1.09,1.33236,9.3985,3,1816.1840610789145,28.052858975096637,3110.3765699810074,0.2533662163092149,,37226548503.0,81.92766157452402
2336,372267395,1.052,1.11036,10.0985,5,2896.0216383055053,20.028840811740118,5934.910234153287,0.1382034380753276,,37226739505.0,17.3755677151868
2337,372562733,1.335,1.32214,9.77224,1,1817.9799633785772,1.1190423308102126,7933.7538566856465,0.0619590605345267,,37256273301.0,26.24365178412797
2338,372562733,1.335,1.32214,9.77224,2,1818.2142363155288,2.07724432294308,6898.397923714057,0.0790047920168666,,37256273302.0,25.557662948489074
2339,372562733,1.335,1.32214,9.77224,3,1820.6554720537824,3.281085627427692,5363.911343851622,0.2991790647268071,,37256273303.0,41.45858056967329
2340,372562779,1.343,1.23242,10.4955,1,1820.6730444013251,3.28104468568806,1231.32242420288,0.2939028016659544,,37256277901.0,96.72305535475303
2341,372569390,,4.32763,10.3513,1,2912.195496052388,1.2687749109614264,515.5896547213662,0.2101941778399565,,37256939001.0,18.737289632270464
2342,372622238,2.79,3.53446,9.4848,1,1818.392081259769,1.7551674597708733,208.79076742311312,0.2482049043013783,,37262223801.0,20.155325625177923
2343,372622494,,,9.2617,1,1835.607313268055,19.34165826428828,19196.89654675246,0.2333547331989694,,37262249401.0,4.8822034702130575
2344,372747667,1.2,2.75889,10.2595,2,1822.709109596367,107.01054311472367,1301.5944999825108,0.6312375737593965,,37274766702.0,
2345,372789431,,2.26951,9.9352,9,1792.1867581836432,0.3407505436588438,602.6399419263811,0.0306407498396301,,37278943109.0,13.761278267583066
2346,373017082,1.04,0.939235,8.9869,1,1799.655085696844,14.262358269733577,214.826070475001,0.1059379757850419,,37301708201.0,16.09796446602207
2347,373021596,,,10.3478,1,1791.7142339462514,0.8793385513363888,10112.44673020664,0.0921036856515936,,37302159601.0,3.3406289714405517
2348,373021596,,,10.3478,2,1801.1577642099564,46.97835486218906,20976.494229875825,0.3103362061828582,,37302159602.0,
2349,373021596,,,10.3478,3,1822.462208657799,46.99720709027832,21547.497909793758,0.2394090982151102,,37302159603.0,
2350,373061428,1.508,2.68886,9.88343,3,1793.5120528776768,2.1036326227603883,9788.804013311605,0.1330859871601821,,37306142803.0,
2351,373133412,1.948,1.71673,9.9127,1,1794.582333491331,4.830865593396345,25749.11635310088,0.21485172076739,,37313341201.0,2.2685702200901154
2352,373133412,1.948,1.71673,9.9127,2,1792.461563560979,4.830979303056461,853.2861457066958,0.1917199450401595,,37313341202.0,6.954640182206191
2353,373143294,,12.6155,7.78816,1,1791.6513075627647,0.6515574715838969,584.0317131952501,0.1426385500955611,,37314329401.0,76.56438018483338
2354,373318552,2.37,4.7582,9.794,2,1793.6679174295596,2.4401822875143977,239.6083506551885,0.3036148711255051,,37331855202.0,22.507564731038247
2355,373322858,1.481,1.86414,10.2824,1,1792.2784472323349,0.753836362868809,1589.7431450417482,0.1627090529076391,,37332285801.0,18.901417010158173
2356,373322858,1.481,1.86414,10.2824,2,1791.886273903167,0.7538453864396581,1249.321544615991,0.1920645945881572,,37332285802.0,16.977999968121733
2357,373326815,,,9.47346,1,1792.2795454613065,1.1982457651730154,439.7110775648497,0.172989816877714,,37332681501.0,20.79659750818177
2358,373462988,,11.3748,9.9628,1,1793.8742411396624,3.291977597158761,236.76000198795023,0.2307374365824403,,37346298801.0,80.91290552660931
2359,373463161,,10.4601,9.9757,4,1791.926100013614,0.3876236932021236,1096.2511883634688,0.0821481128097742,,37346316104.0,
2360,373696865,,,10.4026,5,1829.177813337688,51.66393610278219,13069.310017750247,0.1582052193715868,,37369686505.0,117.27102597332193
2361,373783045,,,10.4231,2,1792.283123902276,0.7955284986545098,1125.3084727534456,0.1018040861381345,,37378304502.0,17.62905948774483
2362,373950375,1.976,2.63059,10.2039,1,1793.7286688909644,6.304057543622228,664.4144604222854,0.1470167179632385,,37395037501.0,25.229008148961736
2363,373958416,1.295,3.06056,8.92185,1,1792.6821171037002,3.618239816253125,396.5418449369464,0.2450549380928967,,37395841601.0,40.46361819579017
2364,374131596,,1.42048,10.2713,8,1794.8980747709857,3.267428704453443,1235.575332332873,0.167832559622621,,37413159608.0,64.35101947502945
2365,374221501,1.202,1.04592,10.3745,2,1792.4402074171028,0.5463217137502494,1052.9674696361196,0.1564913482650585,,37422150102.0,10.29138962487615
2366,374390400,2.52,4.01349,9.1193,4,1792.183643215965,1.976866737957358,4012.4572329462135,0.142962309085902,,37439040004.0,18.30249344524629
2367,374390400,2.52,4.01349,9.1193,5,1792.886232016874,1.9732676802139812,5063.409745606099,0.1087214468672757,,37439040005.0,5.51521035705031
2368,374390400,2.52,4.01349,9.1193,6,1793.4648801451438,1.980474213321494,2274.98781904203,0.2038733234837108,,37439040006.0,11.03615784562177
2369,374390400,2.52,4.01349,9.1193,8,1792.877333549798,1.9715094991886284,1159.0421762047838,0.2656405516480176,,37439040008.0,19.98964663438521
2370,374390400,2.52,4.01349,9.1193,9,1793.4712185302826,1.9715903650692612,1945.911403706804,0.1849449382583588,,37439040009.0,18.5940973048099
2371,374395256,,,9.3297,1,1803.1814281156144,39.5738816896431,21142.320833677462,0.2958655053538572,,37439525601.0,
2372,374400599,1.72,2.04225,10.0188,1,1793.704254488469,1.893279729129432,3406.83848215848,0.1800351666317777,,37440059901.0,36.12429805045195
2373,375598633,2.007,3.50636,9.21868,4,1767.0564484395568,1.6263735437228135,850.3142448081534,0.3270644201434716,,37559863304.0,2.790876347720719
2374,375598633,2.007,3.50636,9.21868,6,1767.3545735703,1.6263735437228135,2990.65867889452,0.1638725264082273,,37559863306.0,
2375,375654566,1.573,1.95519,10.1207,1,1769.838777385923,5.839640023724983,12650.210964446747,0.2255703346063061,,37565456601.0,31.201015437121505
2376,375654572,,1.93852,9.7237,3,1766.417380972812,0.389422324484349,351.2383892296995,0.0909094318489078,,37565457203.0,18.881291098164365
2377,375780380,1.539,1.36993,9.83759,1,1766.4925302147908,0.7072515870017084,478.6795763940069,0.0614250616354922,,37578038001.0,60.45114024214635
2378,375904968,2.002,2.44177,7.43377,6,1766.3221369064668,0.9582812274308352,1027.7501221870912,0.2503877449942348,,37590496806.0,
2379,375907264,,,8.1757,2,1766.461027545986,0.6240330000593782,702.7464578100455,0.6160929429263079,,37590726402.0,
2380,376088164,1.34,3.82338,9.3997,4,1817.6149637593933,26.367977488805824,1541.4715231662678,0.3676792434983825,,37608816404.0,
2381,376119875,0.937,0.869491,10.3255,3,1792.1115799911718,0.3755420998680804,6256.65684162762,0.0851626318438961,,37611987503.0,34.072524022528654
2382,376302775,,3.84427,10.2621,1,1812.1771480675936,22.44174864798264,2442.202630522266,0.2758771220275832,,37630277501.0,
2383,376353509,0.78,0.844876,9.5831,1,1796.2771845552188,7.331611392800557,868.2896476493478,0.0727236717752332,,37635350901.0,21.771716075102727
2384,376367467,1.243,1.65055,10.332,1,1766.3152072508956,0.6394482025907506,9750.75652807735,0.1619028115026635,,37636746701.0,55.006655480672165
2385,376368735,2.599,1.79265,8.85279,1,1766.6182207873549,3.440520555568684,106.14302383179572,0.2722131344629663,,37636873501.0,20.517413144453958
2386,376539740,1.23,1.18453,10.0371,1,1836.2403374116263,50.05564195043691,3505.019041247378,0.203396653735887,,37653974001.0,
2387,376550034,,3.1625,10.0866,2,1959.104099225315,6.86450385553975,462.35489560843706,0.1914693704444787,,37655003402.0,190.2738718430091
2388,376550034,,3.1625,10.0866,3,1962.1215326660608,6.86421455679242,491.5659961920469,0.3153164629584883,,37655003403.0,190.10976145396612
2389,376589216,1.43,1.42939,10.3466,3,1846.2768040311787,37.93140242565769,11662.469962715802,0.233720453275576,,37658921603.0,
2390,376589827,,20.7519,8.0598,1,1817.1158319413464,0.5799892400281121,93.6953436480567,0.577251120892908,,37658982701.0,17.21516579570834
2391,376684643,1.01,3.13111,9.9928,5,1989.6231867185063,48.92587169717599,5549.549968635534,0.2427897384938795,,37668464305.0,160.69149628336655
2392,376685530,2.048,1.8671,9.99573,5,1766.8183447267252,0.5944313745456753,1765.3520218785202,0.0338259292995537,,37668553005.0,12.456881830151897
2393,376840113,,1.43276,10.282,1,1791.9514698629184,1.5473711122308416,1979.073975758295,0.1731270643857738,,37684011301.0,28.70497487839919
2394,376848623,1.39,3.56781,9.5717,1,1690.957175985485,12.735793562020666,92.23424234298729,0.680593523580186,,37684862301.0,17.8839196745537
2395,376883120,1.393,2.39356,9.46472,3,1703.669208969925,26.06762878077513,146.6553761546888,0.4183333340625949,,37688312003.0,19.174156170406494
2396,376971463,1.188,1.69826,9.95989,1,1792.6019064308352,1.1375396418871204,3466.056306270567,0.1211983081732715,,37697146301.0,20.967176197007927
2397,376971463,1.188,1.69826,9.95989,2,1791.9908785910793,1.1375789643076455,2479.8014025611283,0.118455156818097,,37697146302.0,21.650313371903604
2398,377051231,,,10.4978,1,1870.7913107408624,206.0878525873304,7372.073555166949,0.2257948664808075,,37705123101.0,
2399,377102390,1.413,1.66356,10.1707,2,1760.251611686089,103.67709690839264,2023.0095037190235,0.2380583290582009,,37710239002.0,
2400,377196142,,5.38062,10.4938,2,1696.769788859669,108.6266442656198,3346.697937735016,0.3026031401642187,,37719614202.0,
2401,377197068,,,8.106,1,1688.7665577396672,7.786347131924964,564.8699639548722,0.1738101970220198,,37719706801.0,25.695224200073284
2402,377197068,,,8.106,2,1684.7485138455163,7.786347131924964,360.9054319845164,0.175708711412018,,37719706802.0,15.597917800084586
2403,377200656,,5.40281,9.415,1,1766.5588539404448,1.412181675026971,192.61359242634225,0.1720341001957915,,37720065601.0,19.208807766032926
2404,377202303,1.122,2.83845,10.0138,1,1791.8932357822212,1.784819628696175,596.9423840511696,0.1564709205015051,,37720230301.0,122.73711569882869
2405,377257650,1.188,1.17975,9.44284,1,1683.6211941679865,0.6041065018320521,926.0733086597604,0.0358478883815641,,37725765001.0,21.16464910154752
2406,377257650,1.188,1.17975,9.44284,2,1683.9238074320165,0.6041065018320521,599.0692101783759,0.0381496105294848,,37725765002.0,12.330450999148772
2407,377305812,1.48,3.54327,10.2945,1,1692.8204345880067,13.937643938033208,1787.0025193480365,0.150619499222232,,37730581201.0,65.37293446099822
2408,377305812,1.48,3.54327,10.2945,2,1793.528597522185,234.49416922206143,1722.240025822746,1.0843968212425217,,37730581202.0,
2409,377307150,1.65,1.83608,10.3132,1,1683.885736132018,0.9466101772043548,19157.986581142013,0.2669977304952686,,37730715001.0,3.6971170470448347
2410,378474491,1.369,2.12147,9.42581,1,1766.362175185043,1.1851276430688564,314.1498071053994,0.3621977080352402,,37847449101.0,22.04767235152587
2411,378475832,1.9,3.78396,10.4089,2,1767.6331774745115,3.1937168029964136,3682.530422140737,0.3085718985455451,,37847583202.0,4.192879887538126
2412,378858431,,9.10837,9.4734,2,1963.5701433335755,9.42242882590526,844.8379490589657,0.2164767496218614,,37885843102.0,18.21610671983177
2413,378863102,1.528,1.86061,10.3916,1,1792.1843756105804,0.7376932707405789,2218.300404607036,0.1026504652835744,,37886310201.0,53.51769245122877
2414,378863102,1.528,1.86061,10.3916,2,1791.815188057178,0.7376932707405789,1075.049623136387,0.1124499429250339,,37886310202.0,51.80133013325778
2415,378989187,1.459,3.98423,8.48298,1,1793.7998194452566,2.962850397024809,174.8419458000682,0.2007992954711852,,37898918701.0,15.692930211457377
2416,378989187,1.459,3.98423,8.48298,7,1793.710305735709,2.4684789419200905,180.07802139817446,0.1420413459225031,,37898918707.0,
2417,378990395,1.535,3.61718,7.39472,1,1793.301165655202,3.73426540116422,215.26255758248857,0.3057578675353687,,37899039501.0,15.66847136513286
2418,378990395,1.535,3.61718,7.39472,2,1793.8921917392483,3.734078725507493,123.91973453497178,0.5592909108822113,,37899039502.0,24.41024374522563
2419,379087570,1.095,1.12778,9.38276,1,1792.058266610701,0.5352723613344175,137.20523797771503,0.1661854717623664,,37908757001.0,79.37563396277403
2420,379092190,1.551,1.89865,9.43525,1,1983.0261438934203,30.46518363990929,15171.890597885396,0.1645697219162906,,37909219001.0,39.37875384548364
2421,379246831,1.372,1.93642,9.0527,2,1793.3119573157594,11.022703264716393,3457.4023167155106,0.2950546872317905,,37924683102.0,8.170779708544131
2422,379372152,1.118,1.15542,10.434,2,1805.1767218122225,21.500072881507528,811.3081031144726,0.2779534001571917,,37937215202.0,
2423,379378030,1.041,1.37211,10.0663,1,1802.0188618768368,45.64835810844554,6063.981212305448,0.2240541460629214,,37937803001.0,
2424,379528820,1.96,3.86269,10.266,5,1792.0920693462067,3.0799898158771595,408.9042559229888,0.3944310667440109,,37952882005.0,60.930043896707005
2425,379628805,1.144,2.09344,9.62391,1,1794.9971392191444,3.5335888248253404,17604.56400883934,0.1775200101847742,,37962880501.0,11.304821461826885
2426,379628805,1.144,2.09344,9.62391,5,1815.5047326915508,52.79779117503488,2905.193787156644,0.3554534474449065,,37962880505.0,
2427,379633916,1.64,2.29253,8.55239,5,1792.970897596818,3.851565834737856,7317.170651044084,0.2191837913782117,,37963391605.0,
2428,379635868,,9.71184,9.7193,1,1793.0472545507578,1.1341007829093392,145.53030047706375,0.1180592107480308,,37963586801.0,56.33555489318516
2429,383673990,,9.43052,8.3203,2,1683.4247512747436,0.5203940474783805,185.1883504675272,0.3066227028471753,,38367399002.0,
2430,383675453,,,8.7201,2,1836.364814797634,353.58683650584425,4841.828152896019,0.3070294054174239,,38367545302.0,
2431,384595968,1.093,1.13684,9.9199,1,1802.091842572074,25.891965943012483,1783.548098741937,0.1703285667931212,,38459596801.0,154.37056029425216
2432,384602493,1.108,1.23321,9.79429,2,1802.4689175614876,14.778435489777658,10680.143230912789,0.1295633096681158,,38460249302.0,
2433,384602493,1.108,1.23321,9.79429,4,1821.6807315787275,29.846390166837296,11167.09055030871,0.1113696636794983,,38460249304.0,
2434,384602493,1.108,1.23321,9.79429,5,1802.2192466738547,18.543364067687808,10464.551822636966,0.1011256959559352,,38460249305.0,
2435,384602493,1.108,1.23321,9.79429,6,1816.4548871491904,31.758251439342025,9907.676514299174,0.1202554969562595,,38460249306.0,
2436,384602493,1.108,1.23321,9.79429,9,1802.2985135483596,16.088325436858558,9360.022049885443,0.1129889174111061,,38460249309.0,
2437,384602493,1.108,1.23321,9.79429,11,1802.529308565334,13.935541914513829,6169.728822048335,0.1203873486542277,,38460249311.0,
2438,384602493,1.108,1.23321,9.79429,12,1802.2256569381043,15.29548142430334,4811.879355612455,0.1227156291090049,,38460249312.0,
2439,384727922,1.062,1.05281,9.80738,1,1814.9897435435896,28.084073776630795,2221.9420132114305,0.285558180987217,,38472792201.0,7.911168276695129
2440,384735405,,,5.9608,1,1793.0065791529778,1.426591301735791,406.6914971711788,0.2260596559929729,,38473540501.0,11.151095726202955
2441,384737126,1.229,1.88781,9.10057,1,1794.891406533206,27.53399061357802,883.0229621483871,0.1440985050172745,,38473712601.0,12.040286880126704
2442,384814967,2.44,4.49778,9.7411,1,1792.6878008800245,2.754742029719838,154.7558581257911,0.3598164048931782,,38481496701.0,1.168645671128439
2443,384918845,,12.3876,9.3642,1,1793.1224052145644,2.0692233988421878,410.9962543003058,0.1149192297201252,,38491884501.0,25.25215027615149
2444,384919872,1.413,2.02942,9.34152,1,1799.0118360040146,15.467125941494908,982.4632347703508,0.4662819211299392,,38491987201.0,17.173286921752062
2445,384986789,2.69,4.36574,10.1077,1,1794.7916403607403,7.784906129404692,1254.2651928840185,0.3884638310848249,,38498678901.0,22.462528017702315
2446,384986789,2.69,4.36574,10.1077,2,1793.8429125125097,2.3871366474365576,757.3533958739902,0.4728851485909299,,38498678902.0,20.893060010010668
2447,385040765,1.72,2.72248,9.6487,1,1793.706805064621,4.298368074155512,1789.5499598122703,0.3879790067981222,,38504076501.0,6.4247556338423815
2448,385040767,1.43,2.10997,10.0153,1,1793.7445117761413,4.298217979660018,2307.3896792344226,0.340698860588717,,38504076701.0,11.528799630942572
2449,385041086,2.189,1.87554,8.27464,1,1792.634067925826,0.8958970210589441,1090.185049169171,0.1857091622590287,,38504108601.0,38.00117159630649
2450,385041086,2.189,1.87554,8.27464,2,1792.2032565359243,0.8958843384819859,704.8335901310273,0.347374382210555,,38504108602.0,28.865911461236156
2451,385099732,2.73,3.32309,10.4046,2,1794.2147795022631,2.5842908776244777,2416.7351473020167,0.3018186396569453,,38509973202.0,8.93332477300075
2452,385099732,2.73,3.32309,10.4046,3,1793.7517842600882,2.584089497329002,1711.7725029071648,0.4608226853340655,,38509973203.0,20.896120459349447
2453,385100779,,10.5942,10.4128,2,1792.9245333122612,1.2720701705951518,394.8013354019756,0.1900756077264901,,38510077902.0,17.55561914825104
2454,385105624,1.2,1.52868,10.4511,1,1793.3443675763162,1.74985019220868,2549.380286216138,0.0815425120003216,,38510562401.0,12.447522565268992
2455,385107727,,10.9746,10.3542,1,1793.9778031516075,2.3269987380342974,1040.4258547135466,0.163079864876086,,38510772701.0,60.97538233865525
2456,385153693,1.387,1.57632,9.27343,2,1792.3785803245166,0.9385498660568814,293.03546164334864,0.1968430415581302,,38515369302.0,22.884258788319965
2457,385195870,2.15,4.35826,9.9112,2,1794.572765601357,5.796823850973939,6311.134230726354,0.6517130916437075,,38519587002.0,5.8186378765856155
2458,385201035,1.3,3.30119,10.1154,3,1793.7698915682936,2.0732335891156897,10031.757905734135,0.1320575184258614,,38520103503.0,8.681405919509123
2459,385201035,1.3,3.30119,10.1154,4,1793.7929494865027,2.079021237470081,6885.503849859038,0.2265282994574756,,38520103504.0,14.368491372912619
2460,385201035,1.3,3.30119,10.1154,5,1792.1938019659203,2.079019199725438,3803.373248229379,0.2717192670777004,,38520103505.0,17.5816319800208
2461,385201035,1.3,3.30119,10.1154,7,1792.8128420610603,2.0719757020238934,1850.8695173964163,0.1707425814849971,,38520103507.0,20.465160442140395
2462,385202748,1.079,1.16093,10.2032,2,1801.3342973221686,13.523004028724444,1145.2889484928542,0.272865657554089,,38520274802.0,17.895141903051172
2463,385257962,,,9.1146,1,1794.8902016088357,27.533850442634336,679.0167342604384,0.1745795602508898,,38525796201.0,1.718408057560065
2464,385335423,2.451,2.2135,8.73921,1,1794.845469795179,14.301081023726184,702.0279641919088,0.2122658849072863,,38533542301.0,8.64165983299049
2465,385344085,0.9,1.09998,9.92474,1,1792.1335819275284,0.5896467377064961,2312.031018613097,0.5896108213710874,,38534408501.0,
2466,385402715,1.27,2.78566,10.2184,1,1792.5696232664243,1.752580111599496,6846.110482740581,0.088235613592028,,38540271501.0,4.859762351467833
2467,385402715,1.27,2.78566,10.2184,2,1793.4452924459856,1.752580111599496,6076.568835687334,0.0821902049040627,,38540271502.0,1.4337142486994778
2468,385403649,1.73,1.75825,8.76814,2,1792.232597024254,0.6454617917712078,335.0515066748266,0.1301590601675567,,38540364902.0,12.016150348224366
2469,385404249,,,10.2917,2,1792.319741025785,0.6268022418887408,1196.5362113551007,0.2131840494109066,,38540424902.0,4.122678357191893
2470,385406773,0.71,1.00662,10.3125,3,1792.2559069584595,0.4258525548597842,3082.7441473822,0.0316481162278088,,38540677303.0,77.47167454415586
2471,385438411,1.899,2.71808,10.4115,3,1792.9804632008336,1.1372399106265876,502.3962053448131,0.1561663562127562,,38543841103.0,14.042856207625684
2472,385506017,1.56,2.8611,8.6481,2,1791.814583098717,1.3421325901281336,98.0045378500828,0.2583452934023009,,38550601702.0,11.442214671356414
2473,385555430,1.62,2.86622,10.1195,4,1792.27530796948,1.25088865833682,2130.431228365077,0.7152291273167226,,38555543004.0,
2474,385555521,2.13,2.10335,9.8337,2,1791.8806977862982,1.3265779697490576,3304.2167386970623,0.4625683304688019,,38555552102.0,4.859311633909891
2475,385592807,1.17,1.56835,10.4662,3,1817.0072183266732,26.240702589714918,9940.31505838047,1.2581653935345785,,38559280703.0,
2476,387237076,,2.12406,9.1125,1,1741.5277964878435,2.601523524826697,4743.712190172515,0.1251746303900516,,38723707601.0,2.586597557287504
2477,387259626,1.378,1.34961,10.1543,1,1714.40867218092,3.6230942431366073,17748.633705926924,0.1256825402866278,,38725962601.0,2.4380917601401664
2478,387259626,1.378,1.34961,10.1543,3,1712.5763862222807,3.623159816828845,552.9576873918247,0.1226022251218626,,38725962603.0,8.990771249293344
2479,387261918,1.146,1.50674,9.52931,1,1789.1354765971716,55.38091276884026,8586.54067528672,0.1499790779917887,,38726191801.0,
2480,387268955,1.37,2.40329,9.5739,2,1795.751776325078,22.764680520354904,12540.2084508943,0.4123351478608147,,38726895502.0,17.762610801579473
2481,387357403,,,8.59,2,1751.4286458001372,92.9628029129063,8963.056759728863,0.2393063972043653,,38735740302.0,
2482,387413037,1.44,1.52887,10.3197,2,1745.678908095436,6.725548737804102,1565.5451642490589,0.2031885142871613,,38741303702.0,39.59490259477128
2483,387413037,1.44,1.52887,10.3197,3,1742.277663923208,6.725210309120057,989.1822847929092,0.2103698520986728,,38741303703.0,38.05407373760848
2484,387504156,1.91,3.00953,9.2178,4,1740.1783427960584,1.2742441659503707,1152.9994133411649,0.7448296066500886,,38750415604.0,
2485,387504197,,12.4419,9.704,1,1740.4126519709605,1.2226180120022931,784.5632826381454,0.0826749185389926,,38750419701.0,14.662751887132472
2486,387504684,2.467,2.27315,7.91438,1,1739.194241939616,1.9133538010468123,1230.8897238822403,0.412054688849914,,38750468401.0,4.922855699540273
2487,387529489,,1.84117,10.1204,1,1740.545162720373,2.383609740893464,1435.0155681623758,0.2277241472904212,,38752948901.0,19.416818627282247
2488,387565268,2.28,1.68184,9.5008,4,1739.238509486108,0.523873725700356,312.5818578533609,0.072556852345856,,38756526804.0,19.155190374011113
2489,387606117,1.149,1.14013,10.4818,2,1837.959576730657,100.80376585859322,30955.87873002214,0.1665459774303564,,38760611702.0,248.13434690887001
2490,387702256,1.814,1.91358,8.92047,2,1739.75357693034,0.7709049665881978,3996.321804024228,0.1838146662081969,,38770225602.0,8.107216780711319
2491,387702256,1.814,1.91358,8.92047,3,1739.509694576289,0.7708981610624039,4172.696459465906,0.1973970687244594,,38770225603.0,
2492,387758319,,,10.0667,1,1739.4906227986394,0.6729656074882584,422.5858916045867,0.1530289556263461,,38775831901.0,15.69373423623654
2493,387834907,,,8.4239,1,1739.8792323332152,12.651996919615913,4225.9563255088415,0.2764232597791624,,38783490701.0,14.951784610798345
2494,387834907,,,8.4239,2,1742.7502137162503,12.65170697404609,575.5478877536123,0.1923408432868475,,38783490702.0,4.8403584252661975
2495,387895483,,7.75818,10.2838,2,1739.4810163634006,0.4088568375269963,172.02691709087682,0.1864284065959297,,38789548302.0,
2496,387896530,,9.70238,9.0434,1,1740.5638412355595,1.8021496968197208,1050.3726309328947,0.1153186184124986,,38789653001.0,48.692106436658875
2497,387897919,1.364,3.07874,8.4462,4,1739.654671050499,1.6960681342169546,379.4076171942585,0.3867165564027359,,38789791904.0,
2498,387951975,,,9.0294,1,1751.074541691117,92.9804126510327,8165.974538798116,0.2455142592367208,,38795197501.0,
2499,387951975,,,9.0294,3,1769.4040701010238,60.960263375652026,1491.220781856086,0.8764598899813199,,38795197503.0,12.519200459615705
2500,388431710,2.36,3.36922,10.1815,3,1794.2652563420086,3.7538666109605354,3439.9192159425083,0.182402427502642,,38843171003.0,10.064177010356913
2501,388431710,2.36,3.36922,10.1815,4,1792.952401423411,1.8769008461658363,1405.64440210237,0.2783723635778807,,38843171004.0,8.479748299911652
2502,388431711,2.49,3.51965,10.0658,3,1794.317033771326,3.753700662565488,4352.464570007007,0.1363852521353901,,38843171103.0,6.63216124847115
2503,388431711,2.49,3.51965,10.0658,4,1792.8972552918972,1.876984927877668,1250.1655650022894,0.2959727581428288,,38843171104.0,10.689167545899762
2504,388431740,1.124,1.06673,10.3162,2,1792.0630700287174,3.7537792652122737,803.3849869685043,0.1218014676654008,,38843174002.0,127.41924116523822
2505,388431742,1.2,1.04985,10.2389,2,1792.065968908631,3.753773678209304,489.203440983715,0.1162082100741008,,38843174202.0,132.43025591996133
2506,388504644,,5.13526,9.9778,1,1960.9433225807657,5.688662026991383,884.2642443390074,0.2590543225367384,,38850464401.0,16.820711348195786
2507,388505345,1.795,2.5944,7.7085,1,1794.8485776018426,6.7779115171378965,507.7132633925356,0.1232203872710616,,38850534501.0,3.8983144127311093
2508,388528508,2.07,4.33477,8.4622,2,1792.1083642685976,3.619376804623947,6827.105635909411,0.2669121062375047,,38852850802.0,3.2537314740865697
2509,388566311,1.5,2.79224,8.80364,1,1792.634056797002,1.5686128901542615,248.584204879802,0.3434426267079779,,38856631101.0,21.285318673762994
2510,388601099,,1.85663,9.4915,5,1791.9098213243392,0.3877374255349378,1654.2717694412174,0.0584043689239743,,38860109905.0,
2511,389850194,1.005,2.21554,9.55589,4,1808.2428380104109,19.49119598770592,740.0509461498435,0.2346984805908731,,38985019404.0,18.31037899895713
2512,390019441,1.59,2.69979,10.3397,5,1683.7580126463124,1.4052954133726387,1688.3409093359223,0.6178779187865916,,39001944105.0,
2513,390400989,,,8.6179,2,2890.636590106924,22.064629742342827,867.5553539023838,0.1654183220199619,,39040098902.0,60.87251894976425
2514,390410319,1.828,1.67739,10.4418,1,1814.899532638168,30.42625933666459,3648.812863307155,0.2706727432217848,,39041031901.0,118.64723282117315
2515,390411557,,,10.4881,2,1815.7496038142651,28.061292728871173,5706.057370616455,0.315605447217705,,39041155702.0,123.55036316716881
2516,390459793,3.186,4.23434,7.15855,9,1793.4174611901929,1.6752860351112318,182.18552469068564,0.5884073749964708,,39045979309.0,
2517,390462554,1.47,2.38066,7.19839,1,1793.4091702837616,1.42737855170391,180.04680430361424,0.208116428539431,,39046255401.0,21.27663080675939
2518,390467267,,13.2989,9.1083,1,1792.5803257810303,0.577062330653225,153.82195139625048,0.5767461277153031,,39046726701.0,
2519,390522565,2.49,4.01795,10.3682,3,2882.6497065446424,2.974302369487805,459.4724577561347,0.3102214728303787,,39052256503.0,14.342105728478346
2520,390572522,1.554,1.91092,8.99879,1,1794.438302814662,2.926129541893788,816.2230596968409,0.1017325490492735,,39057252201.0,4.564432155554915
2521,390663554,,10.1244,9.6183,3,2883.4268671382083,2.3218876123693155,360.2487222845141,0.1975510204970968,,39066355403.0,70.98582712863838
2522,390665497,,13.6027,9.3803,1,2884.139375477153,2.5974257864776384,268.34880038473733,0.1559398595421587,,39066549701.0,16.613792766088295
2523,390741507,1.325,1.3546,9.4087,3,1792.477300054785,0.4528967647221525,723.7484865756309,0.0441541694351373,,39074150703.0,5.211348915374637
2524,390741507,1.325,1.3546,9.4087,4,1792.2479291301256,0.452897868181234,738.0607122225063,0.042437015600253,,39074150704.0,8.843638833454882
2525,390857108,,10.0491,9.22279,3,1806.7218137441976,19.712590378878037,804.0865273942378,0.1579542064483841,,39085710803.0,19.74689677646668
2526,390887307,1.205,2.81908,8.35187,1,1794.7030076901349,6.69772729172436,3681.595890626916,0.1174181044024127,,39088730701.0,18.55459731558471
2527,390889455,,10.0329,10.4248,1,1817.8826389599265,0.5919746925314426,1153.9418365781828,0.591946197472172,,39088945501.0,
2528,390896637,,2.30229,10.3433,2,1792.6082473787258,9.118178295579026,19552.85224322975,0.31876360523184,,39089663702.0,3.006763321268571
2529,390897856,,,9.7628,1,1792.753332516563,0.8147603241627591,4345.933246674929,0.1564737699176191,,39089785601.0,38.344826943039294
2530,390897856,,,9.7628,2,1792.33784239084,0.8147681161799584,1737.4180994859078,0.2645433103785582,,39089785602.0,40.280954470073475
2531,391090484,,,9.0222,1,1818.2722808496824,1.8307574048715245,348.7480684629507,0.1187446859375971,,39109048401.0,60.38799082667725
2532,391091644,,9.8625,8.8264,1,1817.416096692998,1.0516373383381985,352.1025589472099,0.1734874230335721,,39109164401.0,16.314446362674786
2533,391113628,2.61,4.95897,8.1267,1,1818.033156824601,2.5352589817336386,632.6931900730083,0.3980625063606808,,39111362801.0,6.591271830471475
2534,391113628,2.61,4.95897,8.1267,2,1818.5369377829848,2.5353640889743514,548.2229545672606,0.4140147436826111,,39111362802.0,5.933300420440865
2535,391194454,,6.23934,10.4341,2,1818.421446172214,2.217528825952169,1741.7517188934096,0.1902021875850758,,39119445402.0,22.092019850555396
2536,391413054,1.646,1.71763,7.47898,1,1817.4970439224048,0.8080154896525932,156.589136488732,0.1443127044763976,,39141305401.0,11.455225788322084
2537,391413054,1.646,1.71763,7.47898,2,1817.8145089569489,0.8080616542149062,130.75623462527764,0.144307144267648,,39141305402.0,9.61998835204719
2538,391483651,,5.5937,8.8646,3,1817.497353120456,0.7599177568109132,198.946313094764,0.759293515878529,,39148365103.0,
2539,391832732,1.054,0.941603,9.48973,4,1817.5508858671708,0.4576658215410549,162.93673605339637,0.1567932005631941,,39183273204.0,16.69799617680433
2540,391835722,,11.4388,10.4731,2,1817.905020677668,1.595668663395322,809.6730168284228,0.2237663061414195,,39183572202.0,19.55709491706805
2541,392123870,1.137,1.16699,9.3625,1,1792.3473757615463,0.991639973319529,1548.969392506969,0.1830261490295472,,39212387001.0,236.94589553337167
2542,392123870,1.137,1.16699,9.3625,2,1792.7630547577064,0.9917162546922684,707.9809633422809,0.983282716258783,,39212387002.0,
2543,392124966,2.023,2.83595,10.1193,3,1792.9952585694548,2.400319399611444,357.167568905168,0.2307543974687282,,39212496603.0,24.727438966261854
2544,392180516,1.383,1.4494,8.69703,1,1817.8489378683528,0.7499400575534463,1384.496411779252,0.140069878358002,,39218051601.0,43.26140219801457
2545,392180516,1.383,1.4494,8.69703,2,1818.2540314831451,0.7499228289458061,651.3184448733838,0.2158856589185504,,39218051602.0,27.10180886999303
2546,392223803,1.0,1.53292,10.0283,5,1817.8609542405568,0.699767170958943,2402.979448296782,0.1083318220755054,,39222380305.0,14.769916088674057
2547,392226874,,13.715,9.0515,1,1818.7313247597292,1.047875418333935,212.54780791715385,0.1174967648324839,,39222687401.0,17.24938753364301
2548,392231507,1.09,1.24075,9.9822,2,1820.3074862978765,6.461016024626714,1670.8473828318447,0.1561944859124749,,39223150702.0,8.300963391849981
2549,392231507,1.09,1.24075,9.9822,3,1820.333981461357,4.498323255298619,24730.35024877612,0.0724183647906936,,39223150703.0,
2550,392315704,,8.92555,10.1111,1,1819.0885811209291,1.6357181585274552,392.5616930581096,0.1629371761919872,,39231570401.0,12.094980231065076
2551,392369868,2.04,3.10194,10.144,4,1838.4883538180395,25.544587700807337,11201.30138242691,0.1985518626346827,,39236986804.0,
2552,392371303,,2.02027,10.2345,3,1818.0056407841207,0.4031505880484485,447.6445201033074,0.064933265112982,,39237130303.0,21.08510364810571
2553,392371303,,2.02027,10.2345,5,1817.6907193460688,0.4032042903979857,421.1110857442261,0.0607794573473637,,39237130305.0,
2554,392374741,2.21,2.02994,10.2218,1,1822.9654887732613,7.824714774516294,7775.918508004624,0.2027200623876869,,39237474101.0,34.88586107167639
2555,392374741,2.21,2.02994,10.2218,2,1821.5433331176428,7.824714774516294,4862.703991888162,0.2037415840641113,,39237474102.0,35.859155577866105
2556,392380770,,10.6877,9.9609,1,1820.7228330229009,7.247062887056852,399.54675398822815,0.2091679987484713,,39238077001.0,20.35914866756399
2557,392426715,2.259,4.96603,9.16343,1,1819.164334794841,4.37920327904226,618.7747227488271,0.28718952834268,,39242671501.0,19.84387142921394
2558,392435286,1.581,2.1394,9.30898,1,1818.0028936057276,0.8778354779256125,462.266897148796,0.2230642040596463,,39243528601.0,16.59202283423021
2559,392545428,,1.95749,10.2094,1,1838.189133756901,22.074630211223745,2200.030874891753,0.2679639537884635,,39254542801.0,103.57034255906227
2560,392569402,0.63,0.67907,10.4744,1,1684.1704955649886,1.7835111865621427,549.9685301188532,0.0766882774456642,,39256940201.0,83.59489720126199
2561,392678777,,8.16589,9.2829,1,1817.6931567565573,0.5614710374104857,772.9519824346823,0.1570772643169633,,39267877701.0,22.304164480473226
2562,392681545,1.15,1.61211,7.4961,1,1817.9034961682075,7.501473429040892,217.16327710600288,0.2847991739110637,,39268154501.0,38.12630025571681
2563,392882000,,,10.3709,1,1818.2870016704355,1.049697326835496,652.9611256135719,0.1899195046852082,,39288200001.0,19.275637283765946
2564,392884769,,,10.1637,1,1827.943227915832,13.118636473889264,2593.610730946988,0.2178526558731519,,39288476901.0,
2565,392889805,,2.43675,10.4949,2,1817.9244603253237,0.3286543083372462,2438.866428451049,0.1080968598558448,,39288980502.0,32.438411806950754
2566,393020759,,3.4003,8.03603,2,1817.8215994482905,0.3439254245026689,211.7374278134385,0.1338212096641819,,39302075902.0,14.814780899197489
2567,393022271,1.939,3.48941,9.01456,1,1819.1366200385933,2.001161855870633,251.41170322645195,0.2305530894980304,,39302227101.0,24.308714486488526
2568,393137091,2.56,4.11623,9.9743,3,1819.4565930902943,1.8162243202626511,757.3845142887732,0.2122678831213492,,39313709103.0,22.488140026413085
2569,394089554,,3.69784,10.0773,1,1696.6127886244683,86.72135901803325,3045.975659533405,0.1908006319714669,,39408955401.0,
2570,394129213,1.95,2.08717,9.901,2,1689.7704704880246,15.618702112599598,6886.8783032381325,0.1808123465654471,,39412921302.0,
2571,395390452,,9.88748,5.73895,1,1792.829748960312,1.395278382924564,630.3670944341376,0.1005960522915055,,39539045201.0,35.236778296071854
2572,395409704,1.88,3.02742,9.5291,1,1817.7288673854732,44.37513687502474,249.58621634894996,0.7869869155372046,,39540970401.0,27.356738968238265
2573,395409799,,7.87043,8.8351,3,1791.8874130011543,0.9351930217415516,100.08010539070033,0.93376504192959,,39540979903.0,
2574,395413286,2.48,3.9149,9.8118,2,1793.7026263590662,3.108262146059045,2235.219156897622,0.3643014221448921,,39541328602.0,5.987642184076961
2575,395585145,1.199,2.03698,10.4326,6,1821.741278069225,32.051333830971046,3136.534536416043,0.1925234893165874,,39558514506.0,
2576,395696384,1.607,2.44213,9.4051,3,1792.3162013903798,1.0442664681431797,917.7421801659272,0.3059100075404903,,39569638403.0,
2577,395769189,,8.98652,10.0608,1,1791.6963534084211,1.1842570420546608,138.96720640377757,0.2189747168814911,,39576918901.0,23.638467105788113
2578,395773324,2.328,2.22559,9.2763,1,1793.5188221779133,2.307928901728275,568.8497190666121,0.3474260830165794,,39577332401.0,49.0227165200273
2579,395774461,1.37,4.4228,9.5757,2,1794.15703242874,4.390827574337701,138.4834010812585,0.602533946683938,,39577446102.0,19.025609607796092
2580,395865487,1.445,1.87557,9.2563,2,1792.3575614346885,0.8648419509648565,1404.970702410758,0.2633662904004457,,39586548702.0,19.06065857273494
2581,395866227,,12.2376,10.2777,2,1792.0114773133614,0.4769292917402903,493.2536289617034,0.1060127505437252,,39586622702.0,116.8886945945631
2582,395938570,,,10.0877,1,1793.9050171896683,19.49933986825708,41069.02364692368,0.1884610444984721,,39593857001.0,5.312124544357306
2583,395943415,1.01,0.891857,9.4411,2,1806.265045029038,15.007414429751831,222.95309111227547,0.3397767400045314,,39594341502.0,13.42567947448946
2584,396012460,1.402,1.45017,8.8276,2,1802.998390167996,13.60098668134042,550.629478426281,0.1784748105579719,,39601246002.0,
2585,396059992,,3.14247,8.85603,2,1802.473844953,13.680470079754548,5631.740460485302,0.4345121888314758,,39605999202.0,
2586,396061554,2.4,3.7067,9.3043,4,1793.0444027237172,1.9381329384155008,5239.179546403594,0.3951125353229417,,39606155404.0,
2587,396065283,1.2,2.46281,9.5774,1,1796.0314362899485,5.349228970309222,1832.9849075559569,0.2288124402913526,,39606528301.0,63.990917405013704
2588,396113160,2.53,3.49546,10.3884,4,1818.2030378104016,2.931993240780065,2323.576448155006,0.3464809592291809,,39611316004.0,8.789866721660543
2589,396237848,1.376,1.7599,9.57568,1,1791.7912350153913,0.7436860938609261,429.5122525604895,0.0859315519870831,,39623784801.0,25.01394205781759
2590,396237848,1.376,1.7599,9.57568,2,1792.1820492434424,0.7436749007480566,250.175839908598,0.0776340941952458,,39623784802.0,16.130197809406617
2591,396240233,1.149,1.282,9.14061,3,1792.2842309763234,0.4898119068302692,2156.433693132685,0.1069498914062348,,39624023303.0,19.192993518914065
2592,396242107,,10.9448,9.4182,1,1791.7854872890896,0.4695569522532524,370.283228549595,0.1624045975590234,,39624210701.0,27.65954641817711
2593,396387272,2.077,2.31873,10.0183,1,1793.406752874113,1.968411666078928,1311.7713434979964,0.19899697752216,,39638727201.0,23.257832142072047
2594,396473668,1.65,2.98419,10.2461,4,1792.740940815082,1.5593641782863945,9085.182645862302,0.5390757133429576,,39647366804.0,2.967227819192459
2595,396485628,1.39,1.61296,10.1496,2,1794.889040445636,3.962314897732406,360.507801239329,0.2423644886420662,,39648562802.0,86.29742697614338
2596,396485628,1.39,1.61296,10.1496,3,1830.57180814082,45.54688389409036,4076.775053901831,0.2602139697812452,,39648562803.0,213.9927876090799
2597,396486675,2.73,4.14124,7.1526,2,1792.362564753773,2.0679932428137966,65.21158258092532,0.3397266208496567,,39648667502.0,27.14143298317273
2598,396486675,2.73,4.14124,7.1526,4,1792.2477452194985,2.0695600942152854,50.11535223346208,0.3476455530264079,,39648667504.0,
2599,396486931,,1.42918,8.9916,1,1792.2659333016506,1.023743509663059,46726.81585073105,0.096637302155885,,39648693101.0,2.019924866211577
2600,396531301,0.86,0.740829,9.3306,3,1834.9850836677988,20.95929308485988,19776.59029909269,0.1160509715355583,,39653130103.0,
2601,396562490,0.98,1.65068,10.3864,1,1828.1822219609744,36.6037464604175,723.3133863193673,0.2918391948975697,,39656249001.0,13.824956596487672
2602,396663815,1.8,3.09438,9.9682,1,1791.8981283995518,1.7590425136683432,500.734199883678,0.3134060435682227,,39666381501.0,140.5537277696289
2603,396713719,2.459,1.71719,8.72028,1,1792.1349052334376,1.040901462792828,18800.20699601613,0.1353527919038724,,39671371901.0,24.723616007184823
2604,396713850,1.512,2.17866,9.38408,1,1793.1680417516427,2.581513898929015,18222.948180540287,0.1789700771083169,,39671385001.0,40.674519355974994
2605,396716223,2.64,4.53319,8.40717,3,1793.8243426215513,2.9811950712094,319.18202627286,0.4309376262232892,,39671622303.0,6.210710582086639
2606,397233697,0.96,1.16655,8.6101,2,1831.6691774109809,17.13635739300556,6614.502577580268,0.2043379303108461,,39723369702.0,4.652463111251804
2607,397284163,0.77,0.770259,10.4394,1,1802.0372375984537,28.06067641750975,43425.31726143124,0.6470885174190422,,39728416301.0,
2608,397798937,,23.0295,10.2671,2,1791.8065870359862,0.5828872540447304,139.00286956880973,0.5817086978010474,,39779893702.0,
2609,397921524,3.04,2.78066,8.1953,4,1792.347020130832,1.084283138971312,144.09735716992589,0.174359589272624,,39792152404.0,16.769474527670965
2610,398017969,,11.1613,10.3948,2,1796.1137690884295,4.764485039064831,316.5442320490618,0.3425471666941418,,39801796902.0,13.376347304086329
2611,398068651,,7.95665,10.3023,3,1792.3500864297373,0.3945369154269925,385.3197632162363,0.3943878934739307,,39806865103.0,
2612,398074299,2.55,3.88578,9.9684,6,1793.8278186743862,2.158301134190794,295.20956931360456,0.3596269820865392,,39807429906.0,8.336680055649039
2613,398156080,1.15,0.95038,9.5979,1,1794.8610183144003,6.577892992587276,545.5531083959874,0.1487643347574578,,39815608001.0,28.800972402402
2614,398156080,1.15,0.95038,9.5979,2,1798.5718495856636,6.577892992587276,548.4301812702141,0.1340594772392952,,39815608002.0,62.47387035810547
2615,398157425,1.773,1.93869,9.98907,1,1792.6983956995502,1.020303815689799,1926.241604039756,0.0853712295325353,,39815742501.0,44.6657820674247
2616,398157425,1.773,1.93869,9.98907,2,1792.1956479006587,1.0202970558535098,678.3942971309763,0.090508211645863,,39815742502.0,23.36016762512148
2617,398159335,2.296,2.09225,8.76013,4,1791.7611124511031,1.152755739258721,116.64156919682384,0.1489188281276317,,39815933504.0,18.162163219526885
2618,398160273,2.59,4.04972,10.0188,1,1792.2566877574238,1.8881641996529457,250.01076412705683,0.4392796783857182,,39816027301.0,27.611662378351234
2619,398284023,2.425,1.51081,7.95405,2,1777.9981610390782,77.98915750626689,5520.1542913514495,0.1828041893545797,,39828402302.0,
2620,398338575,1.8,1.60337,10.135,4,1791.8425184824637,0.4996873825073507,1133.5127601369695,0.3053169527763426,,39833857504.0,
2621,399262667,2.23,3.40789,9.40974,1,1800.1386875060953,11.83790204206613,7612.695957801262,0.1857699622951779,,39926266701.0,11.135143287829186
2622,399262667,2.23,3.40789,9.40974,2,1793.276293903636,11.83790204206613,4188.66194840511,0.1888111842511008,,39926266702.0,12.706260391827234
2623,399262848,,23.6191,9.3425,5,1792.3946675931154,0.4804828084906578,91.3727506918087,0.4787829934019063,,39926284805.0,14.466753983406356
2624,399270814,1.27,2.02249,10.2833,2,1793.4700038741823,6.183752127905696,4305.293247433978,0.1624821827949115,,39927081402.0,38.329002867806615
2625,399270814,1.27,2.02249,10.2833,3,1793.412871549374,3.092008032994312,2037.1798684065088,0.1824051849468763,,39927081403.0,50.81729918205675
2626,399448371,,6.23473,10.3028,1,1795.5856121191994,4.12270193443569,1509.7998202418762,0.1844421362136375,,39944837101.0,17.926806105070547
2627,399628393,1.016,1.68548,10.1186,2,1794.0885086582578,2.9894704975993998,20071.076724105125,0.1048598131611848,,39962839302.0,
2628,399629424,2.08,2.46088,10.2626,5,1817.4623067104576,0.921653021636652,1568.1278940362754,0.1105299089929794,,39962942405.0,21.18366004784224
2629,399737114,1.529,2.70035,9.44695,1,1792.2559164033953,1.3802941017862345,3078.7930616584995,0.3449175812974747,,39973711401.0,3.9527895383460976
2630,399761735,1.39,1.8519,10.0797,1,1802.0785838529296,47.76837489873854,6836.079869260316,0.1813646616507567,,39976173501.0,
2631,399788681,1.447,1.43912,9.16248,2,1760.4298150736909,293.1633499087913,864.0406778523652,0.9403733981963492,,39978868102.0,
2632,399831072,1.235,1.31057,10.3003,1,1815.9054126745289,38.651302989572606,19490.500713692603,0.2285217925164473,,39983107201.0,
2633,399929605,0.761,0.965143,10.3498,2,1829.8728703881936,14.027564058873969,3572.982647817972,0.3541524911001156,,39992960502.0,23.039702097857962
2634,399961750,,,9.6916,4,1851.827881754385,51.03165005747977,4082.708789948121,0.2267854103681093,,39996175004.0,
2635,400026361,1.459,1.67709,10.0761,1,1817.5004677224747,1.004355558481171,643.2751285006462,0.2826097157194226,,40002636101.0,19.78175348052404
2636,400026361,1.459,1.67709,10.0761,2,1816.9670818857696,1.0043866968082005,596.2294833453611,0.2877125252747619,,40002636102.0,17.153784525586534
2637,400093036,1.454,1.76538,9.57585,1,1817.611717664941,1.9204104506273956,267.3112341795624,0.6704621273417781,,40009303601.0,20.472624074233657
2638,400093502,1.429,1.36781,9.67596,1,1820.5310402227733,10.668624912186042,452.5247386403772,0.1329854579957322,,40009350201.0,11.289196395052244
2639,400128802,0.839,0.765542,10.454,2,1999.1947124762369,27.638040285686515,535.7731026739192,0.2923409384283585,,40012880202.0,
2640,400735422,,,9.1468,1,1792.182239464967,49.59112023658414,60861.16849856208,0.2601639819986926,,40073542201.0,
2641,400737062,2.4,2.49916,10.4854,1,1792.2737815851185,2.412456795353074,526.1148972583206,0.292859952614675,,40073706201.0,80.7822482988326
2642,400824383,,,9.8869,1,1818.249497977992,3.17488427651838,1702.3544612927656,0.2031712454028283,,40082438301.0,25.991974804691605
2643,400825015,,,7.6122,1,1820.497325178486,4.106782722707669,3438.605116642418,0.2440423453918836,,40082501501.0,22.131794735979824
2644,400825015,,,7.6122,2,1817.8521241842896,2.0545082349444765,575.2169659788005,0.2372984099620388,,40082501502.0,23.804828320553277
2645,400826031,1.514,1.90473,8.24084,1,1818.6459184679047,1.9110071378859628,331.4967249510731,0.1858556342945571,,40082603101.0,9.833587613954744
2646,400826031,1.514,1.90473,8.24084,3,1817.3539019303144,1.0390582973848634,182.56403348873508,0.2679900412374908,,40082603103.0,18.742039181367367
2647,400826933,1.094,1.21318,10.1838,1,1795.9785463409107,4.414779573636996,913.3316435226924,0.3789997639291863,,40082693301.0,34.025230029418964
2648,401080440,2.163,3.36699,9.11239,3,1792.7103083599904,2.0242770907633747,10650.496445917874,0.182602759327416,,40108044003.0,5.391314660006119
2649,401080440,2.163,3.36699,9.11239,4,1793.7243591459244,2.0242770907633747,11055.478253403371,0.1914246126889513,,40108044004.0,4.645106372437181
2650,401080440,2.163,3.36699,9.11239,6,1792.206721156316,2.0242770907633747,4791.572383186622,0.4154351903717475,,40108044006.0,
2651,401090129,,10.328,10.0341,1,1818.5501798539487,1.9600178018154013,373.88037106508887,0.2231205570202096,,40109012901.0,19.805453729735408
2652,401285773,1.149,2.14062,9.57372,1,1792.9707181316023,3.3204265410795246,219.06340403320368,0.1832828375285007,,40128577301.0,50.58309178838485
2653,401320252,,6.30215,10.3144,1,1769.449351361067,5.244825143688788,845.6154812306564,0.4108445950287182,,40132025201.0,27.474655315089212
2654,401322087,,12.1728,10.0934,1,1795.1928222515774,4.618492407814012,594.8025668137748,0.1818995919779802,,40132208701.0,26.20065380967818
2655,401498844,1.82,2.24105,8.49043,2,1792.4128212162277,1.373741404041142,13990.93168957354,0.1573055899399399,,40149884402.0,3.3820745834693855
2656,401502605,,9.54875,9.8333,1,1816.9694448352816,1.8244757768668156,1274.143385830309,0.114561355184732,,40150260501.0,37.34996465967102
2657,402237806,2.14,2.40974,10.4278,3,1818.825462415039,1.5006793409432662,546.8665180527435,0.3254482271680202,,40223780603.0,188.52788886976893
2658,402655954,,12.7698,8.9212,1,1712.9658971462225,4.91015097389813,290.224665174688,0.3320953480881463,,40265595401.0,81.5334400868227
2659,402659121,,11.1965,9.2186,1,1712.084409187617,1.8596581886579604,803.8175167180173,0.1982493429249678,,40265912101.0,39.93915866865389
2660,402659317,,,8.8831,1,1711.957737381178,0.6301393332276923,193.73614321522396,0.0865996136066656,,40265931701.0,38.43402093373696
2661,402783882,,,9.8429,1,1793.239532482513,2.6554680644700595,251.63287202739247,0.2707614339875846,,40278388201.0,92.41589495081944
2662,402783882,,,9.8429,3,1829.436624582192,51.73563273095685,2127.942199732513,0.2141216268427204,,40278388203.0,91.5918608553459
2663,402876616,1.74,1.92198,10.2468,2,1817.1419950470104,0.6643743603533023,1588.1945933703937,0.2941763063204484,,40287661602.0,
2664,402893991,,,4.6151,1,1751.339693724129,92.9672247806453,20404.847730211717,0.2400464660490441,,40289399101.0,
2665,402898250,1.282,1.61526,10.1853,2,1782.0348435932738,135.53505832075044,4098.043460053396,0.239629594364977,,40289825002.0,
2666,402935375,1.416,1.3262,9.80029,2,1833.0441698029465,69.11872971538324,1473.465290967655,0.2530151400610258,,40293537502.0,
2667,403113919,,,9.681,1,1751.3399631013208,92.9672247806453,42268.09356309802,0.2385718404274524,,40311391901.0,
2668,403113935,,2.73991,9.4112,1,1711.6717714585022,30.762778127017476,13267.628231306631,0.6174302623852634,,40311393501.0,11.313021282126673
2669,403113935,,2.73991,9.4112,2,1722.8743839251829,30.762428970722038,611.8587049482325,0.3751438623947642,,40311393502.0,6.669489995142189
2670,403114235,1.77,1.57868,10.0891,3,1711.572251044294,0.6466176188999911,117.2831574483042,0.0489271599492142,,40311423503.0,22.406802959638668
2671,403332889,1.32,3.52632,9.9418,8,1712.4549640731218,1.9967451275538015,190.3728403269441,0.1538419393081954,,40333288908.0,22.18805127538341
2672,403681349,,5.22435,10.1342,4,1792.1666855468509,0.7327804023732013,382.2552014105082,0.1566993938670642,,40368134904.0,23.052040645037295
2673,403682897,1.172,1.48058,9.67232,4,1802.7887563546967,15.18544495291293,17964.624031344138,0.0799918078102038,,40368289704.0,8.921338983228281
2674,403740979,0.8,0.796318,10.1058,1,1803.590898184472,12.734899593748525,2096.6483244390324,0.3698393041245058,,40374097901.0,28.050109809404553
2675,403831065,1.079,1.34412,10.4484,2,1794.4352340855685,2.672550075200084,356.7339524143997,0.2544864597000513,,40383106502.0,15.998482104828199
2676,403834150,0.967,1.32553,10.4556,1,1792.895808078146,2.7091552590037167,2393.1856168253007,0.2040457060018941,,40383415001.0,79.94476028019571
2677,403941583,1.223,1.33696,10.2222,3,1792.0486966237436,0.4853968437805836,286.1462216811707,0.1352923415471155,,40394158303.0,72.83541140462418
2678,403948126,,13.0937,9.8149,1,1792.8349690515763,1.354262856154943,316.2487991876354,0.1686099237105382,,40394812601.0,26.58393098136562
2679,403999588,,,10.4298,7,1792.0636921930125,0.3464901297976742,633.2123117135746,0.0471302000761659,,40399958807.0,38.02139175161985
2680,404001265,,3.52106,9.58736,1,1805.2417468734948,13.517294283397831,478.13127557778455,0.320044977083647,,40400126501.0,25.751605018578086
2681,406535678,1.097,1.33733,10.4811,3,1766.6831817108664,0.6364231031350168,43459.34559424892,0.1334769942762278,,40653567803.0,
2682,406631696,1.118,1.84446,10.2968,1,1766.1819704252491,1.5136367979110328,3733.631941084088,0.1954724689652884,,40663169601.0,57.66001172332317
2683,406634444,2.31,3.74217,10.0627,2,1766.9111302389013,2.556490503247966,6714.836786023631,0.2695804839899601,,40663444402.0,1.1296995956224758
2684,406677516,1.361,3.07704,7.81637,2,1792.1703194397332,3.1115423815663457,69.73606981564389,0.2609748109069666,,40667751602.0,14.58375704658799
2685,406677704,2.03,2.28715,9.9072,7,1792.286499665388,0.8982965467884507,2791.028633809793,0.0954389359250033,,40667770407.0,7.157623149487919
2686,406678727,,,9.2805,2,1798.6637146575172,9.675811636732185,1617.849279340051,0.289589766575284,,40667872702.0,57.31960989482247
2687,406678727,,,9.2805,3,1793.078464632711,9.676095148227066,894.7070388334399,0.314785321468717,,40667872703.0,57.91116570980292
2688,406681360,,2.16085,9.6052,1,1820.8269695208564,4.90148109141632,19277.90111621133,0.1941458928882596,,40668136001.0,2.819632320639257
2689,406681360,,2.16085,9.6052,2,1820.6387035967737,4.90156649465385,775.3462943462152,0.3566935902424416,,40668136002.0,6.18976333396938
2690,406681360,,2.16085,9.6052,3,1819.2788386970597,4.90139569016057,462.0538465199559,0.2954845382705192,,40668136003.0,4.046894745881301
2691,406682840,2.138,2.04121,8.83275,1,1767.2751691872654,1.8376720878331747,1399.870297486638,0.3521682910292921,,40668284001.0,6.818208730849607
2692,407120936,0.606097,0.622534,10.1332,2,1995.5324675194292,41.7384952027403,8444.213650188089,0.2588257659214104,,40712093602.0,
2693,407120936,0.606097,0.622534,10.1332,6,1988.6593822238435,41.92075869219788,5936.502533196756,0.1999728394673099,,40712093606.0,
2694,407152808,1.85,2.34331,10.0193,2,1793.4968165252162,1.9210137117037187,2157.793104431323,0.2364897900155098,,40715280802.0,15.611019853911996
2695,407210048,1.51,4.03652,10.0233,4,1792.09899361891,2.8496188689726942,510.6928277282868,0.2776855816532309,,40721004804.0,17.819326930340313
2696,407346196,1.61,2.63498,10.2996,1,1793.6801920239975,6.989980704673028,298.8483980933041,0.1938260615912767,,40734619601.0,24.168533406690468
2697,407347484,2.25,4.72857,9.1056,1,1956.0816273261528,3.352272891765661,258.18469485478755,0.3283947141662671,,40734748401.0,19.796572220694152
2698,407347484,2.25,4.72857,9.1056,2,1957.2698751422524,3.32626141670407,260.2187304715968,0.4039875027906773,,40734748402.0,19.339988140330203
2699,407391504,1.56,3.44557,9.8981,4,1791.949860603101,1.811011033344967,1019.8555161793636,1.161123292440553,,40739150404.0,
2700,407394748,,1.76629,9.5287,1,1792.277684195517,0.7522807930054232,1279.310312747764,0.0715476348240455,,40739474801.0,9.899226009356036
2701,407422055,,4.49168,10.4374,1,1794.0573846290815,2.752823352774167,505.1966345139344,0.2218613279037105,,40742205501.0,78.5053818139734
2702,407933626,,,10.342,1,2485.056215002824,27.7499684634508,4215.448604475284,0.2250887419294064,,40793362601.0,21.63923391413858
2703,408194801,1.075,1.56045,10.019,3,1792.339608652847,0.7278218209118795,2813.118912378499,0.1830111497722072,,40819480103.0,
2704,408279461,,11.5485,9.6816,2,1817.5738228727355,0.3507189224862507,326.9276626163048,0.3502194972795454,,40827946102.0,10.853421200199218
2705,408285057,,7.04483,9.1596,1,1817.9338364782284,1.5301569421794772,332.3822055690223,0.1966945574964125,,40828505701.0,26.679791748584798
2706,408304819,,9.46521,9.47894,1,1818.630433446184,2.611147342222147,614.013792347958,0.211580618448886,,40830481901.0,62.00746703886121
2707,408342294,1.28,1.28596,7.9725,2,1817.4254010203592,7.6264948745069905,14880.111314001431,0.2208843205339784,,40834229402.0,8.748325124245396
2708,408345455,0.941,1.32826,10.4752,2,1817.516919441345,0.8954419655052451,378.5596390262701,0.0789863455512716,,40834545502.0,26.46604865506056
2709,408428398,2.18,4.76289,9.4061,4,1817.4488073806745,2.445954102581745,716.6138870710611,0.43707660843723,,40842839804.0,
2710,408432688,,1.73659,10.3224,1,1817.5112325508007,1.404450310930466,1461.9602643571316,0.0867135241061186,,40843268801.0,66.62224422701044
2711,408520210,2.249,3.42116,8.24375,2,1817.965928456112,1.7624554700322153,201.24951706841975,0.442289541612526,,40852021002.0,21.221166454317565
2712,408549305,0.75,0.749104,8.0953,1,1828.453733878721,30.71370099554091,166.37099500551648,0.3060472156080959,,40854930501.0,11.104550300249812
2713,408581814,1.086,1.56531,9.37252,2,1792.837836074411,1.6325131769518315,163.57775153341697,0.1465078334054765,,40858181402.0,24.818910920576318
2714,408618999,1.0,1.4081,8.3302,1,1792.7898901520773,7.073140033804306,438.9502666219665,0.193068563200325,,40861899901.0,3.077611027560965
2715,408660943,,,9.2803,2,1852.5366781797632,39.709327173798,168157.77786680404,0.8607610725395137,,40866094302.0,226.97925400399842
2716,408887340,1.271,1.36021,9.74956,4,1817.7750696440376,0.522589836397811,2057.244272061363,0.1167729219191881,,40888734004.0,
2717,408939191,2.5,4.39579,9.8922,1,1818.9638935252567,2.974118420899845,1242.2625129142791,0.1492193311917434,,40893919101.0,14.565076335540043
2718,408990878,1.431,2.09841,10.2066,1,1819.320511458448,2.310934123581136,491.4236725789939,0.1704861569518832,,40899087801.0,20.729183723931154
2719,408995555,,10.76,9.9709,1,1817.8142692332008,1.0598170020034507,479.5193078623602,0.0880123461751958,,40899555501.0,66.39916333795149
2720,408999518,,8.19754,10.0537,1,1818.1241354813988,5.254303981172907,445.5014558743924,0.3257621575889101,,40899951801.0,13.060899333962348
2721,409003578,,,9.0387,1,1817.825068070218,0.6793399244558921,2877.7033839893897,0.1946235925537112,,40900357801.0,55.54125353949831
2722,409045102,2.99,4.02162,9.5245,3,1819.8015135988128,2.6853618164298325,1439.622089198286,0.2906927978580098,,40904510203.0,22.288804588309134
2723,409051440,2.14,4.10856,9.9917,2,1818.8282427380188,2.8743295743212505,1033.1928519164564,0.297803942650897,,40905144002.0,28.373818503021948
2724,409055269,,,8.7891,1,1818.8579793941624,2.257706430286436,79622.78389523046,0.1841842364524472,,40905526901.0,4.797573837327342
2725,409055269,,,8.7891,2,1817.9595013088008,2.257615078917908,40245.66184960597,0.2202440521249848,,40905526902.0,3.4817107099298377
2726,409055327,1.454,2.77453,9.34066,1,1818.8672832433183,2.257691582126029,15404.665495209074,0.1843780814626763,,40905532701.0,92.20161279912497
2727,409055327,1.454,2.77453,9.34066,2,1817.9600710103448,2.257615750503799,7873.086739167347,0.2153785330088578,,40905532702.0,91.46933329892849
2728,409104552,,24.0362,9.1615,3,1817.593261849189,0.446974512825629,197.9082381699647,0.1039984139109701,,40910455203.0,27.60907096130361
2729,409104974,1.06,1.28232,4.1268,1,1829.6934539044876,13.419755425920544,137.57236204732462,0.5563219710305347,,40910497401.0,
2730,409183335,,1.75529,9.7229,1,1818.2169966343376,3.3205388333493087,6214.2964203111005,0.1927821515873109,,40918333501.0,25.101273967654016
2731,409184659,2.45,4.64248,10.4362,3,1818.4533824959808,2.255348257890977,5614.332787423354,0.4354979088763477,,40918465903.0,11.523339423727185
2732,409184659,2.45,4.64248,10.4362,4,1818.0096572036944,2.2482900703926907,5770.072200941434,0.4265298514385353,,40918465904.0,24.484227842703927
2733,409184659,2.45,4.64248,10.4362,5,1819.7336801339784,2.2413679078400546,4654.13883668559,0.3705196836386499,,40918465905.0,14.916715801165202
2734,409186025,2.55,3.83197,10.2448,1,1818.5272930457863,4.175919005208574,7437.587464141251,0.245412875692883,,40918602501.0,44.41793156537858
2735,409186025,2.55,3.83197,10.2448,9,1818.159209520065,1.5660784982779383,2365.370428980086,0.1531629839296549,,40918602509.0,10.184103686927086
2736,409551681,1.787,2.45587,8.97704,2,1817.6696539108225,0.9653971932026176,529.8999156205563,0.2278946696333619,,40955168102.0,13.482862255796084
2737,409612234,1.614,2.24614,9.59163,2,1817.532097062976,1.622918970531896,304.6649151334248,0.1722419826503897,,40961223402.0,17.805861281687093
2738,409612269,,1.99815,10.2095,3,1817.64609291125,1.0358100710913012,1021.2239166867204,0.0998397897010257,,40961226903.0,20.653741927938903
2739,409614481,,6.62382,8.8515,1,1817.7575877721188,0.5032433221259939,137.4835921121653,0.064060796819707,,40961448101.0,11.735024960917983
2740,409614721,1.872,2.5008,8.73541,1,1818.681694484588,4.819342898727882,9649.382302272736,0.1826988797447627,,40961472101.0,36.06249539713092
2741,409614721,1.872,2.5008,8.73541,2,1818.6996367456493,2.409632290381701,1608.5269992579072,0.1697731192485908,,40961472102.0,19.901512631913945
2742,409721211,1.48,1.86197,10.0348,1,1818.577829959132,1.284638211430241,3738.9573953841536,0.1638285691592437,,40972121101.0,50.9597923852879
2743,409721211,1.48,1.86197,10.0348,2,1817.965648267506,1.2846061652164036,3627.434767844836,0.1505638438237481,,40972121102.0,52.209773922705374
2744,409721211,1.48,1.86197,10.0348,3,1818.2899034634208,1.2846061652164036,1320.2100864761228,0.2081611118982226,,40972121103.0,54.56251395060711
2745,409721211,1.48,1.86197,10.0348,4,1817.6490173707573,1.2846061652164036,1390.201851121001,0.2542642829916549,,40972121104.0,9.761443530420499
2746,409723810,,2.57204,9.5082,1,1817.3923361368595,0.3747892954624145,439.6595726354059,0.1186307099508015,,40972381001.0,18.380227353786317
2747,409726698,2.44,2.74768,10.2773,2,1817.7976220746943,1.6196596252374744,2360.506135604131,0.1993931562326162,,40972669802.0,115.49218384872279
2748,409726698,2.44,2.74768,10.2773,4,1818.9600369035563,1.614997000358844,1786.7357041675723,0.6642471899678516,,40972669804.0,
2749,409726763,,,7.5105,1,1818.0715948448951,1.619685695216698,12807.052691219931,0.1944545678134659,,40972676301.0,2.0944615016107413
2750,409726763,,,7.5105,2,1817.768153874232,1.6196999982919944,12250.718576502926,0.2119869102982981,,40972676302.0,5.399580952235438
2751,409726763,,,7.5105,3,1817.4106869718803,0.5390962025963661,9299.65430537856,0.5388836324346146,,40972676303.0,17.41521614686725
2752,409809943,,11.3772,10.4677,1,1818.076201951468,3.0092187102836383,549.4094330015716,0.1912593266895412,,40980994301.0,14.607858007480237
2753,409909129,1.999,2.27868,6.63343,7,1817.6692628137937,0.8024889880783187,2253.4846991100358,0.0994624730326493,,40990912907.0,21.14733313449427
2754,409910690,1.14,1.26656,7.9237,1,1818.140863459596,1.2053790726292932,468.7037146384575,0.2111627191733172,,40991069001.0,90.66629236970475
2755,409982856,1.223,1.28774,10.3691,1,1817.4225269814349,10.660612133425213,3689.8687097514567,0.2519471710563384,,40998285601.0,35.39345119462772
2756,409982856,1.223,1.28774,10.3691,2,1820.6402783798244,10.660542558055166,2822.6203563504737,0.2944495090281536,,40998285602.0,33.90711608375408
2757,409987035,,,9.7088,1,1819.9504474839437,2.78461090552554,27455.85739308846,0.1732887608413662,,40998703501.0,1.655492567898244
2758,410192301,3.13,2.91728,6.283,3,1818.1741953965168,1.1409611568223612,9084.351929479586,0.3267492709955503,,41019230103.0,
2759,410196579,1.67,2.11803,10.0958,2,1818.426618682068,1.1698784831024631,351.8880403834065,0.2697234826344556,,41019657902.0,22.471192446648143
2760,410202772,1.227,2.35235,10.3121,1,1818.6788155734223,2.771723593162424,597.8749638891821,0.1921232531495294,,41020277201.0,9.871565243641323
2761,410376380,0.993,2.18942,9.96393,5,1817.5362200870604,1.1451114738045136,3341.108512935536,0.7561343479553687,,41037638005.0,
2762,410708410,2.138,1.87706,7.86736,1,1791.8873099751468,0.5819242697106175,161.72391470925453,0.1313411743640546,,41070841001.0,17.87975833004417
2763,410709042,,10.5121,9.1691,1,1792.067695766764,0.4881305818180427,1097.190566992766,0.1773799474665974,,41070904201.0,25.498326444043254
2764,410741131,1.533,2.30565,9.92592,1,1793.793184502768,3.131600722131642,506.90172531412543,0.2828754121322693,,41074113101.0,16.135223501703464
2765,410806496,,4.75726,10.4063,1,1792.1385052897222,0.3319704940183458,488.3264370436351,0.0628293452226105,,41080649601.0,50.822700526765175
2766,410807005,0.74,0.758263,10.0992,1,1799.1689754653903,13.349826319129535,5572.941681738911,0.110020349705369,,41080700501.0,
2767,414891822,,10.0833,9.6424,4,1817.4984648149016,0.3726175522681959,677.7739786802365,0.0505289808292489,,41489182204.0,23.588644305058164
2768,414895844,,,10.2373,1,1817.3859330043408,0.5303338157411667,1291.8032575353327,0.0855843407823871,,41489584401.0,11.349649514091388
2769,414897731,2.124,2.07398,9.11151,1,1817.4369245059072,0.6835906285415959,1138.2866039921328,0.137204317963344,,41489773101.0,11.679257757664876
2770,414897731,2.124,2.07398,9.11151,2,1817.75913787185,0.6836015446541104,489.4076011118887,0.1895208050416963,,41489773102.0,13.70882786285923
2771,414898077,1.48,4.00257,10.0503,1,1817.8539853184352,2.603062026388074,1506.1674402847057,0.1236593138071027,,41489807701.0,79.80125058435083
2772,414915134,,12.1933,9.8315,2,1819.1837043413,2.150041482262014,519.571090371272,0.1666974502194558,,41491513402.0,146.01923218901774
2773,414915335,2.47,3.46341,10.2614,4,1817.6979331101008,2.215908426973493,4464.474296460157,0.9733656988556472,,41491533504.0,
2774,414919275,1.101,1.93105,10.0032,2,1819.7263400746097,2.817646671864741,567.9034371530042,0.1477884809214014,,41491927502.0,13.217450632351813
2775,416089838,1.83,2.53253,10.4633,2,1792.2326253597516,1.1643947788676088,1028.1081709182486,0.1044362767474233,,41608983802.0,12.48740750727463
2776,416089872,0.984,1.2271,9.22425,2,1792.4655468823037,0.842555740663692,3058.1337533511355,0.2501258779413492,,41608987202.0,2.046355098193125
2777,416108343,2.104,3.1877,9.07483,3,2911.911061549797,1.5529229538115457,648.3798981055219,0.2402845387978649,,41610834303.0,49.29928571980814
2778,416113128,,1.60448,10.4676,2,2911.3759347981163,0.4965555566882024,2483.725509410663,0.1535843841166726,,41611312802.0,41.68921255760247
2779,416273658,,8.18344,9.608,1,1819.3130942630912,2.131302625395859,242.53808273505788,0.1987059552016655,,41627365801.0,18.349729007107225
2780,416276027,1.456,1.00792,10.2996,2,1829.6438501941984,13.505723898396653,1796.5190828923903,0.1821785421654511,,41627602702.0,172.5015113702269
2781,416277351,1.33,2.6146,9.3617,1,2912.114546776333,6.607255174499302,4661.117214202936,0.1289357115425825,,41627735101.0,3.737491609473788
2782,416277351,1.33,2.6146,9.3617,2,2915.4260217239,6.607255174499302,1145.7564010530389,0.1244056748616799,,41627735102.0,7.2927401946370995
2783,416277353,1.36,1.67177,10.2546,1,2912.0980539302464,6.607721359632763,11265.030386111888,0.1054080495508252,,41627735301.0,5.8534949371136795
2784,416277353,1.36,1.67177,10.2546,2,2912.124979181036,3.303581687975409,2337.1317469980845,0.120217012153615,,41627735302.0,18.81700013598773
2785,416346778,,12.2362,10.3818,2,1819.0998469945932,1.876360607419504,432.9509242135558,0.2065458870910438,,41634677802.0,18.412056992943214
2786,416351066,,5.44845,8.9971,1,1817.734553120496,0.5600241514601377,231.13775540739047,0.0734341510820195,,41635106601.0,24.19672827657547
2787,416351066,,5.44845,8.9971,2,1817.463919374072,0.5600193185748693,230.38654065970647,0.0852949504134943,,41635106602.0,19.33750914511674
2788,417232248,1.785,2.10649,8.88238,4,1791.9365030885094,0.7746900882954534,3279.2692792555454,0.2959794858147135,,41723224804.0,
2789,417415500,1.539,3.09158,9.6081,1,1798.6075099658578,17.676512797848268,244.38940746716196,0.3664857745311056,,41741550001.0,20.695512782433
2790,417418249,1.468,2.21493,10.3058,1,1793.3179239754302,3.5575503707919305,217.8142862429749,0.2441033267849808,,41741824901.0,17.52902884109447
2791,417420158,1.458,1.27045,10.2103,2,1804.1481690628195,26.992980771746232,757.7594975612705,0.1667445619278273,,41742015802.0,13.662175965849059
2792,417454377,1.054,4.04077,9.87465,4,1792.23991985723,2.998413739772268,487.5542626380751,0.3362618029652935,,41745437704.0,59.36491370359681
2793,417483496,1.352,2.08716,9.10368,3,1815.9962951633947,52.11147224674784,4059.8451204771222,0.2101993858613587,,41748349603.0,6.330979132205776
2794,417552425,1.039,1.24832,9.06761,3,1816.3389420351912,52.09681202706856,3314.575962371523,0.2422083765160842,,41755242503.0,5.381200135300306
2795,417558158,,,9.6212,1,1817.880642841904,0.956658278614444,2278.6621238178504,0.1073020500901312,,41755815801.0,54.78160977595339
2796,417583197,1.21,1.13576,8.4102,1,1794.8626577813393,8.844350816924205,800.1517731155234,0.215715031625078,,41758319701.0,73.22876461180063
2797,417583197,1.21,1.13576,8.4102,2,1798.4402442189642,8.844547971956837,574.2156389644939,0.2467906798039199,,41758319702.0,73.63394825007963
2798,417600423,1.095,1.67989,10.3668,1,1799.579794215686,11.110073059396282,298.9837996264822,0.33100618368251,,41760042301.0,4.223874245542279
2799,417663336,1.77,2.7424,10.2427,1,1767.540255043794,1.4566093747682507,676.1421911239275,0.1708531552087593,,41766333601.0,20.692594985489418
2800,417672598,2.15,3.46952,10.2909,4,1817.4405712225212,1.5534214558867394,4417.602483317172,0.240912004736079,,41767259804.0,
2801,417672980,,7.55067,10.0859,1,1820.2758734537636,4.754359263650914,781.6434957294827,0.1842227219878821,,41767298001.0,37.074854233358195
2802,417705690,0.944,1.03718,10.0233,1,1818.0135782906605,2.363290620281309,1086.657522897309,0.2537815465853917,,41770569001.0,26.535008366337276
2803,417708284,1.415,2.47934,9.3168,7,1767.744944144847,4.288581256281145,162.44978785962428,0.4425232393254987,,41770828407.0,70.19236105364493
2804,417708284,1.415,2.47934,9.3168,8,1800.8137943351792,56.14099596353972,3917.418500157092,0.328386576523573,,41770828408.0,6.648684518657785
2805,417728463,1.47,1.39308,9.52736,1,1817.004388791839,0.4779006985442987,9407.930726480065,0.0655698945472531,,41772846301.0,6.160936391535921
2806,417731881,,3.67098,10.4581,3,1845.8853756648195,32.66110135918027,4996.60575053052,0.1594324564292934,,41773188103.0,
2807,417734853,1.259,2.84346,8.85202,4,1697.850468511178,22.8875829419974,980.9092681465372,0.6191249080913337,,41773485304.0,
2808,417734853,1.259,2.84346,8.85202,5,1709.160334211769,34.333810182381384,835.319905059295,0.7713509658066156,,41773485305.0,
2809,417888848,,2.20871,10.4063,1,1818.2294035387647,1.2106483127479128,1204.66991284234,0.1099226864852624,,41788884801.0,10.144015578859104
2810,417923484,1.413,2.0519,10.3722,1,1817.610559219377,1.7121685363662946,22616.576571056343,0.1656114530435142,,41792348401.0,48.02624907610643
2811,418110582,,21.1732,9.424,1,1791.6926723986537,0.6814337293046364,282.3376000149094,0.1778507356497168,,41811058201.0,62.716767288875204
2812,418205217,1.279,2.74165,10.2042,1,1792.1240240776408,1.8578568218119864,177.26328863384896,0.5025709616662343,,41820521701.0,17.55672577149429
2813,418209123,2.407,1.99952,7.33601,4,1817.036207071599,2.2521623178683035,99.83886320518774,0.1761907029172494,,41820912304.0,24.884310605850953
2814,418224164,1.315,1.41087,9.81046,1,1785.35432733102,50.40499134293507,5802.528595726,0.2868234200891845,,41822416401.0,48.48906625270602
2815,418268367,1.49,2.15183,10.2728,1,1817.4722699122003,1.6491021309090887,257.9636944268456,0.408936836558711,,41826836701.0,21.870994391484203
2816,418301643,1.411,1.49435,9.62005,1,1771.2261049366846,24.09191493269762,504.4691672550077,0.2619236074036502,,41830164301.0,12.426686448178886
2817,418344969,1.434,1.45218,9.07338,3,1817.445983183424,0.5477941638391676,889.5653481023322,0.1350418204646375,,41834496903.0,54.61049070329036
2818,420114772,,1.69798,10.0493,1,1685.2609121474802,3.2349975730231497,22601.63570792224,0.1270664656136467,,42011477201.0,2.28929112045249
2819,420268596,,13.2024,8.1684,1,1817.2054752596237,1.7099526622769357,519.7179761199111,0.3053235986754903,,42026859601.0,102.4717707834405
2820,420303344,,16.1816,9.2098,1,1791.960022147775,0.4110746896531851,146.56191535299172,0.4108992363611948,,42030334401.0,4.3995780248403005
2821,420474912,,14.8253,8.197,1,1791.8318520145726,1.223690573468635,184.0913692518548,0.1539238667526253,,42047491201.0,58.14294479580558
2822,420497598,1.232,1.4417,10.495,1,1819.134908600845,4.960241624095923,1209.7800568097766,0.069465048298022,,42049759801.0,29.31777293503359
2823,420497598,1.232,1.4417,10.495,2,1821.6009305986315,4.960008040147866,765.1250607919288,0.1309662696868697,,42049759802.0,10.496391587382623
2824,420497598,1.232,1.4417,10.495,4,1827.4347777775995,27.42124710105784,1448.8382706343327,0.2245808364665623,,42049759804.0,188.3730567488851
2825,420499147,,2.22351,10.4968,1,1809.3969192782083,19.841747287772744,17156.684052014436,0.3738594013820378,,42049914701.0,
2826,420577052,1.104,1.50487,10.0949,3,1817.282032665957,0.5924064058285982,4489.379717384233,0.1032604932184542,,42057705203.0,37.831582378803795
2827,420642076,,12.6197,10.4587,2,1820.1073308257112,3.2099864114574204,571.1191824877056,0.2595393317138547,,42064207602.0,20.27045713699047
2828,420645189,1.084,1.02867,10.1374,1,1855.353375568875,48.5357561401313,45561.26517339708,0.2494873190608637,,42064518901.0,
2829,420645952,1.25,2.36271,6.7919,1,1819.0286683320037,1.8466197332758316,6647.900478831673,0.2329098724244096,,42064595201.0,3.619071527268332
2830,420645952,1.25,2.36271,6.7919,2,1819.1460208657231,1.8464637376118245,8171.766422087245,0.1425282330953219,,42064595202.0,
2831,420728929,1.96,1.83583,9.9991,3,1817.67964190185,0.6786974401714837,5897.708342398098,0.0860659559024894,,42072892903.0,
2832,420736188,1.96,1.99285,10.426,3,1817.4527973366287,0.8648070827070311,389.7384341072878,0.1489541250428458,,42073618803.0,3.4732152010125947
2833,420747174,,4.02454,10.1318,1,1817.1060231601416,4.479615940017274,406.7258376527168,0.1405021981611843,,42074717401.0,23.61645944559423
2834,420748027,1.247,2.26464,9.63692,5,1817.2115924284155,1.093198003783342,2282.2647991793083,0.1204166893345788,,42074802705.0,16.407474251532108
2835,420757670,1.44,2.84681,10.0986,3,1818.0123580080865,1.628785120506576,5935.942224485589,0.3559060318423607,,42075767003.0,
2836,420887637,,,8.4215,2,1746.5399194205636,90.63333605970608,16617.216306028724,0.027085309504463,,42088763702.0,
2837,421308357,1.38,2.63127,10.364,1,1684.9577985799465,16.683794920529145,1678.012043089549,0.2658106807635205,,42130835701.0,20.553929162274173
2838,421308395,,4.85482,10.0593,1,1686.1822702289298,17.80627615469693,2855.385116061462,0.1582159055652486,,42130839501.0,118.41906544281368
2839,421308395,,4.85482,10.0593,2,1700.043774772752,17.80627615469693,2533.5164260661954,0.1810303553364791,,42130839502.0,118.14417866289038
2840,422425594,1.32,3.5214,10.3071,1,1740.4516142939544,2.05896303559562,239.4542531559558,0.3756225114106837,,42242559401.0,194.88843976246045
2841,422425594,1.32,3.5214,10.3071,4,1739.9152488217608,2.054507864521247,231.92153812790872,0.2935971576899286,,42242559404.0,20.332264330511205
2842,422560122,,10.9457,9.3642,1,1766.4464307968642,0.3298765847650842,131.5607381152358,0.3297355260765223,,42256012201.0,
2843,422560274,1.97,3.99241,9.0502,2,1767.5710386877684,3.097634753100737,455.54123728949526,0.3563473604475256,,42256027402.0,2.182057863297038
2844,422660711,1.85,3.41317,10.4045,4,1767.9662221950462,1.903152515608694,365.9946023728408,0.2052235999202541,,42266071104.0,14.244710795759204
2845,422663034,,2.19915,9.5755,4,1781.5968515475556,42.01116215508711,17563.889433854423,0.2443390406025072,,42266303404.0,
2846,422663052,,,7.0902,1,1766.5951664424445,3.001661174457721,30594.407651464247,0.2071376549887302,,42266305201.0,54.694198225247256
2847,422663052,,,7.0902,2,1766.5741456258097,1.5008599033727734,11828.775694827373,0.208471855436783,,42266305202.0,53.53658492667485
2848,422746188,,,9.0687,1,1818.551099190596,6.202507000435442,19814.262874010947,0.1409200233098616,,42274618801.0,3.2734449872225704
2849,422746188,,,9.0687,2,1821.4469430395927,6.2023900930908455,2946.506512719498,0.1337045067251941,,42274618802.0,109.0492888644792
2850,422838133,1.512,1.64957,9.68129,1,1796.546872271876,5.308932410258774,525.2457133689006,0.3091330154231847,,42283813301.0,16.170657319211752
2851,423038100,1.796,1.71691,10.0778,2,1802.3167638876212,26.21835115051618,26203.36661653708,0.2211601852808876,,42303810002.0,20.51712227898124
2852,423460952,,14.8091,9.7349,1,1792.363630273614,0.5354971210171178,298.05333148322904,0.5354955490568749,,42346095201.0,
2853,423461103,1.96,3.88652,10.0145,1,1793.3344309082015,2.050689739057827,379.8984524179994,0.2455065939550983,,42346110301.0,69.51205451427346
2854,423461158,2.541,2.38108,6.61209,1,1793.7698082329773,2.651385492104019,249.85631537440017,0.3111123521770235,,42346115801.0,3.254696290721122
2855,423745452,1.069,2.81438,8.10409,1,1793.2853643156925,1.9313153813752704,104.96935134106856,0.3505012908168965,,42374545201.0,13.058531809456477
2856,423754557,2.596,2.45915,9.96939,3,1792.4374547244522,0.9580450462546748,12317.949244078249,0.2412571449924503,,42375455703.0,4.88388501672427
2857,424002359,1.094,1.59839,9.25171,4,1792.565324185142,0.672960800763066,304.500985305531,0.1375311016496072,,42400235904.0,22.78257630649495
2858,424002470,1.112,1.7594,10.4715,2,1802.017953373252,41.54614867589935,5712.216345574086,0.3473551556956457,,42400247002.0,
2859,424002572,,13.7058,9.3413,6,1792.2039951543031,0.3370160323953202,498.3592789936122,0.046350936380251,,42400257206.0,61.768299738266926
2860,424088995,,10.6562,8.07462,1,1818.9563650992848,2.7464463989884296,411.2917772971621,0.1789413419258682,,42408899501.0,21.82388273923207
2861,424090836,1.9,2.59681,10.4078,3,1818.4313185736205,2.835458944358261,780.6158227422249,0.3769556757857508,,42409083603.0,23.274088710503527
2862,424091567,1.604,2.3319,10.0171,1,1818.5070421923924,1.3495725493653616,324.6435068931046,0.3059963996850446,,42409156701.0,23.487650597549344
2863,424093093,1.643,2.19451,8.30316,1,1818.0847641161067,0.911537122442853,796.4731849409378,0.1314893616381704,,42409309301.0,25.101206680082036
2864,424115125,1.328,1.90239,10.4588,1,1802.1984604125248,14.02072898033745,15180.795626561425,0.2372307876105852,,42411512501.0,149.59200071891166
2865,424190265,1.946,3.58001,9.41228,1,1818.5183969183215,2.241861577657489,343.7265167534437,0.3199916883285211,,42419026501.0,17.701784210682195
2866,424277160,,,9.2984,3,1792.5743647546492,0.7877865454692109,6848.479267809861,0.2324300828878163,,42427716003.0,36.624461346031445
2867,424806327,2.67,3.11779,9.3379,2,1793.9486124649484,2.901611946904106,178.355886515113,0.3632940537589169,,42480632702.0,10.936975466915502
2868,426142732,1.734,2.3903,9.42475,2,1766.7716861919605,1.3400510579523064,988.3890184535284,0.1936801993671309,,42614273202.0,3.2119301887996365
2869,426142732,1.734,2.3903,9.42475,3,1766.459910924366,1.3400307731576655,564.13673089153,0.216146654380069,,42614273203.0,13.834199470720907
2870,426142732,1.734,2.3903,9.42475,4,1767.131409404196,1.3400307731576655,572.3265187539619,0.2195617626481224,,42614273204.0,18.795018170307355
2871,426144725,,,6.53058,1,1792.093136636828,1.0119883104827287,124.1125900442549,0.2024934465703683,,42614472501.0,95.66110717109771
2872,426666634,,15.932,10.2805,2,1817.412368375656,0.4163355424533309,482.9229811818608,0.0551529951198098,,42666663402.0,21.142520559540305
2873,426671652,,,9.2741,1,1819.9814477120683,11.826686061062052,893.1384585109292,0.1719031599713274,,42667165201.0,16.450339113803377
2874,426763538,,,10.1233,1,1817.2763019905888,1.378435645268965,22626.3899821404,0.1603126978626864,,42676353801.0,2.1646754215490938
2875,427027988,1.91,4.15304,9.2545,4,1816.8885717731948,2.252987784987833,283.29630648243824,0.2781405358462795,,42702798804.0,14.93756047564457
2876,427517005,,,10.2902,5,1770.102409543755,42.487337138553,1976.7884497660043,0.1593621530544279,,42751700505.0,128.26207738507804
2877,427585722,,7.39063,9.5639,1,1768.8793081721826,2.9358503357235195,480.1369477752664,0.0743382839594644,,42758572201.0,50.70881156910737
2878,427606080,2.256,1.90525,8.33953,2,1792.2709463810925,0.8148062618953403,1877.987252793957,0.1418054022955606,,42760608002.0,5.750952266738491
2879,427606080,2.256,1.90525,8.33953,3,1792.0416095699431,0.8147832852890985,1764.0280279379615,0.1462865953328333,,42760608003.0,1.7993826391319812
2880,427640104,,10.42,9.1705,1,1792.7471362891663,3.01818616621867,224.10339710682416,0.1771834228746672,,42764010401.0,93.80805050046735
2881,427728638,,11.5385,10.3822,2,1766.37051697145,2.011107226125548,507.4643107175674,0.1100738719399101,,42772863802.0,23.41353172040239
2882,427728953,1.02,1.86966,7.5513,4,1767.0746680224445,0.9915296846339824,650.6984052175994,0.1606200690518207,,42772895304.0,
2883,428166932,,10.5605,9.7861,2,1792.5069777961912,0.6472736176351833,381.04402869094696,0.1069354590662385,,42816693202.0,21.27442989732226
2884,428249301,,,8.2208,1,1793.6892872501332,2.7038384455709665,30370.516056924014,0.2544494166109038,,42824930101.0,7.794141300488347
2885,428249301,,,8.2208,2,1794.581235690519,2.7038766239851197,17321.20562144768,0.1632850038041349,,42824930102.0,2.4367635410298036
2886,428295558,,6.16975,7.93899,1,1792.3882046129074,1.150230658042244,125.23184270831374,0.1554216342322198,,42829555801.0,18.344100018007214
2887,428298354,,,10.3401,2,1797.5953258179836,15.765023640378162,1719.1951779791243,0.2605312381674091,,42829835402.0,1.9460792344830473
2888,428299103,0.962,0.920771,10.0364,3,1792.0547532249186,0.3350908208550145,609.5815805914492,0.0890060329843962,,42829910303.0,60.746713724128064
2889,428299778,1.95,3.38973,9.8855,2,1792.2735820546268,1.565599525607568,753.2690595245384,0.2246725808433136,,42829977802.0,7.794532186375852
2890,428320122,1.571,1.61563,8.84797,4,1792.2472535548145,0.5526510186724682,211.64650512990488,0.5500572875470151,,42832012204.0,22.497432301332815
2891,428322099,,11.9699,9.937,1,1792.024481814594,0.4132194032655596,285.5500207252863,0.412657419803858,,42832209901.0,16.256970938010387
2892,428327855,1.495,2.22929,10.4194,2,1793.0614874955115,2.126144774813101,9624.801379520635,0.1469073062844978,,42832785502.0,41.52297072647753
2893,428331104,2.25,2.8372,10.3414,1,1801.86078344531,13.52949534948012,9641.530682613904,0.1847600349413916,,42833110401.0,
2894,428385095,0.82,0.810698,10.0623,2,1801.7577930283417,13.048525787656011,24268.49685599416,0.1701192184834625,,42838509502.0,
2895,428450559,1.15,1.56169,7.4086,2,1814.871964051863,26.23773993136839,4465.97635789744,0.2122892007776191,,42845055902.0,
2896,428452469,1.341,1.37935,8.63481,4,1792.4800375793372,1.0008435303647767,199.95443545598516,0.2783678681862396,,42845246904.0,13.038148616733613
2897,428452661,,,9.8199,1,1814.8302118058368,27.051905424298585,44036.31622137607,0.1942050464919278,,42845266101.0,
2898,428455245,,15.9911,8.3849,1,1817.4347405283568,0.5702876875578052,115.97981749594668,0.5700771735129303,,42845524501.0,
2899,428464448,,5.99406,8.4424,3,2911.5486304675173,0.3770612291743298,2604.5885446895327,0.0990980402774288,,42846444803.0,7.224270590863434
2900,428468160,,,9.6368,1,1818.347958267416,1.1214541920690932,1258.429598867524,0.1688467438202155,,42846816001.0,80.75564430587445
2901,428514038,1.197,1.67773,9.54097,1,1818.064539427437,0.8733476263315526,786.7320517047109,0.1559879291960968,,42851403801.0,2.844634849656132
2902,428515937,,,9.7823,1,1792.1158075053288,0.5855839441042522,5338.123256875851,0.0976857378875281,,42851593701.0,17.320953405652755
2903,428515937,,,9.7823,3,1793.3595622540668,2.514794650313088,1842.5428406467388,0.1174782336037198,,42851593703.0,154.7346578060294
2904,428515937,,,9.7823,4,1792.243712310731,20.93075909356859,9323.6736983943,0.0970609625942515,,42851593704.0,
2905,428516650,2.32,2.07558,10.4815,2,1791.998645098705,0.6918118352826191,4023.351159078105,0.2610132200202266,,42851665002.0,1.3955694937952439
2906,428616543,,,10.1464,2,1791.9834109237615,1.384173849292352,840.663210056311,0.1476813099125648,,42861654302.0,17.70777717044497
2907,428670624,1.249,1.13299,9.50782,1,1824.1637876644247,10.70294995858237,694.5806885055447,0.1272890087823923,,42867062401.0,16.71049487338201
2908,428670624,1.249,1.13299,9.50782,2,1827.330600903852,10.70294995858237,673.3103806687757,0.2020087948288475,,42867062402.0,32.55260529355991
2909,428675563,1.53,3.45628,10.3018,4,1818.701177453967,2.1726125976371184,911.8553924321408,0.2878868344544574,,42867556304.0,
2910,428679607,0.977,1.06961,9.52906,1,1816.9423572916687,2.680060877954705,456.2317035375747,0.077851012191151,,42867960701.0,16.77201054212043
2911,428693032,1.56,3.30432,10.0254,1,1817.7897489517443,1.829544953186632,612.2776346110425,0.3201414189909276,,42869303201.0,14.191791797435469
2912,428703959,1.253,2.08923,9.97697,5,1852.615202766077,40.61140057744704,1636.455352233343,0.2889536638079483,,42870395905.0,32.88485778478848
2913,428750835,2.46,2.55035,10.1439,1,1791.5987659252437,1.2022824512279449,2000.768668609195,0.133339222155834,,42875083501.0,75.25647391544982
2914,428750835,2.46,2.55035,10.1439,2,1792.2175670377887,1.202264900154338,2192.2265219608557,0.1386764510553302,,42875083502.0,75.29607506164757
2915,428750835,2.46,2.55035,10.1439,3,1791.891496764407,1.202290004868153,756.3792062271035,0.1874932930603841,,42875083503.0,75.58739957315163
2916,428762752,,,9.9149,2,1828.8768781551037,17.388122486037453,8962.370611847466,0.2503197856927405,,42876275202.0,
2917,428763097,,1.89257,10.3694,1,1817.885269825059,0.3654377883989579,316.47529450756343,0.0378889745487537,,42876309701.0,59.45764635419216
2918,428767018,1.464,1.74788,10.409,1,1817.6755655483544,15.305698756239494,5716.275623407192,0.1507046458792906,,42876701801.0,
2919,428767557,2.02,2.36381,8.46524,1,1818.054867593888,2.5288081506662228,8887.466267797538,0.1305490168348384,,42876755701.0,3.1218591844757784
2920,428767557,2.02,2.36381,8.46524,2,1818.0457650960168,1.264415257918679,426.17679763565314,0.1135354552401724,,42876755702.0,21.44075148713625
2921,428770186,0.909,0.810822,10.0807,2,1817.496522601028,0.3476307785074755,4813.76205908123,0.1122613268511627,,42877018602.0,15.643975656030298
2922,428770187,1.384,2.1054,8.88152,5,1817.657404755696,0.868675320986588,1329.777987565756,0.109377666708283,,42877018705.0,24.595291333834233
2923,428773155,,12.3701,10.4727,1,1791.8872362132802,0.4685033058302579,229.82402086099896,0.4683159258563821,,42877315501.0,
2924,428774625,1.733,2.53262,9.68313,4,1800.826862321851,48.81769016552639,10818.7251483069,0.2438427367520898,,42877462504.0,
2925,428775692,,10.6624,8.5999,2,1799.0190206385832,7.551805051925842,1111.079068519391,0.2950256732428718,,42877569202.0,3.296009442905914
2926,428784674,1.33,1.74256,10.1175,1,1793.8034326538505,2.3867218431416246,15331.089827305928,0.1241636864068526,,42878467401.0,2.1254901025423294
2927,428784674,1.33,1.74256,10.1175,2,1792.589077386272,2.3867733129233613,1010.1049782138446,0.1027641327356946,,42878467402.0,11.970446817624591
2928,428785015,,,7.023,1,1803.0807730171728,11.806818208464025,886.805542375585,0.3564539979871882,,42878501501.0,4.872356342654117
2929,428785484,1.421,2.71603,8.4646,1,1816.5492382667724,38.661147716449854,2158.5472930185774,0.1746210454639245,,42878548401.0,
2930,428795527,1.31,1.2808,9.17124,2,1791.699269870909,0.6868847232013444,17162.371052464347,0.1521172266641965,,42879552702.0,45.365449083634246
2931,428805771,1.647,1.73939,9.83566,3,1828.7505267597096,25.473564747178266,5098.607090390098,0.2040093202290343,,42880577103.0,12.95849227893114
2932,428812049,1.42,2.23608,8.96016,1,1825.3253689146104,16.251503770956468,219.87606107459837,0.4156061611081734,,42881204901.0,9.438309559923226
2933,428864164,2.335,1.58241,10.0428,2,1817.8304436913115,0.4270884749700479,4646.369848832168,0.1504666343590134,,42886416402.0,52.798669708221816
2934,428866475,1.252,1.58407,9.75658,1,1817.8947820985372,3.748790649296264,654.6171749464269,0.3311036797000352,,42886647501.0,20.31811575216657
2935,428867906,1.678,3.54149,9.86105,1,1818.194311950256,3.3906737714997544,582.7709658200604,0.1318918682633608,,42886790601.0,18.899364660544563
2936,428883846,0.87,0.67853,9.379,1,1816.8686200009745,8.263680594848585,535.5388878874369,0.133379672081973,,42888384601.0,23.056151158415005
2937,428911750,2.74,4.68888,9.5359,1,1819.0785349625428,2.1939961400916315,195.55068185518587,0.2819038256077818,,42891175001.0,27.792452934345114
2938,428940687,1.354,1.04708,10.4352,1,1817.9954440295871,0.5267971610889592,5223.463952485803,0.5267826156297253,,42894068701.0,
2939,428961776,,20.9415,9.0403,1,1791.9807133014117,0.4943694385358438,210.4897519165464,0.0626176645748102,,42896177601.0,17.286122730346037
2940,428976776,,12.7086,9.1845,1,1820.639931130892,6.141834885635668,758.5602680611668,0.2064248733497207,,42897677601.0,2.0978188449929585
2941,428978578,,11.4263,9.9162,1,1818.4883205663912,1.298588647784419,463.0099246881517,0.2439499819292616,,42897857801.0,11.838792343784265
2942,428987018,1.382,2.50817,9.76376,2,1766.8677896914205,1.82534137756004,172.69338579575498,0.2104739091490433,,42898701802.0,24.53213984111793
2943,428988981,0.952,0.875453,9.90667,1,1791.6747710174195,37.34030850088699,752.7699119151906,0.2909260297828679,,42898898101.0,5.006928326666029
2944,429002079,1.331,1.88689,10.4314,4,1801.620398149312,65.08295760379403,21573.022418463283,0.1443118703549643,,42900207904.0,
2945,429010224,,,10.2788,1,1820.014086664408,2.894095897748609,411.70634836680216,0.2349337655584799,,42901022401.0,16.165884075996793
2946,429030752,1.908,2.09761,8.18214,5,1791.7924599162147,0.7727305676249864,3079.75266261599,0.0877312910043074,,42903075205.0,2.2738097240042383
2947,429054095,1.6,3.26343,10.364,1,1821.2359214820815,4.261228331536243,728.0694704019621,0.1918955065851204,,42905409501.0,10.505581794594905
2948,429061827,2.0,3.45061,10.4497,1,2912.956421901309,5.524756185618916,10148.734504190945,0.1565685825206039,,42906182701.0,5.617571364720493
2949,429098408,1.95,2.6477,10.284,3,1818.412392716653,1.2804754803874112,504.7851915723672,0.1668410891662715,,42909840803.0,20.128249198093386
2950,429099255,1.853,1.55132,9.79995,4,1817.4546853219003,0.508313723762256,357.07088620767206,0.0951932111898412,,42909925504.0,4.536333423951764
2951,429120328,,7.22243,9.5581,1,1817.9470295430096,0.6255527603661498,275.47485986570825,0.1273017240165487,,42912032801.0,19.024236960769613
2952,430373047,1.183,1.90243,10.2331,1,1818.027678393549,1.6159936141005726,964.7455480691616,0.1346081761050768,,43037304701.0,23.320326966011486
2953,430378950,1.977,1.75283,10.4442,2,1822.0454571098253,6.645548187795505,1170.6127526781338,0.1325705990303379,,43037895002.0,
2954,431741730,2.603,2.68409,6.78038,3,1792.9620054980528,1.326587112419647,183.7051933048042,0.3815921125781485,,43174173003.0,
2955,431760880,2.411,2.23981,10.0671,3,1792.1976595771212,0.9672102019587048,4652.300198992846,0.2788378278043825,,43176088003.0,
2956,431767111,1.109,1.07892,9.44637,1,1792.0429401258373,1.1712676306540906,1993.013302691712,0.1372590207559566,,43176711101.0,42.655670361628594
2957,431767111,1.109,1.07892,9.44637,2,1792.591553036788,1.1713069877915183,708.0223830682097,0.5279695831734045,,43176711102.0,21.51296606566545
2958,431767412,2.11,2.65627,10.367,1,1797.7418735775082,6.114586544176979,10738.137223966907,0.1358760183892959,,43176741201.0,11.21476996570771
2959,431771613,2.851,2.16203,9.1058,4,1792.341924327652,1.0557806225585489,1414.7898600602546,0.2783287512284813,,43177161304.0,
2960,431802758,2.77,2.39948,8.91854,1,1803.4379179717816,20.779658804611653,9186.481860428308,0.2092827861934949,,43180275801.0,
2961,431802758,2.77,2.39948,8.91854,2,1803.1533631010864,16.849552891685715,2260.0222626197296,0.284537761383797,,43180275802.0,14.765385703060032
2962,431859385,1.569,1.70262,10.2572,1,1792.1085563322406,1.0616074438486978,388.4363787973192,0.1543637602833581,,43185938501.0,16.088603589511575
2963,431860174,1.67,2.23268,10.1157,1,1792.6696446411493,1.540119792403604,1181.1350268447711,0.1357292962069151,,43186017401.0,73.16421146342813
2964,431861199,1.151,2.94461,10.3358,1,1799.7380269814212,21.21077997665274,7944.175198145427,0.093283865264373,,43186119901.0,1.6424321058215918
2965,431863813,1.835,2.23907,10.4757,3,1792.0972917545294,1.1757882243198208,1063.208118592303,0.1561965107673281,,43186381303.0,10.06150517286449
2966,431863813,1.835,2.23907,10.4757,5,1791.9487037093188,2.3704637766231715,999.348104301938,0.1838922496293183,,43186381305.0,24.024083785299823
2967,431872002,,2.45178,10.2624,1,1792.527583845753,1.1312719559663311,902.3503587174644,0.173538478784924,,43187200201.0,49.10194974245346
2968,431891272,2.93,4.68007,9.7097,2,1794.317056537792,2.7212951149831546,914.4033903064689,0.4001430602890664,,43189127202.0,19.84652542350331
2969,431896239,2.18,3.00905,9.9728,4,1792.905038808206,1.2596976408268277,1009.1429710471864,0.1658970449555288,,43189623904.0,15.321676790305585
2970,431897785,1.781,2.92497,10.1573,2,1794.6042982732197,4.809886213308049,1020.9576149399776,0.1329654472494304,,43189778502.0,101.6938757463613
2971,431898485,2.208,3.47212,8.95466,2,1792.668085697696,1.8566867476060191,245.28867431274875,0.3902402810775662,,43189848502.0,18.729355765321998
2972,431899140,1.92,3.62341,10.0888,1,1792.1590915435,1.9770214209137955,1153.9467651049572,0.2222342424676881,,43189914001.0,18.922752293678705
2973,431950696,2.638,2.33518,7.18781,3,1792.0417160389168,0.7942472327343182,603.1861261707063,0.1755123467874303,,43195069603.0,
2974,431962084,2.21,3.10583,10.0672,1,1793.128184357813,1.647998630941695,1491.3098837352268,0.310089648423273,,43196208401.0,2.3911846443389657
2975,431962084,2.21,3.10583,10.0672,2,1792.443476299008,1.6450549243461552,874.0704447256913,0.3120693912975607,,43196208402.0,12.6740782778732
2976,432016741,2.01,1.81455,9.62785,2,1792.3855725044464,1.5692545041152133,8968.969600165998,0.1258250286205445,,43201674102.0,7.576800280643149
2977,432050343,,10.7788,9.9309,1,1792.431759522938,1.7883417345723884,373.8192431355794,0.1975917966952965,,43205034301.0,21.72655155068309
2978,432080096,2.903,3.07317,9.48367,3,1817.717782326116,1.0916135170103,956.3191712836016,0.2864937020796323,,43208009603.0,
2979,432115330,2.55,3.53478,10.1443,2,1817.795084239587,1.6662903738717214,8370.56404031335,0.3899795804213198,,43211533002.0,10.311044213339548
2980,432118838,2.319,2.09131,9.31504,2,1821.1387046630207,6.28611758961044,13377.766353053845,0.1503553503594897,,43211883802.0,1.3288062961388423
2981,432118838,2.319,2.09131,9.31504,3,1822.4099622860283,6.28611758961044,3242.132761779894,0.8137635168700776,,43211883803.0,12.276112606891193
2982,432176784,2.83,4.03949,9.9907,3,1817.567064943917,1.853275587926136,2263.734273325361,0.3107218923574867,,43217678403.0,34.87037715686168
2983,433501072,,3.38478,9.92838,2,1802.462542402765,13.509649608062167,4566.637397076347,0.1527362393841287,,43350107202.0,75.17371266494669
2984,433501941,2.89,4.15384,7.267,5,1795.48092559845,3.852740484153276,4092.1027469335295,0.2911803066374477,,43350194105.0,14.508941512549695
2985,435593945,1.9,2.9421,10.0034,4,1793.310977297967,3.704719275133732,10358.427300661484,0.182680305922929,,43559394504.0,
2986,435744571,1.415,1.6056,9.71506,1,1793.4966537958535,6.115813687313525,232.39485984501144,0.1978211705364487,,43574457101.0,69.98813282454768
2987,435744906,1.228,1.29937,10.1883,2,1818.2716417152697,51.012232803269846,6451.521875721026,0.2044988030051421,,43574490602.0,
2988,435744906,1.228,1.29937,10.1883,3,1804.428308242728,41.19933552298422,5063.268043381944,0.1779344226469494,,43574490603.0,82.85467311340341
2989,435820514,1.047,1.79372,10.2549,2,1804.4957494010216,21.375161827619767,1909.1175784311408,0.2228948780651296,,43582051402.0,
2990,441718074,1.211,1.72277,10.4886,1,1688.1116788746522,5.227335855423327,8730.74729424056,0.2502119246162422,,44171807401.0,69.10598832537808
2991,441720104,,7.4479,9.6069,1,1683.999336390272,2.313027818926545,423.0009343253191,0.0997072347480462,,44172010401.0,82.6541037171413
2992,441732151,1.134,1.03584,10.1688,1,1712.096856151919,2.0998622642116977,7940.501350168741,0.0499952144344501,,44173215101.0,1.817329900420607
2993,441733141,1.52,2.29136,8.7507,2,1683.8966746280123,1.6959446753302236,60.85755032505783,0.2391350719176021,,44173314102.0,13.099360964525259
2994,441735934,1.379,2.7494,9.15277,1,1713.8249352317246,2.6687494954486324,160.66887632573273,0.474544247778416,,44173593401.0,14.91891965402843
2995,441736450,,,7.6927,1,1776.864346878296,305.63656442676967,12564.463336248087,0.2235137751077258,,44173645001.0,
2996,441739020,1.258,1.31225,9.4682,1,1710.0742974721954,40.75202539980008,5775.316187077486,0.2665048349857138,,44173902001.0,
2997,441739020,1.258,1.31225,9.4682,2,1688.9836706052638,10.983913134962345,336.6843962082785,0.1602519021470571,,44173902002.0,26.094681323826308
2998,441739153,1.96,2.20647,9.0533,3,1689.5380105551176,6.420280336274143,22893.69136611218,0.1436194569928644,,44173915303.0,
2999,441739153,1.96,2.20647,9.0533,4,1686.3270730779104,6.420280336274143,20756.107932968695,0.1430702375991218,,44173915304.0,10.29014536921996
3000,441796724,1.07,1.04992,9.0339,1,1851.198497893052,236.39681925619385,4556.485924377051,0.1400282428000475,,44179672401.0,
3001,441810054,1.42,2.14058,10.4851,1,1928.9523050190053,277.0095472850574,885.9425018325998,0.5165885262409798,,44181005401.0,
3002,444116500,1.086,1.11977,9.8752,6,1792.5035781749618,3.064845790844312,578.7603248541892,0.2008854943933846,,44411650006.0,115.96265805942888
3003,444121058,1.467,1.83266,10.1291,2,2896.2763060183643,20.022094170719395,7105.6845077659,0.1506930180662083,,44412105802.0,148.7414661347511
3004,444121907,1.949,3.18825,9.08906,6,2910.6643581766552,29.057598721014102,4556.804254588958,0.2200950105896369,,44412190706.0,20.290981746788745
3005,444123475,,,10.0678,2,1793.8725160375109,27.554967903330155,9592.840208830105,0.1510330712666031,,44412347502.0,8.929245516302641
3006,444137256,,1.43786,10.0769,5,1819.304768249504,27.96985372431428,23544.27109094257,0.2583946481920053,,44413725605.0,84.61519084661258
3007,444725556,,,8.98228,1,1798.4579934646065,7.840219509046235,107833.38664995196,0.1588582052312708,,44472555601.0,3.35874015139903
3008,444796337,,11.0105,9.9483,2,1792.432776392316,1.3638663325045888,331.8931230332226,0.2927347863224122,,44479633702.0,24.817072225159066
3009,444801032,1.508,3.19256,10.3041,2,1793.4001835353345,2.1665328037702705,11468.38952096671,0.246872974429556,,44480103202.0,37.031559552452705
3010,445706461,,,10.0353,1,1822.8955766015413,18.442298409022182,40471.90908181196,0.306994448954361,,44570646101.0,85.55749701849534
3011,445706461,,,10.0353,2,1819.3688350418777,18.442298409022182,8795.701246029119,0.3187302621172398,,44570646102.0,85.77632041581558
3012,445791323,,,8.1954,1,1819.4954210848489,3.6586271365147223,18699.48148105804,0.0908094624083069,,44579132301.0,1.6631867827124447
3013,445791323,,,8.1954,2,1817.5644467905536,3.658800718331724,6238.655721065406,0.0661289167520807,,44579132302.0,3.2437941214503816
3014,445792300,,11.6971,9.6959,2,1817.541298557573,1.9063855173373507,552.7445638154735,0.2268098624491695,,44579230002.0,20.19348983908156
3015,445794682,1.473,2.72709,8.77902,1,1817.2552316631995,2.296682832714027,3948.8613108004834,0.1332737552027696,,44579468201.0,11.124078797939857
3016,446010307,1.328,2.07563,10.1405,1,1817.8741215669409,2.201323519571187,668.607328861437,0.1625369316039481,,44601030701.0,85.44751495453512
3017,446011804,,3.74706,8.98304,4,1819.4440735697972,13.58093429291642,1670.2522844587925,0.0840666318708538,,44601180404.0,18.591199501021258
3018,446016800,,,10.0729,1,1825.179526624984,10.781426741497794,1200.3053185275328,0.1797478905115265,,44601680001.0,48.19053924423735
3019,446041306,,11.0459,9.54178,2,1820.478463267422,5.357562155887847,284.15030579679416,0.2759482115550253,,44604130602.0,16.012131161476713
3020,446081770,0.954,1.0819,10.0271,1,1851.2692151628648,34.073750932391995,7281.203404781956,0.1337428909446271,,44608177001.0,5.784436819540353
3021,446092870,,,7.8214,3,1831.7924875950864,14.362033677216514,509.6553457178936,0.3794946874436158,,44609287003.0,
3022,446095007,1.58,4.04039,9.5965,1,1819.193963703868,3.133156557253691,520.952933093828,0.1757384377162773,,44609500701.0,18.56294033221819
3023,446102255,,12.3215,8.9688,5,1817.51249082694,0.4407463625432261,400.343593089762,0.4401738083049347,,44610225505.0,18.973430728061718
3024,449910997,,2.44372,10.469,1,1818.5966232272349,1.8773935825424275,4841.190485781105,0.1813245623907426,,44991099701.0,17.03626114257291
3025,449913506,1.55,2.23466,10.4231,3,1817.737890098992,1.051803161795191,355.86593228130914,0.2424574716875309,,44991350603.0,22.526489682847497
3026,449917849,,8.32242,10.1589,1,1818.1248155815977,1.0710207410882762,790.0270855991064,0.1097892686265238,,44991784901.0,68.16970048018848
3027,449924834,,12.0664,9.9705,1,1820.0907807392648,2.8423013542610382,404.3330183781157,0.2741281590972304,,44992483401.0,15.19207195817357
3028,449937360,,,9.732,3,1792.0699034036452,0.3863974725751649,277.46393094424565,0.0434022946715772,,44993736003.0,73.3743652951673
3029,449938439,1.802,2.68682,9.5182,1,1792.0094564408369,1.725169416842676,215.0555674401992,0.3688483174737744,,44993843901.0,20.363917352542348
3030,449978211,1.428,1.10957,9.57582,1,1817.493970087846,2.317007517634204,648.8176543795227,0.1314551864604387,,44997821101.0,81.60286750031584
3031,450133316,,,10.2283,5,1802.934296940932,23.260818886789597,17514.16736660494,0.4174351612186169,,45013331605.0,236.7747857381387
3032,450138691,1.847,1.86105,10.3588,2,1792.9217672931145,2.270681452052037,286.13844774889685,0.2423833493946213,,45013869102.0,78.2431570536467
3033,450140149,1.087,1.61069,10.4854,5,2896.107355970012,20.027190078755968,3538.226576745611,0.2573439526259818,,45014014905.0,17.681999243633076
3034,450147197,1.151,1.78835,10.1842,1,1793.073758092668,2.4385788427725155,904.4801938510408,0.1990453023849542,,45014719701.0,28.729302503990116
3035,450178903,2.03,3.98366,9.9216,1,1818.108986935148,2.465070361548808,4591.643710241468,0.1203065306275244,,45017890301.0,5.15248862854637
3036,450218810,1.05,1.76864,10.3957,2,1824.6024377019169,24.17362063710445,14410.777628347883,0.3975496516034756,,45021881002.0,3.0925877668342636
3037,450239193,1.187,1.36069,9.94985,1,1826.1591214958228,15.072857348870354,3013.139916814478,0.2048949267760008,,45023919301.0,
3038,450239786,0.893,1.09713,10.2883,1,1818.778677138892,1.8000163443498274,817.8196895025635,0.2482463788613743,,45023978601.0,11.841774792219132
3039,450309197,2.28,3.4739,9.7999,2,1818.978449614878,1.781549014654486,3258.84642781132,0.4199932909701913,,45030919702.0,12.688214914411352
3040,450309197,2.28,3.4739,9.7999,3,1819.442261404872,1.7817021927164964,3873.088666724803,0.5314369132926996,,45030919703.0,
3041,453019789,,2.56459,9.7572,4,2911.345965452212,0.4224765913230549,3047.680633361097,0.090867929721341,,45301978904.0,
3042,453046866,2.52,4.39337,9.9057,4,2913.5418060755574,2.345647567106291,4895.60531773102,0.2748574659531157,,45304686604.0,5.914246240826868
3043,453046866,2.52,4.39337,9.9057,5,2911.717700359694,2.339662621159156,4855.7470215398325,0.2407050781934679,,45304686605.0,8.130610261823412
3044,453046866,2.52,4.39337,9.9057,6,2913.5809909825985,2.3367049685458894,5242.530086611576,0.2372074932616872,,45304686606.0,6.675099705697097
3045,453113816,2.33,4.46022,9.7152,1,1818.0340866359213,2.6946813069533158,357.4956731943534,0.2514398090745033,,45311381601.0,21.175057793996363
3046,453118507,1.678,2.80842,9.94104,1,1817.6301648174936,1.436907540942044,502.2784846748557,0.2094837938111968,,45311850701.0,28.218876507756928
3047,453118507,1.678,2.80842,9.94104,2,1818.5144250329847,1.4369888875364312,400.6192204724681,0.1611722274800577,,45311850702.0,51.68379402035285
3048,453118507,1.678,2.80842,9.94104,3,1818.0454757178136,1.4369888875364312,372.95558542000697,0.1719124064004632,,45311850703.0,54.488394747495
3049,453119075,1.016,1.42056,9.93364,1,1834.278111241399,23.678614591465607,5338.526931232006,0.1191347823034204,,45311907501.0,172.57785456436565
3050,453127976,1.167,2.28619,9.4215,2,1819.4112808729296,3.583295825952576,281.2976574464647,0.3137649378373638,,45312797602.0,34.469656679532385
3051,456078601,,,7.6336,1,1794.3059756950518,9.261895481550706,198.7393091332693,0.3336961338194958,,45607860101.0,22.97701063058124
3052,456078729,,11.551,8.4508,1,1793.2550122156647,2.404276661038646,182.8573738348276,0.2837154943618578,,45607872901.0,14.791042373709612
3053,456081659,0.86,0.765653,9.571,1,1802.1586177748325,14.02692522839669,15502.026570523922,0.2683190009470292,,45608165901.0,32.77085205200341
3054,456133892,1.78,3.4908,10.2835,1,1793.448193163783,1.7763317113338208,594.7082885770734,0.2618087096942952,,45613389201.0,21.297583557003385
3055,456136210,2.15,4.81581,9.803,1,1792.654819056546,2.429464781842848,4263.461773006931,0.087636248613493,,45613621001.0,10.803228871201053
3056,456137443,1.131,2.65617,10.456,3,1792.6094992135977,6.481819614080536,1005.6779440024568,0.2283881150380211,,45613744303.0,94.34328186024764
3057,456137443,1.131,2.65617,10.456,4,1794.7956904895846,10.140755142720336,1088.7942590291134,0.2622662494299961,,45613744304.0,113.16799388118098
3058,456144376,1.67,3.42091,9.8945,3,1793.784726539022,2.394341897543848,508.51877599455327,0.2175814260560766,,45614437603.0,140.99704526007906
3059,456144483,,5.48544,9.4598,1,1794.7020136739077,3.013818103319268,2701.1316307071247,0.1649785283540247,,45614448301.0,47.736115996705585
3060,456163246,1.433,1.68191,8.1734,1,1796.279758765468,5.449521481426215,765.7111706774667,0.212930691796185,,45616324601.0,179.3193010592588
3061,456164794,0.904,0.799941,10.1808,1,1791.9163333792171,0.6606300517200749,2697.655094095989,0.1176643574255188,,45616479401.0,73.96935094276405
3062,456209107,,,9.4259,1,1814.7544453999133,28.45583312009964,2679.3994514683586,0.147701726536579,,45620910701.0,
3063,456231115,1.29,4.14289,8.51052,1,1793.9030413062883,4.056665758453095,673.452946818321,0.0880850977388899,,45623111501.0,14.021252109689552
3064,458347152,1.221,2.64334,10.1222,2,2912.0740034033547,1.882737712788798,759.1538520345595,0.4303280019081539,,45834715202.0,75.86107866726695
3065,458349866,,10.2325,9.9832,1,1818.6626760312167,2.4395619157221398,517.4090681551149,0.1919493665431889,,45834986601.0,13.400900277869408
3066,458352750,,8.4714,9.9111,1,1822.1854871864025,4.650729695877453,677.1647956068626,0.1936783618359409,,45835275001.0,52.27681748140405
3067,458354759,1.079,3.04699,10.1315,2,2913.2202901180917,2.103990382359504,4425.043317961765,0.1735061127654737,,45835475902.0,
3068,458792696,1.03,1.69189,10.2711,1,1792.9010238181609,1.4321862495574091,35347.58162193182,0.1048758123548312,,45879269601.0,1.5503937870431956
3069,458794117,,,10.0896,1,1792.2323742881729,1.0765787119970698,3502.631994253327,0.1403837966486836,,45879411701.0,13.92775862450679
3070,458794118,,,8.0191,1,1792.2323499939027,1.0765787119970698,635.6366546876434,0.1428083554301012,,45879411801.0,14.312441555098284
3071,458841457,,6.83413,9.0184,1,1792.8200023338702,1.1140870440122157,257.46492462685853,0.2300392125889982,,45884145701.0,25.042298225147356
3072,458843165,,,9.621,2,1831.522453354444,48.43404938213738,10721.688211008895,0.2881285606734248,,45884316502.0,
3073,458849600,1.509,1.28976,10.1018,3,1792.1198523302417,0.4607213255842647,2942.3078079640563,0.0552597343753645,,45884960003.0,2.332296099617876
3074,458849600,1.509,1.28976,10.1018,4,1792.3564305100642,0.4607190580186233,2844.4163088848168,0.053943363621674,,45884960004.0,5.618176424354034
3075,458866048,,,9.5018,1,1803.1744604414064,39.57388100602223,13876.562758127797,0.3059591033655268,,45886604801.0,
3076,458878902,,11.6053,10.259,1,1795.1650350915877,3.8530493898077256,969.3200474143416,0.3090495990820818,,45887890201.0,34.582799500587065
3077,458881234,,,8.1741,1,1803.5925245793496,14.00850179940852,17743.791356511745,0.2341221577954418,,45888123401.0,
3078,458886057,1.534,2.40348,9.74574,1,1792.675831349737,1.6132120810925796,246.3073001779161,0.4514547779323937,,45888605701.0,14.400032007596554
3079,458914949,1.87,2.5132,10.2543,1,1796.606611407469,12.533967820424367,1524.5451590143862,0.2529967586857147,,45891494901.0,
3080,458937880,0.937,0.943159,9.72645,3,1801.62238212524,14.216075310402408,3836.844327980949,0.2021366639865557,,45893788003.0,
3081,458939280,1.164,2.046,9.85119,1,2896.156326519574,13.98633028440122,1926.057374658515,0.2686026715037044,,45893928001.0,19.094638768539934
3082,458939416,1.04,1.677,10.4591,3,2883.350856046293,1.2760989136611185,474.58573199551415,0.2304978898348795,,45893941603.0,114.67340699600932
3083,459053327,2.34,4.93266,8.3163,1,1819.820402155509,3.132791021965562,247.84943355941385,0.3168738527337072,,45905332701.0,10.755044233137735
3084,459083394,1.156,1.07614,10.2117,1,1817.3812184511085,0.3873557422847835,5725.212987294862,0.0702229941491291,,45908339401.0,53.48999657288501
3085,459083394,1.156,1.07614,10.2117,2,1817.5953114924905,0.3873495773381664,2896.650263371472,0.0807870611016736,,45908339402.0,14.138165110104609
3086,459084160,1.135,2.68145,9.60448,3,1828.491307566832,20.801796382537525,13121.475568601709,0.2228401907793613,,45908416003.0,42.891726866237526
3087,459108202,1.11,3.5081,9.45265,2,1819.5404533272,4.308421224592435,264.18228805741006,0.3506094382144076,,45910820202.0,13.656896865340652
3088,459111907,,9.41115,9.6331,1,1817.7629352468307,0.4865428510370172,342.86283138854606,0.0938292888461714,,45911190701.0,66.25442137854367
3089,459140308,2.03,2.69398,9.5778,1,1819.1452015264192,1.94481269135178,14961.047563634354,0.1780942059548914,,45914030801.0,2.1320777320167985
3090,459140308,2.03,2.69398,9.5778,2,1819.2066853515896,1.9447607000324385,11888.474366426068,0.1349930769955997,,45914030802.0,
3091,459148965,1.57,4.62377,10.2514,1,1820.0688167590624,3.0075972900775034,5583.494097247046,0.1472031173065998,,45914896501.0,80.38470116033913
3092,459148965,1.57,4.62377,10.2514,2,1818.0643148378217,3.0075972900775034,5254.025530573356,0.1456888857167237,,45914896502.0,80.2228054309969
3093,459148965,1.57,4.62377,10.2514,3,1819.0379430223445,3.007656589440354,5087.708884140603,0.1395452632788225,,45914896503.0,79.78042874298106
3094,459149157,,13.6108,10.1034,2,1817.689372616746,1.5001859625599985,412.2755372049382,0.2660946400715717,,45914915702.0,8.404138347187628
3095,459169625,1.03,1.30558,10.2289,1,1819.8922449113445,3.1704012693190897,448.549605115394,0.3740983671496841,,45916962501.0,13.349115998282025
3096,459836185,1.866,2.65239,9.33018,1,1816.9652721487655,1.9824933124233608,97.2621917025672,0.1552403239866517,,45983618501.0,16.107878735169265
3097,459891002,,,8.7941,1,1820.10569244198,3.69416349210381,733.4327138554067,0.1694105314211003,,45989100201.0,27.381361677643973
3098,459891734,,,9.6079,3,1816.8782045386613,0.420163178005684,7388.025544195182,0.0972904575536049,,45989173403.0,41.34390833538699
3099,459908925,0.94,1.49455,10.056,3,1817.308545067976,0.9260944517737612,12823.766766352304,0.3616903923027036,,45990892503.0,3.4363424041609973
3100,459908925,0.94,1.49455,10.056,4,1817.7809340548536,0.9260863977092548,6054.411139577335,0.4228599191262281,,45990892504.0,
3101,461361002,,4.97642,10.4038,2,1767.749934275556,3.774777328246093,310.4254895518877,0.3362988715602157,,46136100202.0,21.793938298795705
3102,461361002,,4.97642,10.4038,3,1769.505666872894,3.7747516178026,321.0103262477353,0.2568704713178433,,46136100203.0,14.211873007996305
3103,461425716,,11.0044,10.1737,2,1792.320946401891,6.252690349712241,765.4194918257957,0.1547560112872445,,46142571602.0,79.29249917291534
3104,461467547,1.744,2.07089,8.86127,1,1766.2240584364906,0.7773710987040258,972.2458767902656,0.0518456727557834,,46146754701.0,3.6149069882726113
3105,461467547,1.744,2.07089,8.86127,2,1766.6131392319032,0.7773710987040258,902.8152907243398,0.0490705205531418,,46146754702.0,9.037370805008795
3106,461467547,1.744,2.07089,8.86127,3,1766.417833192746,0.7773710987040258,655.221953283921,0.0657832945919918,,46146754703.0,3.926923145134132
3107,461467547,1.744,2.07089,8.86127,4,1766.8066272437686,0.7773710987040258,767.460057743424,0.0464509253533857,,46146754704.0,12.968895400950107
3108,461468138,0.995,1.03327,9.36439,1,1791.7464738866388,0.6749301834221271,332.43249857540945,0.1427870711418143,,46146813801.0,14.252204866062613
3109,461468138,0.995,1.03327,9.36439,2,1792.0764461585884,0.6749364873950934,130.37255940119908,0.1658106716256538,,46146813802.0,20.2688867598289
3110,461472535,,12.8265,10.129,4,1794.4065149810538,4.166757731303592,669.9282798244744,0.2315339043588332,,46147253504.0,37.63043361045335
3111,461472535,,12.8265,10.129,5,1792.1105508172086,4.166757731303592,672.2143491526823,0.2779791620065766,,46147253505.0,21.30025643234803
3112,461495542,0.592,0.538,10.2809,1,1800.0181350033704,15.178815578989171,451162.8466451449,0.1822874594017134,,46149554201.0,3.2816897115690895
3113,461495542,0.592,0.538,10.2809,2,1806.5458734675,15.179058992000703,387218.5246279428,0.1564236840258767,,46149554202.0,3.118229124723317
3114,461497036,1.089,1.60434,10.1564,1,1814.5234234475188,69.44940932566298,953.3200168759428,0.2710286873364636,,46149703601.0,
3115,461545166,1.122,0.965853,9.85702,2,1804.9878620234983,27.36574022090233,348.62775466562493,0.5031881525963456,,46154516602.0,19.977531120477686
3116,461564766,,5.43205,10.1275,1,1792.4354497781133,0.9494632179620478,263.81293849897804,0.089024040305894,,46156476601.0,68.16176133529302
3117,461566386,2.171,1.72467,8.90753,6,1817.1004167496149,0.5099974234989,4060.84902285388,0.058803163649739,,46156638606.0,3.2133944639460945
3118,461566386,2.171,1.72467,8.90753,7,1817.317635425996,0.5099979450343153,3988.445748257046,0.0570736024387537,,46156638607.0,0.7465599475514706
3119,461589932,,17.6523,9.5262,1,1792.0399526254437,0.6161943292295016,103.14911727062254,0.6147135966957437,,46158993201.0,23.182058674160313
3120,461595489,1.66,3.84271,9.5709,6,1793.2199151942534,1.9682564364184576,7389.413006095668,0.444164411979171,,46159548906.0,2.6434866287891285
3121,461635621,0.78,0.692723,10.3859,1,1803.143562737571,28.66430889306376,1042.5677172376254,0.2409996276546402,,46163562101.0,120.94168874668483
3122,461651566,1.29,3.05952,10.1783,1,1843.2231323192352,2.371385561212602,435.0337012822623,0.13593027748188,,46165156601.0,19.554757366534243
3123,462617334,1.374,1.32734,9.97727,3,1684.1077052425026,0.4674882508363785,800.4017120419691,0.0838537045599799,,46261733403.0,53.331472947996176
3124,462617334,1.374,1.32734,9.97727,4,1683.874809270536,0.4674878536489922,792.3590290408669,0.0834649836392554,,46261733404.0,53.01298565637808
3125,467181625,1.803,1.54978,10.2749,3,1683.5765968521214,0.6569894907296544,1199.2939841793848,0.1850597221529553,,46718162503.0,
3126,467324320,0.89,0.805455,9.7778,1,1774.098630013924,24.994988796329626,8417.21620054098,0.2762357003557435,,46732432001.0,42.62048757379156
3127,467324320,0.89,0.805455,9.7778,3,1784.893450136923,24.996209391297825,979.9563020062544,0.19348891127975,,46732432003.0,44.52362504962783
3128,467335724,1.427,2.66476,10.4835,12,1767.5020305529988,2.9951905041359064,934.880774868409,0.1601657634615634,,46733572412.0,
3129,467357411,2.065,2.28388,9.19725,3,1766.6359230455132,0.9135009948702378,5582.27968359598,0.2599140392466073,,46735741103.0,
3130,467358613,0.86,0.733093,10.0109,1,1766.4105078175903,0.6347626533397361,181.59658465452964,0.0948655459480388,,46735861301.0,28.86899576253575
3131,467643787,1.932,2.00009,8.58206,3,2474.8193113308344,0.7630168300461685,3171.8164437229643,0.155851800834607,,46764378703.0,18.72408559000607
3132,467643954,2.53,3.36036,8.4685,2,2474.649458660677,1.3637391132320096,272.11683523219307,0.2818164912009971,,46764395402.0,21.20834358535658
3133,467648960,,,9.6996,1,2923.80371066774,15.602207344474389,6585.823002600445,0.1552125840831503,,46764896001.0,
3134,467651916,1.11,1.15664,7.7746,1,2476.730942906445,3.981339313016891,464.4841523814721,0.1483455206397138,,46765191601.0,19.50041641102171
3135,467652288,,3.09471,8.12858,1,2475.419011516952,3.420117487149297,244.9721104987719,0.1577038281829031,,46765228801.0,90.14759570748345
3136,467654937,1.44,2.77141,10.3996,2,2477.623707872721,5.151831466480029,593.6868190974303,0.1625742420663193,,46765493702.0,13.461816652919627
3137,467680828,,8.91194,10.3394,4,2474.666053813485,0.5955705439620338,1114.4861472037571,0.0972560099270486,,46768082804.0,
3138,467720479,1.08,0.976562,10.3731,1,1822.2474478966672,21.086810826271137,14336.888603851208,0.3588592480503534,,46772047901.0,
3139,467720479,1.08,0.976562,10.3731,2,1817.5499782550107,16.261628307576178,13435.401329242875,0.2079368002222807,,46772047902.0,
3140,467728888,1.94,1.91093,9.9568,1,1818.148573562835,0.9447742494216712,219.3418552750244,0.1645615504749274,,46772888801.0,12.335118810862385
3141,467751605,,5.10369,8.8708,5,2474.5063208246347,3.474104868044719,219.7741853238368,0.3791053222465301,,46775160505.0,11.945589670687111
3142,467760805,1.96,3.26842,10.4224,5,1817.5299164818232,2.2238514052107776,903.3563574670856,0.2346543566312849,,46776080505.0,18.965185934160694
3143,467786002,1.278,1.61515,10.1722,2,1828.394073602188,13.52297080376541,4112.807403878305,0.4315569421149332,,46778600202.0,20.848450390185082
3144,467788963,1.075,1.44901,10.4298,1,1830.0551368258164,13.510536919021725,3830.576791891039,0.3966151562679353,,46778896301.0,45.03447642039801
3145,467791931,1.91,3.82598,9.0934,1,1821.4948968194908,28.25292354627024,2461.410467510549,0.1851502776525803,,46779193101.0,243.58745539564086
3146,467830462,,13.6634,9.37608,1,1792.1262351384162,0.7026198089735102,213.5151814827704,0.1534494929531936,,46783046201.0,172.82923886828638
3147,467832488,1.2,1.76238,10.1075,2,2911.598473194914,1.4977923217816034,5936.89646515273,0.1642935345782773,,46783248802.0,10.682153457808784
3148,468297389,1.59,4.0277,9.2513,3,1795.0241510532585,2.793660676202922,4000.763110250804,0.3368803999729136,,46829738903.0,
3149,468343740,,8.30352,6.27726,1,1791.709563634323,1.5066102022574568,187.32151095032523,0.1534314635935699,,46834374001.0,21.153281495608994
3150,468352994,1.68,1.9418,9.1012,3,1817.5383044976356,0.8481886487220627,1702.1506617733976,0.2387140364138986,,46835299403.0,
3151,468362456,2.311,2.12601,9.508,1,1817.0189933686024,1.321091775257153,3420.5442143363107,0.1204320505671775,,46836245601.0,0.4987090476413785
3152,468365971,1.47,1.96048,10.2551,6,1832.980902381035,25.087167554199088,3677.3156682085546,0.1788587343481201,,46836597106.0,4.871518499484734
3153,468374368,,,9.8607,2,1817.6530127953492,0.9987043597853874,217.60900761737304,0.1663135261221833,,46837436802.0,0.9822657969656594
3154,468377563,2.21,3.19279,8.6872,2,1818.0052264660685,1.258285430057294,115.38085799831714,0.2393818579199073,,46837756302.0,22.85947800234924
3155,468393321,1.7,1.7751,9.6024,2,1817.1215318623456,1.9487292200133248,578.3233913894712,0.0883595931956274,,46839332102.0,16.586907128521936
3156,468405388,,1.75245,10.4527,8,1817.2685160535295,0.4146211787781131,2283.9628987852107,0.0421427111769923,,46840538808.0,
3157,468405592,,9.83855,9.375,1,1817.2186548894424,3.150356812361434,238.1810571649167,0.2311149506697268,,46840559201.0,20.803906027230706
3158,468418392,1.25,1.2217,5.7247,2,1817.3046109097725,0.6581647494111522,49.24271542202675,0.6548971213590289,,46841839202.0,30.247840218293977
3159,468451212,1.107,2.26757,10.2396,1,1792.857018675588,5.291083709081187,225.0454443361388,0.2702460816081456,,46845121201.0,21.11419122848139
3160,468482954,1.282,2.37339,10.2646,2,1792.3139858426389,1.331927812188578,329.49311894733546,0.7800219388711267,,46848295402.0,
3161,468502793,2.52,3.95729,9.8228,1,1791.6868920854029,2.299095700037639,139.92400711963992,0.2502327329766869,,46850279301.0,29.182242320425136
3162,468505386,1.039,1.55217,10.0751,1,1814.7100077648183,25.868772542837032,372.4922766701626,0.3988255402243415,,46850538601.0,20.25049346142917
3163,468540172,,3.81916,10.266,1,1791.7495937680644,0.377718456357772,379.7201341893791,0.0683728057763021,,46854017201.0,58.72118290751921
3164,468574392,,11.143,10.3544,1,1791.8012409034366,1.5442216770879913,961.2500757911636,0.0911657306835701,,46857439201.0,45.9178535948956
3165,468591849,,5.4806,9.5183,1,1816.728142580295,31.19392920751177,537.3587053617508,0.1977536763170953,,46859184901.0,
3166,468596811,1.374,1.23884,9.74494,3,1791.691875910113,0.5655947417968044,1813.087656600222,0.1281878001490025,,46859681103.0,57.8090544923199
3167,468597398,,12.4282,10.4863,1,1792.3487539714995,1.4410537181402598,244.6329402135971,0.2290477828159723,,46859739801.0,19.05004854365494
3168,468599691,2.07,3.56487,9.64,4,1792.8722390784412,1.9358587647458312,218.99073555424368,0.4501422983912619,,46859969104.0,3.530032454524274
3169,468599691,2.07,3.56487,9.64,6,1794.2325026993317,3.871546965489829,102.95820036991547,0.3712161778391274,,46859969106.0,1.8994244807897893
3170,468601724,2.6,2.55824,10.2692,2,1794.339073318616,7.158903644424195,4090.8745469397536,0.2312585146913122,,46860172402.0,46.92188758715573
3171,468631571,,5.01585,10.2424,1,1793.0641304304609,2.743618152658797,200.0904281333039,0.4145733096752846,,46863157101.0,9.02320764747888
3172,468634866,,5.2111,10.1691,3,1791.883211405956,0.4826011187637137,673.8416703033607,0.1356588572924956,,46863486603.0,
3173,468636271,,10.4704,9.9209,1,1791.8556354188293,1.3358876384655112,549.204203211339,0.1392688067131663,,46863627101.0,83.62715625311259
3174,468641715,1.61,1.49815,10.2763,1,1792.203795825544,1.231276605255527,179.97788733523552,0.1273624891558839,,46864171501.0,23.34072720165221
3175,468669208,,2.98803,10.3396,1,1792.762248004709,1.4990719606013894,1591.0494714785166,0.1179386875707096,,46866920801.0,76.4228436825822
3176,468669208,,2.98803,10.3396,2,1791.888033171169,0.4648944167037274,397.01251467239655,0.0991945732911911,,46866920802.0,47.0609013954103
3177,468670737,1.179,1.01112,9.71739,1,1799.1492458725834,8.24882256785225,585.9609588739619,0.1291910117179124,,46867073701.0,44.885187707473875
3178,468673986,2.05,2.91887,9.9023,3,1792.5601687202636,2.1698710140270574,969.2778984523962,0.3293589684305542,,46867398603.0,7.804728412078947
3179,468673986,2.05,2.91887,9.9023,4,1793.1417848775343,2.1698387370104206,1563.185454456948,0.4145565139476808,,46867398604.0,4.172172619770651
3180,468716176,,,8.9085,2,1791.698390031689,0.4150552348304586,241.80016262412587,0.094402562427829,,46871617602.0,21.868329043195743
3181,468717629,,9.3644,10.4346,1,1813.3670233433336,24.70398123822075,793.8142118979792,0.1675195708036935,,46871762901.0,
3182,468739039,1.279,1.36683,10.208,1,1793.8235426214046,2.9956044583866226,712.6448049547032,0.1739449491848008,,46873903901.0,26.25605659378142
3183,468739039,1.279,1.36683,10.208,2,1792.4556275123705,2.995659610024785,468.5525583558978,0.1763346986179067,,46873903902.0,26.9885416143568
3184,468754688,,,10.279,1,1798.5344879514798,18.459353355291626,514.7184481270426,0.4235768541631773,,46875468801.0,9.862286807033911
3185,470124468,,1.67072,9.539,6,1791.9139765258114,0.3390077584598473,1201.9192448792423,0.0389825253289806,,47012446806.0,6.553756764568221
3186,470151962,1.3,4.59713,9.5213,1,1807.0948121685865,43.409564205910826,3695.543053702631,0.3207294614665786,,47015196201.0,
3187,470152814,1.057,1.08891,9.8543,1,1795.9173382793233,24.544838569015745,16759.31270054671,0.2634039318721681,,47015281401.0,34.237142982582796
3188,470152814,1.057,1.08891,9.8543,4,1809.9161803309623,24.54406778359729,1269.354099772694,0.3774016872798842,,47015281404.0,35.382313227824454
3189,470152814,1.057,1.08891,9.8543,5,1810.4205791003,24.544838569015745,915.592892274518,0.4213132114544192,,47015281405.0,34.85570097970982
3190,470163163,,11.6724,9.9164,1,1791.8121391786383,0.4210871698422265,208.47702762241127,0.4204094386968353,,47016316301.0,
3191,470193482,1.05,3.03332,10.0306,1,1792.162417652489,2.448643091103066,413.06197758368046,0.1784658976403,,47019348201.0,21.831917778903524
3192,470193482,1.05,3.03332,10.0306,2,1793.7445211863917,2.4487453666944847,786.0742442722254,0.072390898873301,,47019348202.0,61.97216587726964
3193,470193482,1.05,3.03332,10.0306,3,1792.9756073734354,2.448643091103066,308.17869352025,0.1601113920875226,,47019348203.0,13.065171764669643
3194,470193482,1.05,3.03332,10.0306,4,1792.5171618576917,2.4487453666944847,462.6202277017873,0.0821926923540532,,47019348204.0,21.3032197065571
3195,470193482,1.05,3.03332,10.0306,5,1791.6576424480538,2.4488476478185657,298.3165357268797,0.1341434054196762,,47019348205.0,15.75809069432636
3196,470193482,1.05,3.03332,10.0306,6,1793.3638789656206,2.4486763368198963,223.1500625384652,0.1149649721515635,,47019348206.0,13.757237173972966
3197,470205411,1.412,1.43799,9.04617,1,1791.992716220906,1.7894828201111477,778.6220658808599,0.2153833875390606,,47020541101.0,54.405066597510974
3198,470206493,1.69,2.26361,9.9027,4,1792.2050666519033,0.8673680971936144,1253.1829820998314,0.6077192202052047,,47020649304.0,
3199,470214268,,14.4367,8.263,2,1791.8986000378563,0.6288581850943795,508.44619317103394,0.1421519606418566,,47021426802.0,94.51371440477087
3200,470239716,1.398,1.30784,9.81538,7,1830.1330675964496,72.27186924243772,12715.283479094664,0.1624912477546615,,47023971607.0,134.48173583591606
3201,470244219,1.391,1.50978,10.0194,3,1829.270688347008,51.60144117535355,1218.2900567912327,0.2179773186345907,,47024421903.0,
3202,470244537,1.348,1.09558,10.1429,4,1828.111695811844,42.20578356575443,1839.706142884205,0.1629725141075372,,47024453704.0,
3203,470268980,1.24,1.7244,10.2243,1,1958.858706019986,3.04115427338908,1459.7403504992506,0.2188547439016463,,47026898001.0,38.434703497820486
3204,470279040,,10.6246,8.7262,1,1817.8469875002745,0.8449723738335196,495.6232140435823,0.1779999740564232,,47027904001.0,41.523935292565035
3205,470310159,,,10.3272,3,1817.6870267914376,1.4618252611614957,1061.4235614189015,0.05913562697133,,47031015903.0,114.2687678291263
3206,470346899,1.71,3.42279,5.2103,6,1818.525402371036,1.8708381143383677,100.92769500154982,0.1797077237264661,,47034689906.0,47.96252995644237
3207,470366976,1.74,4.45167,10.3428,2,1818.5728747969667,5.656208770158851,3398.71780799099,0.1669852784670163,,47036697602.0,22.771611083291173
3208,470366976,1.74,4.45167,10.3428,2,1818.572874870607,5.656208770158851,3398.716115032514,0.1669853402162251,,47036697602.0,22.771611083291173
3209,470366976,1.74,4.45167,10.3428,2,1818.5728747969667,5.656208770158851,3398.71780799099,0.1669852784670163,,47036697602.0,22.771611083291173
3210,470366976,1.74,4.45167,10.3428,2,1818.572874870607,5.656208770158851,3398.716115032514,0.1669853402162251,,47036697602.0,22.771611083291173
3211,470380851,0.69,0.721155,8.4785,5,1833.8849214038437,19.82019843883084,2100.093727966745,0.1722547483977173,,47038085105.0,174.53509673323768
3212,470391888,,,10.2733,3,1826.0976269011176,14.88090421070222,19838.97774998153,0.1958848478746332,,47039188803.0,
3213,470398649,1.075,2.10759,10.0336,7,1826.1172197782,18.308133292584174,24226.194059764224,0.0843934055047553,,47039864907.0,208.89028737708057
3214,470466957,1.277,1.03807,9.34811,1,1828.9941754773893,13.942133974017652,1115.6800146186588,0.1022888588048274,,47046695701.0,9.738070039043553
3215,470467593,,,9.557,3,1829.2961259628405,13.4272016711934,2922.438876767521,0.0855855374373726,,47046759303.0,34.117111362853066
3216,470473922,,,9.9329,3,1818.2729018280304,2.523011362434663,770.7208563623383,0.2644091365023231,,47047392203.0,71.45988323651262
3217,470479502,1.68,1.9549,10.3634,1,1818.585782906497,1.2175017715571546,10052.951766442582,0.1948193088351846,,47047950201.0,18.893418838472115
3218,470479502,1.68,1.9549,10.3634,2,1818.018614988791,1.2174570387612822,10142.576895105676,0.1926936614054901,,47047950202.0,19.757552590690253
3219,470484141,2.032,2.40861,10.1384,2,1818.7069720912505,2.181546399839464,991.8080277925784,0.095327430063635,,47048414102.0,87.08085972011138
3220,470503489,2.8,2.28651,10.4683,1,1818.6863319920828,1.5257691331861614,5290.816674347613,0.1153174582933644,,47050348901.0,80.5218719517558
3221,470505447,1.855,3.23001,10.0057,2,1817.770127969212,1.598401300636465,1078.023107291295,0.3396714263736271,,47050544702.0,16.003433217398104
3222,470514598,2.425,3.47865,8.43664,1,1817.666879992367,1.6115649176362763,2569.589233552369,0.1986238683421166,,47051459801.0,5.983559141997523
3223,470514598,2.425,3.47865,8.43664,2,1817.763487442891,1.6079233621013416,2281.524237040349,0.1718771699564282,,47051459802.0,11.068877388152055
3224,470527266,,9.26113,7.6525,1,1818.127448916172,3.3049168560143296,1522.7854175641653,0.1338833107386538,,47052726601.0,68.27367813524694
3225,470533318,,11.5928,8.9229,3,1819.5766416399963,5.002078660346704,669.1515260190018,0.2347000404971131,,47053331803.0,22.080114014556607
3226,470540535,1.272,2.98788,8.23668,3,1833.945880202459,17.878428071020892,3631.5797505650858,0.2745809379034588,,47054053503.0,127.2544853182427
3227,470543900,2.69,3.87482,8.8219,2,1817.620830648652,1.7399305757554473,215.78444524314048,0.3278073821884533,,47054390002.0,13.633354270705201
3228,470544038,,,9.9728,3,1819.3715676575337,2.2233717685266154,763.773664887702,0.1513928818754355,,47054403803.0,20.27315596824645
3229,470544038,,,9.9728,5,1821.084500786228,10.019799378201524,3483.6694945748704,0.0492867214799735,,47054403805.0,63.520511413122215
3230,470546127,2.64,3.98269,10.361,3,1820.9896122458583,3.687438071180953,805.0120664942579,0.193044269231796,,47054612703.0,28.604869703917107
3231,470675577,,20.2693,10.1548,2,1791.754989456643,0.617382747069685,262.9790838237057,0.4823452241036045,,47067557702.0,16.535958475632768
3232,470895164,2.23,2.03258,9.8144,1,1793.4103536155806,1.625028019505631,10071.159726596983,0.4981229328248095,,47089516401.0,7.026098502390171
3233,470920326,,14.7437,10.2877,1,1766.960702378961,2.551946470200214,427.0257034209583,0.1792127948828405,,47092032601.0,20.431662759883658
3234,470924804,0.75,0.739734,10.2348,1,1773.5916220974918,7.67891110199416,10365.616890237035,0.4371899600369515,,47092480401.0,87.20720704791775
3235,470924804,0.75,0.739734,10.2348,2,1769.7656716244858,7.67870007038072,3150.33250390335,0.3713988546795626,,47092480402.0,89.34789856362079
3236,470924804,0.75,0.739734,10.2348,3,1769.8551132852456,26.70861520839066,16267.590960568152,0.201912653178807,,47092480403.0,
3237,470936440,1.52,3.63549,9.1885,1,1793.6221551839371,1.8613332036458663,186.05606089909136,0.2660543641451331,,47093644001.0,9.973165340584714
3238,504952284,,,8.4202,1,1792.6263840708605,1.9340584944369712,204589.8177455132,0.153207093817043,,50495228401.0,4.711504819107006
3239,504952284,,,8.4202,2,1793.3553134625106,1.9339530244495096,112876.43053219531,0.1687040791654968,,50495228402.0,4.603389898185282
3240,514845708,,,10.0429,4,1819.5162029942128,30.330048953210596,71672.973202976,0.1524469008875784,,51484570804.0,
3241,608743521,,,9.3826,2,1791.7520739308584,0.4265729434244577,308.33427475639854,0.4261671610895614,,60874352102.0,
3242,608751297,,,10.3557,1,1791.6162737902523,2.2479917745968008,416.1016527612324,0.2233289671369412,,60875129701.0,50.05660774311777
3243,609551061,,,9.47346,1,1792.279308115085,1.1982457651730154,482.4507522702165,0.1742984489233652,,60955106101.0,20.859158807422467
3244,609551066,1.155,1.52037,9.71919,1,1792.276995558407,1.198247633833516,570.8095394031994,0.173048901205988,,60955106601.0,22.634401136153635
3245,625081433,,,8.3181,3,2896.054272528154,27.44581176657968,3136.837054965021,0.1507884138158125,,62508143303.0,1.8417289478912917
3246,625963814,,,9.9624,1,1793.1243199795765,1.4053859305251868,89552.05854130772,0.2220237485328086,,62596381401.0,4.788815514150912
3247,625963814,,,9.9624,2,1792.4212487474383,1.4053859305251868,22984.06636468173,0.198454729323886,,62596381402.0,7.733471422351871
3248,627372232,,,8.3049,3,1802.8253731285008,24.847622910623755,693.1118624428925,0.3063210888088769,,62737223203.0,
3249,629343288,2.003,2.05667,9.87885,1,1803.1958901930277,11.626653334855003,6253.862428384681,0.2833107593244961,,62934328801.0,25.7031590057486
3250,642160370,,,10.0821,1,2914.305743954725,3.197587763083374,648.5883125917678,0.1933607597952571,,64216037001.0,18.015931790332687
3251,642178174,,,8.3288,8,1791.9626729243862,0.3593961521154264,1146.9386047927474,0.0377339808219273,,64217817408.0,16.37212383068357
3252,642178175,,,7.9283,8,1791.9626990661964,0.3593961521154264,790.7673907001558,0.0375123629140845,,64217817508.0,18.522393600056013
3253,642240157,,,9.8677,1,1830.0504893342948,26.04345690728902,93617.8012179052,0.2893917427893185,,64224015701.0,40.31597511017799
3254,642240160,,,9.4943,1,1830.0498871412897,26.04345690728902,65880.54881187159,0.2908541536045819,,64224016001.0,40.80436892632671
3255,643567626,,,9.8199,1,1801.1021216535123,13.693132750879526,17039.707075715618,0.1287350380671169,,64356762601.0,
3256,643567626,,,9.8199,2,1800.746664672122,13.610644986461825,9293.576806520749,0.1326222074194689,,64356762602.0,
3257,645119039,,,7.9689,1,1793.1642517687192,1.2131799315174965,4415527.8163780095,0.0878206500681106,,64511903901.0,4.678427536175184
3258,645119039,,,7.9689,2,1792.568969156694,0.6065893619505968,1167841.4040627638,0.1253775501121562,,64511903902.0,5.125616862044337
3259,645426710,,,7.6381,6,1818.0534797312084,0.3752346717233765,411.95003241503616,0.0415791677702241,,64542671006.0,19.826436107124966
3260,645717748,,,6.46771,1,1814.8038389463904,26.40045661682142,4945.081075327658,0.1224698953221817,,64571774801.0,
3261,645816761,,,5.90262,1,1792.2880368281403,0.5741696277350313,856.9685369256446,0.2023214366028856,,64581676101.0,121.53489282622466
3262,646147772,,,10.4472,1,1792.9114119387648,0.9568426395253355,456383.74005070695,0.1580526979555945,,64614777201.0,6.188995135940737
3263,646147772,,,10.4472,2,1792.462540040344,0.4784119113259902,85382.53292775292,0.1602218661150916,,64614777202.0,5.9803905806863495
3264,646147772,,,10.4472,4,1792.8726786876332,0.9568098827389488,33806.64818190581,0.2244972131772484,,64614777204.0,
3265,646462869,,,9.4259,1,1814.7541508060367,28.45583312009964,2908.1017322665616,0.1470952195535133,,64646286901.0,
3266,646657888,,,10.4766,1,1801.972533025235,14.028924790101613,7996.678490868085,0.1645764490148192,,64665788801.0,16.792420588730057
3267,646684138,,,8.6466,1,1792.7521821879582,1.3379213608085594,496.1164294892338,0.2028623804059332,,64668413801.0,24.736627742177447
3268,646796319,,,10.3438,1,1792.2291339840674,1.0057132061548826,407.59889193370094,0.2263043334503546,,64679631901.0,98.017672025931
3269,648654534,2.2,3.17152,7.5197,4,1817.9773979076213,1.6747730865228092,678.0999327684834,0.259413833606237,,64865453404.0,20.586279645798268
3270,661258542,,,10.342,1,2485.0577303285204,27.7499684634508,4190.467621839742,0.2219467288065685,,66125854201.0,21.596488267717028
3271,661502851,,,6.8102,1,2474.4804163657336,1.0143870090686231,236213.34985048373,0.2798262953766229,,66150285101.0,3.7613565128593702
3272,661502851,,,6.8102,2,2474.5078066866245,2.028460995843861,28378.934425694213,0.0623849302877409,,66150285102.0,
3273,661540044,,,5.887,2,1817.5053649912093,0.4612568351927701,19880.946295232225,0.1818733324903106,,66154004402.0,27.06053890246973
3274,662958003,,,10.1958,1,1830.3097478767024,20.31141223785073,775895.6846920257,0.232402618402749,,66295800301.0,3.819542698055145
3275,663141983,,,10.3909,2,2916.8884263695554,26.39262892660199,6704.10664963683,0.123373257819499,,66314198302.0,
3276,663177471,,,9.542,1,1817.445395816499,0.7641443333397379,133491.25012126207,0.184941877982687,,66317747101.0,1.822759231633255
3277,663177476,,,9.6803,1,1817.4454119832824,0.7641443333397379,153196.13407969233,0.184804974246426,,66317747601.0,0.9795759896765616
3278,663327925,,,9.6718,1,2912.745949804083,1.5018314720745938,351.6431662026825,0.189652539824477,,66332792501.0,17.060294235431062
3279,664241080,,,8.0046,1,1827.2838986585416,10.17640858719477,2544.0394863020124,0.277158434941894,,66424108001.0,77.59417422802323
3280,664915372,,,6.5039,1,1817.4456623492872,1.485773292938309,14513.920514808908,0.0817261151895362,,66491537201.0,19.48291050050132
3281,665263812,,,8.39244,6,1817.677388075718,0.3756934287276254,736.3535251539225,0.0397890467090884,,66526381206.0,28.95923608963182
3282,665263812,,,8.39244,7,1817.7302423697895,0.375638616363047,635.9041641563442,0.0372901357893667,,66526381207.0,15.478870980434115
3283,665531435,,,9.7088,1,1819.9480444429648,2.78461090552554,31068.950009835786,0.1778604496327514,,66553143501.0,1.7494935956285607
3284,665843226,,,8.902,1,1818.0068706596549,0.621348803349968,227.26061232184827,0.1478254074757453,,66584322601.0,19.596694604060517
3285,666340707,,,9.4543,1,1821.992929777536,4.73366825975318,1595.7100151047796,0.1484436636336432,,66634070701.0,28.297978768031893
3286,666979544,,,10.3887,1,1820.860993207765,3.497669945086806,3481.9186075138514,0.2348034631298944,,66697954401.0,23.129009654717365
3287,666979544,,,10.3887,2,1823.3652921697617,8.93055211839472,7573.390611938962,0.1477057941780735,,66697954402.0,3.0478530434167337
3288,667962185,,,9.2617,1,1835.6069816880015,19.34165826428828,19162.77820939773,0.2387523900558879,,66796218501.0,5.248387450960076
3289,668459662,,,10.0353,1,1822.8374205460627,24.59129946009392,49052.39098812181,0.3090146110438855,,66845966201.0,
3290,668459662,,,10.0353,2,1841.7516061681863,25.813508802702916,16475.66988754123,0.3061402620353303,,66845966202.0,85.63797718984011
3291,668459662,,,10.0353,3,1819.3687347336452,18.442298409022182,8157.650856038172,0.3085366509577844,,66845966203.0,85.87729110283033
3292,668936663,,,9.93,1,1824.740475986788,7.426084264100482,143080.16643449196,0.2513584484148235,,66893666301.0,1.3443383334104007
3293,668936663,,,9.93,2,1820.2997733252848,7.426214624920648,96453.3068982133,0.2403716368577022,,66893666302.0,1.6112525716869943
3294,669494382,,,10.4328,1,1828.920134741221,15.864634064613902,2941.5899623532678,0.3817265470852393,,66949438201.0,14.518858665368782
3295,669536786,,,8.6447,4,1817.9999136217896,0.3495428774251321,2236.87311738067,0.0736298967250636,,66953678604.0,14.134502236230272
3296,669819390,,,8.4549,1,1819.073194967104,3.0681012715081035,167.3155579826367,0.2583852927198686,,66981939001.0,20.072734504971457
3297,669961088,,,7.8483,1,1817.7664826860216,0.9653438799146904,79.98965004586826,0.1698584887124153,,66996108801.0,15.574687694157964
3298,670613221,,,10.1233,1,1817.276465757699,1.378435645268965,23012.48498499579,0.1599620070237286,,67061322101.0,2.1886690406501246
3299,701684843,,,10.3193,6,1817.6345980756223,0.3560527002225384,3601.225960381403,0.0408776579682793,,70168484306.0,
3300,703000332,,,9.8647,3,1816.9456467496836,0.341170096192201,2028.218340438656,0.0461304051812436,,70300033203.0,15.817741810189313
3301,703034337,,,6.024,7,1817.2152483752411,0.3479175540792215,3403.0482781668697,0.040707928725621,,70303433707.0,25.49832382212866
3302,703217766,,,9.9762,2,1836.2596055385864,50.05293596928225,2559.2016684789564,0.2468892093882703,,70321776602.0,
3303,705298863,,,8.7941,1,1820.1054565657869,3.69416349210381,838.6343387357807,0.1689578944245089,,70529886301.0,32.810712989870886
3304,705298865,,,9.0715,1,1820.105434502845,3.69416349210381,1065.813118261609,0.1687162923124641,,70529886501.0,28.054982045115878
3305,1271279102,,,9.9426,1,1683.9998270051071,0.4457630383923929,352471.63945439825,0.134980284760337,,127127910201.0,1.7367306295778002
3306,1271279102,,,9.9426,2,1683.7746151008168,0.4457639643345699,193003.8659474837,0.1270104456688741,,127127910202.0,1.5719006910523843
3307,1400770435,,,8.88797,1,1686.3116885478885,13.743470000989037,5045.945626300297,0.1249222301678169,,140077043501.0,6.630773651263365
3308,1400770435,,,8.88797,2,1694.4955347465702,13.743470000989037,644.1739937907558,0.131116642466282,,140077043502.0,16.948715217476064
3309,1717732425,,,10.3662,1,1687.8258320747289,7.851259599916084,23524.148459851844,0.2893332153835545,,171773242501.0,3.0719213391841427
3310,1717732429,,,10.3018,1,1687.8255803804066,7.851259599916084,22231.92767954015,0.2899033034563527,,171773242901.0,2.603357312744577
3311,1718006824,,,9.1188,1,1683.478667644585,0.3414969346670524,55144.57969722757,0.0438545317912595,,171800682401.0,6.188302671321178
3312,1718006824,,,9.1188,2,1683.6481933281714,0.3414971825646877,46497.57145829847,0.0434614101626305,,171800682402.0,6.42246552759062
3313,1718087846,,,10.1556,1,1685.4012736398931,1.83482368572275,285.95918416617195,0.137251230393023,,171808784601.0,15.318864978683132
3314,1718201850,,,10.3267,1,1686.0063606277124,5.929385873385302,14536.125515140364,0.1357403967542466,,171820185001.0,2.2646828261200116
3315,1980968953,1.05,0.89273,8.7599,1,1728.6023291826,52.096313248788015,164.50090824025602,0.552058289527433,,198096895301.0,18.455663231249673
3316,1981138792,,,10.392,1,1711.537651404666,2.0544860029885124,5930.748761999306,0.2125081229544755,,198113879201.0,5.055469160497408
3317,2023763781,,,8.9951,1,1766.828873098976,1.244728240602784,81.64050717282196,0.1886072610777618,,202376378101.0,16.429015705471684
3318,2023961324,,,9.9164,1,1791.8120398158874,0.4210871698422265,216.2851283133326,0.4205989012727201,,202396132401.0,13.257788270351258
3319,2050555961,,,9.8589,1,1766.57418130886,2.2028432974955634,1336.2170814326196,0.1105041106583979,,205055596101.0,29.789485100792284
3320,2051047021,,,10.3478,1,1791.7141322780374,0.8793385513363888,10605.222794967043,0.0919027615710773,,205104702101.0,3.3914039356502315
3321,2051047021,,,10.3478,2,1801.1609234276427,46.97835486218906,21191.407064729083,0.3055021185789358,,205104702102.0,
3322,2051047021,,,10.3478,3,1822.4635726683755,46.99720709027832,23845.948325834637,0.2421736666371615,,205104702103.0,
3323,2051318241,,,8.1033,6,1955.909486672305,0.3583261153425106,2939.21353176614,0.0439219419581583,,205131824106.0,4.122089076016894
