astro_id,model_no,disp_p,disp_e,disp_n,disp_j,pred_label,tic_id,true_label
10948,1,0.9987913,0.00083540904,9.8020166e-05,0.00027531415,disp_p,,
10948,2,0.9953752,0.0031682316,0.0003276127,0.0011289419,disp_p,,
10948,3,0.9988386,0.0009460782,8.551278e-05,0.00012987849,disp_p,,
10948,4,0.9957729,0.0037491028,0.00022474374,0.00025329588,disp_p,,
10948,5,0.99604696,0.0031081452,0.00027299114,0.00057186757,disp_p,,
10948,6,0.9953171,0.0039512087,0.0002146838,0.0005170787,disp_p,,
10948,7,0.99732107,0.0021202215,0.00019982812,0.00035885314,disp_p,,
10948,8,0.9991359,0.0006983149,5.4752873e-05,0.00011102858,disp_p,,
10948,9,0.9972109,0.0025383898,0.00010585431,0.00014489502,disp_p,,
10948,10,0.99076396,0.0071293446,0.0004320736,0.0016746484,disp_p,,
27578,1,0.000879015,0.00079866,0.00030841652,0.99801385,disp_j,279647620.0,
27578,2,0.00079768937,0.001010724,0.00016028913,0.9980313,disp_j,279647620.0,
27578,3,0.0005930775,0.0011389271,0.0002588399,0.99800915,disp_j,279647620.0,
27578,4,0.0006091861,0.0008555127,0.00021486102,0.9983204,disp_j,279647620.0,
27578,5,0.00081679167,0.0018110846,0.00037258383,0.99699956,disp_j,279647620.0,
27578,6,0.0006176212,0.00071406714,0.00016559017,0.99850273,disp_j,279647620.0,
27578,7,0.00049340626,0.00075700873,0.00032964724,0.99842,disp_j,279647620.0,
27578,8,0.00085405103,0.00042004924,0.0002331665,0.9984927,disp_j,279647620.0,
27578,9,0.0009822758,0.00096533354,0.00025233446,0.99780005,disp_j,279647620.0,
27578,10,0.00044989696,0.00093734753,0.00018858089,0.9984243,disp_j,279647620.0,
10236,1,0.9910992,3.764497e-05,1.199894e-05,0.008851172,disp_p,,
10236,2,0.99985206,2.2484398e-06,5.205633e-07,0.00014519083,disp_p,,
10236,3,0.9937828,0.00022516772,4.9743965e-05,0.005942286,disp_p,,
10236,4,0.99997985,1.4650964e-05,3.1614138e-07,5.1582538e-06,disp_p,,
10236,5,0.9912152,4.2136966e-05,1.3756665e-05,0.008728943,disp_p,,
10236,6,0.99517524,5.005171e-07,3.9711466e-07,0.004823824,disp_p,,
10236,7,0.9918961,7.3588776e-06,2.1631056e-06,0.0080944225,disp_p,,
10236,8,0.99921286,7.3252824e-07,1.7026602e-07,0.0007863041,disp_p,,
10236,9,0.9883023,6.208849e-05,5.933674e-05,0.011576297,disp_p,,
10236,10,0.99704105,4.261957e-06,6.361736e-06,0.0029482879,disp_p,,
26900,1,0.0006364997,0.0031359263,0.0003157476,0.99591184,disp_j,178641381.0,
26900,2,0.0007756706,0.0019125594,0.00014343974,0.99716836,disp_j,178641381.0,
26900,3,0.0007051724,0.003118167,0.00034856136,0.9958281,disp_j,178641381.0,
26900,4,0.00045875562,0.0025584104,0.00028247928,0.9967002,disp_j,178641381.0,
26900,5,0.00087592413,0.0019082015,0.0003099002,0.996906,disp_j,178641381.0,
26900,6,0.0009371997,0.0016088759,0.00031842795,0.9971355,disp_j,178641381.0,
26900,7,0.00043995242,0.0038120071,0.00055663317,0.99519145,disp_j,178641381.0,
26900,8,0.0010742104,0.002067622,0.00040544587,0.9964528,disp_j,178641381.0,
26900,9,0.00040161362,0.0017087667,0.00016176337,0.9977278,disp_j,178641381.0,
26900,10,0.0011323559,0.0023385175,0.00027612183,0.9962529,disp_j,178641381.0,
145,1,0.34057721,0.6592001,0.00014074685,8.204189e-05,disp_e,141685465.0,et
145,2,0.93035084,0.0675684,0.00094723207,0.0011335181,disp_p,141685465.0,et
145,3,0.82016665,0.17773524,0.0012012196,0.0008968838,disp_p,141685465.0,et
145,4,0.8141641,0.18517227,0.0004841222,0.00017952986,disp_p,141685465.0,et
145,5,0.7829227,0.21473214,0.0008853731,0.0014597754,disp_p,141685465.0,et
145,6,0.85805136,0.13940835,0.0010150443,0.0015252578,disp_p,141685465.0,et
145,7,0.62434185,0.37539867,0.00018464355,7.479494e-05,disp_e,141685465.0,et
145,8,0.8380505,0.15829597,0.001279603,0.0023739848,disp_p,141685465.0,et
145,9,0.8050673,0.1934647,0.000964328,0.00050373696,disp_p,141685465.0,et
145,10,0.87379396,0.12154732,0.0022175782,0.0024411955,disp_p,141685465.0,et
1962,1,0.019373352,0.25770855,0.004448802,0.7184692,disp_e,122227070.0,eb
1962,2,0.00848607,0.113556,0.0020261842,0.87593174,disp_j,122227070.0,eb
1962,3,0.006130373,0.11184991,0.002835138,0.8791846,disp_j,122227070.0,eb
1962,4,0.0053818603,0.1593653,0.0011228273,0.8341299,disp_j,122227070.0,eb
1962,5,0.011842247,0.15397716,0.0012433089,0.8329373,disp_j,122227070.0,eb
1962,6,0.01036533,0.1272606,0.0016199101,0.8607542,disp_j,122227070.0,eb
1962,7,0.00862677,0.13625969,0.002824813,0.8522887,disp_j,122227070.0,eb
1962,8,0.011706059,0.20969796,0.002686142,0.7759098,disp_j,122227070.0,eb
1962,9,0.005740282,0.088897504,0.0010323859,0.9043298,disp_j,122227070.0,eb
1962,10,0.011663387,0.11291685,0.0012222652,0.8741974,disp_j,122227070.0,eb
7817,1,0.9473118,0.051685445,0.0005140681,0.000488726,disp_p,339522221.0,pu
7817,2,0.9698322,0.030014215,0.000112469446,4.1077106e-05,disp_p,339522221.0,pu
7817,3,0.899936,0.09965454,0.00027637067,0.000133102,disp_p,339522221.0,pu
7817,4,0.859997,0.13872862,0.0008128752,0.00046153835,disp_p,339522221.0,pu
7817,5,0.9572598,0.04255422,0.000136225,4.9715713e-05,disp_p,339522221.0,pu
7817,6,0.97603446,0.023802571,0.00012502362,3.7937596e-05,disp_p,339522221.0,pu
7817,7,0.9378326,0.061023254,0.0005867197,0.00055741664,disp_p,339522221.0,pu
7817,8,0.9620172,0.03777154,0.00013328214,7.806122e-05,disp_p,339522221.0,pu
7817,9,0.9237091,0.07606667,0.00019125662,3.2976117e-05,disp_p,339522221.0,pu
7817,10,0.96543217,0.034256756,0.00025133227,5.974859e-05,disp_p,339522221.0,pu
4307,1,0.9975522,0.0019683398,0.0001783159,0.00030123693,disp_p,39018923.0,pu
4307,2,0.9947513,0.004765398,0.00026312436,0.00022019462,disp_p,39018923.0,pu
4307,3,0.9933134,0.00602825,0.00034855044,0.00030980873,disp_p,39018923.0,pu
4307,4,0.99795616,0.0017359068,0.00016526437,0.00014267357,disp_p,39018923.0,pu
4307,5,0.99320704,0.0059923157,0.0004296298,0.00037093036,disp_p,39018923.0,pu
4307,6,0.9959462,0.0035220217,0.00030167724,0.00023011322,disp_p,39018923.0,pu
4307,7,0.99729234,0.0022829585,0.00015472651,0.00027003136,disp_p,39018923.0,pu
4307,8,0.9925391,0.006916146,0.0002832549,0.00026145903,disp_p,39018923.0,pu
4307,9,0.9947055,0.004897529,0.00026169256,0.00013527928,disp_p,39018923.0,pu
4307,10,0.99353,0.0058345543,0.00038714794,0.00024834494,disp_p,39018923.0,pu
4980,1,0.99765956,0.001887061,0.00018457249,0.00026875196,disp_p,103751498.0,pu
4980,2,0.9981634,0.0018103151,1.941805e-05,6.8701647e-06,disp_p,103751498.0,pu
4980,3,0.99264765,0.007278107,5.2134783e-05,2.2083494e-05,disp_p,103751498.0,pu
4980,4,0.99071103,0.008804913,0.00028884044,0.00019514143,disp_p,103751498.0,pu
4980,5,0.99731773,0.0026462176,2.6335914e-05,9.63897e-06,disp_p,103751498.0,pu
4980,6,0.9984565,0.0015133683,2.3261624e-05,6.8909317e-06,disp_p,103751498.0,pu
4980,7,0.9957541,0.0035531733,0.00024928953,0.0004434883,disp_p,103751498.0,pu
4980,8,0.9969367,0.0030258163,2.526395e-05,1.216684e-05,disp_p,103751498.0,pu
4980,9,0.99512815,0.004833337,3.3617052e-05,4.943398e-06,disp_p,103751498.0,pu
4980,10,0.99737453,0.002557435,5.5429035e-05,1.2656717e-05,disp_p,103751498.0,pu
9101,1,0.9943093,0.0051762285,0.00024528085,0.00026914998,disp_p,453410966.0,pu
9101,2,0.9996774,0.0003053961,1.1323039e-05,5.8390824e-06,disp_p,453410966.0,pu
9101,3,0.9991497,0.0008019125,3.140859e-05,1.698158e-05,disp_p,453410966.0,pu
9101,4,0.9968913,0.0029903487,8.272688e-05,3.5654604e-05,disp_p,453410966.0,pu
9101,5,0.9996107,0.00035884013,1.9371519e-05,1.1011999e-05,disp_p,453410966.0,pu
9101,6,0.9997379,0.00024372633,1.3137037e-05,5.2561863e-06,disp_p,453410966.0,pu
9101,7,0.9930831,0.0066119875,0.00015055058,0.00015429698,disp_p,453410966.0,pu
9101,8,0.9995684,0.00040043078,1.9697314e-05,1.154537e-05,disp_p,453410966.0,pu
9101,9,0.99935967,0.00061571546,2.0005042e-05,4.6618957e-06,disp_p,453410966.0,pu
9101,10,0.99973017,0.00023811922,2.2889672e-05,8.800036e-06,disp_p,453410966.0,pu
1965,1,0.025273625,0.97274786,0.00091971917,0.0010588805,disp_e,122355918.0,eb
1965,2,0.03367289,0.9604351,0.0027711198,0.0031209406,disp_e,122355918.0,eb
1965,3,0.034232344,0.96060795,0.0018640925,0.0032955757,disp_e,122355918.0,eb
1965,4,0.012705133,0.9855225,0.0008526415,0.0009196208,disp_e,122355918.0,eb
1965,5,0.029664237,0.9658111,0.002081154,0.0024435462,disp_e,122355918.0,eb
1965,6,0.017700521,0.97869575,0.0018601824,0.0017434545,disp_e,122355918.0,eb
1965,7,0.016532063,0.98177576,0.0008705394,0.00082176767,disp_e,122355918.0,eb
1965,8,0.02790001,0.9642446,0.0026446164,0.0052107926,disp_e,122355918.0,eb
1965,9,0.028815534,0.96657896,0.0020031913,0.0026023432,disp_e,122355918.0,eb
1965,10,0.042840052,0.9498765,0.0031680337,0.004115521,disp_e,122355918.0,eb
10751,1,0.9987192,0.00051294814,0.00016364339,0.000604196,disp_p,,
10751,2,0.9996345,0.00023690506,5.0158225e-05,7.844186e-05,disp_p,,
10751,3,0.99983513,0.0001059281,2.45601e-05,3.435812e-05,disp_p,,
10751,4,0.99897146,0.0008086611,0.00011500261,0.00010489247,disp_p,,
10751,5,0.9995946,0.00020857014,7.424722e-05,0.0001225549,disp_p,,
10751,6,0.9994765,0.00034031816,9.405218e-05,8.917684e-05,disp_p,,
10751,7,0.99849653,0.0010357195,0.0001375176,0.0003302515,disp_p,,
10751,8,0.99970657,0.0001790227,4.8289334e-05,6.611905e-05,disp_p,,
10751,9,0.99972194,0.00020327313,4.017444e-05,3.4582095e-05,disp_p,,
10751,10,0.9995455,0.00023194781,9.421398e-05,0.00012829008,disp_p,,
8961,1,0.9914084,0.0039391275,0.000975629,0.0036768622,disp_p,440624788.0,pu
8961,2,0.99541074,0.0033633723,0.00049975055,0.0007260705,disp_p,440624788.0,pu
8961,3,0.9948828,0.0035681317,0.0006013969,0.00094770326,disp_p,440624788.0,pu
8961,4,0.99489105,0.003494468,0.0006802172,0.0009342914,disp_p,440624788.0,pu
8961,5,0.9952832,0.0031450726,0.0006577388,0.0009139121,disp_p,440624788.0,pu
8961,6,0.99674195,0.002194421,0.0004883416,0.0005752973,disp_p,440624788.0,pu
8961,7,0.9925289,0.0043221116,0.00087199424,0.0022769868,disp_p,440624788.0,pu
8961,8,0.99771786,0.0016302196,0.00028044733,0.00037144168,disp_p,440624788.0,pu
8961,9,0.9948539,0.0039618546,0.00053961587,0.0006446518,disp_p,440624788.0,pu
8961,10,0.9964941,0.0024362286,0.00045170536,0.00061789196,disp_p,440624788.0,pu
1657,1,0.0040115253,0.99046284,0.0012546771,0.004270998,disp_e,464522606.0,eb
1657,2,0.008360337,0.9806325,0.0033035404,0.0077035935,disp_e,464522606.0,eb
1657,3,0.0072772508,0.98548096,0.0015546795,0.0056870775,disp_e,464522606.0,eb
1657,4,0.004279846,0.990139,0.001379187,0.0042020264,disp_e,464522606.0,eb
1657,5,0.008561594,0.9809745,0.002817205,0.0076466994,disp_e,464522606.0,eb
1657,6,0.0062322672,0.9842498,0.0030914308,0.0064266394,disp_e,464522606.0,eb
1657,7,0.0036056999,0.99198616,0.0012847364,0.0031234117,disp_e,464522606.0,eb
1657,8,0.0060805473,0.9819625,0.002676338,0.009280662,disp_e,464522606.0,eb
1657,9,0.005933611,0.98417974,0.0023352073,0.007551345,disp_e,464522606.0,eb
1657,10,0.008532022,0.98193663,0.002504262,0.0070270635,disp_e,464522606.0,eb
9262,1,0.9915147,0.007879866,0.0002948353,0.00031066127,disp_p,468574941.0,pu
9262,2,0.99032074,0.009615091,4.837261e-05,1.5798474e-05,disp_p,468574941.0,pu
9262,3,0.9662252,0.033598494,0.0001251599,5.1116785e-05,disp_p,468574941.0,pu
9262,4,0.95570904,0.043407995,0.0005627629,0.00032011096,disp_p,468574941.0,pu
9262,5,0.9828499,0.017059637,6.810592e-05,2.240718e-05,disp_p,468574941.0,pu
9262,6,0.9913458,0.008580298,5.8190904e-05,1.565606e-05,disp_p,468574941.0,pu
9262,7,0.985773,0.013535906,0.0003269565,0.00036417905,disp_p,468574941.0,pu
9262,8,0.98507166,0.014844188,5.462087e-05,2.9612831e-05,disp_p,468574941.0,pu
9262,9,0.971747,0.028150491,9.087658e-05,1.1707757e-05,disp_p,468574941.0,pu
9262,10,0.9864911,0.013357524,0.00012511881,2.6340576e-05,disp_p,468574941.0,pu
1182,1,0.0023778868,0.9975406,4.894864e-05,3.253026e-05,disp_e,344987663.0,et
1182,2,0.007054114,0.9911532,0.0009467648,0.0008460227,disp_e,344987663.0,et
1182,3,0.007012639,0.9917359,0.00053401163,0.00071745255,disp_e,344987663.0,et
1182,4,0.004234604,0.9953063,0.00027823952,0.00018078201,disp_e,344987663.0,et
1182,5,0.0061117113,0.99263775,0.00060236297,0.00064822775,disp_e,344987663.0,et
1182,6,0.0060745315,0.99227774,0.000993079,0.0006546461,disp_e,344987663.0,et
1182,7,0.0021425695,0.99775726,6.251711e-05,3.7702048e-05,disp_e,344987663.0,et
1182,8,0.00523972,0.993193,0.0005857754,0.0009815325,disp_e,344987663.0,et
1182,9,0.0066593355,0.99183184,0.00076623197,0.0007426384,disp_e,344987663.0,et
1182,10,0.0072161662,0.9913906,0.00074491807,0.0006483841,disp_e,344987663.0,et
26776,1,0.839094,0.031970806,0.012701099,0.11623408,disp_p,159894133.0,
26776,2,0.32177496,0.123753436,0.020093277,0.53437835,disp_j,159894133.0,
26776,3,0.4581039,0.14987633,0.017073508,0.37494633,disp_p,159894133.0,
26776,4,0.5958851,0.07057916,0.015492672,0.31804305,disp_p,159894133.0,
26776,5,0.31122166,0.19138066,0.017839402,0.4795583,disp_j,159894133.0,
26776,6,0.33157855,0.169132,0.019833088,0.47945637,disp_j,159894133.0,
26776,7,0.71346116,0.039221853,0.014102148,0.23321487,disp_p,159894133.0,
26776,8,0.25816074,0.12171794,0.013139609,0.6069817,disp_j,159894133.0,
26776,9,0.35722446,0.16861488,0.018361121,0.45579952,disp_j,159894133.0,
26776,10,0.23529059,0.14490779,0.012617017,0.6071846,disp_j,159894133.0,
2274,1,0.0029905953,0.99683565,9.00937e-05,8.36341e-05,disp_e,211418621.0,eb
2274,2,0.0033987816,0.99584717,0.0003994399,0.0003545992,disp_e,211418621.0,eb
2274,3,0.003831741,0.99555993,0.00023675604,0.00037154023,disp_e,211418621.0,eb
2274,4,0.0035071205,0.9959275,0.0002860525,0.00027919302,disp_e,211418621.0,eb
2274,5,0.003259143,0.9961772,0.0002574724,0.00030613126,disp_e,211418621.0,eb
2274,6,0.003410904,0.9958152,0.00045138493,0.00032251552,disp_e,211418621.0,eb
2274,7,0.0033722923,0.9963322,0.00016469092,0.00013070984,disp_e,211418621.0,eb
2274,8,0.0028838448,0.99621576,0.0003175359,0.000582819,disp_e,211418621.0,eb
2274,9,0.0039017212,0.9954087,0.00032065818,0.00036890252,disp_e,211418621.0,eb
2274,10,0.0038164845,0.99555063,0.00031063714,0.00032215845,disp_e,211418621.0,eb
10415,1,0.9999666,2.159533e-05,3.5281998e-06,8.247969e-06,disp_p,,
10415,2,0.99996483,2.8502607e-05,3.4830705e-06,3.1905074e-06,disp_p,,
10415,3,0.9999584,3.522749e-05,4.0362397e-06,2.3353614e-06,disp_p,,
10415,4,0.99990225,8.3691055e-05,7.4300783e-06,6.643867e-06,disp_p,,
10415,5,0.999944,4.587666e-05,4.0906925e-06,6.075655e-06,disp_p,,
10415,6,0.9999198,6.702415e-05,5.7869893e-06,7.4146287e-06,disp_p,,
10415,7,0.99994576,4.117042e-05,3.5196506e-06,9.466857e-06,disp_p,,
10415,8,0.99988973,9.6584525e-05,6.797692e-06,6.8995864e-06,disp_p,,
10415,9,0.9999348,5.862911e-05,4.6915607e-06,1.9296058e-06,disp_p,,
10415,10,0.99992347,4.7642003e-05,1.5015387e-05,1.3810007e-05,disp_p,,
9656,1,0.9900994,0.0005495048,0.0002521086,0.009098994,disp_p,,
9656,2,0.99753726,0.00020468775,0.00012416788,0.002133861,disp_p,,
9656,3,0.99957734,8.1746126e-05,3.0198971e-05,0.00031077245,disp_p,,
9656,4,0.9983901,0.0004883374,0.00016100994,0.0009606117,disp_p,,
9656,5,0.99833566,0.0001656904,0.00018284442,0.001315846,disp_p,,
9656,6,0.99872094,0.0003727599,0.00017778167,0.00072849885,disp_p,,
9656,7,0.9952998,0.0006941017,0.0002264772,0.0037796001,disp_p,,
9656,8,0.9986375,0.00020121306,0.0001453358,0.0010159445,disp_p,,
9656,9,0.9990326,0.00014608001,7.156716e-05,0.0007497459,disp_p,,
9656,10,0.99820423,0.0001627403,0.00012450141,0.001508603,disp_p,,
10377,1,0.99994516,3.4784396e-05,5.381132e-06,1.4715148e-05,disp_p,,
10377,2,0.99998,1.3012557e-05,2.8254228e-06,4.1000376e-06,disp_p,,
10377,3,0.9999865,9.690523e-06,1.8488462e-06,1.8407761e-06,disp_p,,
10377,4,0.9999311,5.784883e-05,6.55963e-06,4.479136e-06,disp_p,,
10377,5,0.99997926,1.0553191e-05,3.4676261e-06,6.74519e-06,disp_p,,
10377,6,0.99997044,1.9955247e-05,4.7417166e-06,4.875063e-06,disp_p,,
10377,7,0.99991107,7.360172e-05,4.669524e-06,1.0683429e-05,disp_p,,
10377,8,0.9999794,1.3601266e-05,3.0884535e-06,3.8751627e-06,disp_p,,
10377,9,0.99998176,1.4279141e-05,2.3399102e-06,1.5505249e-06,disp_p,,
10377,10,0.9999678,1.3300631e-05,9.0082e-06,9.76899e-06,disp_p,,
4069,1,0.9981742,0.000955028,0.00022770882,0.00064303156,disp_p,20579360.0,pu
4069,2,0.9992899,0.00065432675,3.4599532e-05,2.1265234e-05,disp_p,20579360.0,pu
4069,3,0.9988682,0.0010428336,5.4103217e-05,3.4947854e-05,disp_p,20579360.0,pu
4069,4,0.99809116,0.0016012568,0.00016173464,0.00014588713,disp_p,20579360.0,pu
4069,5,0.9992986,0.00063054607,4.0683597e-05,3.013302e-05,disp_p,20579360.0,pu
4069,6,0.999495,0.0004489501,3.512581e-05,2.0798301e-05,disp_p,20579360.0,pu
4069,7,0.99796176,0.0013297321,0.00021054497,0.0004979251,disp_p,20579360.0,pu
4069,8,0.9992508,0.0006733795,4.2798092e-05,3.3025626e-05,disp_p,20579360.0,pu
4069,9,0.99874437,0.0011851975,5.158244e-05,1.8819508e-05,disp_p,20579360.0,pu
4069,10,0.9992349,0.0006668841,6.455348e-05,3.365832e-05,disp_p,20579360.0,pu
1036,1,0.016647292,0.98314065,0.0001305429,8.1521546e-05,disp_e,310801704.0,eb
1036,2,0.019406784,0.9784752,0.0013129011,0.0008051177,disp_e,310801704.0,eb
1036,3,0.02243725,0.97571826,0.0008704712,0.00097403675,disp_e,310801704.0,eb
1036,4,0.016616154,0.9824901,0.0006041927,0.00028950002,disp_e,310801704.0,eb
1036,5,0.017962454,0.98023856,0.0009807061,0.000818337,disp_e,310801704.0,eb
1036,6,0.011566251,0.986798,0.0010945708,0.00054117583,disp_e,310801704.0,eb
1036,7,0.015625069,0.98401606,0.0002376252,0.00012134184,disp_e,310801704.0,eb
1036,8,0.009764502,0.98829764,0.0007700694,0.001167797,disp_e,310801704.0,eb
1036,9,0.028019201,0.96993566,0.0011587808,0.00088638323,disp_e,310801704.0,eb
1036,10,0.016527968,0.9818943,0.0008550824,0.00072267826,disp_e,310801704.0,eb
246,1,0.99761343,0.00086125993,0.0002654339,0.0012599246,disp_p,30931288.0,pb
246,2,0.9887693,0.0068674386,0.0013076853,0.003055601,disp_p,30931288.0,pb
246,3,0.98130786,0.010770693,0.0023001125,0.005621361,disp_p,30931288.0,pb
246,4,0.9918459,0.003387843,0.0011418372,0.0036244213,disp_p,30931288.0,pb
246,5,0.9870782,0.007408207,0.0017810251,0.003732598,disp_p,30931288.0,pb
246,6,0.9918057,0.0042120833,0.0012507408,0.0027315235,disp_p,30931288.0,pb
246,7,0.9957449,0.0020508436,0.00046365758,0.001740569,disp_p,30931288.0,pb
246,8,0.98429245,0.010956229,0.001709664,0.0030416385,disp_p,30931288.0,pb
246,9,0.98563266,0.008786891,0.0018740471,0.0037063747,disp_p,30931288.0,pb
246,10,0.99114966,0.0057625514,0.0011038976,0.0019838235,disp_p,30931288.0,pb
604,1,0.00686127,0.99295664,0.00011217109,6.998598e-05,disp_e,201562850.0,et
604,2,0.012611389,0.98548627,0.0011329221,0.0007694002,disp_e,201562850.0,et
604,3,0.012990975,0.9854901,0.00071132695,0.00080753275,disp_e,201562850.0,et
604,4,0.008993657,0.99013877,0.0005136529,0.00035395828,disp_e,201562850.0,et
604,5,0.01283015,0.98573816,0.0007781991,0.0006534251,disp_e,201562850.0,et
604,6,0.01278805,0.98539656,0.0011411405,0.0006743178,disp_e,201562850.0,et
604,7,0.007875031,0.99185634,0.00017014559,9.854053e-05,disp_e,201562850.0,et
604,8,0.013549335,0.98393387,0.0010794873,0.0014373686,disp_e,201562850.0,et
604,9,0.011305542,0.98721594,0.0008052972,0.00067319063,disp_e,201562850.0,et
604,10,0.013737593,0.984688,0.0008789833,0.0006955503,disp_e,201562850.0,et
26672,1,0.1674177,0.0015210081,0.0021448673,0.8289164,disp_j,147471905.0,J
26672,2,0.14899448,0.0042043896,0.002327887,0.84447336,disp_j,147471905.0,J
26672,3,0.07134152,0.002111722,0.0020676234,0.924479,disp_j,147471905.0,J
26672,4,0.06783665,0.003472226,0.002629436,0.92606163,disp_j,147471905.0,J
26672,5,0.09891101,0.003959502,0.0047681285,0.89236134,disp_j,147471905.0,J
26672,6,0.09529198,0.00353282,0.002244916,0.8989304,disp_j,147471905.0,J
26672,7,0.03919312,0.0015315514,0.0014360514,0.9578393,disp_j,147471905.0,J
26672,8,0.049585514,0.0023398427,0.0023192894,0.94575536,disp_j,147471905.0,J
26672,9,0.04379131,0.0017186349,0.0011823315,0.9533078,disp_j,147471905.0,J
26672,10,0.13627419,0.0035899996,0.0024790594,0.8576568,disp_j,147471905.0,J
28778,1,0.001305844,0.0027187755,0.0007561199,0.9952193,disp_j,75160550.0,J
28778,2,0.0026532705,0.0013296726,0.0004080081,0.9956091,disp_j,75160550.0,J
28778,3,0.0015905487,0.0017129658,0.0006295196,0.996067,disp_j,75160550.0,J
28778,4,0.0015439136,0.0039356058,0.00069624523,0.99382424,disp_j,75160550.0,J
28778,5,0.0016354976,0.0021310148,0.0006273597,0.9956061,disp_j,75160550.0,J
28778,6,0.0018868875,0.0019863925,0.000533007,0.9955937,disp_j,75160550.0,J
28778,7,0.0011297371,0.0031148868,0.00080071215,0.99495465,disp_j,75160550.0,J
28778,8,0.0014317792,0.0010645813,0.00053154293,0.9969721,disp_j,75160550.0,J
28778,9,0.0024767024,0.0012721148,0.00048737015,0.9957638,disp_j,75160550.0,J
28778,10,0.0022543583,0.0012026856,0.00040571133,0.9961372,disp_j,75160550.0,J
7580,1,0.9959716,0.0028610928,0.00040353832,0.0007637118,disp_p,317594531.0,pu
7580,2,0.9975556,0.0019537096,0.00025763546,0.00023307255,disp_p,317594531.0,pu
7580,3,0.9955852,0.003381793,0.00048021675,0.00055284466,disp_p,317594531.0,pu
7580,4,0.9966717,0.0028011682,0.00030359728,0.00022358485,disp_p,317594531.0,pu
7580,5,0.9973248,0.0018708134,0.0004042672,0.00040009955,disp_p,317594531.0,pu
7580,6,0.9981343,0.0013990678,0.00025998647,0.0002066508,disp_p,317594531.0,pu
7580,7,0.9944435,0.0043349112,0.000463204,0.0007584358,disp_p,317594531.0,pu
7580,8,0.99756783,0.0018271859,0.00030662614,0.00029837448,disp_p,317594531.0,pu
7580,9,0.99670154,0.0026832256,0.00036317494,0.00025201123,disp_p,317594531.0,pu
7580,10,0.9981185,0.0013365782,0.00029194716,0.00025294806,disp_p,317594531.0,pu
4643,1,0.939092,0.05999072,0.0005270941,0.0003902511,disp_p,71854732.0,pu
4643,2,0.958554,0.040676005,0.0005259647,0.00024403226,disp_p,71854732.0,pu
4643,3,0.9438052,0.05514047,0.0006466329,0.0004077302,disp_p,71854732.0,pu
4643,4,0.9459025,0.053422358,0.00047668748,0.00019848692,disp_p,71854732.0,pu
4643,5,0.93252355,0.066376284,0.0007091474,0.00039101616,disp_p,71854732.0,pu
4643,6,0.9467523,0.052310098,0.0006668267,0.00027074703,disp_p,71854732.0,pu
4643,7,0.92753386,0.07163947,0.00048064254,0.00034596727,disp_p,71854732.0,pu
4643,8,0.93942374,0.05959824,0.00057745085,0.0004005492,disp_p,71854732.0,pu
4643,9,0.94081706,0.058476187,0.00055252627,0.000154258,disp_p,71854732.0,pu
4643,10,0.9441249,0.054826707,0.00076386455,0.00028452082,disp_p,71854732.0,pu
6932,1,0.99923277,0.000538709,8.572555e-05,0.00014280977,disp_p,272672133.0,pu
6932,2,0.99990046,9.506602e-05,3.0398994e-06,1.3282605e-06,disp_p,272672133.0,pu
6932,3,0.9998129,0.00017753596,6.529634e-06,3.055502e-06,disp_p,272672133.0,pu
6932,4,0.9993506,0.0005644179,5.1177914e-05,3.3724686e-05,disp_p,272672133.0,pu
6932,5,0.99988747,0.00010402082,5.6216027e-06,2.9272019e-06,disp_p,272672133.0,pu
6932,6,0.9999306,6.447945e-05,3.6087674e-06,1.3346927e-06,disp_p,272672133.0,pu
6932,7,0.9990144,0.00077095174,7.1907176e-05,0.0001427456,disp_p,272672133.0,pu
6932,8,0.9998442,0.00014848032,4.835592e-06,2.4558392e-06,disp_p,272672133.0,pu
6932,9,0.9997687,0.00022279627,7.2559947e-06,1.2607575e-06,disp_p,272672133.0,pu
6932,10,0.99989164,9.7188895e-05,8.624178e-06,2.521932e-06,disp_p,272672133.0,pu
9771,1,0.99406344,0.000117383235,8.543836e-05,0.005733778,disp_p,,
9771,2,0.9992017,4.427871e-05,3.1100706e-05,0.0007229094,disp_p,,
9771,3,0.9997155,3.9506325e-05,2.0501575e-05,0.00022441786,disp_p,,
9771,4,0.9993649,0.0001910765,5.087295e-05,0.0003931935,disp_p,,
9771,5,0.9993369,3.8625763e-05,4.6807923e-05,0.0005776196,disp_p,,
9771,6,0.9995185,5.1571493e-05,3.3781183e-05,0.0003961346,disp_p,,
9771,7,0.9982863,0.00020234863,6.66506e-05,0.0014447292,disp_p,,
9771,8,0.9992805,6.9214235e-05,5.7828893e-05,0.00059246545,disp_p,,
9771,9,0.9996712,4.747018e-05,2.4612224e-05,0.00025664584,disp_p,,
9771,10,0.999204,4.4049182e-05,5.4365366e-05,0.0006976705,disp_p,,
8499,1,0.99463636,0.0039036605,0.00045116755,0.0010088428,disp_p,396649769.0,pu
8499,2,0.9976554,0.0016909055,0.00022461057,0.00042897693,disp_p,396649769.0,pu
8499,3,0.9971915,0.002087786,0.00028291513,0.00043782455,disp_p,396649769.0,pu
8499,4,0.99724615,0.0022325143,0.00022540017,0.00029591893,disp_p,396649769.0,pu
8499,5,0.9975026,0.0016575585,0.00030809306,0.00053166505,disp_p,396649769.0,pu
8499,6,0.99901664,0.000636368,0.00015143365,0.00019552036,disp_p,396649769.0,pu
8499,7,0.9945867,0.0039854916,0.00038974988,0.0010380952,disp_p,396649769.0,pu
8499,8,0.99793786,0.0015056912,0.00021990747,0.00033641592,disp_p,396649769.0,pu
8499,9,0.99685824,0.002517435,0.00030135916,0.00032291707,disp_p,396649769.0,pu
8499,10,0.9982395,0.0012445223,0.00024063731,0.0002753416,disp_p,396649769.0,pu
7902,1,0.9979785,0.0015765018,0.00017350279,0.0002715763,disp_p,348756659.0,pu
7902,2,0.99928707,0.0006992703,1.0137277e-05,3.6171432e-06,disp_p,348756659.0,pu
7902,3,0.9975721,0.0023920878,2.4946625e-05,1.0758632e-05,disp_p,348756659.0,pu
7902,4,0.99542207,0.004264795,0.00018628368,0.00012677457,disp_p,348756659.0,pu
7902,5,0.99890506,0.0010719098,1.6372544e-05,6.6800026e-06,disp_p,348756659.0,pu
7902,6,0.9992847,0.000697656,1.3737392e-05,4.008262e-06,disp_p,348756659.0,pu
7902,7,0.9969676,0.002535217,0.00017754911,0.00031961675,disp_p,348756659.0,pu
7902,8,0.9988193,0.0011605293,1.3798611e-05,6.357341e-06,disp_p,348756659.0,pu
7902,9,0.9978776,0.0021007399,1.875922e-05,2.9079897e-06,disp_p,348756659.0,pu
7902,10,0.9990119,0.0009504546,3.0088198e-05,7.538948e-06,disp_p,348756659.0,pu
26629,1,0.34982747,0.0080479095,0.008114546,0.6340101,disp_j,143926220.0,J
26629,2,0.20436089,0.020765053,0.0064968243,0.76837724,disp_j,143926220.0,J
26629,3,0.17707694,0.024186464,0.009088996,0.7896476,disp_j,143926220.0,J
26629,4,0.17442848,0.01232911,0.0071483217,0.80609405,disp_j,143926220.0,J
26629,5,0.16617434,0.020211011,0.0073249713,0.8062896,disp_j,143926220.0,J
26629,6,0.12849379,0.013299716,0.0050804336,0.8531261,disp_j,143926220.0,J
26629,7,0.15725212,0.008049015,0.007067606,0.82763124,disp_j,143926220.0,J
26629,8,0.089761384,0.019651333,0.00560515,0.8849821,disp_j,143926220.0,J
26629,9,0.15260838,0.020591436,0.008062024,0.81873816,disp_j,143926220.0,J
26629,10,0.17930652,0.023690568,0.006257323,0.7907456,disp_j,143926220.0,J
8991,1,0.9945709,0.0037278184,0.00061597937,0.0010853775,disp_p,442050698.0,pu
8991,2,0.99222225,0.006066594,0.00084350293,0.0008676384,disp_p,442050698.0,pu
8991,3,0.9914158,0.006462324,0.0010651158,0.0010567639,disp_p,442050698.0,pu
8991,4,0.9894449,0.0078406865,0.0013309302,0.0013834825,disp_p,442050698.0,pu
8991,5,0.9945861,0.0038939526,0.00073795463,0.0007820149,disp_p,442050698.0,pu
8991,6,0.9936853,0.0045172954,0.0009284805,0.0008689248,disp_p,442050698.0,pu
8991,7,0.9894218,0.0075216847,0.0010775048,0.0019790228,disp_p,442050698.0,pu
8991,8,0.9931914,0.0050787833,0.0007983774,0.00093142514,disp_p,442050698.0,pu
8991,9,0.99107426,0.0071120574,0.0010742148,0.00073950173,disp_p,442050698.0,pu
8991,10,0.9954457,0.0036104417,0.0005009422,0.00044297628,disp_p,442050698.0,pu
3661,1,0.0012214088,0.99873763,2.4211575e-05,1.6734537e-05,disp_e,455667423.0,et
3661,2,0.0040270435,0.9949527,0.0005560381,0.00046426637,disp_e,455667423.0,et
3661,3,0.0046192263,0.9945069,0.00032605018,0.00054782024,disp_e,455667423.0,et
3661,4,0.0018217633,0.9979037,0.00015163107,0.00012290987,disp_e,455667423.0,et
3661,5,0.0036994913,0.9955788,0.00036067519,0.00036107408,disp_e,455667423.0,et
3661,6,0.0040482837,0.99482083,0.0007085922,0.0004223589,disp_e,455667423.0,et
3661,7,0.0011289916,0.9988091,3.7653248e-05,2.4314635e-05,disp_e,455667423.0,et
3661,8,0.0035231328,0.9953583,0.00043160788,0.00068699033,disp_e,455667423.0,et
3661,9,0.0035184207,0.995628,0.00039056392,0.00046305128,disp_e,455667423.0,et
3661,10,0.0036603047,0.9956821,0.00032499013,0.00033258033,disp_e,455667423.0,et
5337,1,0.9799042,0.01736393,0.0011541792,0.0015776308,disp_p,141275395.0,pu
5337,2,0.76519734,0.21726435,0.008632673,0.008905669,disp_e,141275395.0,pu
5337,3,0.7405891,0.23884428,0.008607324,0.011959348,disp_e,141275395.0,pu
5337,4,0.9642883,0.030790275,0.0023282238,0.0025932079,disp_p,141275395.0,pu
5337,5,0.6860243,0.29441315,0.009117457,0.010445105,disp_e,141275395.0,pu
5337,6,0.7833794,0.19430247,0.010388392,0.011929842,disp_p,141275395.0,pu
5337,7,0.9727117,0.023450635,0.0015609984,0.002276676,disp_p,141275395.0,pu
5337,8,0.69443387,0.28940007,0.0073361457,0.008829901,disp_e,141275395.0,pu
5337,9,0.6745616,0.30614656,0.0097679375,0.009523854,disp_e,141275395.0,pu
5337,10,0.73186725,0.25421426,0.007509441,0.006409097,disp_e,141275395.0,pu
7520,1,0.986863,0.007798871,0.0010821718,0.004255865,disp_p,312548415.0,pu
7520,2,0.9854138,0.009645252,0.0012292179,0.0037117854,disp_p,312548415.0,pu
7520,3,0.9855596,0.009735212,0.0013037164,0.0034013994,disp_p,312548415.0,pu
7520,4,0.9909219,0.006166172,0.00079373637,0.0021182396,disp_p,312548415.0,pu
7520,5,0.9877698,0.007343632,0.0013308466,0.0035557928,disp_p,312548415.0,pu
7520,6,0.99013114,0.0065208636,0.0009817131,0.0023662949,disp_p,312548415.0,pu
7520,7,0.98472,0.009216632,0.0012781307,0.0047852965,disp_p,312548415.0,pu
7520,8,0.98795277,0.007066086,0.0013773319,0.0036038568,disp_p,312548415.0,pu
7520,9,0.9846116,0.010692995,0.0015390844,0.003156311,disp_p,312548415.0,pu
7520,10,0.992853,0.0049968893,0.0007481418,0.0014019535,disp_p,312548415.0,pu
6344,1,0.9729911,0.016530493,0.002874667,0.007603686,disp_p,231297123.0,pu
6344,2,0.9236613,0.052666616,0.006810547,0.016861523,disp_p,231297123.0,pu
6344,3,0.9303064,0.04643722,0.0068756947,0.016380707,disp_p,231297123.0,pu
6344,4,0.9769231,0.016356934,0.002247467,0.0044726157,disp_p,231297123.0,pu
6344,5,0.9058514,0.05827993,0.010596543,0.025272094,disp_p,231297123.0,pu
6344,6,0.96606565,0.02013775,0.004516916,0.009279675,disp_p,231297123.0,pu
6344,7,0.96633196,0.02066665,0.0033502558,0.009651158,disp_p,231297123.0,pu
6344,8,0.94731855,0.0346099,0.0056950753,0.012376465,disp_p,231297123.0,pu
6344,9,0.88740057,0.074275926,0.01029095,0.0280326,disp_p,231297123.0,pu
6344,10,0.95206875,0.03409938,0.0048925504,0.008939381,disp_p,231297123.0,pu
28777,1,0.0013525414,0.0004505187,0.00026750937,0.99792945,disp_j,7493647.0,
28777,2,0.0023390814,0.00016614658,9.654354e-05,0.99739826,disp_j,7493647.0,
28777,3,0.0019700907,0.00028504312,0.00021617771,0.99752873,disp_j,7493647.0,
28777,4,0.0016143492,0.00043762135,0.00019704459,0.99775106,disp_j,7493647.0,
28777,5,0.0018826718,0.00032261029,0.00023911544,0.9975556,disp_j,7493647.0,
28777,6,0.0038313398,0.00028229598,0.00021278358,0.9956736,disp_j,7493647.0,
28777,7,0.0015958849,0.0004813508,0.00029719868,0.99762565,disp_j,7493647.0,
28777,8,0.002812996,0.00016107742,0.0001825941,0.99684346,disp_j,7493647.0,
28777,9,0.0020941682,0.00014949519,8.124078e-05,0.9976751,disp_j,7493647.0,
28777,10,0.0032931117,0.00029147803,0.00016867107,0.99624676,disp_j,7493647.0,
1537,1,0.00028515747,0.7237754,0.00019232524,0.27574715,disp_e,409726763.0,et
1537,2,0.009543872,0.23215911,0.0022404536,0.7560565,disp_e,409726763.0,et
1537,3,0.01430501,0.156182,0.0033920137,0.82612103,disp_j,409726763.0,et
1537,4,0.00035142442,0.96663886,0.00017838312,0.032831334,disp_e,409726763.0,et
1537,5,0.01132825,0.29152003,0.002335114,0.6948166,disp_e,409726763.0,et
1537,6,0.0050214063,0.16734254,0.0012752737,0.8263609,disp_j,409726763.0,et
1537,7,0.0003891374,0.8152657,0.00035070573,0.18399437,disp_e,409726763.0,et
1537,8,0.006531029,0.1793123,0.0018625549,0.8122941,disp_j,409726763.0,et
1537,9,0.011284413,0.26147875,0.002039081,0.72519773,disp_e,409726763.0,et
1537,10,0.010060714,0.24157262,0.00253129,0.74583536,disp_e,409726763.0,et
5752,1,0.98335177,0.016032282,0.00030685627,0.00030907424,disp_p,166833457.0,pu
5752,2,0.99143267,0.008420199,0.00010678586,4.0237835e-05,disp_p,166833457.0,pu
5752,3,0.96559185,0.034054767,0.00023439804,0.00011905015,disp_p,166833457.0,pu
5752,4,0.9571205,0.042014193,0.0005824191,0.00028284936,disp_p,166833457.0,pu
5752,5,0.9822322,0.01753339,0.00015862216,7.568114e-05,disp_p,166833457.0,pu
5752,6,0.9879873,0.011809299,0.00015344654,4.9882256e-05,disp_p,166833457.0,pu
5752,7,0.97407126,0.025249748,0.00034815897,0.00033093838,disp_p,166833457.0,pu
5752,8,0.98400056,0.015773825,0.00014374075,8.18605e-05,disp_p,166833457.0,pu
5752,9,0.9777541,0.022074938,0.000140657,3.0316862e-05,disp_p,166833457.0,pu
5752,10,0.98292315,0.016734194,0.00026246198,8.017176e-05,disp_p,166833457.0,pu
7183,1,0.99814856,0.0013906519,0.00016881524,0.0002919916,disp_p,288612903.0,pu
7183,2,0.9994061,0.0005649633,1.8701112e-05,1.02102285e-05,disp_p,288612903.0,pu
7183,3,0.9989262,0.0010228632,3.2143533e-05,1.8714358e-05,disp_p,288612903.0,pu
7183,4,0.99804175,0.0018011316,9.196066e-05,6.516169e-05,disp_p,288612903.0,pu
7183,5,0.99926025,0.00069410505,2.8702385e-05,1.6918957e-05,disp_p,288612903.0,pu
7183,6,0.9996113,0.00036353487,1.733724e-05,7.870352e-06,disp_p,288612903.0,pu
7183,7,0.9977463,0.0019000235,0.00012967708,0.00022401298,disp_p,288612903.0,pu
7183,8,0.9992705,0.00068886223,2.5069992e-05,1.5656775e-05,disp_p,288612903.0,pu
7183,9,0.9988354,0.0011289971,2.8236573e-05,7.4206287e-06,disp_p,288612903.0,pu
7183,10,0.99939966,0.0005442649,4.073275e-05,1.537388e-05,disp_p,288612903.0,pu
10106,1,0.99934787,0.00014634256,8.669014e-05,0.0004190556,disp_p,,
10106,2,0.9985781,0.00010259629,4.9173927e-05,0.0012701751,disp_p,,
10106,3,0.99817455,0.0007611511,0.00025743392,0.00080696825,disp_p,,
10106,4,0.9984694,0.0005147084,0.0001314708,0.0008842835,disp_p,,
10106,5,0.9984913,0.00015401676,6.9323796e-05,0.0012853551,disp_p,,
10106,6,0.9984962,0.00015020424,5.378182e-05,0.0012998371,disp_p,,
10106,7,0.9989085,0.00026713443,9.627263e-05,0.00072816195,disp_p,,
10106,8,0.99497944,0.00066255964,0.00035485308,0.004003128,disp_p,,
10106,9,0.99829084,0.0005299711,0.00014201716,0.0010372505,disp_p,,
10106,10,0.99930537,3.7643655e-05,4.4749704e-05,0.00061217026,disp_p,,
1679,1,2.8511999e-05,0.99996436,2.0675286e-06,5.0205676e-06,disp_e,470795607.0,et
1679,2,0.00046012015,0.99927694,8.2803155e-05,0.00018007307,disp_e,470795607.0,et
1679,3,0.000631858,0.99914646,3.9031318e-05,0.00018265049,disp_e,470795607.0,et
1679,4,9.498208e-05,0.99981254,2.1815627e-05,7.066288e-05,disp_e,470795607.0,et
1679,5,0.0004533255,0.9993142,5.4564338e-05,0.0001779777,disp_e,470795607.0,et
1679,6,0.0005089541,0.99914885,0.00015352055,0.0001886544,disp_e,470795607.0,et
1679,7,5.6715373e-05,0.99992716,5.28561e-06,1.0793394e-05,disp_e,470795607.0,et
1679,8,0.00050240173,0.9990357,0.000105241204,0.0003567031,disp_e,470795607.0,et
1679,9,0.000470353,0.99903417,9.974879e-05,0.0003957537,disp_e,470795607.0,et
1679,10,0.0005885449,0.99918574,6.177305e-05,0.00016393983,disp_e,470795607.0,et
1252,1,0.14213996,0.85756147,0.00019612728,0.00010239361,disp_e,359675849.0,et
1252,2,0.11015194,0.88800985,0.0012742513,0.0005640447,disp_e,359675849.0,et
1252,3,0.07746016,0.9209512,0.0008931729,0.0006954472,disp_e,359675849.0,et
1252,4,0.222256,0.7763196,0.0010216141,0.00040276596,disp_e,359675849.0,et
1252,5,0.13543366,0.8631465,0.000923042,0.00049689924,disp_e,359675849.0,et
1252,6,0.17279097,0.824958,0.0016260629,0.00062500034,disp_e,359675849.0,et
1252,7,0.18521474,0.8142795,0.0003505139,0.0001551761,disp_e,359675849.0,et
1252,8,0.07958297,0.9189013,0.0007697098,0.0007459554,disp_e,359675849.0,et
1252,9,0.11176104,0.88683295,0.0009914463,0.000414491,disp_e,359675849.0,et
1252,10,0.09402188,0.9043991,0.0011214932,0.00045758663,disp_e,359675849.0,et
2200,1,0.017826619,0.9819801,0.00012237126,7.0906644e-05,disp_e,179873497.0,eb
2200,2,0.013389771,0.98510945,0.00093529664,0.0005654072,disp_e,179873497.0,eb
2200,3,0.018636968,0.97992855,0.0007268116,0.00070772186,disp_e,179873497.0,eb
2200,4,0.02829018,0.9707451,0.0006470341,0.00031775943,disp_e,179873497.0,eb
2200,5,0.012106086,0.9868505,0.0005868489,0.00045660403,disp_e,179873497.0,eb
2200,6,0.015903514,0.9822187,0.0012347695,0.00064310816,disp_e,179873497.0,eb
2200,7,0.01383581,0.98590684,0.00016852976,8.890547e-05,disp_e,179873497.0,eb
2200,8,0.009882396,0.98879725,0.0005634176,0.00075683644,disp_e,179873497.0,eb
2200,9,0.017998375,0.98057175,0.00085357734,0.000576251,disp_e,179873497.0,eb
2200,10,0.013049817,0.9857582,0.0007124558,0.00047959865,disp_e,179873497.0,eb
7950,1,0.99276555,0.006715907,0.00025961842,0.00025892217,disp_p,352469839.0,pu
7950,2,0.9990396,0.0009043383,3.865576e-05,1.7292243e-05,disp_p,352469839.0,pu
7950,3,0.99861336,0.0013072408,5.2570947e-05,2.6803462e-05,disp_p,352469839.0,pu
7950,4,0.9956167,0.0041790553,0.00014316247,6.1149854e-05,disp_p,352469839.0,pu
7950,5,0.9986312,0.0012695402,6.466663e-05,3.4648754e-05,disp_p,352469839.0,pu
7950,6,0.9991054,0.0008405875,3.9162634e-05,1.4820366e-05,disp_p,352469839.0,pu
7950,7,0.9924488,0.00718061,0.00018337468,0.00018725803,disp_p,352469839.0,pu
7950,8,0.9986859,0.0012354036,5.0378196e-05,2.8281796e-05,disp_p,352469839.0,pu
7950,9,0.9985191,0.0014219482,4.833051e-05,1.0594725e-05,disp_p,352469839.0,pu
7950,10,0.9989397,0.00095056545,8.0914884e-05,2.8848503e-05,disp_p,352469839.0,pu
9273,1,0.99828374,0.0011172678,0.00019046645,0.0004086176,disp_p,468983280.0,pu
9273,2,0.99886924,0.0008965182,0.00011385673,0.00012033515,disp_p,468983280.0,pu
9273,3,0.9986681,0.001010317,0.00015635068,0.00016531415,disp_p,468983280.0,pu
9273,4,0.99798065,0.0015419327,0.00023618562,0.00024128673,disp_p,468983280.0,pu
9273,5,0.99884075,0.0007983945,0.00016920707,0.00019169813,disp_p,468983280.0,pu
9273,6,0.9991553,0.0005989245,0.00013010453,0.000115700714,disp_p,468983280.0,pu
9273,7,0.9974226,0.0019008061,0.00022881209,0.00044782506,disp_p,468983280.0,pu
9273,8,0.99923193,0.0005736601,9.7336466e-05,9.704876e-05,disp_p,468983280.0,pu
9273,9,0.99856573,0.001149462,0.00016557093,0.000119192366,disp_p,468983280.0,pu
9273,10,0.9991672,0.000608539,0.00012517802,9.903643e-05,disp_p,468983280.0,pu
7652,1,0.6403405,0.3107133,0.015336877,0.033609316,disp_e,322825139.0,pu
7652,2,0.26894432,0.67719537,0.019379383,0.034480922,disp_e,322825139.0,pu
7652,3,0.24446769,0.7021289,0.015642263,0.037761115,disp_e,322825139.0,pu
7652,4,0.4732641,0.45112753,0.020440662,0.05516772,disp_e,322825139.0,pu
7652,5,0.23385696,0.7182529,0.016148185,0.031741947,disp_e,322825139.0,pu
7652,6,0.41304904,0.5334443,0.021467093,0.032039594,disp_e,322825139.0,pu
7652,7,0.5645624,0.35060674,0.02377138,0.06105958,disp_e,322825139.0,pu
7652,8,0.31332955,0.6353179,0.017211944,0.034140658,disp_e,322825139.0,pu
7652,9,0.16891661,0.784916,0.015622234,0.030545214,disp_e,322825139.0,pu
7652,10,0.33966574,0.6275312,0.012618529,0.020184547,disp_e,322825139.0,pu
4592,1,0.99764603,0.0020233567,0.00015175059,0.00017890024,disp_p,67798337.0,pu
4592,2,0.99869835,0.0012133421,5.7866793e-05,3.0375006e-05,disp_p,67798337.0,pu
4592,3,0.99832124,0.0015654205,7.213756e-05,4.1155978e-05,disp_p,67798337.0,pu
4592,4,0.9980685,0.0017783985,9.885604e-05,5.4289914e-05,disp_p,67798337.0,pu
4592,5,0.99857605,0.001299566,7.779417e-05,4.657372e-05,disp_p,67798337.0,pu
4592,6,0.9990402,0.000877375,5.4936696e-05,2.754136e-05,disp_p,67798337.0,pu
4592,7,0.9969024,0.002859591,0.000102573205,0.00013535803,disp_p,67798337.0,pu
4592,8,0.9982047,0.0016951887,6.084731e-05,3.9296283e-05,disp_p,67798337.0,pu
4592,9,0.9982008,0.0017022542,7.5193224e-05,2.17419e-05,disp_p,67798337.0,pu
4592,10,0.9986457,0.0012049488,0.0001082379,4.1152045e-05,disp_p,67798337.0,pu
368,1,0.023381848,0.96012235,0.0045104385,0.011985482,disp_e,83308167.0,eb
368,2,0.0068219886,0.98157376,0.0028060942,0.008798203,disp_e,83308167.0,eb
368,3,0.009199716,0.9748419,0.0023028546,0.013655471,disp_e,83308167.0,eb
368,4,0.020374266,0.94541216,0.0057270117,0.02848649,disp_e,83308167.0,eb
368,5,0.0074935276,0.9762206,0.0027308764,0.013554907,disp_e,83308167.0,eb
368,6,0.005564332,0.9821634,0.0031699252,0.009102243,disp_e,83308167.0,eb
368,7,0.029586349,0.9318257,0.008282368,0.030305585,disp_e,83308167.0,eb
368,8,0.0030317463,0.9899032,0.0012610828,0.0058040437,disp_e,83308167.0,eb
368,9,0.009905116,0.9710435,0.0029022105,0.01614925,disp_e,83308167.0,eb
368,10,0.005350137,0.98645663,0.0015282858,0.006664909,disp_e,83308167.0,eb
4478,1,0.9885522,0.010340824,0.00050541485,0.0006015035,disp_p,56798909.0,pu
4478,2,0.99399346,0.005024671,0.0005148192,0.00046706176,disp_p,56798909.0,pu
4478,3,0.9934377,0.0055814777,0.0004938833,0.00048691125,disp_p,56798909.0,pu
4478,4,0.9903564,0.008861822,0.00045398367,0.00032781574,disp_p,56798909.0,pu
4478,5,0.9927648,0.0058155037,0.0006984969,0.0007212059,disp_p,56798909.0,pu
4478,6,0.99495405,0.004122538,0.00052632304,0.00039705122,disp_p,56798909.0,pu
4478,7,0.9831746,0.015599172,0.0005639277,0.00066225353,disp_p,56798909.0,pu
4478,8,0.9948086,0.004288512,0.00044789465,0.00045495707,disp_p,56798909.0,pu
4478,9,0.9910018,0.007932226,0.0006643906,0.00040159267,disp_p,56798909.0,pu
4478,10,0.9956085,0.0034592624,0.0005335545,0.00039866226,disp_p,56798909.0,pu
4447,1,0.9638483,0.011090425,0.0040431344,0.021018147,disp_p,53498154.0,pu
4447,2,0.9834441,0.014269486,0.0010966581,0.0011898436,disp_p,53498154.0,pu
4447,3,0.96600425,0.029712562,0.00204788,0.0022353372,disp_p,53498154.0,pu
4447,4,0.9704934,0.01829028,0.003718293,0.0074979966,disp_p,53498154.0,pu
4447,5,0.980891,0.015757943,0.0016142162,0.0017368228,disp_p,53498154.0,pu
4447,6,0.98630005,0.01071872,0.0014819403,0.0014993731,disp_p,53498154.0,pu
4447,7,0.93946046,0.018308494,0.0077522453,0.034478787,disp_p,53498154.0,pu
4447,8,0.97962385,0.01554906,0.00212039,0.0027067296,disp_p,53498154.0,pu
4447,9,0.9735627,0.023286344,0.0017368271,0.0014141424,disp_p,53498154.0,pu
4447,10,0.98607266,0.010820602,0.0016236856,0.0014830518,disp_p,53498154.0,pu
1320,1,0.0003503531,0.99952054,5.0074937e-05,7.900918e-05,disp_e,369255529.0,eb
1320,2,0.0017698023,0.99717677,0.00044316953,0.00061024935,disp_e,369255529.0,eb
1320,3,0.0016277117,0.9976851,0.00020283247,0.0004843684,disp_e,369255529.0,eb
1320,4,0.00051619153,0.9991316,0.000129296,0.00022293563,disp_e,369255529.0,eb
1320,5,0.0018335398,0.9973253,0.00032170638,0.0005194211,disp_e,369255529.0,eb
1320,6,0.00096335716,0.99836165,0.00036046418,0.0003145641,disp_e,369255529.0,eb
1320,7,0.0005345523,0.99929273,7.375303e-05,9.89907e-05,disp_e,369255529.0,eb
1320,8,0.001474511,0.99707294,0.00042556907,0.0010269828,disp_e,369255529.0,eb
1320,9,0.0017401734,0.99715143,0.00038355208,0.00072491856,disp_e,369255529.0,eb
1320,10,0.0017680266,0.9971848,0.00038264037,0.00066445867,disp_e,369255529.0,eb
8558,1,0.9969709,0.0025835338,0.00019686909,0.0002486974,disp_p,401980624.0,pu
8558,2,0.99954504,0.00040591165,2.807393e-05,2.0949745e-05,disp_p,401980624.0,pu
8558,3,0.99894303,0.0009320607,7.3329764e-05,5.1608695e-05,disp_p,401980624.0,pu
8558,4,0.9984427,0.0014176259,8.628974e-05,5.3399985e-05,disp_p,401980624.0,pu
8558,5,0.99952805,0.00039318085,4.5366305e-05,3.3400836e-05,disp_p,401980624.0,pu
8558,6,0.99971014,0.00024225665,2.9877368e-05,1.762916e-05,disp_p,401980624.0,pu
8558,7,0.9970394,0.002644131,0.00012894983,0.00018746978,disp_p,401980624.0,pu
8558,8,0.99954057,0.0004059737,3.0693627e-05,2.274243e-05,disp_p,401980624.0,pu
8558,9,0.9990978,0.0008233184,5.7542948e-05,2.134762e-05,disp_p,401980624.0,pu
8558,10,0.999622,0.0003119173,4.4415523e-05,2.164588e-05,disp_p,401980624.0,pu
1847,1,0.031574856,0.96105766,0.002157517,0.0052099633,disp_e,71808539.0,
1847,2,0.030897189,0.9262826,0.007280088,0.03554012,disp_e,71808539.0,
1847,3,0.029573131,0.93366516,0.004893117,0.03186863,disp_e,71808539.0,
1847,4,0.047656953,0.92901933,0.0045767524,0.018746946,disp_e,71808539.0,
1847,5,0.029447813,0.9324011,0.006471272,0.031679813,disp_e,71808539.0,
1847,6,0.030303441,0.9295211,0.007390944,0.032784503,disp_e,71808539.0,
1847,7,0.030633874,0.956283,0.003717418,0.009365757,disp_e,71808539.0,
1847,8,0.025298765,0.92079467,0.0073405146,0.046565976,disp_e,71808539.0,
1847,9,0.023346348,0.9353661,0.005470515,0.03581705,disp_e,71808539.0,
1847,10,0.0233749,0.9446622,0.0042290045,0.027733903,disp_e,71808539.0,
8545,1,0.99126524,0.004321982,0.0013212995,0.0030913528,disp_p,400683848.0,pu
8545,2,0.9854917,0.00942318,0.0022497464,0.002835335,disp_p,400683848.0,pu
8545,3,0.98000413,0.013307294,0.0031107862,0.0035777984,disp_p,400683848.0,pu
8545,4,0.984099,0.009791929,0.0022568207,0.0038523737,disp_p,400683848.0,pu
8545,5,0.9875985,0.0079280725,0.002148564,0.0023248869,disp_p,400683848.0,pu
8545,6,0.9903161,0.0054169674,0.0019034714,0.0023634878,disp_p,400683848.0,pu
8545,7,0.9850181,0.008162236,0.0020709888,0.004748645,disp_p,400683848.0,pu
8545,8,0.9900766,0.0062803705,0.0015877975,0.002055288,disp_p,400683848.0,pu
8545,9,0.9829639,0.011824163,0.0027901393,0.0024218494,disp_p,400683848.0,pu
8545,10,0.9922376,0.005221298,0.0013035611,0.0012375051,disp_p,400683848.0,pu
3145,1,0.9055058,0.007978457,0.0040625413,0.08245326,disp_p,349644367.0,jj
3145,2,0.6005407,0.05450183,0.020116469,0.32484102,disp_p,349644367.0,jj
3145,3,0.5520276,0.048379,0.019219412,0.38037395,disp_p,349644367.0,jj
3145,4,0.8017198,0.027555075,0.010509596,0.16021554,disp_p,349644367.0,jj
3145,5,0.60667247,0.0635188,0.027363785,0.30244496,disp_p,349644367.0,jj
3145,6,0.6277867,0.06614453,0.02213146,0.28393725,disp_p,349644367.0,jj
3145,7,0.7945259,0.015386858,0.009688884,0.18039834,disp_p,349644367.0,jj
3145,8,0.54462016,0.07719647,0.028192053,0.34999132,disp_p,349644367.0,jj
3145,9,0.42678156,0.051371984,0.016507063,0.5053393,disp_j,349644367.0,jj
3145,10,0.7178874,0.051887788,0.011327949,0.21889685,disp_p,349644367.0,jj
28776,1,0.0031031047,0.5527242,0.00254333,0.44162935,disp_e,74885707.0,B
28776,2,0.00590521,0.489137,0.0023444395,0.5026134,disp_e,74885707.0,B
28776,3,0.005418823,0.5189494,0.0027783574,0.4728534,disp_e,74885707.0,B
28776,4,0.003403426,0.44893008,0.002412424,0.5452542,disp_e,74885707.0,B
28776,5,0.008766426,0.48185343,0.00413683,0.50524336,disp_e,74885707.0,B
28776,6,0.0069728727,0.39426184,0.0062138876,0.5925514,disp_e,74885707.0,B
28776,7,0.0027012178,0.4735402,0.0027663882,0.5209922,disp_e,74885707.0,B
28776,8,0.007452192,0.4170723,0.005849924,0.5696256,disp_e,74885707.0,B
28776,9,0.0032589778,0.52512485,0.0023923854,0.46922377,disp_e,74885707.0,B
28776,10,0.0063549513,0.5504574,0.0037448932,0.43944272,disp_e,74885707.0,B
27742,1,0.00022131477,0.0002464447,9.328757e-05,0.99943894,disp_j,303821529.0,
27742,2,0.00035863236,0.00015457379,3.1811644e-05,0.99945503,disp_j,303821529.0,
27742,3,0.00052826555,0.00026235773,0.00016230339,0.9990471,disp_j,303821529.0,
27742,4,0.00015807492,0.0003165983,7.565279e-05,0.9994497,disp_j,303821529.0,
27742,5,0.0002882423,0.00022866522,6.0404876e-05,0.9994228,disp_j,303821529.0,
27742,6,0.00045594512,0.00013055703,5.0881958e-05,0.99936265,disp_j,303821529.0,
27742,7,0.00016377962,0.00030698517,0.00010150838,0.9994276,disp_j,303821529.0,
27742,8,0.00039581,7.3366544e-05,6.6726636e-05,0.9994641,disp_j,303821529.0,
27742,9,0.000379357,0.00010542277,2.9225082e-05,0.99948597,disp_j,303821529.0,
27742,10,0.0006911207,0.00015645681,7.4176234e-05,0.99907815,disp_j,303821529.0,
3261,1,0.0039586965,0.99420977,0.0006712945,0.0011602707,disp_e,379222611.0,eb
3261,2,0.006800824,0.9879602,0.0019581714,0.0032808883,disp_e,379222611.0,eb
3261,3,0.00620558,0.9907864,0.0009366108,0.002071466,disp_e,379222611.0,eb
3261,4,0.0050001643,0.99181587,0.0010316803,0.0021523226,disp_e,379222611.0,eb
3261,5,0.007193384,0.98746467,0.0017164095,0.0036255168,disp_e,379222611.0,eb
3261,6,0.005025541,0.9904289,0.0019646976,0.0025808183,disp_e,379222611.0,eb
3261,7,0.0044399556,0.9933594,0.0009034208,0.0012972243,disp_e,379222611.0,eb
3261,8,0.0053379233,0.98751265,0.0019063888,0.005243,disp_e,379222611.0,eb
3261,9,0.0055249897,0.98944646,0.0015666083,0.0034619288,disp_e,379222611.0,eb
3261,10,0.007064098,0.9870839,0.0018189651,0.004033015,disp_e,379222611.0,eb
5449,1,0.9966499,0.00248073,0.0003240251,0.00054531754,disp_p,147034452.0,pu
5449,2,0.9986731,0.0012839118,3.029208e-05,1.2794013e-05,disp_p,147034452.0,pu
5449,3,0.9961294,0.0037711235,6.7090055e-05,3.2371645e-05,disp_p,147034452.0,pu
5449,4,0.99421424,0.0052834535,0.00029147541,0.0002108309,disp_p,147034452.0,pu
5449,5,0.9981097,0.0018257104,4.3608004e-05,2.0913278e-05,disp_p,147034452.0,pu
5449,6,0.99881494,0.0011351131,3.656868e-05,1.3404839e-05,disp_p,147034452.0,pu
5449,7,0.9954821,0.0035714882,0.0003363607,0.00061010825,disp_p,147034452.0,pu
5449,8,0.9979539,0.0019821401,4.1687366e-05,2.235526e-05,disp_p,147034452.0,pu
5449,9,0.9969638,0.0029787112,4.704134e-05,1.0402986e-05,disp_p,147034452.0,pu
5449,10,0.9985026,0.001404147,7.156195e-05,2.1694263e-05,disp_p,147034452.0,pu
10741,1,0.9996884,8.612658e-05,3.7220918e-05,0.00018832582,disp_p,,
10741,2,0.99983895,8.667519e-05,2.1291311e-05,5.2989388e-05,disp_p,,
10741,3,0.9999294,4.8138412e-05,9.781321e-06,1.2661843e-05,disp_p,,
10741,4,0.9996486,0.00022385735,4.3049815e-05,8.456934e-05,disp_p,,
10741,5,0.99983037,9.638317e-05,2.2834707e-05,5.030541e-05,disp_p,,
10741,6,0.9997931,0.00013410361,2.6580094e-05,4.61676e-05,disp_p,,
10741,7,0.99963236,0.00017969015,3.897938e-05,0.00014902618,disp_p,,
10741,8,0.999858,8.594484e-05,2.1667143e-05,3.4280256e-05,disp_p,,
10741,9,0.9998784,8.8261935e-05,1.571502e-05,1.7567858e-05,disp_p,,
10741,10,0.99981624,7.687644e-05,3.8215017e-05,6.869964e-05,disp_p,,
3553,1,0.662312,0.33136308,0.0020915612,0.0042334087,disp_e,441837854.0,eb
3553,2,0.6456105,0.34861436,0.002442824,0.0033323076,disp_e,441837854.0,eb
3553,3,0.506429,0.485397,0.0027849914,0.00538903,disp_e,441837854.0,eb
3553,4,0.6199679,0.37433997,0.002036112,0.0036560216,disp_e,441837854.0,eb
3553,5,0.58538425,0.40901837,0.0022236826,0.0033735854,disp_e,441837854.0,eb
3553,6,0.5572447,0.43764466,0.002260696,0.0028499614,disp_e,441837854.0,eb
3553,7,0.56121033,0.42959508,0.0030359002,0.006158642,disp_e,441837854.0,eb
3553,8,0.6031763,0.38754123,0.0033871024,0.005895359,disp_e,441837854.0,eb
3553,9,0.5718433,0.42278343,0.0023664953,0.00300675,disp_e,441837854.0,eb
3553,10,0.71886885,0.27569494,0.002418923,0.0030172393,disp_e,441837854.0,eb
10459,1,0.98256797,0.0017350442,0.0018670275,0.013829978,disp_p,,
10459,2,0.98610675,0.001922636,0.0010327353,0.010937911,disp_p,,
10459,3,0.9795593,0.0053243875,0.0035341433,0.0115821995,disp_p,,
10459,4,0.9831818,0.0023748905,0.001249084,0.013194251,disp_p,,
10459,5,0.98301536,0.002185047,0.0011016184,0.013697893,disp_p,,
10459,6,0.98809993,0.0013862972,0.00090367155,0.0096100895,disp_p,,
10459,7,0.9821216,0.0018956505,0.0013310991,0.01465163,disp_p,,
10459,8,0.9853533,0.0018933176,0.0010537627,0.011699697,disp_p,,
10459,9,0.98407507,0.002716811,0.0015331666,0.011675008,disp_p,,
10459,10,0.9892519,0.0010241163,0.0011045804,0.008619344,disp_p,,
7954,1,0.9992238,0.0005536634,6.5454486e-05,0.00015707199,disp_p,352892371.0,pu
7954,2,0.9997125,0.00022798778,2.630802e-05,3.3098095e-05,disp_p,352892371.0,pu
7954,3,0.9992847,0.0005345523,7.8429366e-05,0.0001023745,disp_p,352892371.0,pu
7954,4,0.9995012,0.0003850876,5.4739994e-05,5.8949652e-05,disp_p,352892371.0,pu
7954,5,0.9996562,0.0002437085,4.353161e-05,5.665087e-05,disp_p,352892371.0,pu
7954,6,0.9997594,0.00017415588,3.368832e-05,3.2783577e-05,disp_p,352892371.0,pu
7954,7,0.9991779,0.00062777754,5.7148696e-05,0.0001371806,disp_p,352892371.0,pu
7954,8,0.9997446,0.00019441567,2.8561246e-05,3.2346514e-05,disp_p,352892371.0,pu
7954,9,0.99945563,0.00043251112,5.9970047e-05,5.189163e-05,disp_p,352892371.0,pu
7954,10,0.99977773,0.00016604102,2.8410792e-05,2.792757e-05,disp_p,352892371.0,pu
5457,1,0.95129997,0.047706198,0.0005638969,0.00042996948,disp_p,147437399.0,pu
5457,2,0.97727543,0.021942299,0.000520168,0.00026205124,disp_p,147437399.0,pu
5457,3,0.973047,0.026109053,0.00052993523,0.0003139941,disp_p,147437399.0,pu
5457,4,0.96846896,0.03076022,0.00052549015,0.0002452848,disp_p,147437399.0,pu
5457,5,0.96355414,0.035412233,0.0006553908,0.0003781493,disp_p,147437399.0,pu
5457,6,0.9734588,0.025661355,0.00061008515,0.0002697991,disp_p,147437399.0,pu
5457,7,0.9493584,0.049822897,0.00046274406,0.0003559135,disp_p,147437399.0,pu
5457,8,0.9582891,0.040722188,0.0005797682,0.00040889098,disp_p,147437399.0,pu
5457,9,0.96656233,0.032778554,0.00050433254,0.00015471938,disp_p,147437399.0,pu
5457,10,0.97052413,0.028405212,0.0007706254,0.0003000378,disp_p,147437399.0,pu
8301,1,0.99713314,0.0023493557,0.00020227955,0.0003152088,disp_p,379929661.0,pu
8301,2,0.99627006,0.00367544,3.9261773e-05,1.5161076e-05,disp_p,379929661.0,pu
8301,3,0.9840874,0.015743257,0.00011385821,5.5422526e-05,disp_p,379929661.0,pu
8301,4,0.9897161,0.009644167,0.00036719444,0.00027256086,disp_p,379929661.0,pu
8301,5,0.99287295,0.0070375996,6.3520834e-05,2.5924925e-05,disp_p,379929661.0,pu
8301,6,0.9972363,0.0026911492,5.3779673e-05,1.879213e-05,disp_p,379929661.0,pu
8301,7,0.9955006,0.0037200896,0.00026970924,0.0005094846,disp_p,379929661.0,pu
8301,8,0.99437225,0.0055533284,4.872742e-05,2.57222e-05,disp_p,379929661.0,pu
8301,9,0.99167913,0.0082432395,6.5436805e-05,1.20960985e-05,disp_p,379929661.0,pu
8301,10,0.994041,0.005834205,9.924675e-05,2.5408946e-05,disp_p,379929661.0,pu
1904,1,0.060735572,0.9084933,0.009199452,0.021571653,disp_e,98952744.0,eb
1904,2,0.020509861,0.96128774,0.0053546084,0.012847867,disp_e,98952744.0,eb
1904,3,0.022367127,0.95611805,0.004726587,0.016788179,disp_e,98952744.0,eb
1904,4,0.030729981,0.9383156,0.0073356153,0.023618815,disp_e,98952744.0,eb
1904,5,0.018852504,0.96438307,0.004706751,0.012057662,disp_e,98952744.0,eb
1904,6,0.017164811,0.9662982,0.005564182,0.010972763,disp_e,98952744.0,eb
1904,7,0.05533289,0.8844465,0.015239649,0.04498104,disp_e,98952744.0,eb
1904,8,0.012615678,0.9710506,0.0035773888,0.012756271,disp_e,98952744.0,eb
1904,9,0.022348618,0.9543301,0.00529534,0.018025983,disp_e,98952744.0,eb
1904,10,0.023423806,0.96161664,0.003635059,0.011324521,disp_e,98952744.0,eb
2734,1,0.002757551,0.99712723,6.44403e-05,5.070911e-05,disp_e,303123055.0,eb
2734,2,0.0052833324,0.99333376,0.0007190003,0.00066400616,disp_e,303123055.0,eb
2734,3,0.0062232534,0.9927164,0.00043229485,0.00062815606,disp_e,303123055.0,eb
2734,4,0.0044565066,0.9950187,0.00029260508,0.00023213554,disp_e,303123055.0,eb
2734,5,0.005337537,0.9935428,0.0005195401,0.0006001434,disp_e,303123055.0,eb
2734,6,0.005024748,0.99373144,0.00072128087,0.0005225845,disp_e,303123055.0,eb
2734,7,0.0029685248,0.9968322,0.00011576817,8.348208e-05,disp_e,303123055.0,eb
2734,8,0.0040382743,0.99439174,0.0005431509,0.001026743,disp_e,303123055.0,eb
2734,9,0.0052398755,0.9935607,0.00053808064,0.0006613219,disp_e,303123055.0,eb
2734,10,0.005445042,0.9933756,0.0005507826,0.0006285768,disp_e,303123055.0,eb
7388,1,0.99958736,0.00028280597,4.1039886e-05,8.886877e-05,disp_p,303686889.0,pu
7388,2,0.9997687,0.0002078441,1.33018e-05,1.0170223e-05,disp_p,303686889.0,pu
7388,3,0.9996462,0.00030816442,2.6557793e-05,1.9100044e-05,disp_p,303686889.0,pu
7388,4,0.99968135,0.0002496446,3.550898e-05,3.3511835e-05,disp_p,303686889.0,pu
7388,5,0.9997731,0.0001879508,2.1691145e-05,1.7323167e-05,disp_p,303686889.0,pu
7388,6,0.99984837,0.00012408177,1.6511118e-05,1.09859775e-05,disp_p,303686889.0,pu
7388,7,0.9994305,0.00043864903,4.035931e-05,9.0421825e-05,disp_p,303686889.0,pu
7388,8,0.9997905,0.00018900036,1.1756162e-05,8.674619e-06,disp_p,303686889.0,pu
7388,9,0.9996258,0.00033307198,2.9082223e-05,1.2080294e-05,disp_p,303686889.0,pu
7388,10,0.9997886,0.00017915216,2.1633017e-05,1.05964245e-05,disp_p,303686889.0,pu
3313,1,0.10909188,0.06412431,0.018470244,0.8083135,disp_j,387809944.0,eb
3313,2,0.059111897,0.36274877,0.015621947,0.5625174,disp_e,387809944.0,eb
3313,3,0.041171264,0.3679224,0.016084695,0.5748216,disp_e,387809944.0,eb
3313,4,0.044527564,0.22046964,0.020146018,0.7148568,disp_e,387809944.0,eb
3313,5,0.042288654,0.35032153,0.01577511,0.5916147,disp_e,387809944.0,eb
3313,6,0.042279225,0.39151973,0.019386292,0.54681474,disp_e,387809944.0,eb
3313,7,0.055421755,0.06579905,0.017843802,0.86093533,disp_j,387809944.0,eb
3313,8,0.024899201,0.22424825,0.010216916,0.74063563,disp_e,387809944.0,eb
3313,9,0.043591548,0.38051528,0.016067099,0.55982614,disp_e,387809944.0,eb
3313,10,0.048353996,0.4184859,0.011631358,0.5215287,disp_e,387809944.0,eb
2505,1,0.078748845,0.9184512,0.0014656126,0.0013343208,disp_e,251183783.0,et
2505,2,0.051876538,0.94289017,0.0030261497,0.002207088,disp_e,251183783.0,et
2505,3,0.034211665,0.9624992,0.0015696393,0.0017194218,disp_e,251183783.0,et
2505,4,0.053358417,0.94321233,0.0019140401,0.0015152505,disp_e,251183783.0,et
2505,5,0.037675474,0.9584184,0.002116898,0.001789205,disp_e,251183783.0,et
2505,6,0.041012987,0.9551219,0.002446628,0.0014186043,disp_e,251183783.0,et
2505,7,0.0516366,0.9455036,0.0016655317,0.0011942554,disp_e,251183783.0,et
2505,8,0.036535043,0.9573513,0.0025623252,0.0035513614,disp_e,251183783.0,et
2505,9,0.036131177,0.9602449,0.0019539038,0.0016700434,disp_e,251183783.0,et
2505,10,0.051918592,0.9432867,0.0026213466,0.0021733746,disp_e,251183783.0,et
27983,1,0.00064876844,0.033109292,0.0005421236,0.9656998,disp_j,35387651.0,B
27983,2,0.0013728815,0.020657882,0.00031819075,0.97765106,disp_j,35387651.0,B
27983,3,0.00094402157,0.020187067,0.0006092984,0.97825956,disp_j,35387651.0,B
27983,4,0.0006376882,0.03159896,0.00045441455,0.9673089,disp_j,35387651.0,B
27983,5,0.0013742035,0.022503648,0.00061381684,0.97550833,disp_j,35387651.0,B
27983,6,0.00080647384,0.010872545,0.0005481083,0.9877729,disp_j,35387651.0,B
27983,7,0.00045757036,0.035573322,0.0006280958,0.96334106,disp_j,35387651.0,B
27983,8,0.0010406409,0.01517924,0.0006613531,0.9831187,disp_j,35387651.0,B
27983,9,0.0005981589,0.016879736,0.00030104755,0.98222107,disp_j,35387651.0,B
27983,10,0.0019100518,0.0230341,0.00060746726,0.9744484,disp_j,35387651.0,B
6146,1,0.9866312,0.01251348,0.00040928056,0.00044598937,disp_p,206785987.0,pu
6146,2,0.99771225,0.0022384613,3.3704862e-05,1.5571475e-05,disp_p,206785987.0,pu
6146,3,0.99358517,0.006293821,8.051932e-05,4.0470095e-05,disp_p,206785987.0,pu
6146,4,0.9872843,0.012294827,0.00026058996,0.00016026154,disp_p,206785987.0,pu
6146,5,0.99698335,0.0029510162,4.4896482e-05,2.0715157e-05,disp_p,206785987.0,pu
6146,6,0.99852294,0.0014375364,2.9006562e-05,1.0546015e-05,disp_p,206785987.0,pu
6146,7,0.98661846,0.012727756,0.00031254714,0.00034132224,disp_p,206785987.0,pu
6146,8,0.9970944,0.002839741,4.1910014e-05,2.387883e-05,disp_p,206785987.0,pu
6146,9,0.9935489,0.006378603,6.0985625e-05,1.1536988e-05,disp_p,206785987.0,pu
6146,10,0.9977823,0.0021189812,7.646549e-05,2.2260092e-05,disp_p,206785987.0,pu
1351,1,0.9868144,0.011707423,0.00064012536,0.00083803246,disp_p,375090559.0,eb
1351,2,0.9483973,0.04626455,0.0027975962,0.002540577,disp_p,375090559.0,eb
1351,3,0.9579406,0.037380464,0.0023606464,0.0023183057,disp_p,375090559.0,eb
1351,4,0.9781576,0.01987332,0.0011368808,0.000832239,disp_p,375090559.0,eb
1351,5,0.9393236,0.054790597,0.0029559466,0.0029298263,disp_p,375090559.0,eb
1351,6,0.9435963,0.05099548,0.0029007061,0.0025075215,disp_p,375090559.0,eb
1351,7,0.98081183,0.01758776,0.00068075623,0.00091963954,disp_p,375090559.0,eb
1351,8,0.9507805,0.045010913,0.0020923694,0.0021161372,disp_p,375090559.0,eb
1351,9,0.950902,0.044657763,0.0025378931,0.0019023563,disp_p,375090559.0,eb
1351,10,0.95257634,0.04297303,0.002475798,0.0019749596,disp_p,375090559.0,eb
5401,1,0.9976724,0.0011625085,0.00029553258,0.0008695597,disp_p,144006874.0,pu
5401,2,0.99832314,0.0010742543,0.00022001125,0.00038259872,disp_p,144006874.0,pu
5401,3,0.99805367,0.0012723163,0.000282016,0.0003920821,disp_p,144006874.0,pu
5401,4,0.9978678,0.0013574754,0.0003255663,0.0004491105,disp_p,144006874.0,pu
5401,5,0.9984654,0.0008502525,0.00027445582,0.00040989125,disp_p,144006874.0,pu
5401,6,0.9988366,0.0006073061,0.00024796667,0.00030805555,disp_p,144006874.0,pu
5401,7,0.9971624,0.001789347,0.00030585736,0.0007424114,disp_p,144006874.0,pu
5401,8,0.9984249,0.0009529094,0.00028358563,0.00033858,disp_p,144006874.0,pu
5401,9,0.9984262,0.0010512661,0.00026099122,0.0002615486,disp_p,144006874.0,pu
5401,10,0.99877244,0.00070298655,0.00023515549,0.00028939708,disp_p,144006874.0,pu
7784,1,0.9992194,0.00028419268,0.00010664464,0.00038971825,disp_p,335655755.0,pu
7784,2,0.99987555,0.0001148902,6.2474273e-06,3.3727842e-06,disp_p,335655755.0,pu
7784,3,0.9997305,0.00024814837,1.3576695e-05,7.727716e-06,disp_p,335655755.0,pu
7784,4,0.99927,0.0005667921,8.026665e-05,8.289763e-05,disp_p,335655755.0,pu
7784,5,0.99985635,0.00012653864,1.0200975e-05,6.850733e-06,disp_p,335655755.0,pu
7784,6,0.99990726,8.1334685e-05,7.481438e-06,3.8737385e-06,disp_p,335655755.0,pu
7784,7,0.9988165,0.00060498196,0.00013250779,0.00044598937,disp_p,335655755.0,pu
7784,8,0.9998615,0.00012373197,8.930392e-06,5.7976113e-06,disp_p,335655755.0,pu
7784,9,0.9998067,0.00017994718,1.0543112e-05,2.9162688e-06,disp_p,335655755.0,pu
7784,10,0.9998487,0.00012650341,1.7669914e-05,7.0698775e-06,disp_p,335655755.0,pu
4332,1,0.99776125,0.0018821884,0.00015665224,0.00019993099,disp_p,42484503.0,pu
4332,2,0.9988404,0.0010462481,6.5552405e-05,4.7746737e-05,disp_p,42484503.0,pu
4332,3,0.9982287,0.0015965032,0.00010539886,6.932004e-05,disp_p,42484503.0,pu
4332,4,0.9986671,0.0011458681,0.00010964686,7.7384364e-05,disp_p,42484503.0,pu
4332,5,0.99837327,0.0014166657,0.00011831532,9.1790964e-05,disp_p,42484503.0,pu
4332,6,0.99909127,0.0007801433,7.913358e-05,4.9504557e-05,disp_p,42484503.0,pu
4332,7,0.99755174,0.0021345126,0.0001192668,0.00019450385,disp_p,42484503.0,pu
4332,8,0.9980471,0.0017860198,9.4174364e-05,7.25925e-05,disp_p,42484503.0,pu
4332,9,0.9980975,0.0017475347,0.000112849615,4.2216343e-05,disp_p,42484503.0,pu
4332,10,0.9984475,0.001353421,0.00013152535,6.7588546e-05,disp_p,42484503.0,pu
27355,1,0.0028265251,0.013084154,0.0015322446,0.9825571,disp_j,24943887.0,
27355,2,0.005419637,0.014845112,0.0015324008,0.9782029,disp_j,24943887.0,
27355,3,0.00546893,0.016573414,0.002950296,0.9750073,disp_j,24943887.0,
27355,4,0.002757128,0.014524699,0.0016171384,0.98110104,disp_j,24943887.0,
27355,5,0.004742649,0.016097326,0.002646669,0.9765133,disp_j,24943887.0,
27355,6,0.0043677464,0.007265904,0.0022612445,0.986105,disp_j,24943887.0,
27355,7,0.0025642195,0.011190591,0.0028705015,0.9833746,disp_j,24943887.0,
27355,8,0.004642858,0.014435748,0.003359619,0.9775619,disp_j,24943887.0,
27355,9,0.0033533568,0.010117855,0.001402891,0.9851259,disp_j,24943887.0,
27355,10,0.007637135,0.017804662,0.0029722943,0.9715859,disp_j,24943887.0,
5266,1,0.9953803,0.0010761173,0.00054886506,0.0029947436,disp_p,134551640.0,pu
5266,2,0.99952245,0.00040499688,3.9370265e-05,3.3251592e-05,disp_p,134551640.0,pu
5266,3,0.99901354,0.0008401067,7.883938e-05,6.7472574e-05,disp_p,134551640.0,pu
5266,4,0.9977616,0.0014171101,0.00031723798,0.00050409994,disp_p,134551640.0,pu
5266,5,0.99957126,0.00034340538,4.520217e-05,4.013844e-05,disp_p,134551640.0,pu
5266,6,0.9996697,0.00025535055,4.2450112e-05,3.2589094e-05,disp_p,134551640.0,pu
5266,7,0.99500024,0.0019453438,0.0006172537,0.0024372207,disp_p,134551640.0,pu
5266,8,0.9995864,0.00032685092,4.6790683e-05,3.993683e-05,disp_p,134551640.0,pu
5266,9,0.9993969,0.0005189737,5.4853634e-05,2.92618e-05,disp_p,134551640.0,pu
5266,10,0.99959975,0.00029914422,6.187944e-05,3.9282135e-05,disp_p,134551640.0,pu
5041,1,0.8679561,0.11735591,0.004564722,0.01012328,disp_p,115242351.0,pu
5041,2,0.94365746,0.049245358,0.002554729,0.0045424807,disp_p,115242351.0,pu
5041,3,0.8979422,0.09312318,0.0035778254,0.0053569027,disp_p,115242351.0,pu
5041,4,0.8770341,0.11429878,0.0036568027,0.0050103297,disp_p,115242351.0,pu
5041,5,0.9407683,0.0517386,0.0030146022,0.0044785426,disp_p,115242351.0,pu
5041,6,0.93685836,0.055556457,0.0031594085,0.0044258675,disp_p,115242351.0,pu
5041,7,0.8092452,0.17465922,0.0059201517,0.010175392,disp_p,115242351.0,pu
5041,8,0.9234966,0.057828017,0.006411996,0.012263363,disp_p,115242351.0,pu
5041,9,0.9287618,0.065137796,0.0027014813,0.0033988943,disp_p,115242351.0,pu
5041,10,0.95258206,0.038112868,0.003907486,0.00539761,disp_p,115242351.0,pu
2610,1,0.041055463,0.958615,0.00020014528,0.00012935545,disp_e,274161343.0,ebs
2610,2,0.027426364,0.9702233,0.0014726381,0.0008776985,disp_e,274161343.0,ebs
2610,3,0.04009965,0.9578683,0.0010749658,0.0009571537,disp_e,274161343.0,ebs
2610,4,0.1091742,0.88913864,0.0011597428,0.00052742177,disp_e,274161343.0,ebs
2610,5,0.026689386,0.9716095,0.0010019153,0.00069920794,disp_e,274161343.0,ebs
2610,6,0.03374767,0.9633511,0.0019519862,0.000949282,disp_e,274161343.0,ebs
2610,7,0.051457595,0.94802195,0.0003506877,0.00016976953,disp_e,274161343.0,ebs
2610,8,0.01672757,0.9813921,0.00080964144,0.0010707426,disp_e,274161343.0,ebs
2610,9,0.06517611,0.93249756,0.0014781631,0.0008481693,disp_e,274161343.0,ebs
2610,10,0.026424937,0.971773,0.0011495219,0.0006525323,disp_e,274161343.0,ebs
2904,1,0.076691024,0.9178057,0.002649887,0.0028533868,disp_e,317396893.0,eb
2904,2,0.03774524,0.9531508,0.0041669467,0.0049369303,disp_e,317396893.0,eb
2904,3,0.033179887,0.9590864,0.002659813,0.005073937,disp_e,317396893.0,eb
2904,4,0.04365083,0.950042,0.0028153178,0.0034918308,disp_e,317396893.0,eb
2904,5,0.031779207,0.9602958,0.0031365561,0.0047884122,disp_e,317396893.0,eb
2904,6,0.023869349,0.96955216,0.0031902562,0.0033881946,disp_e,317396893.0,eb
2904,7,0.044062536,0.95175505,0.0019851038,0.0021973106,disp_e,317396893.0,eb
2904,8,0.025515694,0.96512324,0.0030133217,0.0063477936,disp_e,317396893.0,eb
2904,9,0.030324375,0.96065426,0.003616327,0.0054050926,disp_e,317396893.0,eb
2904,10,0.029066568,0.9637512,0.0028208431,0.0043614213,disp_e,317396893.0,eb
933,1,0.05237436,0.946189,0.000858073,0.00057853136,disp_e,294325257.0,eb
933,2,0.05567144,0.9429884,0.00090633996,0.00043376427,disp_e,294325257.0,eb
933,3,0.04809471,0.9508932,0.0005480279,0.00046402335,disp_e,294325257.0,eb
933,4,0.023001136,0.97603023,0.0006247192,0.0003439275,disp_e,294325257.0,eb
933,5,0.04451885,0.9543902,0.00073492754,0.00035601397,disp_e,294325257.0,eb
933,6,0.028345866,0.9706113,0.00076399214,0.00027884706,disp_e,294325257.0,eb
933,7,0.029521223,0.9694138,0.00065108977,0.00041400205,disp_e,294325257.0,eb
933,8,0.064194165,0.93422186,0.00081469154,0.00076921954,disp_e,294325257.0,eb
933,9,0.051577426,0.9472949,0.0008084025,0.00031927222,disp_e,294325257.0,eb
933,10,0.06740991,0.9311661,0.0009968035,0.000427287,disp_e,294325257.0,eb
3964,1,0.47834936,0.5147047,0.003932374,0.0030135799,disp_e,9858404.0,
3964,2,0.8296286,0.1662346,0.0027073582,0.0014294157,disp_p,9858404.0,
3964,3,0.6993309,0.29440317,0.003665303,0.0026006114,disp_e,9858404.0,
3964,4,0.6527767,0.34356678,0.0023594457,0.001297014,disp_e,9858404.0,
3964,5,0.79526114,0.20052156,0.0027403033,0.0014769745,disp_p,9858404.0,
3964,6,0.83946514,0.15639497,0.0027642914,0.0013756003,disp_p,9858404.0,
3964,7,0.49282345,0.50211406,0.0031953342,0.0018671177,disp_e,9858404.0,
3964,8,0.83945805,0.15622033,0.002467155,0.001854453,disp_p,9858404.0,
3964,9,0.7454722,0.25006118,0.0033883785,0.0010781939,disp_e,9858404.0,
3964,10,0.86861694,0.12699868,0.0031528417,0.0012316201,disp_p,9858404.0,
5483,1,0.99826896,0.00090639095,0.00019241347,0.00063218904,disp_p,148514918.0,pu
5483,2,0.99915993,0.00067364454,7.5507625e-05,9.0862864e-05,disp_p,148514918.0,pu
5483,3,0.9987747,0.0009558728,0.00012184873,0.00014764212,disp_p,148514918.0,pu
5483,4,0.9987342,0.0009162592,0.00015832944,0.00019120044,disp_p,148514918.0,pu
5483,5,0.9991616,0.00059943943,0.00011357454,0.00012533428,disp_p,148514918.0,pu
5483,6,0.99946624,0.0003798911,7.864099e-05,7.5257114e-05,disp_p,148514918.0,pu
5483,7,0.9974572,0.0015995317,0.000257077,0.00068622804,disp_p,148514918.0,pu
5483,8,0.9994962,0.00038979348,5.4792996e-05,5.9128626e-05,disp_p,148514918.0,pu
5483,9,0.9988452,0.0009374534,0.000120248056,9.7024335e-05,disp_p,148514918.0,pu
5483,10,0.99935156,0.00049047096,7.9413236e-05,7.847771e-05,disp_p,148514918.0,pu
8540,1,0.9944507,0.0050795204,0.00022577334,0.00024411568,disp_p,400381085.0,pu
8540,2,0.99950314,0.00047983008,1.1916898e-05,5.067784e-06,disp_p,400381085.0,pu
8540,3,0.99870956,0.0012471267,2.9891533e-05,1.3407721e-05,disp_p,400381085.0,pu
8540,4,0.99638605,0.0034744665,9.6492484e-05,4.3063454e-05,disp_p,400381085.0,pu
8540,5,0.9993519,0.00062291475,1.6990332e-05,8.186126e-06,disp_p,400381085.0,pu
8540,6,0.9996125,0.0003728972,1.082216e-05,3.7799487e-06,disp_p,400381085.0,pu
8540,7,0.9944184,0.0052887932,0.0001403054,0.00015253629,disp_p,400381085.0,pu
8540,8,0.99934584,0.000629733,1.6115231e-05,8.309868e-06,disp_p,400381085.0,pu
8540,9,0.99877435,0.0012017721,2.0201951e-05,3.6715335e-06,disp_p,400381085.0,pu
8540,10,0.9994155,0.00054386444,3.1789856e-05,8.814574e-06,disp_p,400381085.0,pu
5223,1,0.98455656,0.007970144,0.0013850279,0.0060881916,disp_p,130415266.0,pu
5223,2,0.9022725,0.095160685,0.0014944259,0.0010723536,disp_p,130415266.0,pu
5223,3,0.7330392,0.2624045,0.0020912357,0.0024650916,disp_e,130415266.0,pu
5223,4,0.8978153,0.08862249,0.004293238,0.009269018,disp_p,130415266.0,pu
5223,5,0.8248521,0.17188224,0.0017416339,0.0015240806,disp_p,130415266.0,pu
5223,6,0.92588574,0.071155466,0.0016664471,0.0012924112,disp_p,130415266.0,pu
5223,7,0.95633465,0.022486227,0.003251658,0.01792752,disp_p,130415266.0,pu
5223,8,0.8335014,0.16155423,0.0022363686,0.0027081047,disp_p,130415266.0,pu
5223,9,0.8377612,0.15980314,0.0014508286,0.0009848111,disp_p,130415266.0,pu
5223,10,0.91858125,0.078879215,0.0013925777,0.001146992,disp_p,130415266.0,pu
2597,1,0.19119652,0.8071467,0.0009693767,0.00068742636,disp_e,272368236.0,et
2597,2,0.1327912,0.86370254,0.0023970318,0.0011091832,disp_e,272368236.0,et
2597,3,0.08823406,0.9092266,0.0014495164,0.0010898566,disp_e,272368236.0,et
2597,4,0.1537254,0.84374374,0.0016502544,0.00088073424,disp_e,272368236.0,et
2597,5,0.08887804,0.9089241,0.0013478069,0.0008500344,disp_e,272368236.0,et
2597,6,0.09094814,0.9062503,0.0019540144,0.00084752985,disp_e,272368236.0,et
2597,7,0.12272001,0.87581474,0.000956053,0.00050917984,disp_e,272368236.0,et
2597,8,0.090217516,0.90649736,0.0016557554,0.0016293898,disp_e,272368236.0,et
2597,9,0.101640865,0.8958859,0.0016286129,0.0008445057,disp_e,272368236.0,et
2597,10,0.12620535,0.87052536,0.002230835,0.001038451,disp_e,272368236.0,et
1086,1,0.0001753941,0.99980026,1.137948e-05,1.3006212e-05,disp_e,320093611.0,et
1086,2,0.0011447805,0.9983246,0.00022541959,0.00030522374,disp_e,320093611.0,et
1086,3,0.001519711,0.99798954,0.00013661363,0.0003541966,disp_e,320093611.0,et
1086,4,0.00037826924,0.9993973,8.4457344e-05,0.0001400359,disp_e,320093611.0,et
1086,5,0.0013520215,0.9981254,0.00018190159,0.0003406234,disp_e,320093611.0,et
1086,6,0.0011536223,0.9982609,0.00031957208,0.0002658989,disp_e,320093611.0,et
1086,7,0.00027753584,0.9996791,2.0481579e-05,2.289553e-05,disp_e,320093611.0,et
1086,8,0.0015489381,0.99758446,0.00027190958,0.0005947689,disp_e,320093611.0,et
1086,9,0.0013070145,0.9980136,0.00021123976,0.00046817705,disp_e,320093611.0,et
1086,10,0.0013410961,0.9982613,0.00015224452,0.00024541502,disp_e,320093611.0,et
27564,1,0.1891289,0.024795612,0.01721765,0.76885784,disp_j,278831460.0,J
27564,2,0.16834584,0.017974105,0.007889471,0.8057905,disp_j,278831460.0,J
27564,3,0.0758191,0.018662082,0.01147657,0.89404225,disp_j,278831460.0,J
27564,4,0.12528887,0.014799366,0.009883734,0.85002804,disp_j,278831460.0,J
27564,5,0.16697095,0.018540373,0.011927599,0.80256104,disp_j,278831460.0,J
27564,6,0.15560931,0.011186732,0.007653399,0.82555056,disp_j,278831460.0,J
27564,7,0.10152087,0.013544436,0.009898719,0.87503594,disp_j,278831460.0,J
27564,8,0.14405964,0.021935042,0.0073910677,0.82661426,disp_j,278831460.0,J
27564,9,0.09556129,0.011550154,0.005370929,0.8875177,disp_j,278831460.0,J
27564,10,0.19996046,0.021333274,0.0074625923,0.7712437,disp_j,278831460.0,J
26390,1,0.28067887,0.122887425,0.020278316,0.57615536,disp_j,101496204.0,N
26390,2,0.389899,0.2477868,0.025336633,0.3369776,disp_e,101496204.0,N
26390,3,0.36129588,0.21588749,0.024493,0.39832363,disp_e,101496204.0,N
26390,4,0.25657967,0.14463475,0.01597877,0.58280677,disp_j,101496204.0,N
26390,5,0.42553106,0.2639254,0.024363637,0.28617993,disp_e,101496204.0,N
26390,6,0.4436691,0.21661505,0.02047511,0.3192407,disp_e,101496204.0,N
26390,7,0.22706789,0.09602186,0.019452749,0.6574575,disp_j,101496204.0,N
26390,8,0.35598123,0.25010145,0.030749986,0.3631673,disp_e,101496204.0,N
26390,9,0.2987502,0.20929709,0.02491267,0.46704003,disp_j,101496204.0,N
26390,10,0.55083424,0.2058051,0.016393581,0.22696719,disp_p,101496204.0,N
10961,1,0.9999336,2.3072878e-05,8.459509e-06,3.481114e-05,disp_p,,
10961,2,0.9999645,1.6754182e-05,5.5274095e-06,1.3279129e-05,disp_p,,
10961,3,0.99997056,1.6740325e-05,5.2742175e-06,7.4598033e-06,disp_p,,
10961,4,0.99987006,8.535962e-05,1.7706949e-05,2.679359e-05,disp_p,,
10961,5,0.999961,1.5700545e-05,6.3648145e-06,1.6937605e-05,disp_p,,
10961,6,0.9999405,3.154152e-05,9.445011e-06,1.8525636e-05,disp_p,,
10961,7,0.9999274,3.8410737e-05,6.6340367e-06,2.7551103e-05,disp_p,,
10961,8,0.99993646,2.8533019e-05,1.1912848e-05,2.311111e-05,disp_p,,
10961,9,0.9999558,2.9580911e-05,6.474946e-06,8.227265e-06,disp_p,,
10961,10,0.99993396,1.7973343e-05,1.652159e-05,3.153449e-05,disp_p,,
8933,1,0.99459153,0.0034545525,0.00065762224,0.0012962088,disp_p,437786834.0,pu
8933,2,0.9940706,0.0042839088,0.0007224624,0.0009230059,disp_p,437786834.0,pu
8933,3,0.9916372,0.0057945317,0.0011102647,0.0014580009,disp_p,437786834.0,pu
8933,4,0.9945779,0.003746897,0.0006991392,0.00097607693,disp_p,437786834.0,pu
8933,5,0.9922168,0.005313672,0.00108986,0.0013796759,disp_p,437786834.0,pu
8933,6,0.9959448,0.0026476579,0.00063719647,0.0007703462,disp_p,437786834.0,pu
8933,7,0.9919152,0.0054852176,0.0008401411,0.0017594125,disp_p,437786834.0,pu
8933,8,0.9951639,0.0034520768,0.000637736,0.00074623304,disp_p,437786834.0,pu
8933,9,0.99228764,0.0058464296,0.000984788,0.0008812245,disp_p,437786834.0,pu
8933,10,0.9957716,0.0030480286,0.000593728,0.0005865582,disp_p,437786834.0,pu
7794,1,0.9906177,0.003604787,0.0010554219,0.0047221673,disp_p,336255880.0,pu
7794,2,0.9790011,0.009312021,0.0024380456,0.0092489505,disp_p,336255880.0,pu
7794,3,0.9778054,0.008373795,0.0029452285,0.010875621,disp_p,336255880.0,pu
7794,4,0.9918297,0.0040604575,0.0011792064,0.002930634,disp_p,336255880.0,pu
7794,5,0.97885346,0.0074108583,0.0035356507,0.010200038,disp_p,336255880.0,pu
7794,6,0.9858773,0.006174662,0.0020335184,0.0059144967,disp_p,336255880.0,pu
7794,7,0.98480797,0.0075597907,0.0017436403,0.0058886944,disp_p,336255880.0,pu
7794,8,0.96690536,0.00989021,0.005110853,0.018093577,disp_p,336255880.0,pu
7794,9,0.97549087,0.010882708,0.002746449,0.010879922,disp_p,336255880.0,pu
7794,10,0.9836258,0.0072385045,0.0018811062,0.007254455,disp_p,336255880.0,pu
6639,1,0.9981342,0.001499178,0.00015354274,0.00021318192,disp_p,251705938.0,pu
6639,2,0.99956256,0.00042602443,7.963519e-06,3.4361908e-06,disp_p,251705938.0,pu
6639,3,0.99924076,0.00073622854,1.6022605e-05,6.9533044e-06,disp_p,251705938.0,pu
6639,4,0.99819905,0.0016675413,8.189978e-05,5.1602285e-05,disp_p,251705938.0,pu
6639,5,0.9994849,0.0004980455,1.1920125e-05,5.12514e-06,disp_p,251705938.0,pu
6639,6,0.9997311,0.00025813037,7.832545e-06,2.8997865e-06,disp_p,251705938.0,pu
6639,7,0.9980306,0.0017009538,0.00010230816,0.00016614018,disp_p,251705938.0,pu
6639,8,0.99921536,0.0007665532,1.1648041e-05,6.349015e-06,disp_p,251705938.0,pu
6639,9,0.999102,0.0008806753,1.49707075e-05,2.3525547e-06,disp_p,251705938.0,pu
6639,10,0.9994855,0.00048572422,2.3018725e-05,5.77249e-06,disp_p,251705938.0,pu
10489,1,0.99913484,0.00041575718,0.000116046765,0.00033342376,disp_p,,
10489,2,0.9942496,0.0026987304,0.0003325471,0.002719073,disp_p,,
10489,3,0.9888728,0.008968664,0.0007338387,0.001424745,disp_p,,
10489,4,0.9962697,0.002602453,0.00025989703,0.0008680088,disp_p,,
10489,5,0.9921897,0.0053164414,0.0002972766,0.0021966468,disp_p,,
10489,6,0.994736,0.0020356614,0.00029888772,0.0029293909,disp_p,,
10489,7,0.9986206,0.000712191,0.00014096122,0.00052624353,disp_p,,
10489,8,0.9765104,0.01908052,0.0007835484,0.003625568,disp_p,,
10489,9,0.9904123,0.007178002,0.0005276224,0.001882055,disp_p,,
10489,10,0.9949115,0.0019908135,0.00041662692,0.0026810847,disp_p,,
5936,1,0.981824,0.017624985,0.00028535625,0.00026568415,disp_p,184240683.0,pu
5936,2,0.9744605,0.02540964,9.667e-05,3.3279215e-05,disp_p,184240683.0,pu
5936,3,0.92213917,0.07752695,0.00023203586,0.00010175765,disp_p,184240683.0,pu
5936,4,0.92408013,0.075062715,0.0005655054,0.00029161797,disp_p,184240683.0,pu
5936,5,0.96219426,0.03763988,0.00012263279,4.3244847e-05,disp_p,184240683.0,pu
5936,6,0.9790614,0.020785298,0.0001193044,3.405763e-05,disp_p,184240683.0,pu
5936,7,0.9718854,0.027432414,0.0003465164,0.00033569426,disp_p,184240683.0,pu
5936,8,0.9649756,0.034858905,0.000105732564,5.980731e-05,disp_p,184240683.0,pu
5936,9,0.93773353,0.062075134,0.00016549556,2.592603e-05,disp_p,184240683.0,pu
5936,10,0.9676214,0.03211395,0.00021589777,4.87366e-05,disp_p,184240683.0,pu
7080,1,0.99835926,0.0010089875,0.00017733297,0.00045444642,disp_p,282890159.0,pu
7080,2,0.9997552,0.00022476134,1.15455905e-05,8.475474e-06,disp_p,282890159.0,pu
7080,3,0.9995204,0.00043861926,2.396658e-05,1.7029017e-05,disp_p,282890159.0,pu
7080,4,0.9990901,0.00077503786,6.836104e-05,6.6511224e-05,disp_p,282890159.0,pu
7080,5,0.9997886,0.00018325062,1.6084681e-05,1.209093e-05,disp_p,282890159.0,pu
7080,6,0.9998709,0.000111573645,1.0727758e-05,6.8211175e-06,disp_p,282890159.0,pu
7080,7,0.9978302,0.0016554949,0.00016349305,0.000350838,disp_p,282890159.0,pu
7080,8,0.999811,0.00016855302,1.1508121e-05,8.955441e-06,disp_p,282890159.0,pu
7080,9,0.9996675,0.00030686829,1.8951032e-05,6.6944417e-06,disp_p,282890159.0,pu
7080,10,0.9998215,0.000148408,1.9630039e-05,1.0466668e-05,disp_p,282890159.0,pu
9212,1,0.99697506,0.0023548633,0.0002599506,0.00041015798,disp_p,463754499.0,pu
9212,2,0.9986552,0.0011403618,0.00010436402,9.9956305e-05,disp_p,463754499.0,pu
9212,3,0.99815196,0.0015138354,0.00017425651,0.00015995848,disp_p,463754499.0,pu
9212,4,0.9976648,0.001989039,0.00018524904,0.00016092812,disp_p,463754499.0,pu
9212,5,0.99894184,0.00082361704,0.00012422478,0.000110322915,disp_p,463754499.0,pu
9212,6,0.9990429,0.00073846773,0.00012118095,9.72969e-05,disp_p,463754499.0,pu
9212,7,0.99594826,0.0033569601,0.00025645856,0.00043830494,disp_p,463754499.0,pu
9212,8,0.9989029,0.0009050385,9.535689e-05,9.6677846e-05,disp_p,463754499.0,pu
9212,9,0.99834335,0.0014048907,0.00016287198,8.886108e-05,disp_p,463754499.0,pu
9212,10,0.99923,0.00061211747,9.76363e-05,6.0239356e-05,disp_p,463754499.0,pu
9431,1,0.71862936,0.0015864049,0.0023304047,0.2774538,disp_p,,
9431,2,0.70273846,0.0025306062,0.0018462794,0.29288468,disp_p,,
9431,3,0.82051593,0.0012610421,0.0015987525,0.17662428,disp_p,,
9431,4,0.7444595,0.004606189,0.0037488043,0.24718544,disp_p,,
9431,5,0.67521787,0.0018846492,0.0023326736,0.32056487,disp_p,,
9431,6,0.6348707,0.0021189302,0.0021422983,0.3608681,disp_p,,
9431,7,0.7562687,0.0019377832,0.0015985314,0.24019505,disp_p,,
9431,8,0.79599637,0.0011490196,0.001581358,0.20127319,disp_p,,
9431,9,0.73329085,0.002300597,0.002625383,0.26178315,disp_p,,
9431,10,0.52858096,0.0018640104,0.002752269,0.46680278,disp_p,,
4013,1,0.985635,0.012069407,0.001000123,0.0012954766,disp_p,15682927.0,pu
4013,2,0.9855474,0.012792606,0.00092833594,0.0007315921,disp_p,15682927.0,pu
4013,3,0.97865367,0.018814042,0.0013794452,0.0011529053,disp_p,15682927.0,pu
4013,4,0.9853344,0.012778307,0.0010642168,0.00082314055,disp_p,15682927.0,pu
4013,5,0.9820679,0.015824353,0.0011399863,0.0009676627,disp_p,15682927.0,pu
4013,6,0.9852291,0.012650126,0.0011910435,0.0009296904,disp_p,15682927.0,pu
4013,7,0.98395985,0.013660023,0.0010364986,0.0013435207,disp_p,15682927.0,pu
4013,8,0.9841121,0.014164599,0.00091757847,0.00080576167,disp_p,15682927.0,pu
4013,9,0.9785821,0.019279955,0.0014285556,0.0007093917,disp_p,15682927.0,pu
4013,10,0.9865696,0.011827414,0.0009970823,0.00060589134,disp_p,15682927.0,pu
2908,1,0.40020493,0.33747938,0.032898776,0.22941697,disp_e,317670803.0,jj
2908,2,0.21344759,0.571281,0.045671504,0.16959989,disp_e,317670803.0,jj
2908,3,0.26000026,0.4972928,0.036628474,0.20607853,disp_e,317670803.0,jj
2908,4,0.37627742,0.3473887,0.033267885,0.24306603,disp_e,317670803.0,jj
2908,5,0.18797578,0.6220783,0.03887166,0.1510742,disp_e,317670803.0,jj
2908,6,0.36598346,0.37175906,0.04219712,0.22006032,disp_e,317670803.0,jj
2908,7,0.4517402,0.26358613,0.04442861,0.24024498,disp_e,317670803.0,jj
2908,8,0.27540675,0.54577625,0.03752369,0.14129332,disp_e,317670803.0,jj
2908,9,0.21712638,0.45992118,0.04872708,0.2742254,disp_e,317670803.0,jj
2908,10,0.27235475,0.5865273,0.027284816,0.11383311,disp_e,317670803.0,jj
27041,1,0.0009457329,0.0019353228,0.00040541118,0.9967135,disp_j,204616593.0,
27041,2,0.0013993178,0.0011525713,0.00023608566,0.9972121,disp_j,204616593.0,
27041,3,0.0019675186,0.002279437,0.00086328393,0.99488974,disp_j,204616593.0,
27041,4,0.0006976949,0.0016818655,0.0003269762,0.9972934,disp_j,204616593.0,
27041,5,0.0012120428,0.0012570348,0.00037048294,0.99716043,disp_j,204616593.0,
27041,6,0.0024911345,0.0009987308,0.00044876244,0.9960614,disp_j,204616593.0,
27041,7,0.00068681955,0.0022813876,0.0005120535,0.9965197,disp_j,204616593.0,
27041,8,0.0018286357,0.00068306265,0.0004376187,0.99705064,disp_j,204616593.0,
27041,9,0.0010330048,0.00061466824,0.00016270888,0.9981895,disp_j,204616593.0,
27041,10,0.0024218555,0.0012609208,0.00048389003,0.9958333,disp_j,204616593.0,
9059,1,0.99876285,0.00089083635,0.00012875065,0.00021766272,disp_p,449491381.0,pu
9059,2,0.99977213,0.00022036671,5.241034e-06,2.2119418e-06,disp_p,449491381.0,pu
9059,3,0.999461,0.0005207295,1.2607041e-05,5.639304e-06,disp_p,449491381.0,pu
9059,4,0.998716,0.0011562464,7.52723e-05,5.248798e-05,disp_p,449491381.0,pu
9059,5,0.9997466,0.00024186152,7.78701e-06,3.707717e-06,disp_p,449491381.0,pu
9059,6,0.9998324,0.00016016605,5.5407754e-06,1.9214883e-06,disp_p,449491381.0,pu
9059,7,0.9984201,0.0012835866,0.00010338038,0.00019288632,disp_p,449491381.0,pu
9059,8,0.999699,0.0002907621,6.834979e-06,3.465927e-06,disp_p,449491381.0,pu
9059,9,0.9994924,0.0004954138,1.0386531e-05,1.8369228e-06,disp_p,449491381.0,pu
9059,10,0.99975675,0.00022424592,1.494724e-05,4.1277244e-06,disp_p,449491381.0,pu
1613,1,0.0034714537,0.9965018,1.7689155e-05,9.083843e-06,disp_e,434225250.0,et
1613,2,0.004758129,0.9946577,0.00035609957,0.00022800945,disp_e,434225250.0,et
1613,3,0.0067561595,0.99260885,0.00027337263,0.0003616512,disp_e,434225250.0,et
1613,4,0.006306372,0.99341464,0.000189379,8.955909e-05,disp_e,434225250.0,et
1613,5,0.004808313,0.9947278,0.0002525775,0.00021133506,disp_e,434225250.0,et
1613,6,0.0050977413,0.9941673,0.00049117155,0.00024378118,disp_e,434225250.0,et
1613,7,0.002429835,0.9975291,2.7709177e-05,1.3430626e-05,disp_e,434225250.0,et
1613,8,0.00375996,0.99569476,0.00021520257,0.0003300357,disp_e,434225250.0,et
1613,9,0.007091096,0.9922626,0.00036527033,0.00028102507,disp_e,434225250.0,et
1613,10,0.0044788048,0.99510694,0.0002468088,0.00016747991,disp_e,434225250.0,et
7309,1,0.99668807,0.0019832135,0.0004074512,0.00092127814,disp_p,298264260.0,pu
7309,2,0.9985826,0.0013494474,4.619705e-05,2.1779526e-05,disp_p,298264260.0,pu
7309,3,0.9958371,0.0039843684,0.000111572066,6.693752e-05,disp_p,298264260.0,pu
7309,4,0.9942179,0.005087864,0.00038188812,0.0003123927,disp_p,298264260.0,pu
7309,5,0.9981793,0.0017028167,7.441518e-05,4.355535e-05,disp_p,298264260.0,pu
7309,6,0.9987923,0.0011297701,5.3899243e-05,2.3992556e-05,disp_p,298264260.0,pu
7309,7,0.99501145,0.003505123,0.0004796275,0.0010037726,disp_p,298264260.0,pu
7309,8,0.9981219,0.0017603688,7.202308e-05,4.576975e-05,disp_p,298264260.0,pu
7309,9,0.9964174,0.003474869,8.421355e-05,2.3468681e-05,disp_p,298264260.0,pu
7309,10,0.99837613,0.0014951032,8.902431e-05,3.972978e-05,disp_p,298264260.0,pu
28651,1,0.20677271,0.0065313964,0.009489479,0.7772064,disp_j,62221734.0,J
28651,2,0.06587971,0.004235466,0.00236886,0.92751604,disp_j,62221734.0,J
28651,3,0.06017719,0.0035637282,0.005215973,0.9310431,disp_j,62221734.0,J
28651,4,0.07814618,0.003881108,0.0031939026,0.9147788,disp_j,62221734.0,J
28651,5,0.069348074,0.002620098,0.0014930746,0.9265387,disp_j,62221734.0,J
28651,6,0.08242854,0.0007999909,0.000959893,0.9158115,disp_j,62221734.0,J
28651,7,0.091062,0.0038448286,0.0039810184,0.90111214,disp_j,62221734.0,J
28651,8,0.053685006,0.0018188078,0.001819946,0.94267625,disp_j,62221734.0,J
28651,9,0.06316273,0.0016361156,0.0012864603,0.9339147,disp_j,62221734.0,J
28651,10,0.10704855,0.0069495463,0.0034014303,0.88260055,disp_j,62221734.0,J
27583,1,0.5401458,0.0068754624,0.00575375,0.447225,disp_p,28001433.0,J
27583,2,0.3120751,0.0046243034,0.005167659,0.67813295,disp_j,28001433.0,J
27583,3,0.21834096,0.0032369236,0.0045551094,0.77386695,disp_j,28001433.0,J
27583,4,0.29452288,0.00773919,0.005259593,0.6924783,disp_j,28001433.0,J
27583,5,0.30781883,0.009505016,0.015972896,0.66670334,disp_j,28001433.0,J
27583,6,0.28669316,0.005314095,0.0077077844,0.7002849,disp_j,28001433.0,J
27583,7,0.17558055,0.007900711,0.00614964,0.81036913,disp_j,28001433.0,J
27583,8,0.119347066,0.0025499205,0.0044229003,0.8736801,disp_j,28001433.0,J
27583,9,0.1137612,0.004016899,0.0041259103,0.87809604,disp_j,28001433.0,J
27583,10,0.51307636,0.008381019,0.008364083,0.4701785,disp_p,28001433.0,J
9412,1,0.91567683,0.026086595,0.008157474,0.05007911,disp_p,,
9412,2,0.9640212,0.002559823,0.0009864668,0.03243246,disp_p,,
9412,3,0.90545505,0.01513844,0.0051903985,0.07421605,disp_p,,
9412,4,0.9392918,0.010117346,0.0036219899,0.04696895,disp_p,,
9412,5,0.9568105,0.0041268268,0.0015487222,0.037514016,disp_p,,
9412,6,0.957455,0.0025203722,0.000942472,0.039082177,disp_p,,
9412,7,0.89069486,0.01743919,0.009116979,0.08274895,disp_p,,
9412,8,0.92602915,0.008694141,0.002262499,0.06301428,disp_p,,
9412,9,0.93449944,0.008611084,0.0030326312,0.053856827,disp_p,,
9412,10,0.9747599,0.0017120101,0.0012556162,0.022272466,disp_p,,
7146,1,0.9957605,0.0022498637,0.0004799158,0.0015096779,disp_p,286712787.0,pu
7146,2,0.9972984,0.0019669381,0.00030136545,0.0004333277,disp_p,286712787.0,pu
7146,3,0.9957004,0.0029126173,0.0005359646,0.0008509624,disp_p,286712787.0,pu
7146,4,0.9969457,0.0021392675,0.00039891666,0.00051609107,disp_p,286712787.0,pu
7146,5,0.9956275,0.002667983,0.00069667725,0.0010077801,disp_p,286712787.0,pu
7146,6,0.99736756,0.0015738179,0.00046164182,0.0005969829,disp_p,286712787.0,pu
7146,7,0.9950807,0.0028344211,0.000606225,0.0014785499,disp_p,286712787.0,pu
7146,8,0.99747854,0.0015760622,0.00040606628,0.00053928955,disp_p,286712787.0,pu
7146,9,0.9954963,0.0032454093,0.0005751786,0.0006831184,disp_p,286712787.0,pu
7146,10,0.9974673,0.0016217062,0.0004105625,0.0005004166,disp_p,286712787.0,pu
3151,1,0.048382256,0.0007190731,0.0013318772,0.9495668,disp_j,350519062.0,jj
3151,2,0.021745913,0.0009410313,0.0005205812,0.9767925,disp_j,350519062.0,jj
3151,3,0.013876216,0.0004690442,0.0008344827,0.9848203,disp_j,350519062.0,jj
3151,4,0.016695604,0.0008682795,0.0007854364,0.9816506,disp_j,350519062.0,jj
3151,5,0.019278008,0.00039115388,0.00074997405,0.9795808,disp_j,350519062.0,jj
3151,6,0.019773293,0.0005268477,0.00061023165,0.9790896,disp_j,350519062.0,jj
3151,7,0.014842459,0.00046506574,0.00062187196,0.98407066,disp_j,350519062.0,jj
3151,8,0.009545255,0.00066592026,0.0005778,0.98921096,disp_j,350519062.0,jj
3151,9,0.016051333,0.00066028204,0.0005194736,0.98276895,disp_j,350519062.0,jj
3151,10,0.02408211,0.0007229163,0.00047549966,0.97471946,disp_j,350519062.0,jj
8895,1,0.99665976,0.002156906,0.00038960337,0.0007938076,disp_p,434813314.0,pu
8895,2,0.9995314,0.00043997017,1.9526053e-05,9.1261745e-06,disp_p,434813314.0,pu
8895,3,0.9990796,0.0008682053,3.333342e-05,1.8848028e-05,disp_p,434813314.0,pu
8895,4,0.9974148,0.0021999383,0.0002149066,0.00017030629,disp_p,434813314.0,pu
8895,5,0.99950683,0.00045044595,2.6832075e-05,1.5930276e-05,disp_p,434813314.0,pu
8895,6,0.999655,0.00031307293,2.211066e-05,9.739315e-06,disp_p,434813314.0,pu
8895,7,0.9964451,0.0025496285,0.00034204472,0.00066314253,disp_p,434813314.0,pu
8895,8,0.9995906,0.0003773786,1.999921e-05,1.1995354e-05,disp_p,434813314.0,pu
8895,9,0.9991623,0.0007961219,3.343628e-05,8.08403e-06,disp_p,434813314.0,pu
8895,10,0.9995703,0.00037983377,3.5302422e-05,1.4581331e-05,disp_p,434813314.0,pu
4487,1,0.9975612,0.00191117,0.0001961872,0.0003313681,disp_p,58372253.0,pu
4487,2,0.9994116,0.00057708734,7.975564e-06,3.3145816e-06,disp_p,58372253.0,pu
4487,3,0.9980977,0.0018664141,2.455411e-05,1.131494e-05,disp_p,58372253.0,pu
4487,4,0.99591655,0.0038079475,0.0001557487,0.000119694065,disp_p,58372253.0,pu
4487,5,0.99918765,0.0007925185,1.3875566e-05,5.9519266e-06,disp_p,58372253.0,pu
4487,6,0.99946743,0.0005169856,1.1658682e-05,3.941094e-06,disp_p,58372253.0,pu
4487,7,0.9962053,0.0032461013,0.00020427004,0.0003444476,disp_p,58372253.0,pu
4487,8,0.9992187,0.0007655585,1.0352758e-05,5.41199e-06,disp_p,58372253.0,pu
4487,9,0.9979899,0.0019867045,1.9975108e-05,3.3739154e-06,disp_p,58372253.0,pu
4487,10,0.9993086,0.00066182326,2.3779294e-05,5.7293514e-06,disp_p,58372253.0,pu
9144,1,0.99944097,0.00040723063,5.3476113e-05,9.83098e-05,disp_p,457789844.0,pu
9144,2,0.99987674,0.00011205736,6.713593e-06,4.564801e-06,disp_p,457789844.0,pu
9144,3,0.9997744,0.00020058847,1.4865181e-05,1.011093e-05,disp_p,457789844.0,pu
9144,4,0.99974376,0.00021500941,2.3611632e-05,1.7568858e-05,disp_p,457789844.0,pu
9144,5,0.99988425,9.7328324e-05,1.0572183e-05,7.810835e-06,disp_p,457789844.0,pu
9144,6,0.9999268,6.154187e-05,7.1458776e-06,4.4635103e-06,disp_p,457789844.0,pu
9144,7,0.99939823,0.00048543475,3.7265763e-05,7.900411e-05,disp_p,457789844.0,pu
9144,8,0.999871,0.00011741271,6.8863105e-06,4.6941077e-06,disp_p,457789844.0,pu
9144,9,0.9997645,0.000212487,1.7162562e-05,5.7975076e-06,disp_p,457789844.0,pu
9144,10,0.999905,7.906716e-05,1.1218431e-05,4.7474828e-06,disp_p,457789844.0,pu
1564,1,0.0035919885,0.99633884,4.331629e-05,2.5887643e-05,disp_e,418659523.0,eb
1564,2,0.0034831977,0.9957754,0.00042854215,0.00031291042,disp_e,418659523.0,eb
1564,3,0.004669622,0.99464583,0.00028514542,0.00039942763,disp_e,418659523.0,eb
1564,4,0.003617076,0.9960226,0.00021992542,0.00014031747,disp_e,418659523.0,eb
1564,5,0.0030386613,0.99641234,0.0002735357,0.00027540565,disp_e,418659523.0,eb
1564,6,0.0028299887,0.9964629,0.000460546,0.0002466349,disp_e,418659523.0,eb
1564,7,0.0031635389,0.9967147,7.6030825e-05,4.5748875e-05,disp_e,418659523.0,eb
1564,8,0.0021721513,0.9971597,0.0002429182,0.00042518944,disp_e,418659523.0,eb
1564,9,0.004966527,0.9942537,0.0003956446,0.00038419524,disp_e,418659523.0,eb
1564,10,0.0032586646,0.99625754,0.00026184632,0.00022195857,disp_e,418659523.0,eb
6787,1,0.9986608,0.0008118829,0.00017424095,0.00035304026,disp_p,264223828.0,pu
6787,2,0.9979354,0.0015747448,0.00024934122,0.00024053165,disp_p,264223828.0,pu
6787,3,0.99733305,0.0019768174,0.00035036769,0.00033973702,disp_p,264223828.0,pu
6787,4,0.99784195,0.0014265693,0.00032956857,0.00040182893,disp_p,264223828.0,pu
6787,5,0.9984409,0.001059544,0.00024328576,0.00025624665,disp_p,264223828.0,pu
6787,6,0.99852294,0.0009614668,0.00026702927,0.0002486052,disp_p,264223828.0,pu
6787,7,0.9977062,0.0014232703,0.0002753801,0.0005952319,disp_p,264223828.0,pu
6787,8,0.99847037,0.0011108464,0.00020583338,0.00021292268,disp_p,264223828.0,pu
6787,9,0.99756193,0.0018792559,0.0003445688,0.00021419203,disp_p,264223828.0,pu
6787,10,0.99903667,0.0007046188,0.00014749265,0.00011126802,disp_p,264223828.0,pu
4131,1,0.9987436,0.00065329304,0.00012355298,0.00047952306,disp_p,26390980.0,pu
4131,2,0.999223,0.00059779896,7.064081e-05,0.00010858819,disp_p,26390980.0,pu
4131,3,0.9985843,0.0010360767,0.00015305061,0.00022657865,disp_p,26390980.0,pu
4131,4,0.99878985,0.00081439543,0.00014403558,0.0002517025,disp_p,26390980.0,pu
4131,5,0.9990181,0.00065382384,0.00013601992,0.00019203464,disp_p,26390980.0,pu
4131,6,0.9995129,0.00032321768,7.179501e-05,9.202905e-05,disp_p,26390980.0,pu
4131,7,0.9981602,0.0011119553,0.00016206576,0.00056578557,disp_p,26390980.0,pu
4131,8,0.99930274,0.00054441276,6.692366e-05,8.589408e-05,disp_p,26390980.0,pu
4131,9,0.99872714,0.00097656203,0.00013805492,0.0001581332,disp_p,26390980.0,pu
4131,10,0.99952674,0.00033752096,6.442496e-05,7.126909e-05,disp_p,26390980.0,pu
9936,1,0.9884494,1.4768126e-05,2.9476103e-05,0.011506361,disp_p,,
9936,2,0.9799673,1.656798e-05,2.0356629e-05,0.019995892,disp_p,,
9936,3,0.9942206,6.718586e-06,1.780215e-05,0.005754854,disp_p,,
9936,4,0.94092065,0.00010357156,0.000117755364,0.058858022,disp_p,,
9936,5,0.9935163,8.7180015e-06,4.5579334e-05,0.006429355,disp_p,,
9936,6,0.8839264,8.10791e-06,3.3960045e-05,0.11603157,disp_p,,
9936,7,0.9809199,9.244323e-05,6.0877665e-05,0.018926708,disp_p,,
9936,8,0.9788777,1.6544611e-06,1.5442209e-05,0.0211052,disp_p,,
9936,9,0.9803964,2.1090991e-05,7.208274e-05,0.019510405,disp_p,,
9936,10,0.9895495,6.5802724e-06,5.4696386e-05,0.010389164,disp_p,,
4048,1,0.9853563,0.005510463,0.0014341909,0.007698988,disp_p,18318288.0,pu
4048,2,0.9962521,0.0017634158,0.00045720118,0.0015272842,disp_p,18318288.0,pu
4048,3,0.99536645,0.002218565,0.0006576957,0.0017572845,disp_p,18318288.0,pu
4048,4,0.9968555,0.0017096141,0.00044114637,0.0009936943,disp_p,18318288.0,pu
4048,5,0.9969319,0.0013517938,0.0005036983,0.00121265,disp_p,18318288.0,pu
4048,6,0.99778926,0.000941847,0.00038252177,0.00088637404,disp_p,18318288.0,pu
4048,7,0.98390263,0.0060672173,0.0014729531,0.008557196,disp_p,18318288.0,pu
4048,8,0.9968817,0.0012923813,0.00053465634,0.0012912098,disp_p,18318288.0,pu
4048,9,0.9957416,0.002356058,0.0005889839,0.0013133809,disp_p,18318288.0,pu
4048,10,0.99808264,0.0008647101,0.00030811233,0.00074454787,disp_p,18318288.0,pu
10825,1,0.9490814,0.0162505,0.006707427,0.027960673,disp_p,,
10825,2,0.9710162,0.0044833007,0.001911995,0.022588434,disp_p,,
10825,3,0.971687,0.016727617,0.0032902008,0.008295204,disp_p,,
10825,4,0.96585464,0.017634986,0.0026410094,0.013869271,disp_p,,
10825,5,0.96896654,0.008257879,0.0016671027,0.02110841,disp_p,,
10825,6,0.9639057,0.0056411484,0.0016390465,0.028814139,disp_p,,
10825,7,0.94812673,0.014608134,0.0054151043,0.031850047,disp_p,,
10825,8,0.97735775,0.01040842,0.0020105273,0.010223269,disp_p,,
10825,9,0.9722125,0.013469742,0.002374853,0.011942973,disp_p,,
10825,10,0.9689126,0.004670871,0.0023281148,0.024088457,disp_p,,
9320,1,0.9954542,0.004115349,0.00021182002,0.00021860229,disp_p,950525831.0,pu
9320,2,0.99674183,0.003205936,3.8758768e-05,1.3512943e-05,disp_p,950525831.0,pu
9320,3,0.9886855,0.0111778155,9.670867e-05,3.9892635e-05,disp_p,950525831.0,pu
9320,4,0.98730135,0.01224637,0.000298505,0.00015384566,disp_p,950525831.0,pu
9320,5,0.99343795,0.006478729,6.0108297e-05,2.3098464e-05,disp_p,950525831.0,pu
9320,6,0.996626,0.003311545,4.7807964e-05,1.46812345e-05,disp_p,950525831.0,pu
9320,7,0.99427927,0.005329798,0.00017877528,0.00021214239,disp_p,950525831.0,pu
9320,8,0.99367225,0.006247394,5.2801566e-05,2.7500333e-05,disp_p,950525831.0,pu
9320,9,0.9904073,0.009516345,6.5645465e-05,1.0791091e-05,disp_p,950525831.0,pu
9320,10,0.9945045,0.005364699,0.000105613035,2.5137238e-05,disp_p,950525831.0,pu
2148,1,0.13140938,0.85843897,0.0042396714,0.0059120003,disp_e,165951398.0,et
2148,2,0.062596984,0.8983939,0.012903818,0.026105212,disp_e,165951398.0,et
2148,3,0.056999896,0.9007795,0.00933438,0.032886308,disp_e,165951398.0,et
2148,4,0.12908912,0.85669166,0.0055377455,0.008681452,disp_e,165951398.0,et
2148,5,0.051120117,0.9087397,0.010867118,0.029273111,disp_e,165951398.0,et
2148,6,0.0586835,0.9048413,0.012159914,0.02431525,disp_e,165951398.0,et
2148,7,0.07957288,0.9111857,0.004267758,0.0049737,disp_e,165951398.0,et
2148,8,0.035047058,0.9138159,0.010982526,0.04015451,disp_e,165951398.0,et
2148,9,0.042957693,0.9207218,0.009953896,0.026366672,disp_e,165951398.0,et
2148,10,0.056166664,0.9164273,0.007518556,0.019887509,disp_e,165951398.0,et
6143,1,0.43680534,0.5347966,0.009216991,0.01918105,disp_e,206669860.0,pu
6143,2,0.32675284,0.574472,0.021895954,0.07687918,disp_e,206669860.0,pu
6143,3,0.23086756,0.69172794,0.015109155,0.06229538,disp_e,206669860.0,pu
6143,4,0.39010122,0.5663033,0.01382307,0.029772382,disp_e,206669860.0,pu
6143,5,0.24805474,0.67570037,0.017339308,0.058905583,disp_e,206669860.0,pu
6143,6,0.3409372,0.5760915,0.022106942,0.060864344,disp_e,206669860.0,pu
6143,7,0.28225505,0.682931,0.012096492,0.022717422,disp_e,206669860.0,pu
6143,8,0.2400811,0.6256969,0.019010972,0.115211055,disp_e,206669860.0,pu
6143,9,0.2069391,0.7016655,0.017662475,0.07373287,disp_e,206669860.0,pu
6143,10,0.35914022,0.54095477,0.016384838,0.083520174,disp_e,206669860.0,pu
27465,1,0.006296057,0.19255115,0.0045997202,0.7965531,disp_j,266769513.0,B
27465,2,0.011147367,0.39511874,0.004754331,0.58897954,disp_e,266769513.0,B
27465,3,0.009485821,0.350342,0.0054656803,0.63470644,disp_e,266769513.0,B
27465,4,0.0067290105,0.2339971,0.0048718974,0.754402,disp_e,266769513.0,B
27465,5,0.015532747,0.3775,0.008314713,0.59865254,disp_e,266769513.0,B
27465,6,0.011681223,0.28097555,0.010451178,0.6968921,disp_e,266769513.0,B
27465,7,0.005407815,0.16813228,0.0060257725,0.8204341,disp_j,266769513.0,B
27465,8,0.012385237,0.30975798,0.009224914,0.66863185,disp_e,266769513.0,B
27465,9,0.006391158,0.40935838,0.005037951,0.5792125,disp_e,266769513.0,B
27465,10,0.01234021,0.42219424,0.0076080193,0.55785763,disp_e,266769513.0,B
3258,1,0.4755615,0.3103207,0.023328084,0.19078979,disp_e,378846327.0,jj
3258,2,0.083578005,0.053160015,0.011353942,0.851908,disp_j,378846327.0,jj
3258,3,0.090109974,0.06825829,0.019272314,0.82235944,disp_j,378846327.0,jj
3258,4,0.24585909,0.42141843,0.02666249,0.30606,disp_e,378846327.0,jj
3258,5,0.080648705,0.06644441,0.017206082,0.83570075,disp_j,378846327.0,jj
3258,6,0.08998343,0.088935606,0.016029231,0.8050517,disp_j,378846327.0,jj
3258,7,0.2755312,0.45803335,0.042110175,0.22432528,disp_e,378846327.0,jj
3258,8,0.052142292,0.035447232,0.009159085,0.9032514,disp_j,378846327.0,jj
3258,9,0.058701966,0.07567203,0.013146302,0.85247976,disp_j,378846327.0,jj
3258,10,0.07993778,0.046519596,0.01110458,0.86243796,disp_j,378846327.0,jj
7322,1,0.981263,0.010350217,0.0015617555,0.0068251314,disp_p,298981199.0,pu
7322,2,0.9880977,0.008272573,0.0011350699,0.0024947037,disp_p,298981199.0,pu
7322,3,0.98383623,0.011012208,0.0015396487,0.0036119039,disp_p,298981199.0,pu
7322,4,0.9782909,0.01300676,0.0023349824,0.0063672983,disp_p,298981199.0,pu
7322,5,0.9778476,0.015324267,0.0022054473,0.0046226797,disp_p,298981199.0,pu
7322,6,0.9889681,0.0071188584,0.0014689285,0.002444098,disp_p,298981199.0,pu
7322,7,0.97365475,0.01359874,0.0030084965,0.009738076,disp_p,298981199.0,pu
7322,8,0.97891426,0.011764326,0.00257031,0.006751033,disp_p,298981199.0,pu
7322,9,0.985693,0.010456386,0.0013317304,0.0025188033,disp_p,298981199.0,pu
7322,10,0.9822635,0.011780188,0.001860171,0.004096128,disp_p,298981199.0,pu
1602,1,0.007129816,0.9928007,4.4015957e-05,2.5489106e-05,disp_e,428117606.0,et
1602,2,0.014492689,0.98216873,0.0018417508,0.0014968438,disp_e,428117606.0,et
1602,3,0.015883436,0.9811359,0.0012321097,0.0017485116,disp_e,428117606.0,et
1602,4,0.017387899,0.98182684,0.00049667334,0.00028851052,disp_e,428117606.0,et
1602,5,0.013326105,0.98439133,0.0011491753,0.001133339,disp_e,428117606.0,et
1602,6,0.01761593,0.9792777,0.0018823434,0.0012240293,disp_e,428117606.0,et
1602,7,0.0074662673,0.99241453,8.134144e-05,3.7846225e-05,disp_e,428117606.0,et
1602,8,0.009974789,0.9872428,0.001072472,0.0017098758,disp_e,428117606.0,et
1602,9,0.015868029,0.98135465,0.0013795181,0.0013977103,disp_e,428117606.0,et
1602,10,0.012499967,0.98529184,0.0011881073,0.0010200829,disp_e,428117606.0,et
5705,1,0.99566513,0.0011279301,0.00031998553,0.0028869372,disp_p,162387333.0,pu
5705,2,0.99873537,0.00063618243,0.00014590264,0.00048263452,disp_p,162387333.0,pu
5705,3,0.9980963,0.0009854567,0.00023195811,0.0006862121,disp_p,162387333.0,pu
5705,4,0.99795747,0.0011463311,0.00026546948,0.0006308317,disp_p,162387333.0,pu
5705,5,0.9989901,0.0004290667,0.0001650854,0.0004157713,disp_p,162387333.0,pu
5705,6,0.99922466,0.00035000514,0.00015296077,0.00027235507,disp_p,162387333.0,pu
5705,7,0.9946525,0.0022144867,0.00048645982,0.0026464777,disp_p,162387333.0,pu
5705,8,0.9982432,0.00087112037,0.00026898255,0.00061672746,disp_p,162387333.0,pu
5705,9,0.9983833,0.0008663492,0.000221535,0.00052890525,disp_p,162387333.0,pu
5705,10,0.99921095,0.00041123666,0.00011439938,0.00026347523,disp_p,162387333.0,pu
3237,1,0.21150161,0.78657067,0.0010765304,0.0008511513,disp_e,376385505.0,eb
3237,2,0.1629828,0.8310906,0.0035848233,0.0023417587,disp_e,376385505.0,eb
3237,3,0.11199788,0.8834747,0.002169203,0.002358177,disp_e,376385505.0,eb
3237,4,0.25254783,0.7436495,0.0022922275,0.0015103933,disp_e,376385505.0,eb
3237,5,0.13984855,0.85534054,0.002596301,0.0022145237,disp_e,376385505.0,eb
3237,6,0.19773299,0.79722744,0.0032270795,0.0018125803,disp_e,376385505.0,eb
3237,7,0.18418825,0.8133784,0.0014368815,0.000996506,disp_e,376385505.0,eb
3237,8,0.14858879,0.84460044,0.003044599,0.0037661896,disp_e,376385505.0,eb
3237,9,0.15253316,0.84342796,0.002336886,0.0017019726,disp_e,376385505.0,eb
3237,10,0.18117018,0.8133481,0.003123094,0.002358652,disp_e,376385505.0,eb
867,1,0.42197683,0.57565314,0.0013538722,0.0010161472,disp_e,281494116.0,eb
867,2,0.0059279636,0.99292177,0.0006798984,0.0004704157,disp_e,281494116.0,eb
867,3,0.008855465,0.98990166,0.0005256879,0.00071710086,disp_e,281494116.0,eb
867,4,0.04315855,0.9543509,0.001522084,0.00096849166,disp_e,281494116.0,eb
867,5,0.005278616,0.99372137,0.00051161484,0.0004884681,disp_e,281494116.0,eb
867,6,0.004555459,0.9942432,0.00078444317,0.00041681112,disp_e,281494116.0,eb
867,7,0.15487951,0.84278876,0.001329055,0.0010026591,disp_e,281494116.0,eb
867,8,0.0039917636,0.99508613,0.0003655528,0.0005565865,disp_e,281494116.0,eb
867,9,0.0108018415,0.9877252,0.00074892124,0.00072396686,disp_e,281494116.0,eb
867,10,0.004811196,0.9944243,0.00042763143,0.00033693112,disp_e,281494116.0,eb
8770,1,0.9806981,0.015331228,0.001526283,0.0024443935,disp_p,420779000.0,pu
8770,2,0.9853895,0.014319553,0.00020583728,8.517495e-05,disp_p,420779000.0,pu
8770,3,0.9514255,0.047945246,0.00039721667,0.00023204737,disp_p,420779000.0,pu
8770,4,0.9277326,0.06932457,0.0016962604,0.0012465453,disp_p,420779000.0,pu
8770,5,0.9788786,0.020728638,0.00025440106,0.00013836584,disp_p,420779000.0,pu
8770,6,0.98226017,0.017345073,0.00028420656,0.0001105061,disp_p,420779000.0,pu
8770,7,0.96908176,0.027262714,0.0015696653,0.0020858918,disp_p,420779000.0,pu
8770,8,0.98599803,0.013687529,0.0001937739,0.0001206557,disp_p,420779000.0,pu
8770,9,0.95776963,0.04183567,0.00030267908,9.2076e-05,disp_p,420779000.0,pu
8770,10,0.9845508,0.015019079,0.00030726878,0.00012290041,disp_p,420779000.0,pu
8688,1,0.99710375,0.0021220464,0.00028748243,0.00048664215,disp_p,411608801.0,pu
8688,2,0.9984597,0.0014966979,3.188269e-05,1.1742574e-05,disp_p,411608801.0,pu
8688,3,0.99497885,0.004920906,6.7581255e-05,3.2635216e-05,disp_p,411608801.0,pu
8688,4,0.9901023,0.009210891,0.00041555063,0.00027127803,disp_p,411608801.0,pu
8688,5,0.9974662,0.0024643068,4.7291272e-05,2.2198292e-05,disp_p,411608801.0,pu
8688,6,0.9986123,0.0013349293,3.904763e-05,1.3714225e-05,disp_p,411608801.0,pu
8688,7,0.9949995,0.0040689,0.00033617395,0.00059548,disp_p,411608801.0,pu
8688,8,0.9981536,0.0017905108,3.684468e-05,1.8918978e-05,disp_p,411608801.0,pu
8688,9,0.9963058,0.003639988,4.505712e-05,9.20549e-06,disp_p,411608801.0,pu
8688,10,0.998063,0.0018481862,6.796403e-05,2.0825666e-05,disp_p,411608801.0,pu
1557,1,0.33676267,0.59195673,0.021461833,0.049818743,disp_e,417146817.0,eb
1557,2,0.232693,0.48820207,0.027523031,0.25158197,disp_e,417146817.0,eb
1557,3,0.21231736,0.4992753,0.024956979,0.26345038,disp_e,417146817.0,eb
1557,4,0.22148532,0.6498234,0.021628128,0.107063085,disp_e,417146817.0,eb
1557,5,0.12574138,0.71031874,0.022543348,0.14139655,disp_e,417146817.0,eb
1557,6,0.17750198,0.6272065,0.02769462,0.16759688,disp_e,417146817.0,eb
1557,7,0.2556854,0.6092185,0.030396616,0.104699574,disp_e,417146817.0,eb
1557,8,0.20494385,0.47057435,0.020983178,0.30349863,disp_e,417146817.0,eb
1557,9,0.14965834,0.698375,0.018904733,0.13306189,disp_e,417146817.0,eb
1557,10,0.14193518,0.6529763,0.017896924,0.18719165,disp_e,417146817.0,eb
6417,1,0.9979372,0.0014697153,0.00022014548,0.00037287056,disp_p,233719215.0,pu
6417,2,0.99974984,0.00023379092,1.1241985e-05,5.1611655e-06,disp_p,233719215.0,pu
6417,3,0.99954695,0.00041859742,2.218335e-05,1.2310891e-05,disp_p,233719215.0,pu
6417,4,0.9987606,0.001089696,9.233158e-05,5.7458114e-05,disp_p,233719215.0,pu
6417,5,0.9997973,0.00017891843,1.49245e-05,8.880815e-06,disp_p,233719215.0,pu
6417,6,0.9998105,0.00017040485,1.3272464e-05,5.82612e-06,disp_p,233719215.0,pu
6417,7,0.9977591,0.0018162883,0.00016113653,0.0002634557,disp_p,233719215.0,pu
6417,8,0.99981326,0.00016827474,1.1667345e-05,6.822878e-06,disp_p,233719215.0,pu
6417,9,0.9996587,0.000319867,1.713981e-05,4.2323177e-06,disp_p,233719215.0,pu
6417,10,0.9998154,0.0001574191,1.9346588e-05,7.83724e-06,disp_p,233719215.0,pu
7743,1,0.999203,0.00018914763,0.00010030868,0.0005075697,disp_p,332477926.0,pu
7743,2,0.9994765,0.00035938594,7.105784e-05,9.317904e-05,disp_p,332477926.0,pu
7743,3,0.99941826,0.00037746076,8.494151e-05,0.000119313576,disp_p,332477926.0,pu
7743,4,0.9991773,0.00038410028,0.00014793493,0.0002906841,disp_p,332477926.0,pu
7743,5,0.99951327,0.00027470718,9.378756e-05,0.00011825978,disp_p,332477926.0,pu
7743,6,0.99952424,0.00027941598,9.328041e-05,0.000103111364,disp_p,332477926.0,pu
7743,7,0.99866104,0.00044742643,0.0001643707,0.0007270671,disp_p,332477926.0,pu
7743,8,0.9995291,0.00031317596,7.689725e-05,8.0828475e-05,disp_p,332477926.0,pu
7743,9,0.99931157,0.00044251975,0.00011622348,0.00012965195,disp_p,332477926.0,pu
7743,10,0.9996669,0.00019964555,5.9828133e-05,7.3572664e-05,disp_p,332477926.0,pu
26810,1,0.35976762,0.015948907,0.01639728,0.6078862,disp_j,164520007.0,J
26810,2,0.40911144,0.11242709,0.022639185,0.45582226,disp_j,164520007.0,J
26810,3,0.4164295,0.11026493,0.02096681,0.45233873,disp_j,164520007.0,J
26810,4,0.26973706,0.036028665,0.01611309,0.6781212,disp_j,164520007.0,J
26810,5,0.27591255,0.15638863,0.025682831,0.54201597,disp_j,164520007.0,J
26810,6,0.47484222,0.14563309,0.027462384,0.35206234,disp_p,164520007.0,J
26810,7,0.18694519,0.014794663,0.012624079,0.785636,disp_j,164520007.0,J
26810,8,0.29877633,0.0958107,0.018287124,0.5871259,disp_j,164520007.0,J
26810,9,0.2766715,0.08380004,0.02156392,0.6179646,disp_j,164520007.0,J
26810,10,0.35449693,0.18513988,0.018928707,0.44143444,disp_j,164520007.0,J
1462,1,0.00429601,0.99561787,5.4029915e-05,3.219708e-05,disp_e,395052951.0,et
1462,2,0.008631897,0.9893462,0.0010988112,0.00092307344,disp_e,395052951.0,et
1462,3,0.008774894,0.9896492,0.0006457592,0.0009300644,disp_e,395052951.0,et
1462,4,0.0059831636,0.993519,0.0003067866,0.00019099709,disp_e,395052951.0,et
1462,5,0.0071506263,0.99137735,0.0007191822,0.0007528247,disp_e,395052951.0,et
1462,6,0.008118535,0.9898493,0.0012308932,0.0008012195,disp_e,395052951.0,et
1462,7,0.002649242,0.9972633,5.5280852e-05,3.2161715e-05,disp_e,395052951.0,et
1462,8,0.0059088175,0.992401,0.00064565253,0.0010444433,disp_e,395052951.0,et
1462,9,0.00847361,0.989817,0.000854376,0.0008550081,disp_e,395052951.0,et
1462,10,0.0074857743,0.9910507,0.0007859697,0.0006775586,disp_e,395052951.0,et
27144,1,5.405594e-05,9.589694e-05,1.6965569e-05,0.999833,disp_j,220082893.0,J
27144,2,0.00010255448,8.464236e-05,6.9997163e-06,0.99980587,disp_j,220082893.0,J
27144,3,3.969885e-05,8.7452034e-05,1.27752555e-05,0.99986005,disp_j,220082893.0,J
27144,4,2.8324808e-05,0.00020683295,1.2234252e-05,0.9997527,disp_j,220082893.0,J
27144,5,5.226863e-05,0.00012228051,1.1878737e-05,0.9998136,disp_j,220082893.0,J
27144,6,2.9472725e-05,7.3474635e-05,5.2620067e-06,0.9998919,disp_j,220082893.0,J
27144,7,2.296682e-05,0.00012330362,1.2520946e-05,0.9998411,disp_j,220082893.0,J
27144,8,4.5100707e-05,2.517861e-05,9.834027e-06,0.9999199,disp_j,220082893.0,J
27144,9,8.659468e-05,7.481477e-05,9.423366e-06,0.99982905,disp_j,220082893.0,J
27144,10,2.0357327e-05,2.6415984e-05,2.8544262e-06,0.9999503,disp_j,220082893.0,J
3998,1,0.9864038,0.008276755,0.0016095297,0.0037098706,disp_p,14336130.0,pu
3998,2,0.9644055,0.03196821,0.0018460426,0.0017803641,disp_p,14336130.0,pu
3998,3,0.9019679,0.08939174,0.0042027202,0.004437594,disp_p,14336130.0,pu
3998,4,0.981354,0.016052095,0.001240508,0.0013533516,disp_p,14336130.0,pu
3998,5,0.9019969,0.09153812,0.003115859,0.0033490788,disp_p,14336130.0,pu
3998,6,0.9506299,0.04302312,0.0031513257,0.003195727,disp_p,14336130.0,pu
3998,7,0.9804879,0.015188294,0.0015412121,0.002782636,disp_p,14336130.0,pu
3998,8,0.94144636,0.05377904,0.0022120022,0.0025626002,disp_p,14336130.0,pu
3998,9,0.932993,0.061679415,0.0030019307,0.0023256468,disp_p,14336130.0,pu
3998,10,0.94560736,0.049484394,0.002698818,0.0022093307,disp_p,14336130.0,pu
1073,1,0.26100394,0.7380327,0.0005741473,0.0003891917,disp_e,316045916.0,eb
1073,2,0.05192707,0.94674474,0.0009138607,0.00041435397,disp_e,316045916.0,eb
1073,3,0.054143317,0.9445836,0.0007102219,0.0005628813,disp_e,316045916.0,eb
1073,4,0.08155187,0.9170805,0.0009189132,0.00044870822,disp_e,316045916.0,eb
1073,5,0.038484715,0.96056277,0.0006079924,0.0003445405,disp_e,316045916.0,eb
1073,6,0.019684963,0.9794164,0.0006401256,0.0002585877,disp_e,316045916.0,eb
1073,7,0.1596914,0.83924156,0.00066069805,0.00040636532,disp_e,316045916.0,eb
1073,8,0.021294897,0.977736,0.0004612753,0.00050784944,disp_e,316045916.0,eb
1073,9,0.0986427,0.8999421,0.00093894365,0.00047626908,disp_e,316045916.0,eb
1073,10,0.044605527,0.95438915,0.0006926164,0.00031279252,disp_e,316045916.0,eb
7197,1,0.9945095,0.0049821595,0.00024959247,0.00025875933,disp_p,289445553.0,pu
7197,2,0.99639326,0.0035475928,4.3024767e-05,1.6124337e-05,disp_p,289445553.0,pu
7197,3,0.9909378,0.008932557,9.121358e-05,3.8343194e-05,disp_p,289445553.0,pu
7197,4,0.9890065,0.010600408,0.00025708592,0.00013597113,disp_p,289445553.0,pu
7197,5,0.99412715,0.0057891556,6.060008e-05,2.3110213e-05,disp_p,289445553.0,pu
7197,6,0.9969242,0.0030152933,4.576582e-05,1.4674987e-05,disp_p,289445553.0,pu
7197,7,0.9926757,0.0068909023,0.00020336683,0.00022993598,disp_p,289445553.0,pu
7197,8,0.993796,0.006120427,5.4570464e-05,2.8950304e-05,disp_p,289445553.0,pu
7197,9,0.99097353,0.008948584,6.7100395e-05,1.0799247e-05,disp_p,289445553.0,pu
7197,10,0.99474454,0.00511483,0.00011260435,2.7961996e-05,disp_p,289445553.0,pu
26709,1,0.0007702906,0.001294943,0.00032178656,0.99761295,disp_j,151356206.0,
26709,2,0.0010124067,0.0016183448,0.00019164284,0.9971776,disp_j,151356206.0,
26709,3,0.000910338,0.0019967116,0.0003558383,0.9967372,disp_j,151356206.0,
26709,4,0.00062045094,0.0015780493,0.00027839126,0.997523,disp_j,151356206.0,
26709,5,0.0010600967,0.0017000509,0.00040289966,0.996837,disp_j,151356206.0,
26709,6,0.0011129597,0.0015720468,0.00036896206,0.99694604,disp_j,151356206.0,
26709,7,0.0006525606,0.0016849695,0.00060263014,0.9970599,disp_j,151356206.0,
26709,8,0.0013708401,0.0011882327,0.00044517996,0.9969957,disp_j,151356206.0,
26709,9,0.0006429735,0.0014197254,0.000228595,0.9977087,disp_j,151356206.0,
26709,10,0.001300185,0.0018945436,0.0003590333,0.9964463,disp_j,151356206.0,
27797,1,0.00065419154,0.0013554321,0.00027574538,0.99771464,disp_j,31321197.0,
27797,2,0.0007273993,0.0010257763,0.00013529455,0.9981116,disp_j,31321197.0,
27797,3,0.0010097397,0.0017953172,0.00045027622,0.99674475,disp_j,31321197.0,
27797,4,0.00046563207,0.0015079366,0.00026074346,0.99776566,disp_j,31321197.0,
27797,5,0.00093430525,0.0010952727,0.00026930988,0.9977011,disp_j,31321197.0,
27797,6,0.001357871,0.0010573072,0.0003576151,0.99722713,disp_j,31321197.0,
27797,7,0.0004623498,0.0015199365,0.00030219098,0.9977156,disp_j,31321197.0,
27797,8,0.0012488202,0.0008838157,0.00036196588,0.99750537,disp_j,31321197.0,
27797,9,0.0005017568,0.00077107735,0.00011583441,0.99861133,disp_j,31321197.0,
27797,10,0.0015416581,0.0010578278,0.00028733333,0.9971132,disp_j,31321197.0,
2491,1,0.10509073,0.8939886,0.00056703005,0.0003535965,disp_e,246303586.0,eb
2491,2,0.046195045,0.9512596,0.0016340802,0.0009113251,disp_e,246303586.0,eb
2491,3,0.040560573,0.9573027,0.0011594574,0.0009773453,disp_e,246303586.0,eb
2491,4,0.12520576,0.87226826,0.0016884682,0.00083755713,disp_e,246303586.0,eb
2491,5,0.041640043,0.95637435,0.001185356,0.00080024434,disp_e,246303586.0,eb
2491,6,0.057136074,0.93992597,0.0020105988,0.00092729414,disp_e,246303586.0,eb
2491,7,0.09784269,0.901057,0.0007111335,0.00038912424,disp_e,246303586.0,eb
2491,8,0.038132075,0.9594348,0.001134693,0.0012984364,disp_e,246303586.0,eb
2491,9,0.05346289,0.9442271,0.0015174362,0.00079256675,disp_e,246303586.0,eb
2491,10,0.047402997,0.9502202,0.0015343681,0.00084243825,disp_e,246303586.0,eb
28494,1,0.31343657,0.008400568,0.010241119,0.6679217,disp_j,464770313.0,J
28494,2,0.16787742,0.026008591,0.008933904,0.79718006,disp_j,464770313.0,J
28494,3,0.081692554,0.016779738,0.010218164,0.89130956,disp_j,464770313.0,J
28494,4,0.11469463,0.007866904,0.00572754,0.87171096,disp_j,464770313.0,J
28494,5,0.115052745,0.030333504,0.010689395,0.84392434,disp_j,464770313.0,J
28494,6,0.114549436,0.008195026,0.0050721318,0.87218344,disp_j,464770313.0,J
28494,7,0.14531061,0.007129685,0.007856612,0.8397031,disp_j,464770313.0,J
28494,8,0.09791062,0.02039974,0.0067768916,0.8749128,disp_j,464770313.0,J
28494,9,0.08634409,0.016924962,0.007388322,0.88934255,disp_j,464770313.0,J
28494,10,0.11589814,0.032133862,0.006283794,0.84568423,disp_j,464770313.0,J
6935,1,0.9990681,0.00038729742,0.0001262278,0.00041837574,disp_p,272782368.0,pu
6935,2,0.99913496,0.0005433868,0.00012763051,0.00019398275,disp_p,272782368.0,pu
6935,3,0.99900573,0.00059302634,0.0001720073,0.00022933641,disp_p,272782368.0,pu
6935,4,0.9990011,0.00059405743,0.00016062216,0.0002442012,disp_p,272782368.0,pu
6935,5,0.9993094,0.00035854607,0.00014010935,0.00019197087,disp_p,272782368.0,pu
6935,6,0.99932885,0.00033814096,0.00015314341,0.00017982758,disp_p,272782368.0,pu
6935,7,0.99880314,0.00068447215,0.00013342996,0.00037894005,disp_p,272782368.0,pu
6935,8,0.99925286,0.0003450285,0.00015160731,0.00025048008,disp_p,272782368.0,pu
6935,9,0.99919623,0.0005032047,0.00014563848,0.00015492318,disp_p,272782368.0,pu
6935,10,0.99954385,0.00026132422,9.0905756e-05,0.00010391033,disp_p,272782368.0,pu
10142,1,0.9995216,5.956395e-05,1.2529785e-05,0.0004063239,disp_p,,
10142,2,0.9995136,0.0003786332,1.4436565e-05,9.3303526e-05,disp_p,,
10142,3,0.9998721,9.581366e-05,6.7052947e-06,2.5354242e-05,disp_p,,
10142,4,0.99952686,0.00027962943,9.63581e-06,0.00018384971,disp_p,,
10142,5,0.9990621,0.00073658634,2.3372515e-05,0.00017796319,disp_p,,
10142,6,0.9981359,0.0016080721,1.6679329e-05,0.00023928922,disp_p,,
10142,7,0.999173,0.0001645519,1.702123e-05,0.0006454469,disp_p,,
10142,8,0.99943095,0.0004569069,1.3113805e-05,9.9062e-05,disp_p,,
10142,9,0.99972624,0.00020993852,5.7085776e-06,5.8148908e-05,disp_p,,
10142,10,0.9992034,0.0006250222,2.1832631e-05,0.0001498252,disp_p,,
10517,1,0.9831176,0.0016579075,0.0018036658,0.013420864,disp_p,,
10517,2,0.9862781,0.001850524,0.0010010318,0.010870315,disp_p,,
10517,3,0.97992694,0.0051618805,0.003448997,0.011462196,disp_p,,
10517,4,0.9835904,0.0022896132,0.0012071388,0.012912803,disp_p,,
10517,5,0.9835141,0.002137339,0.0010658267,0.01328274,disp_p,,
10517,6,0.9883571,0.0013294828,0.0008733015,0.009440134,disp_p,,
10517,7,0.9825073,0.0018270711,0.0012941025,0.014371507,disp_p,,
10517,8,0.9857625,0.0018269985,0.0010098577,0.011400581,disp_p,,
10517,9,0.98446804,0.0026210665,0.0014746031,0.0114362305,disp_p,,
10517,10,0.98943555,0.0009871372,0.0010676715,0.008509629,disp_p,,
7931,1,0.8827375,0.11582815,0.0007378076,0.000696504,disp_p,350293646.0,pu
7931,2,0.9732574,0.026256492,0.0003461035,0.00013999328,disp_p,350293646.0,pu
7931,3,0.87538576,0.12316402,0.00091000577,0.0005402572,disp_p,350293646.0,pu
7931,4,0.73569214,0.2625406,0.0012283525,0.0005389707,disp_e,350293646.0,pu
7931,5,0.9491795,0.050246887,0.00037225685,0.0002013923,disp_p,350293646.0,pu
7931,6,0.96161246,0.03774369,0.00046044623,0.00018340508,disp_p,350293646.0,pu
7931,7,0.855225,0.14308237,0.0009924539,0.0007000986,disp_p,350293646.0,pu
7931,8,0.9662397,0.032979712,0.0004675173,0.00031307957,disp_p,350293646.0,pu
7931,9,0.93284214,0.06653701,0.00047767317,0.00014328405,disp_p,350293646.0,pu
7931,10,0.9608293,0.03837309,0.00059808954,0.0001994704,disp_p,350293646.0,pu
10387,1,0.9998597,7.413253e-05,1.593248e-05,5.0212555e-05,disp_p,,
10387,2,0.99993014,4.631302e-05,8.771638e-06,1.4668703e-05,disp_p,,
10387,3,0.99991393,6.449116e-05,1.1223079e-05,1.03945395e-05,disp_p,,
10387,4,0.99965024,0.0003008491,2.4737932e-05,2.4084722e-05,disp_p,,
10387,5,0.9999094,5.9233287e-05,9.579672e-06,2.1823276e-05,disp_p,,
10387,6,0.9998491,0.00010561919,1.5312255e-05,3.0020223e-05,disp_p,,
10387,7,0.9997805,0.00017132935,1.3990462e-05,3.4255605e-05,disp_p,,
10387,8,0.99986064,9.484707e-05,1.8705658e-05,2.5821731e-05,disp_p,,
10387,9,0.99992335,6.185686e-05,8.1380485e-06,6.702103e-06,disp_p,,
10387,10,0.9998615,5.0609364e-05,3.3255703e-05,5.461104e-05,disp_p,,
4915,1,0.9861459,0.010708158,0.001028617,0.0021173295,disp_p,98728690.0,pu
4915,2,0.98343384,0.011645968,0.0018083268,0.0031118079,disp_p,98728690.0,pu
4915,3,0.97426945,0.018174406,0.002644084,0.0049120313,disp_p,98728690.0,pu
4915,4,0.98677653,0.010274116,0.0011836231,0.0017657608,disp_p,98728690.0,pu
4915,5,0.9773228,0.01487882,0.0029513142,0.0048470534,disp_p,98728690.0,pu
4915,6,0.9880299,0.007942364,0.0015278807,0.002499823,disp_p,98728690.0,pu
4915,7,0.98003125,0.016523516,0.0012325183,0.002212679,disp_p,98728690.0,pu
4915,8,0.98666614,0.00955295,0.0014977655,0.0022831107,disp_p,98728690.0,pu
4915,9,0.9780149,0.016802114,0.0021119993,0.0030710085,disp_p,98728690.0,pu
4915,10,0.98888016,0.007563367,0.0014537352,0.0021027,disp_p,98728690.0,pu
10137,1,0.9874385,0.005522787,2.701036e-05,0.007011773,disp_p,,
10137,2,0.9945062,0.00046211705,6.743101e-06,0.0050249766,disp_p,,
10137,3,0.99822086,0.00020555225,6.9918397e-06,0.0015665557,disp_p,,
10137,4,0.9604263,0.031612515,3.5090394e-05,0.007926158,disp_p,,
10137,5,0.99513656,0.001293045,9.817206e-06,0.0035605903,disp_p,,
10137,6,0.9947754,0.002303137,9.391574e-06,0.0029120685,disp_p,,
10137,7,0.99049395,0.004550882,2.134393e-05,0.004933757,disp_p,,
10137,8,0.99459815,0.00023959311,1.4694952e-05,0.005147497,disp_p,,
10137,9,0.9963013,0.0009587276,8.098693e-06,0.0027318576,disp_p,,
10137,10,0.9935044,0.000444691,1.4554244e-05,0.0060362844,disp_p,,
767,1,0.9690164,0.027295552,0.0015335303,0.0021544578,disp_p,265125520.0,eb
767,2,0.9361352,0.061433315,0.0015503756,0.00088115863,disp_p,265125520.0,eb
767,3,0.89156866,0.10488356,0.002067554,0.0014802708,disp_p,265125520.0,eb
767,4,0.9337457,0.06243982,0.0023241702,0.0014902623,disp_p,265125520.0,eb
767,5,0.927192,0.06971381,0.0018308003,0.0012633811,disp_p,265125520.0,eb
767,6,0.9253209,0.071697965,0.0019145777,0.0010664723,disp_p,265125520.0,eb
767,7,0.9385468,0.055965874,0.002557328,0.0029300454,disp_p,265125520.0,eb
767,8,0.95259094,0.044977177,0.0013188894,0.0011129987,disp_p,265125520.0,eb
767,9,0.917001,0.08086346,0.0014240282,0.0007114721,disp_p,265125520.0,eb
767,10,0.94687736,0.05011086,0.0018287394,0.0011830854,disp_p,265125520.0,eb
3262,1,0.8009462,0.15881053,0.009212813,0.031030472,disp_p,379338672.0,eb
3262,2,0.59341764,0.15931582,0.027071044,0.22019546,disp_p,379338672.0,eb
3262,3,0.67048025,0.15230915,0.019383932,0.1578266,disp_p,379338672.0,eb
3262,4,0.7191626,0.18872969,0.016515205,0.07559251,disp_p,379338672.0,eb
3262,5,0.529866,0.21829155,0.029613176,0.2222293,disp_e,379338672.0,eb
3262,6,0.4920808,0.257631,0.031556305,0.2187318,disp_e,379338672.0,eb
3262,7,0.7405235,0.19599995,0.013855515,0.04962109,disp_p,379338672.0,eb
3262,8,0.4858026,0.23135093,0.034679692,0.24816673,disp_e,379338672.0,eb
3262,9,0.5812676,0.16331384,0.023374617,0.23204392,disp_p,379338672.0,eb
3262,10,0.6306934,0.16055596,0.018637497,0.19011319,disp_p,379338672.0,eb
7752,1,0.9988697,0.00067842694,0.00013494857,0.00031686333,disp_p,332705008.0,pu
7752,2,0.99982953,0.00014182333,1.5357291e-05,1.3272678e-05,disp_p,332705008.0,pu
7752,3,0.99967146,0.00026019049,3.4953286e-05,3.340773e-05,disp_p,332705008.0,pu
7752,4,0.9994105,0.00049673347,5.1821735e-05,4.0924493e-05,disp_p,332705008.0,pu
7752,5,0.9998116,0.00013489829,2.6156291e-05,2.7374594e-05,disp_p,332705008.0,pu
7752,6,0.999859,0.000106931315,1.9276891e-05,1.4805626e-05,disp_p,332705008.0,pu
7752,7,0.9986064,0.0010006006,0.00013029709,0.00026266222,disp_p,332705008.0,pu
7752,8,0.9998716,9.759488e-05,1.567966e-05,1.5020094e-05,disp_p,332705008.0,pu
7752,9,0.999683,0.00026532685,3.3188462e-05,1.8599243e-05,disp_p,332705008.0,pu
7752,10,0.99987197,8.7614266e-05,2.421031e-05,1.6186481e-05,disp_p,332705008.0,pu
8335,1,0.9993943,0.00028378356,8.080169e-05,0.00024110715,disp_p,382626661.0,pu
8335,2,0.9998191,0.00015214656,1.5714584e-05,1.29904665e-05,disp_p,382626661.0,pu
8335,3,0.99971575,0.00023603215,2.5631296e-05,2.2523387e-05,disp_p,382626661.0,pu
8335,4,0.9995813,0.00031313166,5.3921452e-05,5.1559782e-05,disp_p,382626661.0,pu
8335,5,0.99982053,0.00013345318,2.3341703e-05,2.268976e-05,disp_p,382626661.0,pu
8335,6,0.9998821,8.66505e-05,1.7756523e-05,1.3437038e-05,disp_p,382626661.0,pu
8335,7,0.9992574,0.00047233928,7.6558375e-05,0.00019363202,disp_p,382626661.0,pu
8335,8,0.9998267,0.00013956001,1.865025e-05,1.5152341e-05,disp_p,382626661.0,pu
8335,9,0.9997671,0.00019673,2.4396471e-05,1.17460595e-05,disp_p,382626661.0,pu
8335,10,0.9998522,0.00010732177,2.386183e-05,1.6687069e-05,disp_p,382626661.0,pu
3563,1,0.028997283,0.9646883,0.0025463207,0.0037681411,disp_e,442857414.0,jj
3563,2,0.016677601,0.97854346,0.0022996624,0.0024792922,disp_e,442857414.0,jj
3563,3,0.015357566,0.9809935,0.0013699802,0.0022789286,disp_e,442857414.0,jj
3563,4,0.018339518,0.97731656,0.0018778923,0.0024660323,disp_e,442857414.0,jj
3563,5,0.015911402,0.97946334,0.0019909388,0.0026343602,disp_e,442857414.0,jj
3563,6,0.016380372,0.9791574,0.002387591,0.0020746936,disp_e,442857414.0,jj
3563,7,0.01889621,0.9764242,0.0022203035,0.0024592583,disp_e,442857414.0,jj
3563,8,0.02111807,0.97078115,0.0029628617,0.0051379134,disp_e,442857414.0,jj
3563,9,0.012792143,0.98239774,0.0018940148,0.0029160245,disp_e,442857414.0,jj
3563,10,0.021378864,0.9737395,0.0020849488,0.002796654,disp_e,442857414.0,jj
6103,1,0.9733199,0.025994735,0.00036758813,0.00031782416,disp_p,200803270.0,pu
6103,2,0.98777837,0.011933906,0.00020522455,8.254362e-05,disp_p,200803270.0,pu
6103,3,0.97102934,0.02852339,0.00029754697,0.00014973462,disp_p,200803270.0,pu
6103,4,0.9700342,0.029300319,0.000467812,0.00019771056,disp_p,200803270.0,pu
6103,5,0.9785459,0.021036174,0.00028043787,0.00013747191,disp_p,200803270.0,pu
6103,6,0.9849022,0.014772187,0.00024213655,8.346226e-05,disp_p,200803270.0,pu
6103,7,0.9683232,0.031019934,0.0003603316,0.00029645214,disp_p,200803270.0,pu
6103,8,0.97989446,0.019715954,0.0002457909,0.00014381127,disp_p,200803270.0,pu
6103,9,0.9785872,0.021176303,0.0001916622,4.4812215e-05,disp_p,200803270.0,pu
6103,10,0.9779604,0.021433527,0.0004608005,0.0001452251,disp_p,200803270.0,pu
1478,1,0.9809842,0.018198738,0.00043807164,0.000378986,disp_p,401604346.0,pt
1478,2,0.9470578,0.051890224,0.0007255065,0.00032653552,disp_p,401604346.0,pt
1478,3,0.92644936,0.07231274,0.00081531424,0.00042259018,disp_p,401604346.0,pt
1478,4,0.9731901,0.025841344,0.00064801396,0.00032042724,disp_p,401604346.0,pt
1478,5,0.9108963,0.08776015,0.0008839143,0.00045966197,disp_p,401604346.0,pt
1478,6,0.94481415,0.0539704,0.0008836817,0.00033172118,disp_p,401604346.0,pt
1478,7,0.98076737,0.018505637,0.00038164938,0.00034536183,disp_p,401604346.0,pt
1478,8,0.88476515,0.11371638,0.000902604,0.0006158149,disp_p,401604346.0,pt
1478,9,0.94518864,0.0540933,0.000565648,0.00015238149,disp_p,401604346.0,pt
1478,10,0.91029304,0.087956175,0.0012844005,0.0004663676,disp_p,401604346.0,pt
2316,1,0.005947855,0.982757,0.0021816236,0.009113514,disp_e,216149295.0,eb
2316,2,0.021229962,0.89704156,0.009999522,0.07172896,disp_e,216149295.0,eb
2316,3,0.023441847,0.87740624,0.008761245,0.09039066,disp_e,216149295.0,eb
2316,4,0.010410992,0.9644916,0.0039257766,0.021171657,disp_e,216149295.0,eb
2316,5,0.021028442,0.9104431,0.01029556,0.058232915,disp_e,216149295.0,eb
2316,6,0.014355466,0.93378866,0.009728005,0.042127825,disp_e,216149295.0,eb
2316,7,0.0072011235,0.9801563,0.0031496421,0.009492912,disp_e,216149295.0,eb
2316,8,0.019206578,0.8887437,0.012328714,0.07972103,disp_e,216149295.0,eb
2316,9,0.016908545,0.8804809,0.009979639,0.092630915,disp_e,216149295.0,eb
2316,10,0.018967079,0.9174209,0.008170783,0.055441175,disp_e,216149295.0,eb
1004,1,0.0053525474,0.9900906,0.0012209836,0.0033357702,disp_e,305671743.0,et
1004,2,0.013540683,0.977407,0.0031441234,0.005908194,disp_e,305671743.0,et
1004,3,0.013422654,0.9794037,0.0018756943,0.0052979677,disp_e,305671743.0,et
1004,4,0.011979884,0.9805916,0.0019713992,0.0054571293,disp_e,305671743.0,et
1004,5,0.013434527,0.97602195,0.0030216693,0.0075218026,disp_e,305671743.0,et
1004,6,0.012273065,0.9768396,0.0038277984,0.0070595867,disp_e,305671743.0,et
1004,7,0.0066945925,0.9880145,0.0017931745,0.0034976762,disp_e,305671743.0,et
1004,8,0.013652706,0.97433597,0.0032750026,0.008736365,disp_e,305671743.0,et
1004,9,0.009696226,0.9807664,0.0026880698,0.006849357,disp_e,305671743.0,et
1004,10,0.012855592,0.97759265,0.0027883225,0.006763405,disp_e,305671743.0,et
26931,1,0.014610249,0.016995883,0.0052510565,0.9631428,disp_j,181081490.0,J
26931,2,0.011473793,0.016748047,0.0028719613,0.9689062,disp_j,181081490.0,J
26931,3,0.011140762,0.014803408,0.004508016,0.9695479,disp_j,181081490.0,J
26931,4,0.006961751,0.008314082,0.0026456986,0.9820785,disp_j,181081490.0,J
26931,5,0.010856596,0.022306897,0.005287553,0.961549,disp_j,181081490.0,J
26931,6,0.010600127,0.008100645,0.0033559143,0.9779433,disp_j,181081490.0,J
26931,7,0.010506636,0.011085849,0.0044831983,0.9739242,disp_j,181081490.0,J
26931,8,0.010465337,0.0154004935,0.0046615205,0.9694726,disp_j,181081490.0,J
26931,9,0.00805749,0.010736668,0.002268194,0.97893757,disp_j,181081490.0,J
26931,10,0.012962803,0.016270509,0.0036151186,0.9671515,disp_j,181081490.0,J
9708,1,0.06435219,0.900829,0.00020837135,0.034610406,disp_e,,
9708,2,0.7851029,0.16972576,0.0016784909,0.043492805,disp_p,,
9708,3,0.9857324,0.0009315484,0.00020485572,0.013131264,disp_p,,
9708,4,4.844695e-05,0.999944,2.546101e-07,7.2413313e-06,disp_e,,
9708,5,0.111382425,0.87141556,0.000110937384,0.01709108,disp_e,,
9708,6,0.9852814,0.00023053453,2.5826508e-05,0.014462271,disp_p,,
9708,7,0.0016941506,0.9617617,3.2596767e-05,0.036511492,disp_e,,
9708,8,0.99722975,0.002071731,3.084423e-06,0.00069540914,disp_p,,
9708,9,0.9758622,0.0013697396,9.4237694e-05,0.022673832,disp_p,,
9708,10,0.9643629,0.019752327,0.0008237465,0.015061074,disp_p,,
1012,1,0.041670863,0.910044,0.009785005,0.03850017,disp_e,306103891.0,eb
1012,2,0.024726013,0.9377022,0.008433356,0.029138464,disp_e,306103891.0,eb
1012,3,0.023631485,0.93937504,0.0056248396,0.031368583,disp_e,306103891.0,eb
1012,4,0.0397789,0.9191955,0.0072072963,0.033818275,disp_e,306103891.0,eb
1012,5,0.023252271,0.950214,0.0061404975,0.0203932,disp_e,306103891.0,eb
1012,6,0.024235934,0.93719965,0.009445255,0.029119099,disp_e,306103891.0,eb
1012,7,0.033527676,0.9244984,0.011048264,0.03092571,disp_e,306103891.0,eb
1012,8,0.022831371,0.9427271,0.0072457725,0.027195731,disp_e,306103891.0,eb
1012,9,0.020784415,0.93400884,0.008645281,0.036561392,disp_e,306103891.0,eb
1012,10,0.019330682,0.9534431,0.0053728954,0.021853289,disp_e,306103891.0,eb
28741,1,0.0015236478,0.0017421442,0.00062375463,0.9961105,disp_j,71815276.0,J
28741,2,0.0019499614,0.0013118212,0.0003631533,0.99637514,disp_j,71815276.0,J
28741,3,0.0024078318,0.0025354172,0.0010858575,0.9939709,disp_j,71815276.0,J
28741,4,0.0012032109,0.0015084316,0.00053961336,0.9967487,disp_j,71815276.0,J
28741,5,0.0016597428,0.0022756406,0.0006611598,0.9954034,disp_j,71815276.0,J
28741,6,0.0022396215,0.0010337655,0.0005561705,0.99617046,disp_j,71815276.0,J
28741,7,0.0011127482,0.0015223011,0.00080326194,0.9965617,disp_j,71815276.0,J
28741,8,0.0017072669,0.0009521894,0.0006915015,0.9966491,disp_j,71815276.0,J
28741,9,0.0024408929,0.0011653452,0.00044693318,0.99594694,disp_j,71815276.0,J
28741,10,0.0027004455,0.0017873374,0.0006967783,0.9948155,disp_j,71815276.0,J
2243,1,0.47446737,0.52376187,0.0009521344,0.0008185933,disp_e,197061967.0,et
2243,2,0.43808565,0.56014246,0.0012399168,0.0005319625,disp_e,197061967.0,et
2243,3,0.2718126,0.72648275,0.00094279664,0.00076187204,disp_e,197061967.0,et
2243,4,0.31463516,0.68298715,0.0015517304,0.00082598935,disp_e,197061967.0,et
2243,5,0.48101735,0.5175415,0.00094597554,0.0004951405,disp_e,197061967.0,et
2243,6,0.50981545,0.4879728,0.0016020741,0.0006096588,disp_e,197061967.0,et
2243,7,0.45808834,0.5396265,0.0013583511,0.0009268759,disp_e,197061967.0,et
2243,8,0.46891886,0.5293122,0.0009613051,0.00080767175,disp_e,197061967.0,et
2243,9,0.4346938,0.5640338,0.0009133404,0.00035908032,disp_e,197061967.0,et
2243,10,0.43306443,0.56505036,0.0013378937,0.00054735097,disp_e,197061967.0,et
5608,1,0.9952236,0.003789015,0.0003758661,0.00061162567,disp_p,156002449.0,pu
5608,2,0.9840164,0.015668573,0.00020972616,0.00010532547,disp_p,156002449.0,pu
5608,3,0.95707494,0.0423064,0.00039169172,0.00022693758,disp_p,156002449.0,pu
5608,4,0.9859001,0.013073807,0.0005325779,0.0004935335,disp_p,156002449.0,pu
5608,5,0.97726727,0.022341989,0.00025694992,0.00013371959,disp_p,156002449.0,pu
5608,6,0.98911464,0.0105747925,0.00021442214,9.6247706e-05,disp_p,156002449.0,pu
5608,7,0.9925081,0.0062999628,0.0004247305,0.0007672009,disp_p,156002449.0,pu
5608,8,0.9720376,0.027475413,0.00028997022,0.00019708206,disp_p,156002449.0,pu
5608,9,0.9734924,0.026170641,0.00026061173,7.640738e-05,disp_p,156002449.0,pu
5608,10,0.98066735,0.018731425,0.00044797026,0.00015328919,disp_p,156002449.0,pu
27793,1,0.0009714497,0.00046762,0.00024680977,0.99831414,disp_j,312423966.0,J
27793,2,0.0014028944,0.0006799496,0.00019161982,0.99772555,disp_j,312423966.0,J
27793,3,0.0009888739,0.00072236324,0.0003950711,0.99789375,disp_j,312423966.0,J
27793,4,0.0004345458,0.00040993537,0.00015168637,0.9990038,disp_j,312423966.0,J
27793,5,0.0012780061,0.0007185573,0.00031113825,0.9976922,disp_j,312423966.0,J
27793,6,0.0012125577,0.00049300364,0.00022315398,0.99807125,disp_j,312423966.0,J
27793,7,0.00046653,0.00051636394,0.00018491775,0.99883217,disp_j,312423966.0,J
27793,8,0.0010774687,0.00032204235,0.00025453788,0.998346,disp_j,312423966.0,J
27793,9,0.0007105768,0.00030094542,0.00010383507,0.99888474,disp_j,312423966.0,J
27793,10,0.0016347439,0.00044470074,0.000229934,0.9976907,disp_j,312423966.0,J
1476,1,0.8238614,0.1663887,0.003648642,0.006101178,disp_p,400734328.0,eb
1476,2,0.49432918,0.4557516,0.01782389,0.032095276,disp_e,400734328.0,eb
1476,3,0.53002995,0.42390352,0.012684068,0.033382438,disp_e,400734328.0,eb
1476,4,0.6774133,0.30672723,0.007692393,0.008167085,disp_e,400734328.0,eb
1476,5,0.41796136,0.53935647,0.015089063,0.027593117,disp_e,400734328.0,eb
1476,6,0.30635387,0.6552097,0.014953861,0.023482608,disp_e,400734328.0,eb
1476,7,0.7357983,0.25143856,0.005384314,0.0073788813,disp_e,400734328.0,eb
1476,8,0.23219465,0.7217532,0.016238568,0.02981364,disp_e,400734328.0,eb
1476,9,0.4553026,0.49795154,0.014171384,0.032574438,disp_e,400734328.0,eb
1476,10,0.5169494,0.44857892,0.011321792,0.023149872,disp_e,400734328.0,eb
94,1,0.07566388,0.9241342,0.00013086194,7.100179e-05,disp_e,120689878.0,et
94,2,0.1682297,0.82996714,0.0012521133,0.00055106805,disp_e,120689878.0,et
94,3,0.11477642,0.88383126,0.00076828245,0.0006240773,disp_e,120689878.0,et
94,4,0.14030296,0.85856926,0.0008092281,0.00031852687,disp_e,120689878.0,et
94,5,0.15283243,0.8458524,0.00084664323,0.000468547,disp_e,120689878.0,et
94,6,0.15950544,0.83877015,0.0012531336,0.00047122428,disp_e,120689878.0,et
94,7,0.09638869,0.903234,0.0002600563,0.00011721199,disp_e,120689878.0,et
94,8,0.12892845,0.869616,0.00074435194,0.00071129756,disp_e,120689878.0,et
94,9,0.17981869,0.8188624,0.0009428557,0.00037613226,disp_e,120689878.0,et
94,10,0.13618277,0.862384,0.0010188215,0.0004143831,disp_e,120689878.0,et
3759,1,0.15186748,0.84644186,0.0009685428,0.0007222122,disp_e,465933753.0,eb
3759,2,0.011032627,0.98625803,0.0014666878,0.0012426197,disp_e,465933753.0,eb
3759,3,0.013230423,0.984404,0.0009359845,0.001429564,disp_e,465933753.0,eb
3759,4,0.07348966,0.92269737,0.0021870486,0.0016259268,disp_e,465933753.0,eb
3759,5,0.009688688,0.98804784,0.001035833,0.0012276657,disp_e,465933753.0,eb
3759,6,0.012968868,0.98384964,0.0018645291,0.0013169928,disp_e,465933753.0,eb
3759,7,0.064643465,0.93373626,0.00092824746,0.00069198105,disp_e,465933753.0,eb
3759,8,0.0058690566,0.9921726,0.0006848909,0.0012734361,disp_e,465933753.0,eb
3759,9,0.016013559,0.98107725,0.0013716038,0.0015375649,disp_e,465933753.0,eb
3759,10,0.0075545385,0.9909087,0.00073571224,0.00080104993,disp_e,465933753.0,eb
8314,1,0.9975696,0.0018180793,0.00021256188,0.00039979647,disp_p,381544766.0,pu
8314,2,0.9990108,0.00097162573,1.2953068e-05,4.513102e-06,disp_p,381544766.0,pu
8314,3,0.9976248,0.0023391254,2.4393905e-05,1.1727788e-05,disp_p,381544766.0,pu
8314,4,0.99215573,0.0075616115,0.00018158091,0.00010110132,disp_p,381544766.0,pu
8314,5,0.99871206,0.0012613705,1.845408e-05,8.14962e-06,disp_p,381544766.0,pu
8314,6,0.99892956,0.0010469994,1.7931281e-05,5.4842812e-06,disp_p,381544766.0,pu
8314,7,0.9951001,0.004335249,0.00022450987,0.00034011944,disp_p,381544766.0,pu
8314,8,0.99888116,0.0010970817,1.4573682e-05,7.2052962e-06,disp_p,381544766.0,pu
8314,9,0.99738747,0.0025868795,2.1899396e-05,3.8151193e-06,disp_p,381544766.0,pu
8314,10,0.99885094,0.0011144984,2.7229356e-05,7.2737384e-06,disp_p,381544766.0,pu
7119,1,0.992833,0.006381199,0.0004099967,0.00037576744,disp_p,284738182.0,pu
7119,2,0.9954016,0.004301627,0.00019783825,9.894936e-05,disp_p,284738182.0,pu
7119,3,0.99276006,0.00678036,0.0002878814,0.00017167378,disp_p,284738182.0,pu
7119,4,0.99265665,0.006811568,0.00034812908,0.0001836732,disp_p,284738182.0,pu
7119,5,0.9939646,0.0056402115,0.000256977,0.00013813694,disp_p,284738182.0,pu
7119,6,0.9949905,0.0046680914,0.00023032428,0.000111011475,disp_p,284738182.0,pu
7119,7,0.99193364,0.0074492567,0.00029593,0.00032119468,disp_p,284738182.0,pu
7119,8,0.99257374,0.0071094926,0.00019180862,0.00012497995,disp_p,284738182.0,pu
7119,9,0.9918059,0.007813238,0.0002962454,8.458483e-05,disp_p,284738182.0,pu
7119,10,0.99485755,0.0047504287,0.00028520176,0.000106827014,disp_p,284738182.0,pu
5187,1,0.99538714,0.003892741,0.0003219308,0.00039826147,disp_p,126572546.0,pu
5187,2,0.9973314,0.002494074,0.00010714874,6.7439316e-05,disp_p,126572546.0,pu
5187,3,0.99580634,0.0038695335,0.00019477165,0.00012932428,disp_p,126572546.0,pu
5187,4,0.99656737,0.0030969926,0.00019482982,0.00014076385,disp_p,126572546.0,pu
5187,5,0.9967546,0.0029969013,0.00015343599,9.5116964e-05,disp_p,126572546.0,pu
5187,6,0.99808866,0.0017120041,0.00012236688,7.696591e-05,disp_p,126572546.0,pu
5187,7,0.99567175,0.003769968,0.0002324388,0.00032585324,disp_p,126572546.0,pu
5187,8,0.9967661,0.003064877,9.8046876e-05,7.105402e-05,disp_p,126572546.0,pu
5187,9,0.9951385,0.004574259,0.00022270251,6.448171e-05,disp_p,126572546.0,pu
5187,10,0.9971746,0.002592783,0.00016416033,6.844531e-05,disp_p,126572546.0,pu
1971,1,0.19934055,0.79507107,0.0024576092,0.0031308157,disp_e,122882992.0,jj
1971,2,0.05284265,0.9388775,0.004122078,0.0041576596,disp_e,122882992.0,jj
1971,3,0.044001378,0.9486342,0.002767038,0.004597416,disp_e,122882992.0,jj
1971,4,0.055028945,0.9396301,0.0026181957,0.0027227176,disp_e,122882992.0,jj
1971,5,0.04084349,0.9532886,0.002688793,0.0031790545,disp_e,122882992.0,jj
1971,6,0.022769822,0.9717458,0.0028077895,0.0026766723,disp_e,122882992.0,jj
1971,7,0.08581535,0.90834326,0.0028763553,0.0029650056,disp_e,122882992.0,jj
1971,8,0.033293273,0.95867485,0.0030075067,0.00502447,disp_e,122882992.0,jj
1971,9,0.041041408,0.9522374,0.0026747703,0.004046406,disp_e,122882992.0,jj
1971,10,0.05831793,0.93468267,0.0031320455,0.0038673577,disp_e,122882992.0,jj
764,1,0.020254698,0.8334676,0.009799188,0.13647848,disp_e,263930781.0,eb
764,2,0.007635779,0.9140388,0.00393583,0.07438966,disp_e,263930781.0,eb
764,3,0.008126259,0.85518,0.0039683804,0.13272537,disp_e,263930781.0,eb
764,4,0.014541829,0.80024064,0.0071097696,0.17810784,disp_e,263930781.0,eb
764,5,0.009957057,0.91772866,0.0038908706,0.068423346,disp_e,263930781.0,eb
764,6,0.009113756,0.86870563,0.0078189615,0.11436168,disp_e,263930781.0,eb
764,7,0.019225,0.7955298,0.011316779,0.17392845,disp_e,263930781.0,eb
764,8,0.0045341626,0.94772404,0.0035942192,0.044147532,disp_e,263930781.0,eb
764,9,0.011537964,0.6876528,0.007505817,0.29330343,disp_e,263930781.0,eb
764,10,0.004933288,0.93095404,0.0026795373,0.06143318,disp_e,263930781.0,eb
417,1,0.016391551,0.9830426,0.0003192655,0.0002465655,disp_e,89577845.0,eb
417,2,0.017365826,0.98050606,0.0012135949,0.0009145699,disp_e,89577845.0,eb
417,3,0.016355494,0.9819195,0.00079013593,0.00093494845,disp_e,89577845.0,eb
417,4,0.011818193,0.9870516,0.000639103,0.0004911471,disp_e,89577845.0,eb
417,5,0.016911201,0.98138016,0.0009040371,0.0008046571,disp_e,89577845.0,eb
417,6,0.021381617,0.9762187,0.0015263216,0.00087333674,disp_e,89577845.0,eb
417,7,0.012212989,0.98729557,0.00030664384,0.00018478297,disp_e,89577845.0,eb
417,8,0.022238655,0.97370535,0.0016670639,0.002388935,disp_e,89577845.0,eb
417,9,0.016235873,0.9820119,0.0009166075,0.00083557965,disp_e,89577845.0,eb
417,10,0.023789134,0.9743167,0.0010759855,0.0008181241,disp_e,89577845.0,eb
7297,1,0.5159168,0.48029804,0.0020203148,0.0017648744,disp_e,297148017.0,pu
7297,2,0.24345279,0.74853885,0.0045675775,0.0034407568,disp_e,297148017.0,pu
7297,3,0.28942555,0.7037575,0.0034524645,0.0033644938,disp_e,297148017.0,pu
7297,4,0.65557975,0.34101036,0.002087926,0.0013220316,disp_e,297148017.0,pu
7297,5,0.19280757,0.8005016,0.0033388666,0.003351984,disp_e,297148017.0,pu
7297,6,0.35379535,0.63722867,0.0052577383,0.003718292,disp_e,297148017.0,pu
7297,7,0.5622538,0.43362126,0.002408252,0.0017167291,disp_e,297148017.0,pu
7297,8,0.3108267,0.6811424,0.0036744666,0.004356366,disp_e,297148017.0,pu
7297,9,0.24702562,0.7467503,0.0038221746,0.0024019051,disp_e,297148017.0,pu
7297,10,0.2135022,0.77975804,0.003921203,0.002818567,disp_e,297148017.0,pu
26859,1,0.00059110025,0.010946734,0.00036552732,0.9880967,disp_j,169169001.0,
26859,2,0.0015386755,0.011182815,0.00029883411,0.9869797,disp_j,169169001.0,
26859,3,0.0010724303,0.011378002,0.0005010473,0.98704857,disp_j,169169001.0,
26859,4,0.0005214136,0.009010245,0.0003623984,0.9901059,disp_j,169169001.0,
26859,5,0.0016300348,0.009430005,0.000661652,0.9882783,disp_j,169169001.0,
26859,6,0.001568196,0.006676006,0.00076754676,0.9909882,disp_j,169169001.0,
26859,7,0.00040585693,0.0128778815,0.0005594161,0.9861568,disp_j,169169001.0,
26859,8,0.0018837709,0.0062407237,0.00086832134,0.99100715,disp_j,169169001.0,
26859,9,0.00051678467,0.008985623,0.00031274467,0.9901848,disp_j,169169001.0,
26859,10,0.0021748631,0.010846724,0.00065255386,0.9863259,disp_j,169169001.0,
4317,1,0.94901305,0.01648847,0.0054243323,0.029074159,disp_p,39824732.0,pu
4317,2,0.98067147,0.01465753,0.0015749208,0.0030960364,disp_p,39824732.0,pu
4317,3,0.9551346,0.034678128,0.0037291588,0.0064581423,disp_p,39824732.0,pu
4317,4,0.9373033,0.03469529,0.0063254423,0.021675969,disp_p,39824732.0,pu
4317,5,0.9744145,0.02009906,0.002302584,0.0031837476,disp_p,39824732.0,pu
4317,6,0.98265487,0.012343361,0.0021344984,0.0028672642,disp_p,39824732.0,pu
4317,7,0.9153695,0.025534725,0.008853183,0.050242655,disp_p,39824732.0,pu
4317,8,0.9883469,0.0075599193,0.0016547502,0.0024383874,disp_p,39824732.0,pu
4317,9,0.9614989,0.030969454,0.0032038912,0.004327809,disp_p,39824732.0,pu
4317,10,0.9842604,0.0112322485,0.0018942402,0.0026131342,disp_p,39824732.0,pu
7377,1,0.98694104,0.012281689,0.00038444166,0.000392795,disp_p,302976834.0,pu
7377,2,0.98432577,0.015554724,8.7640554e-05,3.1909232e-05,disp_p,302976834.0,pu
7377,3,0.95791817,0.041831646,0.00017470734,7.5497395e-05,disp_p,302976834.0,pu
7377,4,0.94997823,0.049032934,0.00063738355,0.00035153655,disp_p,302976834.0,pu
7377,5,0.97561294,0.024242902,0.00010567497,3.8424496e-05,disp_p,302976834.0,pu
7377,6,0.9876429,0.012232878,9.585918e-05,2.8457323e-05,disp_p,302976834.0,pu
7377,7,0.9813587,0.017804611,0.00040031617,0.00043634803,disp_p,302976834.0,pu
7377,8,0.9747868,0.025049841,0.00010306251,6.028066e-05,disp_p,302976834.0,pu
7377,9,0.96270376,0.03714416,0.00013124871,2.0732112e-05,disp_p,302976834.0,pu
7377,10,0.9794852,0.020272618,0.00019580856,4.6396533e-05,disp_p,302976834.0,pu
1419,1,0.46058998,0.53833973,0.0006136814,0.0004566697,disp_e,387834907.0,et
1419,2,0.07891645,0.9154709,0.0031092998,0.0025033667,disp_e,387834907.0,et
1419,3,0.06687288,0.92824596,0.0021782503,0.0027029142,disp_e,387834907.0,et
1419,4,0.6262359,0.36893395,0.002908972,0.001921203,disp_e,387834907.0,et
1419,5,0.07035164,0.92473114,0.002312196,0.0026049803,disp_e,387834907.0,et
1419,6,0.10475282,0.889325,0.00339371,0.0025284465,disp_e,387834907.0,et
1419,7,0.5258834,0.4716677,0.0014097057,0.001039207,disp_e,387834907.0,et
1419,8,0.03243984,0.9624208,0.001838002,0.0033012978,disp_e,387834907.0,et
1419,9,0.11012649,0.8851243,0.0025810867,0.0021680912,disp_e,387834907.0,et
1419,10,0.05944662,0.93575037,0.0024950523,0.0023080015,disp_e,387834907.0,et
26753,1,0.0019099368,0.0026953367,0.0006362493,0.9947584,disp_j,156179053.0,
26753,2,0.0023381216,0.004716352,0.00043948137,0.9925061,disp_j,156179053.0,
26753,3,0.0025433889,0.0062784506,0.0008925078,0.9902857,disp_j,156179053.0,
26753,4,0.0011493299,0.0054643643,0.00061608327,0.99277025,disp_j,156179053.0,
26753,5,0.0028993639,0.0043446403,0.0009069351,0.99184906,disp_j,156179053.0,
26753,6,0.002539272,0.0035028048,0.00092078396,0.99303705,disp_j,156179053.0,
26753,7,0.0012595548,0.003964735,0.00080698443,0.9939687,disp_j,156179053.0,
26753,8,0.0027070143,0.0031113392,0.0011195363,0.9930621,disp_j,156179053.0,
26753,9,0.0014647045,0.005212959,0.00047048758,0.9928519,disp_j,156179053.0,
26753,10,0.00383539,0.004241713,0.00074707175,0.9911758,disp_j,156179053.0,
922,1,0.62936646,0.36535695,0.0028801358,0.002396534,disp_e,293617835.0,pb
922,2,0.76627684,0.22636607,0.004509242,0.0028478552,disp_e,293617835.0,pb
922,3,0.6189926,0.3720737,0.005026436,0.003907265,disp_e,293617835.0,pb
922,4,0.74184287,0.2526833,0.003365855,0.0021079967,disp_e,293617835.0,pb
922,5,0.7032961,0.28971758,0.003951292,0.0030350664,disp_e,293617835.0,pb
922,6,0.7556855,0.2368289,0.004774451,0.0027111294,disp_e,293617835.0,pb
922,7,0.6699735,0.32425064,0.0032510287,0.0025248618,disp_e,293617835.0,pb
922,8,0.74653065,0.24498299,0.0045440076,0.003942385,disp_e,293617835.0,pb
922,9,0.64345026,0.35088348,0.0037484688,0.0019178804,disp_e,293617835.0,pb
922,10,0.8025483,0.19054423,0.0043451,0.00256235,disp_p,293617835.0,pb
1458,1,0.9824096,0.016853102,0.00036846809,0.0003688576,disp_p,394722182.0,pt
1458,2,0.9467568,0.05255496,0.00047594725,0.00021227842,disp_p,394722182.0,pt
1458,3,0.8782565,0.12061168,0.00073154434,0.00040035543,disp_p,394722182.0,pt
1458,4,0.9642321,0.03452369,0.0007754078,0.00046876716,disp_p,394722182.0,pt
1458,5,0.92293453,0.076288514,0.000519559,0.00025743715,disp_p,394722182.0,pt
1458,6,0.9572157,0.042024028,0.00055623695,0.00020393683,disp_p,394722182.0,pt
1458,7,0.9812432,0.017937437,0.00039827038,0.0004210027,disp_p,394722182.0,pt
1458,8,0.88179827,0.11712069,0.0006449319,0.0004360697,disp_p,394722182.0,pt
1458,9,0.9280916,0.07133819,0.0004488717,0.00012128699,disp_p,394722182.0,pt
1458,10,0.91625154,0.082696974,0.0007824567,0.0002690317,disp_p,394722182.0,pt
2635,1,0.03554457,0.11125657,0.017263133,0.8359357,disp_j,278730951.0,jj
2635,2,0.020734048,0.22082233,0.011800011,0.74664366,disp_e,278730951.0,jj
2635,3,0.017418003,0.16722603,0.01056052,0.80479544,disp_j,278730951.0,jj
2635,4,0.022040782,0.08997786,0.0119530205,0.8760284,disp_j,278730951.0,jj
2635,5,0.024729354,0.27753302,0.01534182,0.6823958,disp_e,278730951.0,jj
2635,6,0.016011085,0.11135917,0.0113241095,0.86130565,disp_j,278730951.0,jj
2635,7,0.023170257,0.07097856,0.016768087,0.88908315,disp_j,278730951.0,jj
2635,8,0.026385147,0.32395133,0.0186436,0.6310199,disp_e,278730951.0,jj
2635,9,0.013291181,0.08967852,0.009161165,0.8878691,disp_j,278730951.0,jj
2635,10,0.023982309,0.29134595,0.012494122,0.6721776,disp_e,278730951.0,jj
1600,1,0.09760243,0.90215343,0.00016022428,8.388154e-05,disp_e,427761355.0,et
1600,2,0.060625263,0.937595,0.0012106231,0.0005691388,disp_e,427761355.0,et
1600,3,0.058362074,0.9400393,0.00087467296,0.0007239022,disp_e,427761355.0,et
1600,4,0.14271837,0.85608846,0.00086603634,0.00032710718,disp_e,427761355.0,et
1600,5,0.06610332,0.9324715,0.00091248925,0.0005126368,disp_e,427761355.0,et
1600,6,0.082639314,0.9152739,0.0014895764,0.0005971906,disp_e,427761355.0,et
1600,7,0.10405393,0.8955733,0.00026238,0.0001103658,disp_e,427761355.0,et
1600,8,0.036966328,0.9616193,0.0006766608,0.00073762255,disp_e,427761355.0,et
1600,9,0.09834943,0.9001368,0.001052239,0.00046146527,disp_e,427761355.0,et
1600,10,0.045485415,0.9530393,0.001012033,0.0004633204,disp_e,427761355.0,et
10192,1,0.99989367,6.665703e-05,9.473353e-06,3.0237437e-05,disp_p,,
10192,2,0.99993,2.1995942e-05,9.123913e-06,3.8773618e-05,disp_p,,
10192,3,0.99994314,3.3471286e-05,8.309103e-06,1.5039846e-05,disp_p,,
10192,4,0.9998435,0.00012966307,1.3227612e-05,1.3608019e-05,disp_p,,
10192,5,0.9999181,2.6128635e-05,1.1129767e-05,4.4666464e-05,disp_p,,
10192,6,0.999882,5.507488e-05,1.7160615e-05,4.5752095e-05,disp_p,,
10192,7,0.99983454,0.00013657504,8.224589e-06,2.0598934e-05,disp_p,,
10192,8,0.9998908,5.7137848e-05,1.5264037e-05,3.677203e-05,disp_p,,
10192,9,0.9999161,5.4016422e-05,1.0761833e-05,1.9198404e-05,disp_p,,
10192,10,0.9998536,3.390048e-05,2.3565677e-05,8.8921784e-05,disp_p,,
27438,1,0.0028289584,0.054846518,0.0011913455,0.9411332,disp_j,263078264.0,B
27438,2,0.0044024447,0.018963857,0.0008070748,0.9758267,disp_j,263078264.0,B
27438,3,0.005162537,0.01923281,0.0008880141,0.9747167,disp_j,263078264.0,B
27438,4,0.002971126,0.0621634,0.0008048723,0.93406063,disp_j,263078264.0,B
27438,5,0.0044281078,0.00894754,0.0005354795,0.98608893,disp_j,263078264.0,B
27438,6,0.0037874717,0.013888132,0.0006145109,0.9817099,disp_j,263078264.0,B
27438,7,0.0019067435,0.03468073,0.00091614854,0.96249634,disp_j,263078264.0,B
27438,8,0.0077105374,0.02661322,0.0013593485,0.9643169,disp_j,263078264.0,B
27438,9,0.004344963,0.020944772,0.0006576968,0.97405255,disp_j,263078264.0,B
27438,10,0.0046578,0.017544245,0.00054921216,0.9772488,disp_j,263078264.0,B
1942,1,0.02417458,0.5398424,0.0070357337,0.42894727,disp_e,121058849.0,eb
1942,2,0.011012808,0.9512176,0.002406078,0.035363484,disp_e,121058849.0,eb
1942,3,0.010563766,0.9621341,0.0015226445,0.025779534,disp_e,121058849.0,eb
1942,4,0.017392261,0.7911764,0.0040217587,0.18740962,disp_e,121058849.0,eb
1942,5,0.007997886,0.96107405,0.0016649365,0.02926309,disp_e,121058849.0,eb
1942,6,0.0066433493,0.96342987,0.0018525922,0.028074263,disp_e,121058849.0,eb
1942,7,0.022064889,0.67224115,0.008510084,0.29718387,disp_e,121058849.0,eb
1942,8,0.0076833456,0.940577,0.0027603812,0.04897934,disp_e,121058849.0,eb
1942,9,0.005380227,0.96021694,0.0012766577,0.03312612,disp_e,121058849.0,eb
1942,10,0.008829365,0.9493241,0.0016783912,0.040168222,disp_e,121058849.0,eb
6599,1,0.9967656,0.0026871164,0.00022666306,0.00032053693,disp_p,247283596.0,pu
6599,2,0.99936754,0.0006190791,9.35606e-06,3.9986744e-06,disp_p,247283596.0,pu
6599,3,0.9983004,0.0016636068,2.4849845e-05,1.1181782e-05,disp_p,247283596.0,pu
6599,4,0.99576193,0.0040174923,0.00013159947,8.890288e-05,disp_p,247283596.0,pu
6599,5,0.9992712,0.0007089101,1.3964732e-05,5.9403965e-06,disp_p,247283596.0,pu
6599,6,0.9996145,0.00037404837,8.44634e-06,2.9431649e-06,disp_p,247283596.0,pu
6599,7,0.9958424,0.003714582,0.00017768121,0.00026526963,disp_p,247283596.0,pu
6599,8,0.9990735,0.0009059599,1.3378446e-05,7.2058515e-06,disp_p,247283596.0,pu
6599,9,0.9980399,0.001935643,2.0973408e-05,3.4971315e-06,disp_p,247283596.0,pu
6599,10,0.999393,0.0005744427,2.6115711e-05,6.498334e-06,disp_p,247283596.0,pu
59,1,0.045487974,0.9522575,0.0011706216,0.001083897,disp_e,117453686.0,eb
59,2,0.017778901,0.9766217,0.0026631756,0.0029362761,disp_e,117453686.0,eb
59,3,0.01830525,0.9768251,0.0017309948,0.0031385978,disp_e,117453686.0,eb
59,4,0.026626138,0.9684721,0.0023497518,0.00255206,disp_e,117453686.0,eb
59,5,0.017296726,0.9772018,0.0023764896,0.0031249837,disp_e,117453686.0,eb
59,6,0.015674476,0.9787405,0.0029496835,0.0026353702,disp_e,117453686.0,eb
59,7,0.034759853,0.9624905,0.0014375271,0.0013121516,disp_e,117453686.0,eb
59,8,0.013059513,0.9811174,0.0019399531,0.0038831877,disp_e,117453686.0,eb
59,9,0.017754951,0.9761045,0.002321728,0.0038188726,disp_e,117453686.0,eb
59,10,0.016325751,0.97922486,0.0016421065,0.002807361,disp_e,117453686.0,eb
2000,1,0.018046433,0.9815631,0.00022263522,0.00016775652,disp_e,127836129.0,eb
2000,2,0.011827529,0.986233,0.0011534338,0.0007860894,disp_e,127836129.0,eb
2000,3,0.013616099,0.9849465,0.0006417643,0.00079561566,disp_e,127836129.0,eb
2000,4,0.025437372,0.97300273,0.000939837,0.0006201186,disp_e,127836129.0,eb
2000,5,0.010980126,0.98761,0.00077166443,0.000638254,disp_e,127836129.0,eb
2000,6,0.011510483,0.9862926,0.0013375147,0.00085930846,disp_e,127836129.0,eb
2000,7,0.012261444,0.9872579,0.0002866484,0.00019391773,disp_e,127836129.0,eb
2000,8,0.007145611,0.9912982,0.0005820404,0.0009741641,disp_e,127836129.0,eb
2000,9,0.016893214,0.98145986,0.000860995,0.00078583485,disp_e,127836129.0,eb
2000,10,0.013021259,0.98559827,0.0007421612,0.0006383145,disp_e,127836129.0,eb
9173,1,0.99928385,0.0003826079,8.9057e-05,0.00024448728,disp_p,459836041.0,pu
9173,2,0.9995722,0.00032635665,4.8654754e-05,5.281937e-05,disp_p,459836041.0,pu
9173,3,0.99920243,0.0005634961,0.000117913914,0.00011614962,disp_p,459836041.0,pu
9173,4,0.999332,0.00047538325,9.253202e-05,9.99593e-05,disp_p,459836041.0,pu
9173,5,0.999617,0.0002476717,6.472434e-05,7.0635855e-05,disp_p,459836041.0,pu
9173,6,0.999617,0.0002472047,6.9468304e-05,6.632885e-05,disp_p,459836041.0,pu
9173,7,0.9989741,0.0006475349,0.00010579782,0.00027261156,disp_p,459836041.0,pu
9173,8,0.9996793,0.00023722248,4.1323303e-05,4.2105912e-05,disp_p,459836041.0,pu
9173,9,0.9993955,0.00044395486,9.260941e-05,6.799035e-05,disp_p,459836041.0,pu
9173,10,0.9997609,0.00015277219,4.7864905e-05,3.8342318e-05,disp_p,459836041.0,pu
3091,1,0.48829782,0.479963,0.010835702,0.020903453,disp_e,339752271.0,eb
3091,2,0.20851383,0.69433415,0.022119965,0.07503207,disp_e,339752271.0,eb
3091,3,0.22169799,0.7080378,0.016760042,0.05350415,disp_e,339752271.0,eb
3091,4,0.22390881,0.73690635,0.015414134,0.023770716,disp_e,339752271.0,eb
3091,5,0.10254727,0.8385124,0.01449077,0.044449497,disp_e,339752271.0,eb
3091,6,0.12672694,0.7625925,0.026201606,0.08447896,disp_e,339752271.0,eb
3091,7,0.37658426,0.58074033,0.016697403,0.025978092,disp_e,339752271.0,eb
3091,8,0.15299591,0.64311486,0.021723837,0.18216535,disp_e,339752271.0,eb
3091,9,0.14131889,0.79551446,0.015193032,0.047973577,disp_e,339752271.0,eb
3091,10,0.16198231,0.74728525,0.017004525,0.073727876,disp_e,339752271.0,eb
3487,1,0.19311734,0.70798856,0.020665467,0.07822863,disp_e,425511696.0,jj
3487,2,0.20074247,0.21993569,0.031820036,0.54750186,disp_e,425511696.0,jj
3487,3,0.22282791,0.20553009,0.032134466,0.5395075,disp_j,425511696.0,jj
3487,4,0.2591684,0.55197877,0.027938941,0.16091388,disp_e,425511696.0,jj
3487,5,0.15826102,0.27638692,0.031208888,0.5341432,disp_e,425511696.0,jj
3487,6,0.18809408,0.31653598,0.035055995,0.46031398,disp_e,425511696.0,jj
3487,7,0.21802038,0.5671801,0.03988014,0.17491941,disp_e,425511696.0,jj
3487,8,0.14612405,0.1535372,0.021698928,0.6786398,disp_j,425511696.0,jj
3487,9,0.16974083,0.28022167,0.030257832,0.5197796,disp_e,425511696.0,jj
3487,10,0.19222315,0.26123255,0.022596503,0.5239478,disp_e,425511696.0,jj
26454,1,0.00064095296,0.0028862117,0.00025306034,0.9962198,disp_j,119092374.0,J
26454,2,0.0006886115,0.004394438,0.00014659288,0.99477035,disp_j,119092374.0,J
26454,3,0.0006743675,0.0049503613,0.0003136567,0.9940615,disp_j,119092374.0,J
26454,4,0.00031274804,0.0044065965,0.00024399432,0.99503654,disp_j,119092374.0,J
26454,5,0.00089962746,0.003226545,0.00033744593,0.9955363,disp_j,119092374.0,J
26454,6,0.0008468976,0.002646245,0.00035325284,0.99615365,disp_j,119092374.0,J
26454,7,0.00039787075,0.004193215,0.00032628496,0.9950826,disp_j,119092374.0,J
26454,8,0.0011274413,0.0031273297,0.0005753384,0.99516994,disp_j,119092374.0,J
26454,9,0.0003693995,0.0050080875,0.00014924981,0.9944733,disp_j,119092374.0,J
26454,10,0.0011631575,0.005614097,0.00031031485,0.99291235,disp_j,119092374.0,J
93,1,0.95220685,0.044772457,0.0011846275,0.0018360866,disp_p,120689840.0,eb
93,2,0.7046899,0.2913528,0.0024458752,0.0015113683,disp_e,120689840.0,eb
93,3,0.6873554,0.30842462,0.002076075,0.0021438822,disp_e,120689840.0,eb
93,4,0.79535687,0.19932492,0.002736893,0.0025813254,disp_p,120689840.0,eb
93,5,0.6413577,0.35452753,0.0021857917,0.001928986,disp_e,120689840.0,eb
93,6,0.41884404,0.5763975,0.002770684,0.0019878496,disp_e,120689840.0,eb
93,7,0.92536443,0.07075881,0.0016109555,0.0022657553,disp_p,120689840.0,eb
93,8,0.60902977,0.38576066,0.0026682043,0.0025413716,disp_e,120689840.0,eb
93,9,0.60203725,0.39348996,0.0026037712,0.0018690696,disp_e,120689840.0,eb
93,10,0.6428451,0.35257214,0.0028204345,0.0017623666,disp_e,120689840.0,eb
27824,1,0.037948005,0.0012612457,0.0019738385,0.9588168,disp_j,318967023.0,J
27824,2,0.056760296,0.006583901,0.0023240692,0.93433166,disp_j,318967023.0,J
27824,3,0.043633386,0.00549723,0.004047082,0.9468223,disp_j,318967023.0,J
27824,4,0.026397454,0.0021542127,0.0018828913,0.9695655,disp_j,318967023.0,J
27824,5,0.037738755,0.0051206625,0.002926072,0.9542146,disp_j,318967023.0,J
27824,6,0.025975797,0.0021591973,0.0012442382,0.9706207,disp_j,318967023.0,J
27824,7,0.024637189,0.0011583939,0.0013016935,0.9729028,disp_j,318967023.0,J
27824,8,0.0309549,0.0044423407,0.0022577695,0.96234494,disp_j,318967023.0,J
27824,9,0.03921713,0.0046650344,0.0022063924,0.95391136,disp_j,318967023.0,J
27824,10,0.02694784,0.0067077437,0.0021663108,0.9641781,disp_j,318967023.0,J
7108,1,0.99784017,0.0011826156,0.00029593936,0.0006812243,disp_p,284441182.0,pu
7108,2,0.9986992,0.000895866,0.0001766512,0.00022825637,disp_p,284441182.0,pu
7108,3,0.9981293,0.0012191745,0.00029751722,0.00035410133,disp_p,284441182.0,pu
7108,4,0.9983944,0.0010705177,0.00025280402,0.000282284,disp_p,284441182.0,pu
7108,5,0.99857867,0.0008018483,0.0002883292,0.00033111408,disp_p,284441182.0,pu
7108,6,0.9988568,0.00066315127,0.00023262684,0.0002473682,disp_p,284441182.0,pu
7108,7,0.9972855,0.0017813412,0.000294967,0.0006381817,disp_p,284441182.0,pu
7108,8,0.99911827,0.0005783169,0.00014386476,0.00015951299,disp_p,284441182.0,pu
7108,9,0.99819523,0.0012891184,0.0002881421,0.0002276231,disp_p,284441182.0,pu
7108,10,0.99917513,0.0004997138,0.00016193083,0.00016323729,disp_p,284441182.0,pu
1623,1,0.06526865,0.9324659,0.0012337426,0.0010316334,disp_e,440676745.0,et
1623,2,0.011007333,0.98243904,0.0028646488,0.0036888907,disp_e,440676745.0,et
1623,3,0.017052824,0.97518367,0.0021892781,0.005574196,disp_e,440676745.0,et
1623,4,0.031062508,0.9625854,0.0030621674,0.0032899745,disp_e,440676745.0,et
1623,5,0.010971467,0.9819573,0.0024692267,0.0046020336,disp_e,440676745.0,et
1623,6,0.010758021,0.9815409,0.0037956508,0.003905456,disp_e,440676745.0,et
1623,7,0.03959901,0.95761776,0.001526781,0.0012564537,disp_e,440676745.0,et
1623,8,0.0058315904,0.99044937,0.0010556603,0.002663277,disp_e,440676745.0,et
1623,9,0.018004535,0.97389054,0.002908515,0.005196384,disp_e,440676745.0,et
1623,10,0.009212817,0.9864936,0.0014245876,0.0028689662,disp_e,440676745.0,et
9973,1,0.5333539,0.0058681825,0.002124311,0.4586535,disp_p,,
9973,2,0.6172289,0.0034860366,0.0020186137,0.3772665,disp_p,,
9973,3,0.62594056,0.002221948,0.0016606658,0.37017682,disp_p,,
9973,4,0.60631007,0.01406143,0.0031687329,0.37645975,disp_p,,
9973,5,0.7212175,0.0025491673,0.0032469537,0.27298635,disp_p,,
9973,6,0.8113401,0.0023174654,0.0016201905,0.1847223,disp_p,,
9973,7,0.3925471,0.01011588,0.0033179435,0.59401906,disp_j,,
9973,8,0.48497587,0.0020583128,0.0027709755,0.51019484,disp_j,,
9973,9,0.6920635,0.0043836157,0.0024905792,0.3010622,disp_p,,
9973,10,0.66089684,0.0033967374,0.0020274073,0.33367908,disp_p,,
3367,1,0.0040869857,0.9943493,0.00059130456,0.00097248435,disp_e,395429720.0,eb
3367,2,0.0048195403,0.9912443,0.0013563873,0.0025797784,disp_e,395429720.0,eb
3367,3,0.0066340268,0.98777974,0.0011355755,0.004450718,disp_e,395429720.0,eb
3367,4,0.003710987,0.9917772,0.0011389772,0.00337287,disp_e,395429720.0,eb
3367,5,0.0049356935,0.99109346,0.0011363282,0.002834529,disp_e,395429720.0,eb
3367,6,0.0030830717,0.99333185,0.0012481245,0.0023368513,disp_e,395429720.0,eb
3367,7,0.005235948,0.99176604,0.0010950275,0.0019029452,disp_e,395429720.0,eb
3367,8,0.0032885622,0.9908146,0.0012449301,0.00465191,disp_e,395429720.0,eb
3367,9,0.004900019,0.9888786,0.0014131078,0.0048082783,disp_e,395429720.0,eb
3367,10,0.005478799,0.99090147,0.0009274312,0.0026923,disp_e,395429720.0,eb
10327,1,0.9994842,6.0816747e-05,4.37289e-05,0.00041120613,disp_p,,
10327,2,0.99929726,5.8416033e-05,3.9542254e-05,0.0006047588,disp_p,,
10327,3,0.9997222,5.86375e-05,4.142526e-05,0.00017767347,disp_p,,
10327,4,0.99958545,0.000102099795,5.4798566e-05,0.00025766212,disp_p,,
10327,5,0.99942374,4.4958284e-05,4.1670486e-05,0.00048965996,disp_p,,
10327,6,0.99951875,4.840857e-05,4.1763447e-05,0.0003910334,disp_p,,
10327,7,0.9994838,0.00011726107,5.0575873e-05,0.00034839546,disp_p,,
10327,8,0.99887556,0.000119929085,0.000120201374,0.00088430074,disp_p,,
10327,9,0.9995565,9.876125e-05,5.3326803e-05,0.00029132294,disp_p,,
10327,10,0.9988148,5.4977234e-05,7.9764104e-05,0.0010503994,disp_p,,
4977,1,0.99916255,0.00054790743,9.565294e-05,0.000193913,disp_p,103195323.0,pu
4977,2,0.99982435,0.00016893988,4.6731284e-06,2.044465e-06,disp_p,103195323.0,pu
4977,3,0.99955684,0.00042485615,1.2410267e-05,5.9249937e-06,disp_p,103195323.0,pu
4977,4,0.9990339,0.00083863497,7.314659e-05,5.427458e-05,disp_p,103195323.0,pu
4977,5,0.99980336,0.00018609726,7.074399e-06,3.5260632e-06,disp_p,103195323.0,pu
4977,6,0.99987733,0.00011544066,5.3373565e-06,1.8649993e-06,disp_p,103195323.0,pu
4977,7,0.99881375,0.00088340905,9.093036e-05,0.0002118992,disp_p,103195323.0,pu
4977,8,0.99976665,0.00022441095,5.879934e-06,3.0663539e-06,disp_p,103195323.0,pu
4977,9,0.99966884,0.00032028015,9.250526e-06,1.6355202e-06,disp_p,103195323.0,pu
4977,10,0.99979025,0.00019097123,1.4735237e-05,3.970355e-06,disp_p,103195323.0,pu
1953,1,0.08159113,0.91679317,0.0008965119,0.0007191593,disp_e,121666838.0,et
1953,2,0.2917241,0.7006453,0.0047315797,0.0028990535,disp_e,121666838.0,et
1953,3,0.12221912,0.87197745,0.0029103495,0.00289305,disp_e,121666838.0,et
1953,4,0.2361767,0.7593928,0.002810887,0.00161966,disp_e,121666838.0,et
1953,5,0.24143165,0.7513788,0.0041901525,0.0029995004,disp_e,121666838.0,et
1953,6,0.27627724,0.7158054,0.005267099,0.0026502637,disp_e,121666838.0,et
1953,7,0.072433054,0.9258486,0.0010399007,0.0006784941,disp_e,121666838.0,et
1953,8,0.21175462,0.7798222,0.004029855,0.0043934095,disp_e,121666838.0,et
1953,9,0.16250584,0.8319943,0.0030777992,0.0024221467,disp_e,121666838.0,et
1953,10,0.35536975,0.6373857,0.0043318067,0.002912695,disp_e,121666838.0,et
4436,1,0.9983469,0.0012379306,0.0001540497,0.00026114972,disp_p,52936161.0,pu
4436,2,0.99898976,0.00087705295,7.603131e-05,5.7160174e-05,disp_p,52936161.0,pu
4436,3,0.9985367,0.0012617499,0.000109872446,9.163367e-05,disp_p,52936161.0,pu
4436,4,0.9986009,0.0011433809,0.00013311293,0.0001225777,disp_p,52936161.0,pu
4436,5,0.9990681,0.00075863657,9.578392e-05,7.75383e-05,disp_p,52936161.0,pu
4436,6,0.99907863,0.0007543196,9.831578e-05,6.878094e-05,disp_p,52936161.0,pu
4436,7,0.9978859,0.00175175,0.00012530874,0.00023706985,disp_p,52936161.0,pu
4436,8,0.9991264,0.0007631069,5.9993872e-05,5.0444993e-05,disp_p,52936161.0,pu
4436,9,0.9986135,0.0012232169,0.00010894774,5.4354485e-05,disp_p,52936161.0,pu
4436,10,0.99926084,0.00061263685,7.992074e-05,4.6613928e-05,disp_p,52936161.0,pu
7417,1,0.9994324,0.0004010066,5.3581683e-05,0.00011302534,disp_p,306248357.0,pu
7417,2,0.9997209,0.0002436492,1.8336657e-05,1.7118446e-05,disp_p,306248357.0,pu
7417,3,0.99944586,0.00047002567,4.3006086e-05,4.1121868e-05,disp_p,306248357.0,pu
7417,4,0.99961334,0.00030542226,4.00547e-05,4.1272648e-05,disp_p,306248357.0,pu
7417,5,0.9997223,0.00022002941,3.0031364e-05,2.755943e-05,disp_p,306248357.0,pu
7417,6,0.999811,0.00014936786,2.2552746e-05,1.712492e-05,disp_p,306248357.0,pu
7417,7,0.99915886,0.0006686453,5.393034e-05,0.00011850817,disp_p,306248357.0,pu
7417,8,0.99972314,0.0002425349,1.7877917e-05,1.6453756e-05,disp_p,306248357.0,pu
7417,9,0.99955267,0.00039120592,3.76117e-05,1.8421571e-05,disp_p,306248357.0,pu
7417,10,0.99974877,0.00020458356,2.860416e-05,1.8102028e-05,disp_p,306248357.0,pu
1569,1,0.00041580133,0.99957305,6.0363186e-06,5.1462516e-06,disp_e,419744996.0,et
1569,2,0.0018436228,0.9977672,0.00020005388,0.00018915632,disp_e,419744996.0,et
1569,3,0.0023472058,0.9973623,9.7749886e-05,0.00019272092,disp_e,419744996.0,et
1569,4,0.00074765406,0.99910873,6.880945e-05,7.484769e-05,disp_e,419744996.0,et
1569,5,0.0014262422,0.9983279,0.00010246266,0.00014340864,disp_e,419744996.0,et
1569,6,0.001802238,0.9976687,0.00030904755,0.0002200086,disp_e,419744996.0,et
1569,7,0.0006571178,0.9993135,1.786485e-05,1.1573786e-05,disp_e,419744996.0,et
1569,8,0.0015934532,0.99784696,0.00016671601,0.000392957,disp_e,419744996.0,et
1569,9,0.0021026118,0.9973634,0.00021084699,0.00032321294,disp_e,419744996.0,et
1569,10,0.0020218557,0.9976921,0.00013550595,0.00015057345,disp_e,419744996.0,et
2352,1,0.98317635,0.013068074,0.0011506971,0.0026048427,disp_p,219852884.0,nb
2352,2,0.9060518,0.069164515,0.008213051,0.016570633,disp_p,219852884.0,nb
2352,3,0.9100583,0.060192324,0.008879876,0.020869426,disp_p,219852884.0,nb
2352,4,0.9805406,0.015280454,0.0018355151,0.0023434542,disp_p,219852884.0,nb
2352,5,0.9081668,0.0662476,0.008642876,0.016942728,disp_p,219852884.0,nb
2352,6,0.91297936,0.061502527,0.008716105,0.01680202,disp_p,219852884.0,nb
2352,7,0.9832734,0.013515889,0.0011633416,0.0020474324,disp_p,219852884.0,nb
2352,8,0.8300582,0.12878545,0.014044249,0.0271121,disp_p,219852884.0,nb
2352,9,0.8824837,0.08338078,0.008635307,0.025500223,disp_p,219852884.0,nb
2352,10,0.8968086,0.0819703,0.007268113,0.013952974,disp_p,219852884.0,nb
7003,1,0.99617106,0.0034260494,0.0001806732,0.00022225385,disp_p,278348461.0,pu
7003,2,0.9992042,0.0007797064,1.1691861e-05,4.378175e-06,disp_p,278348461.0,pu
7003,3,0.9961416,0.0037999807,4.0347757e-05,1.8087892e-05,disp_p,278348461.0,pu
7003,4,0.9910068,0.008567905,0.00026535764,0.00015999767,disp_p,278348461.0,pu
7003,5,0.9986482,0.001324747,1.9014453e-05,8.0475265e-06,disp_p,278348461.0,pu
7003,6,0.9991002,0.0008772281,1.7223736e-05,5.2816163e-06,disp_p,278348461.0,pu
7003,7,0.9956019,0.0039295936,0.00018920645,0.00027933074,disp_p,278348461.0,pu
7003,8,0.9987362,0.001239962,1.6202006e-05,7.7128625e-06,disp_p,278348461.0,pu
7003,9,0.9970299,0.0029382035,2.730114e-05,4.4790004e-06,disp_p,278348461.0,pu
7003,10,0.9988642,0.0010914488,3.5526307e-05,8.892705e-06,disp_p,278348461.0,pu
5916,1,0.99857175,0.00043732312,0.00015785037,0.0008330049,disp_p,180931993.0,pu
5916,2,0.99934334,0.0004988998,6.778448e-05,9.0009504e-05,disp_p,180931993.0,pu
5916,3,0.99938715,0.00046164496,6.4625405e-05,8.6653294e-05,disp_p,180931993.0,pu
5916,4,0.9993704,0.00044654918,7.653075e-05,0.00010656467,disp_p,180931993.0,pu
5916,5,0.9992729,0.00049141527,0.000103483675,0.0001321625,disp_p,180931993.0,pu
5916,6,0.9995629,0.00030062892,6.5002045e-05,7.143614e-05,disp_p,180931993.0,pu
5916,7,0.9985758,0.00071490504,0.00015991411,0.0005494296,disp_p,180931993.0,pu
5916,8,0.99962354,0.0002733461,4.9029102e-05,5.4139637e-05,disp_p,180931993.0,pu
5916,9,0.9994369,0.0004273095,7.208641e-05,6.3697385e-05,disp_p,180931993.0,pu
5916,10,0.999406,0.0003923461,8.6305234e-05,0.00011540626,disp_p,180931993.0,pu
10164,1,0.9831808,0.0016566375,0.0018014035,0.013361148,disp_p,,
10164,2,0.9863057,0.00185286,0.0010023346,0.0108390665,disp_p,,
10164,3,0.9801339,0.0051364433,0.0034252321,0.011304541,disp_p,,
10164,4,0.98365754,0.0022883406,0.001205342,0.0128488345,disp_p,,
10164,5,0.98352605,0.002143548,0.0010684232,0.013261908,disp_p,,
10164,6,0.9883598,0.0013344486,0.0008765296,0.009429312,disp_p,,
10164,7,0.9825587,0.0018277175,0.0012940051,0.014319525,disp_p,,
10164,8,0.9857809,0.0018284742,0.0010127218,0.011377888,disp_p,,
10164,9,0.9845115,0.0026222074,0.001475197,0.011391013,disp_p,,
10164,10,0.9894154,0.0009916787,0.0010729021,0.008520037,disp_p,,
10772,1,0.99972624,3.3291657e-05,1.2435796e-05,0.00022811379,disp_p,,
10772,2,0.9996451,2.576621e-05,1.3733542e-05,0.00031540164,disp_p,,
10772,3,0.99960345,0.00010256266,3.2947326e-05,0.00026106578,disp_p,,
10772,4,0.99976045,0.00014138021,2.1290714e-05,7.6815355e-05,disp_p,,
10772,5,0.9996834,5.3523476e-05,3.0064495e-05,0.00023305483,disp_p,,
10772,6,0.9990345,0.00018860781,4.8207792e-05,0.00072866195,disp_p,,
10772,7,0.99981576,8.235821e-05,1.2186451e-05,8.976456e-05,disp_p,,
10772,8,0.9986092,0.00019305169,0.00012742536,0.0010703304,disp_p,,
10772,9,0.9994241,7.786796e-05,3.5937494e-05,0.0004621034,disp_p,,
10772,10,0.9992041,7.112782e-05,6.402227e-05,0.00066082546,disp_p,,
1105,1,0.15651554,0.8402162,0.0016008883,0.0016673383,disp_e,323685904.0,eb
1105,2,0.049527988,0.94313323,0.003755376,0.0035833726,disp_e,323685904.0,eb
1105,3,0.05748153,0.9361641,0.0025443172,0.0038100046,disp_e,323685904.0,eb
1105,4,0.104762554,0.88858587,0.0036551226,0.0029964896,disp_e,323685904.0,eb
1105,5,0.039465636,0.9542799,0.0026420122,0.0036123684,disp_e,323685904.0,eb
1105,6,0.038478974,0.9550013,0.0035239174,0.0029958007,disp_e,323685904.0,eb
1105,7,0.10901139,0.88591725,0.0027468614,0.002324466,disp_e,323685904.0,eb
1105,8,0.03145532,0.95737547,0.0028836618,0.008285595,disp_e,323685904.0,eb
1105,9,0.06188537,0.93173784,0.0029462583,0.00343053,disp_e,323685904.0,eb
1105,10,0.05044355,0.9412546,0.0030546638,0.005247266,disp_e,323685904.0,eb
2415,1,0.052190524,0.9436253,0.0021444021,0.0020397208,disp_e,233554200.0,eb
2415,2,0.032974187,0.94907176,0.0077641616,0.010189947,disp_e,233554200.0,eb
2415,3,0.02953905,0.9573462,0.004289298,0.008825518,disp_e,233554200.0,eb
2415,4,0.033862267,0.9589315,0.0035545323,0.0036516953,disp_e,233554200.0,eb
2415,5,0.033146985,0.9480788,0.007099661,0.0116744535,disp_e,233554200.0,eb
2415,6,0.024711648,0.961617,0.0065714647,0.007099978,disp_e,233554200.0,eb
2415,7,0.029858768,0.96673656,0.0018605664,0.0015442078,disp_e,233554200.0,eb
2415,8,0.025360446,0.958378,0.0052653835,0.0109962085,disp_e,233554200.0,eb
2415,9,0.028332144,0.95308584,0.0071364585,0.011445535,disp_e,233554200.0,eb
2415,10,0.027285792,0.9616113,0.004277497,0.006825435,disp_e,233554200.0,eb
2038,1,0.050674174,0.9458152,0.001698673,0.0018119792,disp_e,139395122.0,eb
2038,2,0.03663569,0.95724154,0.002998729,0.0031240422,disp_e,139395122.0,eb
2038,3,0.031649116,0.96401256,0.0017740054,0.0025642982,disp_e,139395122.0,eb
2038,4,0.034929585,0.96160847,0.0017226292,0.0017393499,disp_e,139395122.0,eb
2038,5,0.031076621,0.9639946,0.0022656422,0.0026631416,disp_e,139395122.0,eb
2038,6,0.03407544,0.96023726,0.0030835718,0.0026036792,disp_e,139395122.0,eb
2038,7,0.028329914,0.9690235,0.001427918,0.0012186404,disp_e,139395122.0,eb
2038,8,0.032385923,0.95976555,0.0029080461,0.0049404497,disp_e,139395122.0,eb
2038,9,0.025511712,0.96971,0.0022624151,0.002515859,disp_e,139395122.0,eb
2038,10,0.035875604,0.958787,0.002497013,0.0028404305,disp_e,139395122.0,eb
6215,1,0.9968792,0.00071636756,0.0003241683,0.002080247,disp_p,219436394.0,pu
6215,2,0.99521154,0.0021009867,0.0006146117,0.002072842,disp_p,219436394.0,pu
6215,3,0.99330527,0.0027031985,0.0008780039,0.003113526,disp_p,219436394.0,pu
6215,4,0.9978143,0.0009470501,0.0003501774,0.00088849984,disp_p,219436394.0,pu
6215,5,0.9912384,0.003195944,0.0014969294,0.004068769,disp_p,219436394.0,pu
6215,6,0.99417096,0.0023296357,0.001016328,0.00248294,disp_p,219436394.0,pu
6215,7,0.99621457,0.0012395218,0.00046365248,0.0020822252,disp_p,219436394.0,pu
6215,8,0.9892735,0.003171189,0.0016380132,0.0059172637,disp_p,219436394.0,pu
6215,9,0.9916334,0.00348727,0.0011394597,0.003739868,disp_p,219436394.0,pu
6215,10,0.9935127,0.0026559331,0.0009418174,0.0028896509,disp_p,219436394.0,pu
8612,1,0.9958162,0.0028304616,0.00045005628,0.0009032887,disp_p,406495245.0,pu
8612,2,0.999297,0.00067384104,2.0367945e-05,8.805178e-06,disp_p,406495245.0,pu
8612,3,0.9979609,0.0019786467,3.997377e-05,2.0468951e-05,disp_p,406495245.0,pu
8612,4,0.99339974,0.0060965274,0.0003054947,0.00019823221,disp_p,406495245.0,pu
8612,5,0.9988668,0.001086159,3.103237e-05,1.599658e-05,disp_p,406495245.0,pu
8612,6,0.99941385,0.0005515953,2.4904863e-05,9.63996e-06,disp_p,406495245.0,pu
8612,7,0.9939374,0.0049202857,0.0004225895,0.0007196554,disp_p,406495245.0,pu
8612,8,0.99927896,0.0006839797,2.4077752e-05,1.2958708e-05,disp_p,406495245.0,pu
8612,9,0.9983222,0.0016386734,3.2493248e-05,6.6584603e-06,disp_p,406495245.0,pu
8612,10,0.99908555,0.00085392554,4.5392608e-05,1.5186212e-05,disp_p,406495245.0,pu
10520,1,0.99927205,0.00021993976,9.453494e-05,0.0004133951,disp_p,,
10520,2,0.9983197,7.06451e-05,6.9799826e-05,0.001539756,disp_p,,
10520,3,0.99853265,0.00032371716,0.00020674689,0.0009369058,disp_p,,
10520,4,0.99494874,0.0011089983,0.0005388345,0.003403407,disp_p,,
10520,5,0.99819034,0.00011953052,0.00013434616,0.0015558387,disp_p,,
10520,6,0.9967277,0.00014076984,0.00011366975,0.0030177624,disp_p,,
10520,7,0.99800044,0.0005859275,0.00027529956,0.0011383637,disp_p,,
10520,8,0.9967068,0.00019165012,0.00025418782,0.0028474396,disp_p,,
10520,9,0.99674976,0.00040507442,0.00026885586,0.0025763172,disp_p,,
10520,10,0.99764735,9.168915e-05,0.00018084193,0.0020800806,disp_p,,
9428,1,0.99988794,6.48715e-05,1.319982e-05,3.392868e-05,disp_p,,
9428,2,0.9993482,0.00027802723,5.1566196e-05,0.0003222068,disp_p,,
9428,3,0.99833316,0.001330954,0.0001557884,0.00018018288,disp_p,,
9428,4,0.9994118,0.00043153076,5.370438e-05,0.00010288555,disp_p,,
9428,5,0.9988298,0.0007303871,7.571417e-05,0.00036415143,disp_p,,
9428,6,0.99865913,0.00055413845,9.4148665e-05,0.0006925136,disp_p,,
9428,7,0.9997651,0.00014588755,2.1618629e-05,6.743048e-05,disp_p,,
9428,8,0.9976373,0.0018350757,0.00013994456,0.00038770493,disp_p,,
9428,9,0.99794096,0.001587346,0.00015707752,0.00031459169,disp_p,,
9428,10,0.99892235,0.0003397986,0.00011493731,0.0006230174,disp_p,,
4762,1,0.9893958,0.0057637547,0.00089511345,0.003945407,disp_p,82598822.0,pu
4762,2,0.9968394,0.0026037362,0.0002306801,0.00032617067,disp_p,82598822.0,pu
4762,3,0.9953295,0.003973303,0.00028991644,0.00040736914,disp_p,82598822.0,pu
4762,4,0.99305844,0.005636679,0.00057819055,0.0007266431,disp_p,82598822.0,pu
4762,5,0.9968177,0.0024499085,0.00031401293,0.00041826937,disp_p,82598822.0,pu
4762,6,0.9969717,0.0024136899,0.00028065962,0.00033394672,disp_p,82598822.0,pu
4762,7,0.98674846,0.009249306,0.0010939952,0.0029083148,disp_p,82598822.0,pu
4762,8,0.99683917,0.0022912663,0.00036994988,0.0004996064,disp_p,82598822.0,pu
4762,9,0.9965532,0.0030398718,0.00022678901,0.0001801397,disp_p,82598822.0,pu
4762,10,0.9966666,0.0024622607,0.00039458153,0.0004764989,disp_p,82598822.0,pu
5474,1,0.93964666,0.05970681,0.0003633275,0.00028312832,disp_p,147977348.0,pu
5474,2,0.9739292,0.025751023,0.00023427,8.552475e-05,disp_p,147977348.0,pu
5474,3,0.929466,0.06994687,0.00039294048,0.00019424585,disp_p,147977348.0,pu
5474,4,0.91571105,0.083241776,0.0007434173,0.00030384003,disp_p,147977348.0,pu
5474,5,0.9489019,0.050679184,0.00029068784,0.00012817292,disp_p,147977348.0,pu
5474,6,0.968059,0.03155641,0.00029592135,8.864748e-05,disp_p,147977348.0,pu
5474,7,0.93666637,0.0625882,0.0004276325,0.00031778117,disp_p,147977348.0,pu
5474,8,0.94698864,0.052526888,0.00030406663,0.00018043,disp_p,147977348.0,pu
5474,9,0.9567115,0.043012377,0.00022861405,4.7491263e-05,disp_p,147977348.0,pu
5474,10,0.9484578,0.050904687,0.0004950127,0.00014254503,disp_p,147977348.0,pu
5397,1,0.99883455,0.00080585864,0.0001234116,0.00023628672,disp_p,143687316.0,pu
5397,2,0.999014,0.0008708499,6.490672e-05,5.019421e-05,disp_p,143687316.0,pu
5397,3,0.99834895,0.0014240589,0.00012378691,0.00010323203,disp_p,143687316.0,pu
5397,4,0.99881136,0.0009787842,0.00011244618,9.751194e-05,disp_p,143687316.0,pu
5397,5,0.9989794,0.00084761815,9.569206e-05,7.7189834e-05,disp_p,143687316.0,pu
5397,6,0.9994381,0.00045530798,6.232388e-05,4.4261953e-05,disp_p,143687316.0,pu
5397,7,0.99831957,0.001287118,0.00013154963,0.00026176719,disp_p,143687316.0,pu
5397,8,0.9990729,0.0008087871,6.473559e-05,5.3502423e-05,disp_p,143687316.0,pu
5397,9,0.99883085,0.0010281432,9.4484465e-05,4.6445337e-05,disp_p,143687316.0,pu
5397,10,0.99910945,0.0007399653,9.639583e-05,5.425757e-05,disp_p,143687316.0,pu
6819,1,0.99468803,0.004493546,0.00034479887,0.00047357837,disp_p,267373896.0,pu
6819,2,0.99797994,0.0019891227,2.2741639e-05,8.234063e-06,disp_p,267373896.0,pu
6819,3,0.99226284,0.0076395115,6.526167e-05,3.232256e-05,disp_p,267373896.0,pu
6819,4,0.98593116,0.013630141,0.0002758732,0.00016287938,disp_p,267373896.0,pu
6819,5,0.9959965,0.0039520734,3.5955065e-05,1.5417285e-05,disp_p,267373896.0,pu
6819,6,0.99775827,0.002203575,2.9165469e-05,8.937779e-06,disp_p,267373896.0,pu
6819,7,0.9909734,0.008243688,0.00033452723,0.0004482979,disp_p,267373896.0,pu
6819,8,0.99685234,0.0031004243,3.1120275e-05,1.612183e-05,disp_p,267373896.0,pu
6819,9,0.9905517,0.009381078,5.6526813e-05,1.0633134e-05,disp_p,267373896.0,pu
6819,10,0.9977811,0.0021535766,5.2488977e-05,1.2849564e-05,disp_p,267373896.0,pu
2258,1,0.04421,0.9509965,0.0021708866,0.0026227005,disp_e,201692967.0,et
2258,2,0.011649569,0.98361266,0.002295242,0.0024425434,disp_e,201692967.0,et
2258,3,0.015914911,0.97936046,0.0017879765,0.0029367255,disp_e,201692967.0,et
2258,4,0.022301909,0.9726983,0.0022803256,0.0027194626,disp_e,201692967.0,et
2258,5,0.010726811,0.9845861,0.0018358816,0.002851234,disp_e,201692967.0,et
2258,6,0.0127679575,0.98141885,0.0028616837,0.002951587,disp_e,201692967.0,et
2258,7,0.021014329,0.97447133,0.0022396212,0.0022746907,disp_e,201692967.0,et
2258,8,0.008398348,0.98608834,0.0017181741,0.0037950855,disp_e,201692967.0,et
2258,9,0.012754767,0.98162407,0.0021739504,0.0034472754,disp_e,201692967.0,et
2258,10,0.010039609,0.98605967,0.0015624792,0.0023382169,disp_e,201692967.0,et
6640,1,0.98703396,0.0046483064,0.0015282765,0.0067894277,disp_p,251848941.0,pu
6640,2,0.9889559,0.007912609,0.0012034185,0.0019279815,disp_p,251848941.0,pu
6640,3,0.98054665,0.0140436785,0.0022899027,0.003119761,disp_p,251848941.0,pu
6640,4,0.9864346,0.0076235128,0.001853528,0.0040884134,disp_p,251848941.0,pu
6640,5,0.98687774,0.0094567705,0.0016051651,0.002060271,disp_p,251848941.0,pu
6640,6,0.98804885,0.008183353,0.0015878669,0.0021799582,disp_p,251848941.0,pu
6640,7,0.97320616,0.01121126,0.0032569263,0.012325724,disp_p,251848941.0,pu
6640,8,0.9851382,0.010593435,0.0018156592,0.0024527581,disp_p,251848941.0,pu
6640,9,0.98553747,0.010881982,0.0016856729,0.0018948483,disp_p,251848941.0,pu
6640,10,0.98946476,0.0069752703,0.0016524642,0.0019075423,disp_p,251848941.0,pu
621,1,0.01037658,0.9895454,5.147906e-05,2.6507616e-05,disp_e,219435542.0,et
621,2,0.014592515,0.9828723,0.0014665411,0.0010685426,disp_e,219435542.0,et
621,3,0.017838225,0.98005235,0.00093758176,0.0011718748,disp_e,219435542.0,et
621,4,0.021541502,0.97751576,0.00063471973,0.00030794193,disp_e,219435542.0,et
621,5,0.012743648,0.9852358,0.0010210973,0.0009994705,disp_e,219435542.0,et
621,6,0.016561043,0.9808053,0.0016678465,0.00096579536,disp_e,219435542.0,et
621,7,0.012423491,0.9873975,0.00012010467,5.8961596e-05,disp_e,219435542.0,et
621,8,0.009154612,0.98878735,0.0008035288,0.0012545128,disp_e,219435542.0,et
621,9,0.020922787,0.9768413,0.0012217453,0.0010142,disp_e,219435542.0,et
621,10,0.011567599,0.98657423,0.0010240332,0.00083407795,disp_e,219435542.0,et
4374,1,0.9988237,0.0007040116,0.00014998409,0.00032222565,disp_p,46999289.0,pu
4374,2,0.9998153,0.00015548036,1.5760765e-05,1.3535273e-05,disp_p,46999289.0,pu
4374,3,0.99972266,0.00023361495,2.3314968e-05,2.0391413e-05,disp_p,46999289.0,pu
4374,4,0.999542,0.0003756083,4.7040856e-05,3.5345045e-05,disp_p,46999289.0,pu
4374,5,0.99983144,0.00012415164,2.3184772e-05,2.1093552e-05,disp_p,46999289.0,pu
4374,6,0.9998777,9.333057e-05,1.714888e-05,1.179391e-05,disp_p,46999289.0,pu
4374,7,0.99860865,0.0010052432,0.00012481619,0.00026136174,disp_p,46999289.0,pu
4374,8,0.9998814,9.8244e-05,1.1062238e-05,9.299005e-06,disp_p,46999289.0,pu
4374,9,0.99974483,0.00021619501,2.6351132e-05,1.2684147e-05,disp_p,46999289.0,pu
4374,10,0.9998647,0.00010090182,2.0820624e-05,1.3481305e-05,disp_p,46999289.0,pu
6524,1,0.99578154,0.0021696095,0.00048380397,0.0015650691,disp_p,239159011.0,pu
6524,2,0.995513,0.003753662,0.0003565069,0.00037683317,disp_p,239159011.0,pu
6524,3,0.99450916,0.0045179245,0.0004911467,0.00048170888,disp_p,239159011.0,pu
6524,4,0.9960567,0.0033083989,0.00034997202,0.00028497612,disp_p,239159011.0,pu
6524,5,0.99605954,0.0030293174,0.00043143853,0.00047980977,disp_p,239159011.0,pu
6524,6,0.99641573,0.0029089628,0.00035663217,0.00031868613,disp_p,239159011.0,pu
6524,7,0.9927866,0.0049301414,0.00072596804,0.0015572497,disp_p,239159011.0,pu
6524,8,0.993588,0.0048454534,0.0007018885,0.00086467114,disp_p,239159011.0,pu
6524,9,0.9955928,0.0038137718,0.00035609968,0.00023743541,disp_p,239159011.0,pu
6524,10,0.9957117,0.0032536942,0.000532608,0.0005020084,disp_p,239159011.0,pu
4340,1,0.8594665,0.13992807,0.0003541499,0.00025122834,disp_p,43647325.0,pu
4340,2,0.85619265,0.14319447,0.000445444,0.0001674923,disp_p,43647325.0,pu
4340,3,0.6639052,0.3350619,0.00065930485,0.00037361495,disp_e,43647325.0,pu
4340,4,0.73935467,0.25934473,0.0009085479,0.00039205138,disp_e,43647325.0,pu
4340,5,0.83332306,0.16614836,0.00037457663,0.00015403838,disp_p,43647325.0,pu
4340,6,0.86463165,0.13466866,0.0005395204,0.0001601405,disp_p,43647325.0,pu
4340,7,0.8422627,0.15694322,0.0004768733,0.0003172509,disp_p,43647325.0,pu
4340,8,0.8055072,0.19383548,0.00040036644,0.00025700897,disp_p,43647325.0,pu
4340,9,0.7519805,0.24741185,0.0004926217,0.00011507423,disp_e,43647325.0,pu
4340,10,0.7923781,0.20674665,0.00068330485,0.00019182583,disp_p,43647325.0,pu
1925,1,0.4132021,0.581828,0.002229393,0.0027405347,disp_e,111837183.0,pt
1925,2,0.50234383,0.48818707,0.0049341517,0.0045349514,disp_e,111837183.0,pt
1925,3,0.3926336,0.59715503,0.00434876,0.005862672,disp_e,111837183.0,pt
1925,4,0.49040738,0.5050882,0.0023274638,0.0021769963,disp_e,111837183.0,pt
1925,5,0.46310365,0.5273288,0.004590832,0.00497673,disp_e,111837183.0,pt
1925,6,0.5529373,0.43815455,0.004821719,0.0040864367,disp_e,111837183.0,pt
1925,7,0.32690036,0.66854584,0.0021847244,0.0023691293,disp_e,111837183.0,pt
1925,8,0.53362507,0.45241234,0.005940597,0.00802206,disp_e,111837183.0,pt
1925,9,0.34027863,0.6530722,0.003562536,0.003086698,disp_e,111837183.0,pt
1925,10,0.5688494,0.42185614,0.0049181846,0.0043762336,disp_e,111837183.0,pt
4263,1,0.99674326,0.0028274055,0.00018184782,0.00024757657,disp_p,35652085.0,pu
4263,2,0.999183,0.0007883598,1.874389e-05,9.920102e-06,disp_p,35652085.0,pu
4263,3,0.99869674,0.001250393,3.4504945e-05,1.8396444e-05,disp_p,35652085.0,pu
4263,4,0.9975545,0.0022999097,8.780237e-05,5.7836463e-05,disp_p,35652085.0,pu
4263,5,0.99890924,0.0010426551,3.219959e-05,1.598852e-05,disp_p,35652085.0,pu
4263,6,0.9994529,0.00051690964,2.0332167e-05,9.780212e-06,disp_p,35652085.0,pu
4263,7,0.9970962,0.0026113335,0.00011761555,0.00017480867,disp_p,35652085.0,pu
4263,8,0.99852353,0.0014323179,2.675095e-05,1.7434255e-05,disp_p,35652085.0,pu
4263,9,0.99833953,0.0016116629,4.0587536e-05,8.218842e-06,disp_p,35652085.0,pu
4263,10,0.99872017,0.0011999697,6.111601e-05,1.878527e-05,disp_p,35652085.0,pu
7427,1,0.99956495,0.00022824845,5.3000083e-05,0.00015373454,disp_p,306512967.0,pu
7427,2,0.9998242,0.00014864127,1.4490204e-05,1.261718e-05,disp_p,306512967.0,pu
7427,3,0.99973935,0.00021096507,2.5716718e-05,2.3961797e-05,disp_p,306512967.0,pu
7427,4,0.9995876,0.00026756315,6.1885534e-05,8.297374e-05,disp_p,306512967.0,pu
7427,5,0.9998492,0.00011065241,2.0373895e-05,1.97954e-05,disp_p,306512967.0,pu
7427,6,0.9998865,8.132299e-05,1.7715298e-05,1.436344e-05,disp_p,306512967.0,pu
7427,7,0.9994271,0.00035064976,5.5727214e-05,0.00016653059,disp_p,306512967.0,pu
7427,8,0.99987686,0.00010217467,1.140507e-05,9.479312e-06,disp_p,306512967.0,pu
7427,9,0.999701,0.00024722127,3.316397e-05,1.869183e-05,disp_p,306512967.0,pu
7427,10,0.99986935,0.00010027827,1.819991e-05,1.2179262e-05,disp_p,306512967.0,pu
27897,1,0.0011607779,0.0021259822,0.0005431643,0.99617,disp_j,333676051.0,
27897,2,0.0033538397,0.0013033174,0.0005015751,0.9948413,disp_j,333676051.0,
27897,3,0.0031637016,0.0010471191,0.0007042813,0.99508494,disp_j,333676051.0,
27897,4,0.0011317353,0.0012127658,0.0003339556,0.99732155,disp_j,333676051.0,
27897,5,0.0016981431,0.0015701812,0.0004881342,0.9962436,disp_j,333676051.0,
27897,6,0.0024874024,0.00060620176,0.00031053473,0.9965958,disp_j,333676051.0,
27897,7,0.0006642015,0.0011138465,0.00046053677,0.99776137,disp_j,333676051.0,
27897,8,0.002667893,0.000462895,0.00045419968,0.996415,disp_j,333676051.0,
27897,9,0.0023052879,0.00056815014,0.00023055596,0.996896,disp_j,333676051.0,
27897,10,0.0040612463,0.0015007015,0.0007658319,0.99367225,disp_j,333676051.0,
9393,1,0.9792814,0.0013385438,0.0019224088,0.017457517,disp_p,,
9393,2,0.9847912,0.0010638128,0.0005327374,0.013612271,disp_p,,
9393,3,0.9761273,0.0037386375,0.0021881536,0.017945955,disp_p,,
9393,4,0.9886812,0.0024455348,0.0007253572,0.008147998,disp_p,,
9393,5,0.98593056,0.0010690386,0.0005090098,0.012491321,disp_p,,
9393,6,0.9851215,0.0004170767,0.00026563497,0.01419575,disp_p,,
9393,7,0.98157907,0.0012392623,0.0008265814,0.016355094,disp_p,,
9393,8,0.9803798,0.0016788043,0.00083321263,0.01710818,disp_p,,
9393,9,0.9817693,0.0016862423,0.0008740672,0.015670475,disp_p,,
9393,10,0.99398005,0.0004241197,0.0003798476,0.005215907,disp_p,,
3526,1,0.92083275,0.063522816,0.004245635,0.011398751,disp_p,438976273.0,eb
3526,2,0.6687056,0.3166156,0.005962702,0.008716118,disp_e,438976273.0,eb
3526,3,0.55716455,0.42827,0.005661772,0.008903634,disp_e,438976273.0,eb
3526,4,0.8051914,0.1787973,0.0063266773,0.009684659,disp_p,438976273.0,eb
3526,5,0.6078346,0.37901825,0.0052687638,0.00787838,disp_e,438976273.0,eb
3526,6,0.68547356,0.30059004,0.0066776276,0.0072587975,disp_e,438976273.0,eb
3526,7,0.91656536,0.06578849,0.005134686,0.0125114545,disp_p,438976273.0,eb
3526,8,0.51639205,0.46586043,0.006313996,0.011433525,disp_e,438976273.0,eb
3526,9,0.5700747,0.4174759,0.0050505013,0.0073988945,disp_e,438976273.0,eb
3526,10,0.6326327,0.3526549,0.0056237197,0.009088649,disp_e,438976273.0,eb
4011,1,0.9852625,0.013567004,0.00052456826,0.00064588664,disp_p,15565627.0,eb
4011,2,0.99258465,0.0070496197,0.00023341883,0.00013227665,disp_p,15565627.0,eb
4011,3,0.99044573,0.009103931,0.0002635949,0.00018669196,disp_p,15565627.0,eb
4011,4,0.98705393,0.0123143345,0.00039001543,0.00024172112,disp_p,15565627.0,eb
4011,5,0.990746,0.00874306,0.000320808,0.00019018521,disp_p,15565627.0,eb
4011,6,0.9916932,0.007860553,0.00029347526,0.00015285324,disp_p,15565627.0,eb
4011,7,0.97813874,0.020892676,0.0004504083,0.00051807374,disp_p,15565627.0,eb
4011,8,0.9892041,0.010320998,0.00027753308,0.00019737578,disp_p,15565627.0,eb
4011,9,0.99218917,0.0075365095,0.00020205976,7.227944e-05,disp_p,15565627.0,eb
4011,10,0.99340796,0.006105666,0.00033470173,0.00015170922,disp_p,15565627.0,eb
4237,1,0.90928775,0.087121986,0.0016911072,0.0018991509,disp_p,33911302.0,pu
4237,2,0.79872733,0.1970736,0.0025937653,0.0016053143,disp_p,33911302.0,pu
4237,3,0.63247955,0.36145717,0.0033644694,0.0026987577,disp_e,33911302.0,pu
4237,4,0.8346005,0.16170067,0.00214257,0.0015562262,disp_p,33911302.0,pu
4237,5,0.7521521,0.24322271,0.0026551124,0.0019700392,disp_e,33911302.0,pu
4237,6,0.852705,0.14359209,0.0023772276,0.0013257347,disp_p,33911302.0,pu
4237,7,0.87720364,0.118731454,0.0021111341,0.0019537082,disp_p,33911302.0,pu
4237,8,0.84576464,0.14972493,0.0024692493,0.0020412202,disp_p,33911302.0,pu
4237,9,0.77526647,0.22180013,0.0019196776,0.0010137204,disp_e,33911302.0,pu
4237,10,0.84454143,0.15031819,0.0034159021,0.0017245155,disp_p,33911302.0,pu
8068,1,0.9944529,0.004503933,0.00046584423,0.00057731604,disp_p,360286627.0,pu
8068,2,0.9945591,0.0049043046,0.0003325891,0.00020396382,disp_p,360286627.0,pu
8068,3,0.99182725,0.0073073907,0.0005101656,0.00035515465,disp_p,360286627.0,pu
8068,4,0.9895215,0.008930424,0.0008960997,0.00065195817,disp_p,360286627.0,pu
8068,5,0.99445325,0.0049329107,0.0003692991,0.00024450265,disp_p,360286627.0,pu
8068,6,0.9936812,0.0055879857,0.0004531209,0.00027766603,disp_p,360286627.0,pu
8068,7,0.9909388,0.007742008,0.0005549353,0.00076425524,disp_p,360286627.0,pu
8068,8,0.9937075,0.0058079776,0.00027573487,0.00020877254,disp_p,360286627.0,pu
8068,9,0.9921893,0.0071086637,0.0005168963,0.00018514699,disp_p,360286627.0,pu
8068,10,0.9953557,0.004123622,0.00035936755,0.0001613063,disp_p,360286627.0,pu
3722,1,0.003152742,0.996811,2.362288e-05,1.2572942e-05,disp_e,463610099.0,eb
3722,2,0.0038348367,0.995368,0.00047058563,0.00032653048,disp_e,463610099.0,eb
3722,3,0.006106675,0.99302316,0.0003573508,0.0005128395,disp_e,463610099.0,eb
3722,4,0.0037622056,0.995946,0.00019350527,9.833294e-05,disp_e,463610099.0,eb
3722,5,0.0037246877,0.9955987,0.00034735922,0.0003292359,disp_e,463610099.0,eb
3722,6,0.0034824833,0.99567187,0.00055553834,0.00029010442,disp_e,463610099.0,eb
3722,7,0.0029845976,0.99693966,4.9137558e-05,2.659896e-05,disp_e,463610099.0,eb
3722,8,0.0024923082,0.9966994,0.00028550916,0.00052283576,disp_e,463610099.0,eb
3722,9,0.0068184407,0.9922193,0.00049652427,0.0004656489,disp_e,463610099.0,eb
3722,10,0.003703136,0.9957384,0.00029755844,0.00026093356,disp_e,463610099.0,eb
2733,1,0.0018385401,0.99812144,2.5093663e-05,1.4887212e-05,disp_e,302038263.0,et
2733,2,0.0046718395,0.9946215,0.00041671033,0.00028991088,disp_e,302038263.0,et
2733,3,0.0051084585,0.99434894,0.00024252447,0.00030016797,disp_e,302038263.0,et
2733,4,0.003014843,0.9967359,0.00015516432,9.415896e-05,disp_e,302038263.0,et
2733,5,0.0044709016,0.99504673,0.00025906434,0.00022330272,disp_e,302038263.0,et
2733,6,0.0046136095,0.99462754,0.00049924495,0.0002597073,disp_e,302038263.0,et
2733,7,0.001863728,0.99807334,3.989353e-05,2.300607e-05,disp_e,302038263.0,et
2733,8,0.0048576174,0.9943791,0.0003148804,0.00044846148,disp_e,302038263.0,et
2733,9,0.004964448,0.9944395,0.00032869796,0.0002674424,disp_e,302038263.0,et
2733,10,0.004974522,0.99448425,0.00031048854,0.0002306842,disp_e,302038263.0,et
1485,1,0.00026543488,0.99970573,1.3951778e-05,1.4899342e-05,disp_e,403090580.0,eb
1485,2,0.0012255216,0.9982299,0.0002609287,0.00028364873,disp_e,403090580.0,eb
1485,3,0.0011520323,0.9984907,0.00011301709,0.00024424406,disp_e,403090580.0,eb
1485,4,0.00037547684,0.99948657,6.455022e-05,7.334553e-05,disp_e,403090580.0,eb
1485,5,0.0011445183,0.99846625,0.0001532681,0.00023601069,disp_e,403090580.0,eb
1485,6,0.00065638334,0.9989988,0.00020693534,0.00013794769,disp_e,403090580.0,eb
1485,7,0.0003215719,0.99963593,2.2659233e-05,1.9754181e-05,disp_e,403090580.0,eb
1485,8,0.0006432113,0.9989747,0.00012167884,0.0002604665,disp_e,403090580.0,eb
1485,9,0.0014641583,0.9979984,0.00021521574,0.00032217472,disp_e,403090580.0,eb
1485,10,0.0010388626,0.99855584,0.00016953913,0.00023577876,disp_e,403090580.0,eb
10530,1,0.90811247,0.011458817,0.006741732,0.073687,disp_p,,
10530,2,0.9140955,0.013190293,0.0024168086,0.07029741,disp_p,,
10530,3,0.8781235,0.05039592,0.007941397,0.06353911,disp_p,,
10530,4,0.9175883,0.02411875,0.003809125,0.0544838,disp_p,,
10530,5,0.92952776,0.015733475,0.0025900996,0.052148603,disp_p,,
10530,6,0.88785315,0.012969458,0.0024298655,0.0967475,disp_p,,
10530,7,0.8746564,0.014965753,0.0078840135,0.10249381,disp_p,,
10530,8,0.8662702,0.036364246,0.005167753,0.092197835,disp_p,,
10530,9,0.86808145,0.022204122,0.004209714,0.10550469,disp_p,,
10530,10,0.94908226,0.0070452224,0.0019119913,0.041960545,disp_p,,
1388,1,0.00014598975,0.9998454,4.5567285e-06,4.0093787e-06,disp_e,382366619.0,et
1388,2,0.001347753,0.9980952,0.0002530454,0.00030394422,disp_e,382366619.0,et
1388,3,0.001741988,0.9978352,0.00013641662,0.00028639086,disp_e,382366619.0,et
1388,4,0.00043623633,0.99943584,6.3232605e-05,6.4704414e-05,disp_e,382366619.0,et
1388,5,0.0015411853,0.99795216,0.00020323652,0.00030350673,disp_e,382366619.0,et
1388,6,0.0012715692,0.99816316,0.0003164484,0.00024881016,disp_e,382366619.0,et
1388,7,0.00023052694,0.99975044,1.0455579e-05,8.628975e-06,disp_e,382366619.0,et
1388,8,0.0012086238,0.9981908,0.00018756566,0.00041301292,disp_e,382366619.0,et
1388,9,0.0015658682,0.99784935,0.00022863073,0.00035616843,disp_e,382366619.0,et
1388,10,0.0016584698,0.9979074,0.0001845173,0.00024957806,disp_e,382366619.0,et
5033,1,0.99426055,0.0052843043,0.00023356757,0.00022153204,disp_p,114103134.0,pu
5033,2,0.9951119,0.004568724,0.0002122415,0.0001071615,disp_p,114103134.0,pu
5033,3,0.9934923,0.0060704905,0.00027120486,0.00016592912,disp_p,114103134.0,pu
5033,4,0.9956066,0.004111701,0.00019053026,9.125028e-05,disp_p,114103134.0,pu
5033,5,0.99361163,0.00595978,0.00027315394,0.00015543582,disp_p,114103134.0,pu
5033,6,0.994987,0.0046392875,0.0002509722,0.00012271003,disp_p,114103134.0,pu
5033,7,0.99304366,0.006606821,0.00017319531,0.00017638945,disp_p,114103134.0,pu
5033,8,0.9929663,0.0066768304,0.0002140967,0.00014278544,disp_p,114103134.0,pu
5033,9,0.99348164,0.006191943,0.00024937495,7.707982e-05,disp_p,114103134.0,pu
5033,10,0.99398154,0.0055482043,0.00033697466,0.00013323144,disp_p,114103134.0,pu
26466,1,0.00012115209,0.0014569655,7.877121e-05,0.9983431,disp_j,120607386.0,
26466,2,0.00033471166,0.0027414581,6.7952424e-05,0.99685585,disp_j,120607386.0,
26466,3,0.00031176023,0.003110328,0.00017232672,0.9964057,disp_j,120607386.0,
26466,4,0.000104444436,0.005556968,9.580231e-05,0.9942427,disp_j,120607386.0,
26466,5,0.00030892532,0.0012508421,9.764722e-05,0.99834263,disp_j,120607386.0,
26466,6,0.00046915136,0.001756966,0.00018951776,0.99758434,disp_j,120607386.0,
26466,7,7.7093246e-05,0.0032010395,0.00010988122,0.9966119,disp_j,120607386.0,
26466,8,0.00039313338,0.0014575754,0.0001847543,0.9979645,disp_j,120607386.0,
26466,9,0.000109331966,0.0019104995,4.104178e-05,0.99793905,disp_j,120607386.0,
26466,10,0.00056964473,0.0018226233,0.0001393884,0.99746835,disp_j,120607386.0,
7255,1,0.9927331,0.0064411787,0.0003232341,0.0005024954,disp_p,294090620.0,pu
7255,2,0.92533237,0.074030735,0.0004387392,0.00019815244,disp_p,294090620.0,pu
7255,3,0.7484887,0.24997671,0.00090769987,0.00062682375,disp_e,294090620.0,pu
7255,4,0.9542196,0.044276692,0.0008477058,0.00065603934,disp_p,294090620.0,pu
7255,5,0.8987716,0.100561254,0.0004408582,0.00022627438,disp_p,294090620.0,pu
7255,6,0.966222,0.03321959,0.0003945474,0.00016390954,disp_p,294090620.0,pu
7255,7,0.9868728,0.011710411,0.0005403556,0.00087645795,disp_p,294090620.0,pu
7255,8,0.91618097,0.08313864,0.00040334935,0.00027708962,disp_p,294090620.0,pu
7255,9,0.88101035,0.11825642,0.00055226655,0.0001810274,disp_p,294090620.0,pu
7255,10,0.90857965,0.09063375,0.0005875209,0.0001990897,disp_p,294090620.0,pu
7657,1,0.96307737,0.027087003,0.0030805923,0.0067549706,disp_p,323250919.0,pu
7657,2,0.9653795,0.033169523,0.00086097256,0.0005900337,disp_p,323250919.0,pu
7657,3,0.88642234,0.11037621,0.0017288896,0.00147258,disp_p,323250919.0,pu
7657,4,0.9419601,0.05332202,0.002400758,0.002317047,disp_p,323250919.0,pu
7657,5,0.95488095,0.043770462,0.00075578614,0.00059274415,disp_p,323250919.0,pu
7657,6,0.9678776,0.030702144,0.0008840424,0.0005361804,disp_p,323250919.0,pu
7657,7,0.9556377,0.03672223,0.002961698,0.0046783667,disp_p,323250919.0,pu
7657,8,0.95889664,0.03949,0.0008618965,0.00075144443,disp_p,323250919.0,pu
7657,9,0.91029936,0.08772138,0.0012596205,0.00071959826,disp_p,323250919.0,pu
7657,10,0.9620772,0.036066394,0.0011769469,0.0006794525,disp_p,323250919.0,pu
10267,1,0.9996412,5.264579e-05,2.6747508e-05,0.0002794961,disp_p,,
10267,2,0.999571,2.9577173e-05,1.9171473e-05,0.0003801678,disp_p,,
10267,3,0.9999242,2.0904254e-05,8.59863e-06,4.626922e-05,disp_p,,
10267,4,0.99978834,9.0521855e-05,2.2231794e-05,9.8859186e-05,disp_p,,
10267,5,0.9997956,2.8818504e-05,1.9550373e-05,0.00015598969,disp_p,,
10267,6,0.99976796,4.0293933e-05,2.2479457e-05,0.0001692653,disp_p,,
10267,7,0.99960464,9.108155e-05,2.5345913e-05,0.0002788762,disp_p,,
10267,8,0.99974424,2.205884e-05,1.5506084e-05,0.00021821722,disp_p,,
10267,9,0.99987805,2.8920082e-05,1.0984135e-05,8.2030034e-05,disp_p,,
10267,10,0.9995492,3.5084093e-05,4.8567454e-05,0.00036700926,disp_p,,
10905,1,0.9831405,0.0016574491,0.0018028471,0.013399155,disp_p,,
10905,2,0.9862883,0.001851319,0.0010014966,0.010858838,disp_p,,
10905,3,0.980003,0.005152454,0.003440229,0.011404274,disp_p,,
10905,4,0.9836152,0.002289146,0.0012064654,0.012889162,disp_p,,
10905,5,0.98351824,0.0021395974,0.0010667733,0.013275317,disp_p,,
10905,6,0.9883581,0.0013312844,0.0008744725,0.009436186,disp_p,,
10905,7,0.98252594,0.0018273061,0.0012940698,0.014352618,disp_p,,
10905,8,0.985769,0.001827556,0.001010905,0.011392479,disp_p,,
10905,9,0.9844839,0.002621476,0.0014748089,0.011419772,disp_p,,
10905,10,0.9894282,0.0009887881,0.0010695733,0.0085134255,disp_p,,
293,1,0.1731217,0.8025527,0.008608984,0.015716638,disp_e,61615041.0,et
293,2,0.03842641,0.9469353,0.0053804964,0.009257762,disp_e,61615041.0,et
293,3,0.03518894,0.9554171,0.0030129286,0.0063811075,disp_e,61615041.0,et
293,4,0.20588203,0.7629284,0.009615641,0.021573868,disp_e,61615041.0,et
293,5,0.038081665,0.9465414,0.0046669133,0.010709963,disp_e,61615041.0,et
293,6,0.067264356,0.9075984,0.00976401,0.015373195,disp_e,61615041.0,et
293,7,0.17100383,0.8006887,0.010750204,0.01755725,disp_e,61615041.0,et
293,8,0.030077055,0.9554798,0.0042384863,0.01020471,disp_e,61615041.0,et
293,9,0.025793454,0.9594433,0.0045320024,0.010231207,disp_e,61615041.0,et
293,10,0.032234054,0.9527452,0.004711775,0.010308993,disp_e,61615041.0,et
5823,1,0.99883825,0.0005036744,0.00016106978,0.0004969848,disp_p,173640199.0,pu
5823,2,0.9997986,0.00019152857,6.758355e-06,3.141818e-06,disp_p,173640199.0,pu
5823,3,0.9993938,0.00057833706,1.8539555e-05,9.2913515e-06,disp_p,173640199.0,pu
5823,4,0.9986349,0.0010984123,0.000132611,0.00013405536,disp_p,173640199.0,pu
5823,5,0.99974114,0.00024140345,1.11536365e-05,6.2148392e-06,disp_p,173640199.0,pu
5823,6,0.9998568,0.00013235216,7.649251e-06,3.1918091e-06,disp_p,173640199.0,pu
5823,7,0.9981231,0.0010585368,0.00020366523,0.0006146244,disp_p,173640199.0,pu
5823,8,0.99977654,0.00021030178,8.402874e-06,4.6506625e-06,disp_p,173640199.0,pu
5823,9,0.99957174,0.00041078767,1.4360054e-05,3.016042e-06,disp_p,173640199.0,pu
5823,10,0.9997912,0.00018540908,1.7658016e-05,5.729096e-06,disp_p,173640199.0,pu
3218,1,0.162966,0.15222615,0.030280834,0.65452707,disp_j,369327273.0,jj
3218,2,0.08566986,0.24031089,0.018748725,0.6552706,disp_e,369327273.0,jj
3218,3,0.09089541,0.3763647,0.025214095,0.5075258,disp_e,369327273.0,jj
3218,4,0.094729275,0.24698539,0.025047496,0.63323784,disp_e,369327273.0,jj
3218,5,0.087900594,0.3832552,0.02413932,0.50470483,disp_e,369327273.0,jj
3218,6,0.07643927,0.28277564,0.024016352,0.6167688,disp_e,369327273.0,jj
3218,7,0.09797262,0.128087,0.030523287,0.7434172,disp_j,369327273.0,jj
3218,8,0.072027035,0.23468742,0.018258741,0.6750268,disp_e,369327273.0,jj
3218,9,0.07674853,0.4076719,0.017759813,0.49781966,disp_e,369327273.0,jj
3218,10,0.12977965,0.26915017,0.0176184,0.5834518,disp_e,369327273.0,jj
334,1,0.0052808067,0.99460936,6.630538e-05,4.3564618e-05,disp_e,71933719.0,et
334,2,0.012599818,0.9850108,0.0013837744,0.0010055937,disp_e,71933719.0,et
334,3,0.015768336,0.98190975,0.0010661633,0.0012557326,disp_e,71933719.0,et
334,4,0.012190561,0.98692244,0.0005324567,0.00035444516,disp_e,71933719.0,et
334,5,0.013273409,0.9848776,0.0010118178,0.000837244,disp_e,71933719.0,et
334,6,0.015520202,0.9818013,0.0016554676,0.0010229939,disp_e,71933719.0,et
334,7,0.0051268893,0.9946794,0.00012417044,6.949392e-05,disp_e,71933719.0,et
334,8,0.011575021,0.985647,0.0011595028,0.0016184676,disp_e,71933719.0,et
334,9,0.01205017,0.9858149,0.0011056997,0.0010292631,disp_e,71933719.0,et
334,10,0.013441617,0.9846668,0.0010749006,0.0008165793,disp_e,71933719.0,et
27557,1,0.123533204,0.005698434,0.005503846,0.86526453,disp_j,278537588.0,J
27557,2,0.0347494,0.010900571,0.0029494422,0.9514005,disp_j,278537588.0,J
27557,3,0.025399687,0.009283042,0.004374894,0.9609424,disp_j,278537588.0,J
27557,4,0.04303331,0.0062627653,0.0034333314,0.94727063,disp_j,278537588.0,J
27557,5,0.033787396,0.012227273,0.0039017275,0.95008355,disp_j,278537588.0,J
27557,6,0.025295852,0.009005996,0.0030047153,0.9626935,disp_j,278537588.0,J
27557,7,0.05691306,0.003934954,0.0030510244,0.936101,disp_j,278537588.0,J
27557,8,0.020674298,0.010798925,0.0023394024,0.9661874,disp_j,278537588.0,J
27557,9,0.028480293,0.008173469,0.0019604666,0.9613858,disp_j,278537588.0,J
27557,10,0.032486662,0.013404204,0.001939752,0.95216936,disp_j,278537588.0,J
2883,1,0.111798264,0.8755754,0.0053880657,0.0072381957,disp_e,315352159.0,eb
2883,2,0.062229205,0.9264435,0.005501186,0.0058261203,disp_e,315352159.0,eb
2883,3,0.050648745,0.94025224,0.0036926777,0.005406337,disp_e,315352159.0,eb
2883,4,0.09601907,0.8922061,0.005123611,0.006651332,disp_e,315352159.0,eb
2883,5,0.048439186,0.9435562,0.003940575,0.004064005,disp_e,315352159.0,eb
2883,6,0.05793227,0.9315708,0.0056196153,0.0048772832,disp_e,315352159.0,eb
2883,7,0.104650274,0.881033,0.0068419413,0.007474837,disp_e,315352159.0,eb
2883,8,0.0676821,0.92058986,0.0046336367,0.007094394,disp_e,315352159.0,eb
2883,9,0.05458736,0.93301624,0.0059338417,0.006462577,disp_e,315352159.0,eb
2883,10,0.070838034,0.9183374,0.0052363025,0.00558821,disp_e,315352159.0,eb
3225,1,0.8367619,0.13612299,0.007754806,0.019360274,disp_p,371106415.0,eb
3225,2,0.6243671,0.3599655,0.0065587177,0.009108622,disp_e,371106415.0,eb
3225,3,0.5846119,0.39803523,0.006894925,0.010457983,disp_e,371106415.0,eb
3225,4,0.7247647,0.24363995,0.009524553,0.022070715,disp_e,371106415.0,eb
3225,5,0.6247404,0.36034632,0.006422435,0.008490838,disp_e,371106415.0,eb
3225,6,0.73041344,0.25349197,0.0075258515,0.008568754,disp_e,371106415.0,eb
3225,7,0.75789744,0.18391837,0.014995801,0.04318846,disp_p,371106415.0,eb
3225,8,0.5405803,0.42871207,0.009878682,0.020828964,disp_e,371106415.0,eb
3225,9,0.55530524,0.43032736,0.0061701695,0.008197266,disp_e,371106415.0,eb
3225,10,0.71805423,0.26427072,0.0063231806,0.011351916,disp_e,371106415.0,eb
6646,1,0.9283891,0.0280714,0.0052186167,0.038320813,disp_p,252469648.0,pu
6646,2,0.92460465,0.03525444,0.0062273648,0.03391348,disp_p,252469648.0,pu
6646,3,0.90712416,0.052515276,0.007436775,0.03292388,disp_p,252469648.0,pu
6646,4,0.9437192,0.03251942,0.004699987,0.019061316,disp_p,252469648.0,pu
6646,5,0.94523853,0.027434913,0.0061879503,0.021138558,disp_p,252469648.0,pu
6646,6,0.9518167,0.021775285,0.005149846,0.021258129,disp_p,252469648.0,pu
6646,7,0.8912684,0.047000296,0.009303385,0.052427955,disp_p,252469648.0,pu
6646,8,0.9238854,0.035255704,0.007773653,0.033085242,disp_p,252469648.0,pu
6646,9,0.8725567,0.06080495,0.009094518,0.057543818,disp_p,252469648.0,pu
6646,10,0.9433095,0.028182074,0.004939483,0.023568941,disp_p,252469648.0,pu
28362,1,0.0015367866,0.052959915,0.0010989049,0.9444044,disp_j,439402891.0,
28362,2,0.0042398428,0.06145626,0.0010782937,0.9332256,disp_j,439402891.0,
28362,3,0.0033612899,0.06115678,0.0019571418,0.9335248,disp_j,439402891.0,
28362,4,0.0016603149,0.040873323,0.001145874,0.95632046,disp_j,439402891.0,
28362,5,0.0050979154,0.052218523,0.0023195206,0.94036406,disp_j,439402891.0,
28362,6,0.004199012,0.035867058,0.002659916,0.95727396,disp_j,439402891.0,
28362,7,0.001236412,0.050010644,0.0015922572,0.9471608,disp_j,439402891.0,
28362,8,0.004229827,0.030237487,0.002579173,0.96295357,disp_j,439402891.0,
28362,9,0.0018357986,0.07888416,0.0013807116,0.91789937,disp_j,439402891.0,
28362,10,0.0058544115,0.06690205,0.002471984,0.92477155,disp_j,439402891.0,
7056,1,0.99713993,0.0021284397,0.00025782175,0.00047387226,disp_p,281196902.0,pu
7056,2,0.999495,0.00047078205,2.136629e-05,1.2852036e-05,disp_p,281196902.0,pu
7056,3,0.9987483,0.0011670631,5.1904084e-05,3.27163e-05,disp_p,281196902.0,pu
7056,4,0.99766326,0.0021081096,0.000137936,9.070626e-05,disp_p,281196902.0,pu
7056,5,0.99942553,0.0005177566,3.467063e-05,2.2034003e-05,disp_p,281196902.0,pu
7056,6,0.999637,0.00032886202,2.2763199e-05,1.1302181e-05,disp_p,281196902.0,pu
7056,7,0.99642146,0.00291822,0.00024225246,0.00041809495,disp_p,281196902.0,pu
7056,8,0.9994055,0.00054254575,3.179551e-05,2.0181471e-05,disp_p,281196902.0,pu
7056,9,0.99913543,0.00081776787,3.6105343e-05,1.0724857e-05,disp_p,281196902.0,pu
7056,10,0.9994943,0.0004391115,4.7047542e-05,1.9535424e-05,disp_p,281196902.0,pu
6746,1,0.99756914,0.0018209866,0.0002313455,0.00037850975,disp_p,260537454.0,pu
6746,2,0.99938786,0.0005961772,1.1649819e-05,4.285834e-06,disp_p,260537454.0,pu
6746,3,0.99782526,0.0021315916,2.961429e-05,1.3543974e-05,disp_p,260537454.0,pu
6746,4,0.99509084,0.0045246603,0.00023339129,0.00015119601,disp_p,260537454.0,pu
6746,5,0.9990176,0.00095446495,1.9308634e-05,8.685397e-06,disp_p,260537454.0,pu
6746,6,0.99934644,0.00063396984,1.5021571e-05,4.520115e-06,disp_p,260537454.0,pu
6746,7,0.99586785,0.0033292256,0.00027277422,0.0005301403,disp_p,260537454.0,pu
6746,8,0.99918157,0.0007971329,1.4526245e-05,6.772412e-06,disp_p,260537454.0,pu
6746,9,0.9979358,0.0020366265,2.3560751e-05,4.0518585e-06,disp_p,260537454.0,pu
6746,10,0.9992461,0.00071418006,3.1319698e-05,8.397647e-06,disp_p,260537454.0,pu
3919,1,0.9852624,0.013223226,0.0007143135,0.0007999808,disp_p,7059054.0,pu
3919,2,0.99826163,0.001653106,5.7722405e-05,2.7612963e-05,disp_p,7059054.0,pu
3919,3,0.9947942,0.004993717,0.00014078352,7.135338e-05,disp_p,7059054.0,pu
3919,4,0.98814464,0.011229345,0.00040139758,0.00022458976,disp_p,7059054.0,pu
3919,5,0.99724174,0.0026201706,8.876412e-05,4.930493e-05,disp_p,7059054.0,pu
3919,6,0.99827015,0.0016377202,6.5073684e-05,2.7034961e-05,disp_p,7059054.0,pu
3919,7,0.9871214,0.011898381,0.00046690763,0.00051328767,disp_p,7059054.0,pu
3919,8,0.99754816,0.0023150693,8.740722e-05,4.936008e-05,disp_p,7059054.0,pu
3919,9,0.99527293,0.0046113976,9.257405e-05,2.3142764e-05,disp_p,7059054.0,pu
3919,10,0.9976809,0.0021217514,0.00014663,5.0625327e-05,disp_p,7059054.0,pu
5008,1,0.9991364,0.00040049848,9.8102486e-05,0.00036503366,disp_p,107776260.0,pu
5008,2,0.9996321,0.00030859007,3.2008287e-05,2.7188353e-05,disp_p,107776260.0,pu
5008,3,0.9994165,0.0004783566,5.3292442e-05,5.196234e-05,disp_p,107776260.0,pu
5008,4,0.9992669,0.0005322716,9.396451e-05,0.00010682561,disp_p,107776260.0,pu
5008,5,0.99958056,0.00032237635,4.667476e-05,5.031846e-05,disp_p,107776260.0,pu
5008,6,0.99959296,0.0003174822,4.928168e-05,4.025727e-05,disp_p,107776260.0,pu
5008,7,0.9989605,0.0005827501,0.00011102105,0.00034579588,disp_p,107776260.0,pu
5008,8,0.9995266,0.00037412395,5.1006435e-05,4.830597e-05,disp_p,107776260.0,pu
5008,9,0.9995832,0.00035190192,4.107178e-05,2.376431e-05,disp_p,107776260.0,pu
5008,10,0.9996247,0.00027351876,5.887597e-05,4.28275e-05,disp_p,107776260.0,pu
8336,1,0.99907494,0.0004273866,0.00011402591,0.00038373473,disp_p,382688257.0,pu
8336,2,0.99903595,0.0006197464,0.00012748991,0.0002168393,disp_p,382688257.0,pu
8336,3,0.9986045,0.0009115404,0.00019713564,0.0002869122,disp_p,382688257.0,pu
8336,4,0.99898607,0.0006414575,0.0001545552,0.00021787483,disp_p,382688257.0,pu
8336,5,0.9990575,0.00049749156,0.00018190467,0.0002632173,disp_p,382688257.0,pu
8336,6,0.99928194,0.00041000647,0.00014423662,0.00016381088,disp_p,382688257.0,pu
8336,7,0.9982937,0.00084086997,0.00020766417,0.00065773184,disp_p,382688257.0,pu
8336,8,0.99908984,0.0005639667,0.00014430478,0.0002018769,disp_p,382688257.0,pu
8336,9,0.9987128,0.00088184426,0.00020099728,0.0002043776,disp_p,382688257.0,pu
8336,10,0.9992718,0.00041179074,0.000132344,0.00018410875,disp_p,382688257.0,pu
8278,1,0.98865664,0.005386897,0.0012613019,0.004695162,disp_p,377097547.0,pu
8278,2,0.97445345,0.013382114,0.0035716654,0.008592737,disp_p,377097547.0,pu
8278,3,0.9744728,0.013133639,0.0036315778,0.008761953,disp_p,377097547.0,pu
8278,4,0.9851623,0.007375714,0.0023431776,0.005118779,disp_p,377097547.0,pu
8278,5,0.97686356,0.009581237,0.004215587,0.009339622,disp_p,377097547.0,pu
8278,6,0.97736424,0.011744203,0.0036729765,0.0072184834,disp_p,377097547.0,pu
8278,7,0.98158133,0.009029901,0.0018887833,0.0074998676,disp_p,377097547.0,pu
8278,8,0.974952,0.013218986,0.0039642947,0.0078647025,disp_p,377097547.0,pu
8278,9,0.96635526,0.018367164,0.0045062946,0.010771233,disp_p,377097547.0,pu
8278,10,0.98494786,0.008434613,0.0020844543,0.0045330347,disp_p,377097547.0,pu
4290,1,0.9056201,0.091057606,0.0014466046,0.0018756313,disp_p,37718056.0,pu
4290,2,0.5920004,0.40656835,0.00096415397,0.0004671321,disp_e,37718056.0,pu
4290,3,0.32497975,0.6730503,0.0011274974,0.0008424666,disp_e,37718056.0,pu
4290,4,0.6893078,0.30694416,0.002056604,0.0016914016,disp_e,37718056.0,pu
4290,5,0.57512397,0.4234923,0.00088024634,0.0005034697,disp_e,37718056.0,pu
4290,6,0.6478765,0.3502128,0.0013220472,0.0005886464,disp_e,37718056.0,pu
4290,7,0.8470417,0.1477073,0.0023826582,0.0028683825,disp_p,37718056.0,pu
4290,8,0.51453674,0.48338994,0.0010587149,0.0010145883,disp_e,37718056.0,pu
4290,9,0.4764481,0.5221251,0.0009783154,0.00044854337,disp_e,37718056.0,pu
4290,10,0.64934903,0.3490226,0.0011046993,0.00052361214,disp_e,37718056.0,pu
1754,1,0.009281677,0.9878231,0.0012018074,0.001693307,disp_e,33325745.0,
1754,2,0.0052497806,0.98918647,0.002023989,0.0035397075,disp_e,33325745.0,
1754,3,0.006899612,0.98703206,0.0014968907,0.004571425,disp_e,33325745.0,
1754,4,0.0057886248,0.9901455,0.0014259829,0.002639789,disp_e,33325745.0,
1754,5,0.00570693,0.98857135,0.0017410447,0.003980754,disp_e,33325745.0,
1754,6,0.0046860073,0.99039584,0.0019958816,0.0029222781,disp_e,33325745.0,
1754,7,0.007305661,0.9891661,0.0014905547,0.0020377138,disp_e,33325745.0,
1754,8,0.0032210804,0.99112767,0.0013896329,0.004261624,disp_e,33325745.0,
1754,9,0.0070626587,0.9859233,0.0018904296,0.0051236125,disp_e,33325745.0,
1754,10,0.004989557,0.9902783,0.0012880306,0.0034441208,disp_e,33325745.0,
2824,1,0.54669863,0.44122157,0.005247728,0.006832032,disp_e,309528303.0,eb
2824,2,0.42601678,0.55509007,0.00878215,0.01011107,disp_e,309528303.0,eb
2824,3,0.32969287,0.65131706,0.0072273547,0.0117627345,disp_e,309528303.0,eb
2824,4,0.5287534,0.45442158,0.00818708,0.008637966,disp_e,309528303.0,eb
2824,5,0.27901193,0.70591956,0.0069289925,0.008139537,disp_e,309528303.0,eb
2824,6,0.34972364,0.6325544,0.009268117,0.008453867,disp_e,309528303.0,eb
2824,7,0.58486325,0.39823297,0.007544082,0.009359695,disp_e,309528303.0,eb
2824,8,0.2763595,0.7053844,0.0065867505,0.011669373,disp_e,309528303.0,eb
2824,9,0.29491696,0.6890245,0.0064569404,0.009601633,disp_e,309528303.0,eb
2824,10,0.396408,0.5860512,0.00694879,0.010591991,disp_e,309528303.0,eb
9241,1,0.9980171,0.0016312569,0.00015660546,0.00019507638,disp_p,467265105.0,pu
9241,2,0.99926585,0.000678396,3.596797e-05,1.9795325e-05,disp_p,467265105.0,pu
9241,3,0.99874675,0.0011563178,6.0448758e-05,3.6437938e-05,disp_p,467265105.0,pu
9241,4,0.9979856,0.0018728405,9.2414666e-05,4.9162656e-05,disp_p,467265105.0,pu
9241,5,0.99905056,0.0008485767,6.0970346e-05,3.9843617e-05,disp_p,467265105.0,pu
9241,6,0.9993468,0.00059524487,3.964084e-05,1.8313545e-05,disp_p,467265105.0,pu
9241,7,0.9971396,0.0026100054,0.00010695602,0.0001435099,disp_p,467265105.0,pu
9241,8,0.9988857,0.0010309248,5.049054e-05,3.2856922e-05,disp_p,467265105.0,pu
9241,9,0.9987274,0.001195295,5.9421338e-05,1.7936374e-05,disp_p,467265105.0,pu
9241,10,0.9993061,0.0005987553,6.664619e-05,2.8566912e-05,disp_p,467265105.0,pu
4451,1,0.980931,0.01774643,0.00061687554,0.00070579187,disp_p,53744258.0,pu
4451,2,0.9926006,0.006593242,0.00044070877,0.00036540697,disp_p,53744258.0,pu
4451,3,0.9888442,0.0100215385,0.00060414296,0.00053012033,disp_p,53744258.0,pu
4451,4,0.99257326,0.0068481765,0.00032021504,0.00025840974,disp_p,53744258.0,pu
4451,5,0.9902615,0.00860903,0.0006102765,0.00051919394,disp_p,53744258.0,pu
4451,6,0.9950584,0.004279239,0.0003760504,0.0002863914,disp_p,53744258.0,pu
4451,7,0.9845004,0.014518439,0.0004295401,0.0005516148,disp_p,53744258.0,pu
4451,8,0.99362516,0.0057097794,0.0003446131,0.00032051772,disp_p,53744258.0,pu
4451,9,0.9883807,0.010805381,0.00054696633,0.00026698873,disp_p,53744258.0,pu
4451,10,0.99221295,0.0067624655,0.0006274855,0.00039713274,disp_p,53744258.0,pu
4502,1,0.9973732,0.0023519427,0.00011970795,0.00015515681,disp_p,59770954.0,pu
4502,2,0.9996482,0.00033294797,1.2075487e-05,6.7667215e-06,disp_p,59770954.0,pu
4502,3,0.9994692,0.0004982665,2.1116843e-05,1.1469329e-05,disp_p,59770954.0,pu
4502,4,0.9987091,0.0012055188,5.427034e-05,3.1146563e-05,disp_p,59770954.0,pu
4502,5,0.9995895,0.00038043578,1.8724892e-05,1.1346353e-05,disp_p,59770954.0,pu
4502,6,0.9997886,0.00019497979,1.1166619e-05,5.2065566e-06,disp_p,59770954.0,pu
4502,7,0.99739814,0.0023978006,8.409674e-05,0.00011997518,disp_p,59770954.0,pu
4502,8,0.9995808,0.00039313128,1.5998035e-05,1.00567495e-05,disp_p,59770954.0,pu
4502,9,0.9994178,0.0005580626,1.9258392e-05,4.92734e-06,disp_p,59770954.0,pu
4502,10,0.9996536,0.00031207653,2.5255295e-05,9.092946e-06,disp_p,59770954.0,pu
3206,1,0.0059074084,0.98946893,0.0012885585,0.0033350096,disp_e,366266583.0,eb
3206,2,0.005693458,0.9917008,0.0009677834,0.0016378924,disp_e,366266583.0,eb
3206,3,0.0043692966,0.9941744,0.0004255434,0.0010307741,disp_e,366266583.0,eb
3206,4,0.0072688013,0.9885669,0.0011056592,0.003058593,disp_e,366266583.0,eb
3206,5,0.0056000846,0.9924319,0.00069040473,0.0012776005,disp_e,366266583.0,eb
3206,6,0.0052636103,0.9921366,0.0011216848,0.0014781065,disp_e,366266583.0,eb
3206,7,0.0071433727,0.9879468,0.0016662906,0.0032435874,disp_e,366266583.0,eb
3206,8,0.0060828626,0.98945004,0.0012139098,0.003253212,disp_e,366266583.0,eb
3206,9,0.0039815395,0.99373406,0.0007286087,0.0015557308,disp_e,366266583.0,eb
3206,10,0.0062273582,0.990939,0.00094946777,0.0018842028,disp_e,366266583.0,eb
2359,1,0.30926195,0.6705167,0.006596468,0.013624842,disp_e,221108005.0,eb
2359,2,0.08556954,0.88269645,0.010090044,0.021644004,disp_e,221108005.0,eb
2359,3,0.087518714,0.87959975,0.008412475,0.024469094,disp_e,221108005.0,eb
2359,4,0.11721671,0.85763204,0.0072631305,0.017888147,disp_e,221108005.0,eb
2359,5,0.07507953,0.889618,0.009364405,0.025938118,disp_e,221108005.0,eb
2359,6,0.07951723,0.88475627,0.009725165,0.026001245,disp_e,221108005.0,eb
2359,7,0.20523082,0.7645989,0.009472619,0.020697646,disp_e,221108005.0,eb
2359,8,0.04483782,0.9229279,0.0072502536,0.024984038,disp_e,221108005.0,eb
2359,9,0.064516164,0.90521175,0.0074156844,0.022856416,disp_e,221108005.0,eb
2359,10,0.090838306,0.87627363,0.008543681,0.024344444,disp_e,221108005.0,eb
3438,1,0.01464065,0.98326856,0.0009751604,0.0011156367,disp_e,412612669.0,eb
3438,2,0.02598241,0.9692123,0.0025495873,0.002255708,disp_e,412612669.0,eb
3438,3,0.022477368,0.97419816,0.0014702441,0.0018542316,disp_e,412612669.0,eb
3438,4,0.015331114,0.98210734,0.0012575075,0.0013040099,disp_e,412612669.0,eb
3438,5,0.03057408,0.9648537,0.0022882263,0.0022839217,disp_e,412612669.0,eb
3438,6,0.023972992,0.9717451,0.002470656,0.0018112848,disp_e,412612669.0,eb
3438,7,0.012404318,0.9855724,0.0010777429,0.0009455022,disp_e,412612669.0,eb
3438,8,0.04436241,0.9484287,0.0030080464,0.004200813,disp_e,412612669.0,eb
3438,9,0.020028593,0.9757447,0.0021969029,0.0020298027,disp_e,412612669.0,eb
3438,10,0.03350689,0.96097,0.002717039,0.002806042,disp_e,412612669.0,eb
3008,1,0.24708131,0.7257107,0.010372667,0.016835403,disp_e,328984640.0,jj
3008,2,0.114085145,0.829511,0.019272441,0.03713151,disp_e,328984640.0,jj
3008,3,0.11431822,0.8275811,0.01538046,0.042720225,disp_e,328984640.0,jj
3008,4,0.26740414,0.66416466,0.018687803,0.049743414,disp_e,328984640.0,jj
3008,5,0.080634706,0.8626337,0.016968863,0.0397627,disp_e,328984640.0,jj
3008,6,0.121071935,0.80994743,0.0220718,0.046908736,disp_e,328984640.0,jj
3008,7,0.2601739,0.70161706,0.014585723,0.023623347,disp_e,328984640.0,jj
3008,8,0.09017899,0.86191285,0.014651078,0.033257075,disp_e,328984640.0,jj
3008,9,0.079594046,0.8582043,0.017835176,0.044366505,disp_e,328984640.0,jj
3008,10,0.09884077,0.8608847,0.012272562,0.028001972,disp_e,328984640.0,jj
4018,1,0.6710321,0.31946608,0.0037001455,0.0058016847,disp_e,16102323.0,eb
4018,2,0.3290901,0.66321236,0.0041285744,0.0035689836,disp_e,16102323.0,eb
4018,3,0.19712408,0.7959763,0.0028950192,0.004004577,disp_e,16102323.0,eb
4018,4,0.5501574,0.43470594,0.00671782,0.008418805,disp_e,16102323.0,eb
4018,5,0.26363045,0.72903085,0.0036051357,0.0037336275,disp_e,16102323.0,eb
4018,6,0.36037177,0.6297987,0.0052756313,0.004553881,disp_e,16102323.0,eb
4018,7,0.6272842,0.3546361,0.007064516,0.011015098,disp_e,16102323.0,eb
4018,8,0.19358169,0.79760736,0.0037435098,0.005067464,disp_e,16102323.0,eb
4018,9,0.3066634,0.6869708,0.00322948,0.0031364195,disp_e,16102323.0,eb
4018,10,0.3380571,0.6542125,0.003966047,0.0037643937,disp_e,16102323.0,eb
6397,1,0.9941142,0.0050652972,0.00037218022,0.0004482315,disp_p,233182695.0,pu
6397,2,0.9963343,0.0029413328,0.00039548107,0.00032883158,disp_p,233182695.0,pu
6397,3,0.99583024,0.0031760964,0.0005220131,0.0004716425,disp_p,233182695.0,pu
6397,4,0.9956802,0.003762312,0.00035192817,0.00020546479,disp_p,233182695.0,pu
6397,5,0.9967014,0.0023536119,0.0005013725,0.00044358944,disp_p,233182695.0,pu
6397,6,0.99601835,0.003032159,0.00056239485,0.00038699864,disp_p,233182695.0,pu
6397,7,0.99160695,0.0075813048,0.000378573,0.0004331115,disp_p,233182695.0,pu
6397,8,0.99718565,0.0022409516,0.00030890497,0.00026438225,disp_p,233182695.0,pu
6397,9,0.9952962,0.0038765778,0.0005076235,0.00031970383,disp_p,233182695.0,pu
6397,10,0.9975811,0.0018132103,0.00035263723,0.0002530393,disp_p,233182695.0,pu
8408,1,0.9973145,0.0023348199,0.00016233309,0.00018840523,disp_p,388104525.0,pu
8408,2,0.99856454,0.0014161847,1.43573e-05,4.855486e-06,disp_p,388104525.0,pu
8408,3,0.9956553,0.0042950204,3.568325e-05,1.39049935e-05,disp_p,388104525.0,pu
8408,4,0.99296737,0.0066979094,0.00020903049,0.00012567206,disp_p,388104525.0,pu
8408,5,0.9976615,0.0023103098,2.08264e-05,7.356009e-06,disp_p,388104525.0,pu
8408,6,0.99886227,0.00111762,1.5581873e-05,4.544679e-06,disp_p,388104525.0,pu
8408,7,0.9965312,0.0031030914,0.00014944345,0.00021625955,disp_p,388104525.0,pu
8408,8,0.99724245,0.002728965,1.9252335e-05,9.384289e-06,disp_p,388104525.0,pu
8408,9,0.99611497,0.0038564035,2.5254129e-05,3.377673e-06,disp_p,388104525.0,pu
8408,10,0.9979067,0.0020415902,4.2750264e-05,9.0124495e-06,disp_p,388104525.0,pu
6886,1,0.9832972,0.016141174,0.0003087307,0.00025280254,disp_p,270456887.0,pu
6886,2,0.9885535,0.0111610135,0.00020258976,8.2853134e-05,disp_p,270456887.0,pu
6886,3,0.9835423,0.016117098,0.00022874084,0.00011176456,disp_p,270456887.0,pu
6886,4,0.9835712,0.015983855,0.0003157806,0.00012919676,disp_p,270456887.0,pu
6886,5,0.98029363,0.019290574,0.00028139915,0.00013443515,disp_p,270456887.0,pu
6886,6,0.98923594,0.010497314,0.00019988373,6.684522e-05,disp_p,270456887.0,pu
6886,7,0.98154265,0.017999958,0.00025147936,0.0002058888,disp_p,270456887.0,pu
6886,8,0.982787,0.016890764,0.00020467902,0.00011756801,disp_p,270456887.0,pu
6886,9,0.984983,0.014805409,0.00017323265,3.8366088e-05,disp_p,270456887.0,pu
6886,10,0.98387617,0.015628593,0.00037766178,0.00011751458,disp_p,270456887.0,pu
587,1,0.0024332684,0.99722147,0.00014374235,0.00020144213,disp_e,194736844.0,et
587,2,0.002496045,0.996766,0.0003157503,0.00042223677,disp_e,194736844.0,et
587,3,0.00250111,0.99703705,0.00014167142,0.00032022665,disp_e,194736844.0,et
587,4,0.0031069526,0.99603564,0.0003291455,0.0005282539,disp_e,194736844.0,et
587,5,0.0024917678,0.9969277,0.00021817011,0.00036239988,disp_e,194736844.0,et
587,6,0.002611883,0.99648356,0.00044590133,0.00045859686,disp_e,194736844.0,et
587,7,0.0026579392,0.99679714,0.00024869866,0.00029627467,disp_e,194736844.0,et
587,8,0.0021138133,0.996999,0.00025368176,0.0006335118,disp_e,194736844.0,et
587,9,0.0021998617,0.9971181,0.00025150922,0.00043048576,disp_e,194736844.0,et
587,10,0.0026210898,0.9967704,0.00023884178,0.00036966303,disp_e,194736844.0,et
2972,1,0.54779804,0.4496672,0.0013811981,0.0011535125,disp_e,325004721.0,eb
2972,2,0.01873329,0.9802563,0.00062571606,0.00038464213,disp_e,325004721.0,eb
2972,3,0.017950326,0.9810931,0.00047827858,0.0004783422,disp_e,325004721.0,eb
2972,4,0.14836532,0.8477505,0.0021767693,0.0017073833,disp_e,325004721.0,eb
2972,5,0.015668957,0.9835835,0.0004148359,0.00033263097,disp_e,325004721.0,eb
2972,6,0.026970692,0.971592,0.0009624036,0.00047488068,disp_e,325004721.0,eb
2972,7,0.35045668,0.6456271,0.0020796016,0.0018366027,disp_e,325004721.0,eb
2972,8,0.014422385,0.9845508,0.00044088616,0.00058586226,disp_e,325004721.0,eb
2972,9,0.02730161,0.97161794,0.00065357686,0.00042693736,disp_e,325004721.0,eb
2972,10,0.01947568,0.97966206,0.0005314089,0.00033084064,disp_e,325004721.0,eb
8723,1,0.9944248,0.0047712363,0.00033437114,0.00046950503,disp_p,417047499.0,pu
8723,2,0.99846965,0.0015114662,1.3905906e-05,4.8956053e-06,disp_p,417047499.0,pu
8723,3,0.9955915,0.0043619825,3.2270837e-05,1.4186345e-05,disp_p,417047499.0,pu
8723,4,0.99048597,0.009080545,0.00025753162,0.00017598968,disp_p,417047499.0,pu
8723,5,0.99784315,0.002128421,2.055879e-05,7.866665e-06,disp_p,417047499.0,pu
8723,6,0.999017,0.00096465443,1.4067069e-05,4.3238783e-06,disp_p,417047499.0,pu
8723,7,0.99293923,0.006257547,0.0003170619,0.00048610682,disp_p,417047499.0,pu
8723,8,0.99829715,0.0016802765,1.5077149e-05,7.444799e-06,disp_p,417047499.0,pu
8723,9,0.99462247,0.005343348,2.9901968e-05,4.284045e-06,disp_p,417047499.0,pu
8723,10,0.99848336,0.0014739686,3.461308e-05,8.022162e-06,disp_p,417047499.0,pu
27276,1,0.0013257817,0.0016255252,0.00054465025,0.99650407,disp_j,237849622.0,J
27276,2,0.0029584682,0.0023986262,0.0005076693,0.99413514,disp_j,237849622.0,J
27276,3,0.0026320284,0.0026788109,0.0009125318,0.9937767,disp_j,237849622.0,J
27276,4,0.0011541179,0.0022100054,0.00048403215,0.99615186,disp_j,237849622.0,J
27276,5,0.0026062329,0.002347889,0.0007368301,0.99430907,disp_j,237849622.0,J
27276,6,0.0020985561,0.0012883819,0.0005011876,0.9961119,disp_j,237849622.0,J
27276,7,0.0013323347,0.0018412662,0.00099448,0.995832,disp_j,237849622.0,J
27276,8,0.0022415675,0.0018323797,0.00086014974,0.9950659,disp_j,237849622.0,J
27276,9,0.0014575137,0.0010960025,0.00032717772,0.9971194,disp_j,237849622.0,J
27276,10,0.003233373,0.0021876395,0.00056649564,0.9940124,disp_j,237849622.0,J
8206,1,0.9919694,0.0051522385,0.0009624446,0.0019159224,disp_p,372207328.0,pu
8206,2,0.9906878,0.0076293456,0.00082605146,0.0008567471,disp_p,372207328.0,pu
8206,3,0.9831193,0.013776621,0.0015834533,0.0015206176,disp_p,372207328.0,pu
8206,4,0.98629147,0.009724739,0.001544001,0.00243981,disp_p,372207328.0,pu
8206,5,0.9919848,0.0062755835,0.0009051728,0.00083451427,disp_p,372207328.0,pu
8206,6,0.9926278,0.005430063,0.0009488704,0.0009932276,disp_p,372207328.0,pu
8206,7,0.9880149,0.0077360263,0.0013740512,0.0028750158,disp_p,372207328.0,pu
8206,8,0.99052167,0.007735042,0.00080949935,0.0009337393,disp_p,372207328.0,pu
8206,9,0.986666,0.011034297,0.0014861324,0.00081358844,disp_p,372207328.0,pu
8206,10,0.9939559,0.0049063433,0.00068835873,0.00044947353,disp_p,372207328.0,pu
28293,1,0.0014909429,0.0013896439,0.0005645528,0.996555,disp_j,421562694.0,J
28293,2,0.0018541486,0.0016726387,0.00026991765,0.99620324,disp_j,421562694.0,J
28293,3,0.0020108013,0.0014606754,0.0006297055,0.9958989,disp_j,421562694.0,J
28293,4,0.00079843204,0.0013536896,0.00032010788,0.9975278,disp_j,421562694.0,J
28293,5,0.0019127667,0.0019893695,0.00047151645,0.99562633,disp_j,421562694.0,J
28293,6,0.0016831383,0.0009450334,0.00037067276,0.99700123,disp_j,421562694.0,J
28293,7,0.0011108349,0.0014134507,0.00054625067,0.9969296,disp_j,421562694.0,J
28293,8,0.0021847582,0.0010703901,0.00059298775,0.99615186,disp_j,421562694.0,J
28293,9,0.0011028734,0.0008060872,0.00017958636,0.9979114,disp_j,421562694.0,J
28293,10,0.0026156974,0.0013084713,0.00036518511,0.9957106,disp_j,421562694.0,J
10682,1,0.69433355,0.025830569,0.022516109,0.25731975,disp_p,,
10682,2,0.6446038,0.035489734,0.01622903,0.3036774,disp_p,,
10682,3,0.56579477,0.0510864,0.018738844,0.36438003,disp_p,,
10682,4,0.75408214,0.016683342,0.011635505,0.21759906,disp_p,,
10682,5,0.68454164,0.03278008,0.007860758,0.27481756,disp_p,,
10682,6,0.72584313,0.016621165,0.009310304,0.24822542,disp_p,,
10682,7,0.69607097,0.021147473,0.0149768805,0.2678047,disp_p,,
10682,8,0.74465257,0.035922218,0.010064997,0.20936021,disp_p,,
10682,9,0.6445574,0.044982865,0.014723646,0.29573607,disp_p,,
10682,10,0.66171956,0.05887166,0.013660462,0.26574844,disp_p,,
3032,1,0.25386,0.7264002,0.0070019695,0.012737806,disp_e,331846118.0,jj
3032,2,0.1375476,0.85012823,0.0057504554,0.0065737655,disp_e,331846118.0,jj
3032,3,0.1101949,0.8765656,0.004089606,0.0091499565,disp_e,331846118.0,jj
3032,4,0.16610575,0.8232534,0.0041348925,0.0065059704,disp_e,331846118.0,jj
3032,5,0.115475796,0.8737066,0.0041924813,0.0066251718,disp_e,331846118.0,jj
3032,6,0.15007566,0.83468103,0.0066228113,0.008620436,disp_e,331846118.0,jj
3032,7,0.1442975,0.8408347,0.005994104,0.008873725,disp_e,331846118.0,jj
3032,8,0.1118044,0.86816376,0.0059853294,0.014046559,disp_e,331846118.0,jj
3032,9,0.09170091,0.89953727,0.003739583,0.0050221416,disp_e,331846118.0,jj
3032,10,0.12806156,0.8606339,0.004727759,0.0065767984,disp_e,331846118.0,jj
4187,1,0.9980111,0.00018624846,0.000106571766,0.0016959908,disp_p,30037565.0,pu
4187,2,0.99960405,0.00019528263,5.3128573e-05,0.00014759148,disp_p,30037565.0,pu
4187,3,0.99956113,0.00018819395,5.5717202e-05,0.00019495346,disp_p,30037565.0,pu
4187,4,0.99904984,0.0003131882,0.00014217298,0.0004947207,disp_p,30037565.0,pu
4187,5,0.9996401,0.0001376512,6.6792185e-05,0.00015550115,disp_p,30037565.0,pu
4187,6,0.9996383,0.00014584555,7.679403e-05,0.0001390917,disp_p,30037565.0,pu
4187,7,0.9971944,0.00044080467,0.00019605205,0.0021687753,disp_p,30037565.0,pu
4187,8,0.9997558,0.00010621628,4.8981557e-05,8.8990535e-05,disp_p,30037565.0,pu
4187,9,0.99944943,0.00024357608,7.576064e-05,0.00023115949,disp_p,30037565.0,pu
4187,10,0.9997967,9.641063e-05,3.3551583e-05,7.3343304e-05,disp_p,30037565.0,pu
287,1,0.0011037375,0.9756507,0.0007521276,0.02249336,disp_e,56773241.0,et
287,2,0.008291336,0.8479602,0.0030971542,0.14065129,disp_e,56773241.0,et
287,3,0.006422509,0.87981373,0.00209867,0.111665145,disp_e,56773241.0,et
287,4,0.0020566399,0.9377165,0.0013563985,0.05887052,disp_e,56773241.0,et
287,5,0.007972122,0.8942709,0.003321694,0.09443529,disp_e,56773241.0,et
287,6,0.007824558,0.8627227,0.006479269,0.12297352,disp_e,56773241.0,et
287,7,0.0011315478,0.97211534,0.0007928583,0.025960242,disp_e,56773241.0,et
287,8,0.008101078,0.84508044,0.0056735384,0.14114499,disp_e,56773241.0,et
287,9,0.0036568176,0.85232776,0.0025997278,0.1414157,disp_e,56773241.0,et
287,10,0.0077764993,0.896882,0.003160775,0.092180766,disp_e,56773241.0,et
10584,1,0.98324424,0.0016556537,0.0017994539,0.013300743,disp_p,,
10584,2,0.9863355,0.0018555844,0.0010037998,0.010805109,disp_p,,
10584,3,0.98035485,0.005109586,0.0033997481,0.011135855,disp_p,,
10584,4,0.9837283,0.002287314,0.0012035712,0.012780914,disp_p,,
10584,5,0.9835428,0.0021503505,0.0010712404,0.013235593,disp_p,,
10584,6,0.98836213,0.0013400433,0.0008800593,0.009417805,disp_p,,
10584,7,0.9826148,0.0018284224,0.0012939073,0.014262893,disp_p,,
10584,8,0.9858009,0.0018301129,0.0010158856,0.011353054,disp_p,,
10584,9,0.9845584,0.002623737,0.001475992,0.0113418745,disp_p,,
10584,10,0.989393,0.0009967149,0.0010787038,0.008531577,disp_p,,
9896,1,0.80799025,0.029113732,0.01836719,0.14452888,disp_p,,
9896,2,0.96797,0.0021525526,0.0019956196,0.027881866,disp_p,,
9896,3,0.9361471,0.005837189,0.005189149,0.052826587,disp_p,,
9896,4,0.9024892,0.051730193,0.0067092055,0.0390714,disp_p,,
9896,5,0.9176076,0.007454379,0.0049232137,0.07001482,disp_p,,
9896,6,0.85946375,0.0057943133,0.0039049692,0.13083686,disp_p,,
9896,7,0.68103284,0.06798181,0.030225769,0.22075963,disp_p,,
9896,8,0.971959,0.0016117857,0.0018305236,0.024598606,disp_p,,
9896,9,0.89517283,0.004770616,0.005400197,0.0946564,disp_p,,
9896,10,0.8692556,0.011074433,0.011143099,0.108526774,disp_p,,
3753,1,0.036355387,0.63258857,0.016603703,0.31445235,disp_e,465617523.0,eb
3753,2,0.025421279,0.61620957,0.012615258,0.34575394,disp_e,465617523.0,eb
3753,3,0.022554303,0.6114794,0.011231437,0.3547349,disp_e,465617523.0,eb
3753,4,0.033368595,0.66653013,0.012276978,0.28782433,disp_e,465617523.0,eb
3753,5,0.029635157,0.6461642,0.014905615,0.30929512,disp_e,465617523.0,eb
3753,6,0.029725539,0.49858677,0.021191645,0.45049605,disp_e,465617523.0,eb
3753,7,0.028659156,0.66043067,0.018766684,0.29214346,disp_e,465617523.0,eb
3753,8,0.021144066,0.7295629,0.014814091,0.2344789,disp_e,465617523.0,eb
3753,9,0.018747453,0.5230937,0.012983984,0.4451749,disp_e,465617523.0,eb
3753,10,0.02109123,0.73274976,0.010612808,0.23554614,disp_e,465617523.0,eb
1144,1,0.96834993,0.029984366,0.0007510198,0.00091467996,disp_p,337881909.0,pt
1144,2,0.82818264,0.17070054,0.0007817041,0.00033509004,disp_p,337881909.0,pt
1144,3,0.6166378,0.3816429,0.0010388232,0.0006804295,disp_e,337881909.0,pt
1144,4,0.8505994,0.14720672,0.0013955003,0.0007984041,disp_p,337881909.0,pt
1144,5,0.7725681,0.22644372,0.00063394353,0.00035424266,disp_e,337881909.0,pt
1144,6,0.829055,0.16954017,0.001021926,0.00038291264,disp_p,337881909.0,pt
1144,7,0.95475334,0.043692853,0.00077785394,0.00077598944,disp_p,337881909.0,pt
1144,8,0.8066565,0.19215132,0.000680801,0.00051138276,disp_p,337881909.0,pt
1144,9,0.72745866,0.2715967,0.0006950984,0.00024961392,disp_e,337881909.0,pt
1144,10,0.8097643,0.18909626,0.0008242921,0.00031507632,disp_p,337881909.0,pt
10359,1,0.99370736,0.0022830474,0.000915508,0.0030941612,disp_p,,
10359,2,0.9794916,0.005416885,0.002061481,0.013030004,disp_p,,
10359,3,0.9864103,0.0067625926,0.0019090748,0.0049180593,disp_p,,
10359,4,0.9845144,0.008330282,0.0021937587,0.004961559,disp_p,,
10359,5,0.97090876,0.008324893,0.0031092935,0.017657083,disp_p,,
10359,6,0.96803486,0.009880583,0.0032033236,0.01888117,disp_p,,
10359,7,0.99069536,0.003988894,0.0013048229,0.004011011,disp_p,,
10359,8,0.9723964,0.009270851,0.003136363,0.015196337,disp_p,,
10359,9,0.97367215,0.009643446,0.0028544657,0.013829956,disp_p,,
10359,10,0.96221626,0.008861008,0.0030000883,0.025922634,disp_p,,
4848,1,0.9535745,0.0040766,0.003014,0.03933494,disp_p,92439980.0,pu
4848,2,0.99890494,0.00086484494,9.1912574e-05,0.00013822509,disp_p,92439980.0,pu
4848,3,0.99751955,0.0019469607,0.00023598847,0.0002973729,disp_p,92439980.0,pu
4848,4,0.9946673,0.003127065,0.0007484333,0.0014572261,disp_p,92439980.0,pu
4848,5,0.9988649,0.00081893464,0.00014014497,0.00017605498,disp_p,92439980.0,pu
4848,6,0.99916303,0.0006113702,0.00010952256,0.00011602835,disp_p,92439980.0,pu
4848,7,0.96976537,0.008279379,0.0030003102,0.018954942,disp_p,92439980.0,pu
4848,8,0.99918133,0.0005337465,0.00011998811,0.00016491336,disp_p,92439980.0,pu
4848,9,0.9983625,0.0013183143,0.00016501363,0.00015414323,disp_p,92439980.0,pu
4848,10,0.999156,0.00057743734,0.0001241614,0.00014241229,disp_p,92439980.0,pu
4765,1,0.9976635,0.0020636956,0.00013424028,0.00013853166,disp_p,82739585.0,pu
4765,2,0.99924254,0.0007271059,2.1820955e-05,8.630573e-06,disp_p,82739585.0,pu
4765,3,0.99892575,0.0010310233,3.022171e-05,1.2909187e-05,disp_p,82739585.0,pu
4765,4,0.9977277,0.0021294996,9.7089884e-05,4.5774148e-05,disp_p,82739585.0,pu
4765,5,0.9989668,0.0009843576,3.3322827e-05,1.5534359e-05,disp_p,82739585.0,pu
4765,6,0.9993574,0.0006114267,2.3228653e-05,7.909635e-06,disp_p,82739585.0,pu
4765,7,0.9974722,0.0023212289,9.314769e-05,0.000113385315,disp_p,82739585.0,pu
4765,8,0.9986203,0.0013338906,3.0085614e-05,1.566386e-05,disp_p,82739585.0,pu
4765,9,0.99877125,0.0011959808,2.7888149e-05,4.8687243e-06,disp_p,82739585.0,pu
4765,10,0.9991341,0.0007988663,5.281954e-05,1.4270344e-05,disp_p,82739585.0,pu
28115,1,0.007532974,0.04141048,0.0041265558,0.94692993,disp_j,382552502.0,
28115,2,0.012869499,0.101214886,0.004171171,0.88174444,disp_j,382552502.0,
28115,3,0.012676128,0.11379023,0.007087746,0.86644584,disp_j,382552502.0,
28115,4,0.0072287666,0.036215626,0.0033547452,0.9532009,disp_j,382552502.0,
28115,5,0.015352051,0.10818915,0.007443677,0.8690151,disp_j,382552502.0,
28115,6,0.011174979,0.059484646,0.0075790347,0.92176133,disp_j,382552502.0,
28115,7,0.0063271727,0.03642455,0.006010209,0.9512381,disp_j,382552502.0,
28115,8,0.010384576,0.07259112,0.0060105496,0.91101384,disp_j,382552502.0,
28115,9,0.008933287,0.17788951,0.0052582086,0.80791897,disp_j,382552502.0,
28115,10,0.01638187,0.12722625,0.0071149613,0.849277,disp_j,382552502.0,
3587,1,0.0344873,0.96168995,0.0016512132,0.0021715946,disp_e,448140384.0,eb
3587,2,0.020511348,0.97370285,0.0026071472,0.0031785944,disp_e,448140384.0,eb
3587,3,0.02151865,0.97378355,0.0016545107,0.0030432374,disp_e,448140384.0,eb
3587,4,0.02530612,0.9703507,0.0018068997,0.0025362587,disp_e,448140384.0,eb
3587,5,0.02016656,0.9737796,0.0023274024,0.003726455,disp_e,448140384.0,eb
3587,6,0.020884126,0.97361904,0.0026066368,0.0028901943,disp_e,448140384.0,eb
3587,7,0.021942802,0.973698,0.0020158284,0.0023432486,disp_e,448140384.0,eb
3587,8,0.01726745,0.97373724,0.0026774632,0.00631784,disp_e,448140384.0,eb
3587,9,0.015649773,0.979054,0.0020523788,0.003243922,disp_e,448140384.0,eb
3587,10,0.01676733,0.977099,0.0021459593,0.003987704,disp_e,448140384.0,eb
5046,1,0.9917001,0.0041095084,0.00077428255,0.0034159706,disp_p,115508409.0,pu
5046,2,0.93145174,0.020029526,0.006126917,0.042391766,disp_p,115508409.0,pu
5046,3,0.9004833,0.027878983,0.006523213,0.06511453,disp_p,115508409.0,pu
5046,4,0.9905379,0.0045605837,0.0011803933,0.0037211508,disp_p,115508409.0,pu
5046,5,0.935564,0.023852522,0.007022356,0.033561133,disp_p,115508409.0,pu
5046,6,0.94498277,0.020061282,0.005399555,0.029556364,disp_p,115508409.0,pu
5046,7,0.9914363,0.004360036,0.00084359397,0.0033599783,disp_p,115508409.0,pu
5046,8,0.92756104,0.03461977,0.006142502,0.031676736,disp_p,115508409.0,pu
5046,9,0.8759247,0.03691574,0.007907156,0.07925244,disp_p,115508409.0,pu
5046,10,0.95748866,0.017951597,0.0030423654,0.021517355,disp_p,115508409.0,pu
6112,1,0.995955,0.0035023727,0.00023925712,0.00030340036,disp_p,201642601.0,pu
6112,2,0.9995035,0.00047078717,1.724884e-05,8.489176e-06,disp_p,201642601.0,pu
6112,3,0.99914956,0.0008086086,2.7849906e-05,1.3981034e-05,disp_p,201642601.0,pu
6112,4,0.9967955,0.0030502155,0.00010167733,5.260693e-05,disp_p,201642601.0,pu
6112,5,0.9994709,0.0004909685,2.4497522e-05,1.3656384e-05,disp_p,201642601.0,pu
6112,6,0.9996314,0.00034694973,1.550636e-05,6.131156e-06,disp_p,201642601.0,pu
6112,7,0.99490356,0.004747313,0.00015960402,0.00018943887,disp_p,201642601.0,pu
6112,8,0.9993838,0.0005784692,2.3321429e-05,1.433318e-05,disp_p,201642601.0,pu
6112,9,0.99925834,0.00071513274,2.1707556e-05,4.8697425e-06,disp_p,201642601.0,pu
6112,10,0.99951196,0.00042910807,4.3590047e-05,1.5315167e-05,disp_p,201642601.0,pu
1624,1,0.0076286616,0.99232787,2.8861205e-05,1.4578409e-05,disp_e,441641972.0,et
1624,2,0.012476889,0.9852503,0.0013364574,0.0009364175,disp_e,441641972.0,et
1624,3,0.015408265,0.9826742,0.00083347457,0.0010840297,disp_e,441641972.0,et
1624,4,0.016382197,0.9830032,0.0004223149,0.00019226343,disp_e,441641972.0,et
1624,5,0.011223646,0.9869977,0.00090298813,0.0008755642,disp_e,441641972.0,et
1624,6,0.013733603,0.984203,0.0013394922,0.00072389474,disp_e,441641972.0,et
1624,7,0.00929838,0.9905876,7.910768e-05,3.4786455e-05,disp_e,441641972.0,et
1624,8,0.008012058,0.9901543,0.0006904906,0.0011431846,disp_e,441641972.0,et
1624,9,0.018191475,0.97972465,0.0011223296,0.0009615092,disp_e,441641972.0,et
1624,10,0.010880086,0.9876039,0.0008372784,0.0006786805,disp_e,441641972.0,et
28878,1,0.68310255,0.0062236465,0.0041592875,0.3065145,disp_p,9257397.0,
28878,2,0.6858567,0.03644323,0.0075732754,0.27012673,disp_p,9257397.0,
28878,3,0.50281674,0.032699328,0.008514233,0.45596972,disp_p,9257397.0,
28878,4,0.50587267,0.015489785,0.0064096902,0.47222787,disp_p,9257397.0,
28878,5,0.6106375,0.04802423,0.013821429,0.3275169,disp_p,9257397.0,
28878,6,0.5987628,0.036976893,0.011036367,0.35322404,disp_p,9257397.0,
28878,7,0.32096004,0.009352146,0.0055317655,0.6641561,disp_j,9257397.0,
28878,8,0.6143099,0.050078128,0.012082286,0.32352966,disp_p,9257397.0,
28878,9,0.39191592,0.026897075,0.007408467,0.5737785,disp_j,9257397.0,
28878,10,0.71000016,0.047718458,0.0071152225,0.2351661,disp_p,9257397.0,
77,1,0.1309349,0.75470716,0.020903774,0.09345411,disp_e,119153127.0,pb
77,2,0.08646992,0.5302209,0.036226142,0.34708303,disp_e,119153127.0,pb
77,3,0.09410671,0.50573784,0.031589508,0.368566,disp_e,119153127.0,pb
77,4,0.12949176,0.6063476,0.02311423,0.24104638,disp_e,119153127.0,pb
77,5,0.076553375,0.6111803,0.026897188,0.28536913,disp_e,119153127.0,pb
77,6,0.09754732,0.4624431,0.03548373,0.40452588,disp_e,119153127.0,pb
77,7,0.1266433,0.7280615,0.027197886,0.11809733,disp_e,119153127.0,pb
77,8,0.07148683,0.6510638,0.029907186,0.24754211,disp_e,119153127.0,pb
77,9,0.07798883,0.4993338,0.03049301,0.39218435,disp_e,119153127.0,pb
77,10,0.07998297,0.67529726,0.021521492,0.22319828,disp_e,119153127.0,pb
6784,1,0.99574596,0.0028770207,0.00043031707,0.00094668457,disp_p,263748033.0,pu
6784,2,0.99861825,0.0013357542,3.1312353e-05,1.4717206e-05,disp_p,263748033.0,pu
6784,3,0.99543744,0.0044364985,7.947832e-05,4.6506084e-05,disp_p,263748033.0,pu
6784,4,0.99339384,0.0060470207,0.00030275382,0.0002562948,disp_p,263748033.0,pu
6784,5,0.9981818,0.0017523789,4.31693e-05,2.2692397e-05,disp_p,263748033.0,pu
6784,6,0.9988167,0.0011258881,4.0693543e-05,1.6659664e-05,disp_p,263748033.0,pu
6784,7,0.992757,0.005836212,0.0004894499,0.00091728364,disp_p,263748033.0,pu
6784,8,0.99846727,0.0014702765,3.9193612e-05,2.3301729e-05,disp_p,263748033.0,pu
6784,9,0.99646544,0.0034632983,5.7253743e-05,1.4004645e-05,disp_p,263748033.0,pu
6784,10,0.9988458,0.0010739426,5.951091e-05,2.0638685e-05,disp_p,263748033.0,pu
7485,1,0.9636313,0.030243449,0.002142765,0.003982545,disp_p,310094771.0,pu
7485,2,0.9528661,0.040737025,0.0029390603,0.0034578813,disp_p,310094771.0,pu
7485,3,0.94263744,0.050825845,0.0029352356,0.0036014502,disp_p,310094771.0,pu
7485,4,0.9710589,0.025901401,0.0016120286,0.0014276581,disp_p,310094771.0,pu
7485,5,0.9444705,0.04722885,0.0040206425,0.004279915,disp_p,310094771.0,pu
7485,6,0.9621763,0.032405682,0.0027581067,0.0026599125,disp_p,310094771.0,pu
7485,7,0.9473016,0.044471312,0.0031785672,0.0050485423,disp_p,310094771.0,pu
7485,8,0.94565725,0.046951022,0.00350712,0.0038846424,disp_p,310094771.0,pu
7485,9,0.94360787,0.05159878,0.0026534302,0.0021399304,disp_p,310094771.0,pu
7485,10,0.95832163,0.034574624,0.0034860903,0.0036177302,disp_p,310094771.0,pu
9698,1,0.02940489,0.008712594,0.004033387,0.95784914,disp_j,,
9698,2,0.019123878,0.0034626785,0.0013321817,0.97608125,disp_j,,
9698,3,0.027729599,0.00628383,0.0033925695,0.962594,disp_j,,
9698,4,0.043402493,0.012020656,0.004022923,0.94055384,disp_j,,
9698,5,0.028097896,0.006781922,0.0035696628,0.96155053,disp_j,,
9698,6,0.02715833,0.0062511885,0.002937028,0.96365345,disp_j,,
9698,7,0.028675484,0.010832601,0.0052482034,0.9552437,disp_j,,
9698,8,0.018396731,0.00504058,0.0031073336,0.9734554,disp_j,,
9698,9,0.034632083,0.004617835,0.0025838572,0.9581663,disp_j,,
9698,10,0.028205333,0.0045988634,0.0017413177,0.9654546,disp_j,,
4934,1,0.9957141,0.0035394724,0.00030517878,0.00044123502,disp_p,100566492.0,pu
4934,2,0.9974166,0.0025544509,2.1251519e-05,7.684263e-06,disp_p,100566492.0,pu
4934,3,0.9934463,0.0064852745,4.7271682e-05,2.110905e-05,disp_p,100566492.0,pu
4934,4,0.9902048,0.009353212,0.00025751573,0.00018438642,disp_p,100566492.0,pu
4934,5,0.9964604,0.0035010884,2.7592936e-05,1.0920897e-05,disp_p,100566492.0,pu
4934,6,0.99798393,0.0019814589,2.6614409e-05,7.959053e-06,disp_p,100566492.0,pu
4934,7,0.99395543,0.0053353123,0.0002856879,0.0004236027,disp_p,100566492.0,pu
4934,8,0.99680907,0.0031519544,2.5461872e-05,1.3525729e-05,disp_p,100566492.0,pu
4934,9,0.99448735,0.0054764263,3.1188712e-05,5.084222e-06,disp_p,100566492.0,pu
4934,10,0.9965829,0.0033580298,4.6977068e-05,1.212004e-05,disp_p,100566492.0,pu
3100,1,0.31837597,0.6767027,0.0025576293,0.0023637188,disp_e,341394535.0,eb
3100,2,0.32990682,0.6650578,0.003159417,0.0018759335,disp_e,341394535.0,eb
3100,3,0.22263932,0.7725791,0.0025966421,0.002184957,disp_e,341394535.0,eb
3100,4,0.16398837,0.83099955,0.0027535274,0.0022585732,disp_e,341394535.0,eb
3100,5,0.23174882,0.76462,0.0021100428,0.0015211033,disp_e,341394535.0,eb
3100,6,0.27705175,0.71862197,0.0028521805,0.0014740215,disp_e,341394535.0,eb
3100,7,0.21472692,0.7805138,0.0025583678,0.0022008487,disp_e,341394535.0,eb
3100,8,0.26553342,0.7278898,0.0032688705,0.003307881,disp_e,341394535.0,eb
3100,9,0.19276659,0.80352324,0.0023141669,0.0013960017,disp_e,341394535.0,eb
3100,10,0.36265966,0.6324799,0.0031009684,0.0017594749,disp_e,341394535.0,eb
5763,1,0.9982778,0.0012139096,0.00018525346,0.000323085,disp_p,167415965.0,pu
5763,2,0.9994368,0.00049875566,3.8672973e-05,2.5680043e-05,disp_p,167415965.0,pu
5763,3,0.999065,0.0008184869,6.887584e-05,4.7761936e-05,disp_p,167415965.0,pu
5763,4,0.9986343,0.0011396442,0.00013702088,8.9013876e-05,disp_p,167415965.0,pu
5763,5,0.99945706,0.00044891273,5.2558946e-05,4.146846e-05,disp_p,167415965.0,pu
5763,6,0.9996418,0.00029334903,4.153431e-05,2.3258985e-05,disp_p,167415965.0,pu
5763,7,0.9976507,0.00185606,0.00018731799,0.0003060095,disp_p,167415965.0,pu
5763,8,0.9995338,0.00039427239,4.1863565e-05,3.0166568e-05,disp_p,167415965.0,pu
5763,9,0.9992861,0.00063697103,5.608497e-05,2.0886851e-05,disp_p,167415965.0,pu
5763,10,0.999546,0.00036628026,5.4449727e-05,3.323364e-05,disp_p,167415965.0,pu
26507,1,0.00191474,0.005811654,0.00078831724,0.9914853,disp_j,124308271.0,
26507,2,0.0019731768,0.008844501,0.00046899763,0.9887134,disp_j,124308271.0,
26507,3,0.0018269678,0.010062497,0.0008960415,0.98721445,disp_j,124308271.0,
26507,4,0.0009697119,0.0071987584,0.0007051848,0.99112636,disp_j,124308271.0,
26507,5,0.002620763,0.008207456,0.0010536904,0.9881181,disp_j,124308271.0,
26507,6,0.0023736802,0.005302869,0.0010033121,0.9913202,disp_j,124308271.0,
26507,7,0.0013538777,0.008560276,0.0009745939,0.98911124,disp_j,124308271.0,
26507,8,0.0030384888,0.0069892406,0.0015332195,0.988439,disp_j,124308271.0,
26507,9,0.001047503,0.009298634,0.0004657616,0.98918813,disp_j,124308271.0,
26507,10,0.0034083305,0.011085215,0.00089518086,0.9846112,disp_j,124308271.0,
5018,1,0.9529553,0.045772847,0.00058969535,0.00068216876,disp_p,111991770.0,pu
5018,2,0.5446664,0.4541127,0.00085563434,0.0003652312,disp_e,111991770.0,pu
5018,3,0.32778057,0.6707986,0.0008191209,0.00060175743,disp_e,111991770.0,pu
5018,4,0.6619874,0.33522135,0.0016745871,0.0011166142,disp_e,111991770.0,pu
5018,5,0.5820525,0.41696534,0.00064603944,0.00033607963,disp_e,111991770.0,pu
5018,6,0.6241942,0.37438267,0.0010500544,0.0003730354,disp_e,111991770.0,pu
5018,7,0.88833576,0.1096664,0.0010135387,0.0009842619,disp_p,111991770.0,pu
5018,8,0.5354308,0.46347415,0.0006141609,0.00048092334,disp_e,111991770.0,pu
5018,9,0.41718608,0.5817775,0.0007512071,0.000285155,disp_e,111991770.0,pu
5018,10,0.5023038,0.49654505,0.00083812024,0.00031307188,disp_e,111991770.0,pu
28335,1,0.0001061905,6.122902e-05,1.92413e-05,0.9998134,disp_j,431798045.0,J
28335,2,0.00013345327,6.316747e-05,9.950265e-06,0.99979347,disp_j,431798045.0,J
28335,3,9.509152e-05,0.0001046273,3.298725e-05,0.99976724,disp_j,431798045.0,J
28335,4,3.7901405e-05,4.981841e-05,1.0997083e-05,0.9999013,disp_j,431798045.0,J
28335,5,0.00015037399,4.852884e-05,1.9366631e-05,0.9997818,disp_j,431798045.0,J
28335,6,0.00014207212,3.7914222e-05,1.4552251e-05,0.9998055,disp_j,431798045.0,J
28335,7,4.8833215e-05,6.97897e-05,2.0169426e-05,0.9998611,disp_j,431798045.0,J
28335,8,7.95452e-05,2.9021914e-05,1.843739e-05,0.99987304,disp_j,431798045.0,J
28335,9,6.352696e-05,2.6852154e-05,6.844834e-06,0.99990284,disp_j,431798045.0,J
28335,10,0.00026749977,4.6430796e-05,1.7888615e-05,0.9996681,disp_j,431798045.0,J
7839,1,0.9983903,0.0005220232,0.0001965824,0.0008910329,disp_p,342167886.0,pu
7839,2,0.9997112,0.00027449155,9.669045e-06,4.558229e-06,disp_p,342167886.0,pu
7839,3,0.9990125,0.0009443835,2.7278315e-05,1.5865327e-05,disp_p,342167886.0,pu
7839,4,0.99780005,0.0016238004,0.0002449248,0.00033121454,disp_p,342167886.0,pu
7839,5,0.99959654,0.0003735346,1.8632056e-05,1.1334969e-05,disp_p,342167886.0,pu
7839,6,0.9998128,0.00017213837,1.04266865e-05,4.705891e-06,disp_p,342167886.0,pu
7839,7,0.99611133,0.0016636754,0.00038381887,0.0018412706,disp_p,342167886.0,pu
7839,8,0.99973327,0.00024713966,1.2422773e-05,7.2017797e-06,disp_p,342167886.0,pu
7839,9,0.9994056,0.00057167414,1.8389077e-05,4.3413143e-06,disp_p,342167886.0,pu
7839,10,0.9997042,0.00026282988,2.3338784e-05,9.618696e-06,disp_p,342167886.0,pu
89,1,0.0053150905,0.99427795,0.00020652254,0.00020048124,disp_e,120362128.0,eb
89,2,0.0055682277,0.99333763,0.00060474104,0.00048940995,disp_e,120362128.0,eb
89,3,0.005344208,0.9939619,0.00030198228,0.00039194105,disp_e,120362128.0,eb
89,4,0.005072087,0.99418455,0.00041561204,0.0003278615,disp_e,120362128.0,eb
89,5,0.0048305364,0.9944074,0.0003790539,0.00038306988,disp_e,120362128.0,eb
89,6,0.0043802424,0.9945879,0.0006504367,0.00038139394,disp_e,120362128.0,eb
89,7,0.0041967514,0.9953725,0.00024417657,0.00018661222,disp_e,120362128.0,eb
89,8,0.0053663184,0.99351114,0.00044518578,0.0006773041,disp_e,120362128.0,eb
89,9,0.0058991597,0.993115,0.00052973523,0.00045616544,disp_e,120362128.0,eb
89,10,0.006297856,0.9926012,0.00059953943,0.0005013251,disp_e,120362128.0,eb
1733,1,0.009097489,0.9888648,0.00090652023,0.001131148,disp_e,22327935.0,eb
1733,2,0.009023501,0.98544806,0.002329553,0.003198796,disp_e,22327935.0,eb
1733,3,0.009561161,0.98628914,0.0013787128,0.0027710113,disp_e,22327935.0,eb
1733,4,0.0054016123,0.9926481,0.00085381384,0.0010964703,disp_e,22327935.0,eb
1733,5,0.009562003,0.98537296,0.0019819639,0.0030830721,disp_e,22327935.0,eb
1733,6,0.0058000768,0.9896097,0.0020894036,0.0025007345,disp_e,22327935.0,eb
1733,7,0.007054598,0.99113476,0.00089510734,0.00091554975,disp_e,22327935.0,eb
1733,8,0.007781573,0.98483527,0.0021813721,0.005201867,disp_e,22327935.0,eb
1733,9,0.008618755,0.9850464,0.002045753,0.0042891004,disp_e,22327935.0,eb
1733,10,0.008781181,0.9856771,0.0018902858,0.0036513992,disp_e,22327935.0,eb
2097,1,0.0044526528,0.9953231,0.00012852265,9.580713e-05,disp_e,157389996.0,eb
2097,2,0.008116176,0.98952764,0.0012127727,0.001143392,disp_e,157389996.0,eb
2097,3,0.007886187,0.99065053,0.0005796823,0.0008835838,disp_e,157389996.0,eb
2097,4,0.0044983206,0.9948205,0.00041595107,0.0002651701,disp_e,157389996.0,eb
2097,5,0.0073893797,0.9908043,0.0007898325,0.0010165282,disp_e,157389996.0,eb
2097,6,0.006470409,0.99115974,0.0013411003,0.0010287443,disp_e,157389996.0,eb
2097,7,0.003217863,0.9965586,0.00013824197,8.5307176e-05,disp_e,157389996.0,eb
2097,8,0.0062758382,0.9919191,0.00064610044,0.001159026,disp_e,157389996.0,eb
2097,9,0.0076767667,0.98977494,0.0011794295,0.001368748,disp_e,157389996.0,eb
2097,10,0.009446176,0.98864657,0.0009931262,0.00091411313,disp_e,157389996.0,eb
6301,1,0.9989305,0.0006750714,0.00013223244,0.00026227382,disp_p,229715760.0,pu
6301,2,0.99985754,0.00013701795,3.8010742e-06,1.5837408e-06,disp_p,229715760.0,pu
6301,3,0.99966097,0.00032611183,8.831045e-06,4.122451e-06,disp_p,229715760.0,pu
6301,4,0.99870086,0.0011328682,9.681069e-05,6.943382e-05,disp_p,229715760.0,pu
6301,5,0.99982125,0.00016899432,6.552789e-06,3.2878395e-06,disp_p,229715760.0,pu
6301,6,0.9999136,8.1527716e-05,3.6661675e-06,1.2193195e-06,disp_p,229715760.0,pu
6301,7,0.9984205,0.0011561583,0.00013137198,0.0002919241,disp_p,229715760.0,pu
6301,8,0.9998266,0.0001659657,5.043332e-06,2.486337e-06,disp_p,229715760.0,pu
6301,9,0.99966323,0.00032759318,7.835382e-06,1.3476282e-06,disp_p,229715760.0,pu
6301,10,0.9998392,0.00014661196,1.098309e-05,3.2335674e-06,disp_p,229715760.0,pu
8052,1,0.9970451,0.0022615078,0.00024471057,0.00044868243,disp_p,358838026.0,pu
8052,2,0.99956566,0.00033442178,4.430523e-05,5.5593784e-05,disp_p,358838026.0,pu
8052,3,0.9991642,0.0006253704,9.857968e-05,0.00011175816,disp_p,358838026.0,pu
8052,4,0.99890196,0.00090152427,0.000103059756,9.350931e-05,disp_p,358838026.0,pu
8052,5,0.9995041,0.00033493454,7.573776e-05,8.523177e-05,disp_p,358838026.0,pu
8052,6,0.9997452,0.00018094244,3.8979542e-05,3.4872555e-05,disp_p,358838026.0,pu
8052,7,0.9965313,0.0029120094,0.00019176776,0.00036493235,disp_p,358838026.0,pu
8052,8,0.9996057,0.00029830929,4.417448e-05,5.178393e-05,disp_p,358838026.0,pu
8052,9,0.99927145,0.0005747333,9.14467e-05,6.228527e-05,disp_p,358838026.0,pu
8052,10,0.99968004,0.0002254047,5.1725983e-05,4.2862273e-05,disp_p,358838026.0,pu
27489,1,0.0011501481,0.0020675508,0.00070257654,0.99607974,disp_j,269079397.0,
27489,2,0.0010311811,0.0021284528,0.0002853502,0.9965551,disp_j,269079397.0,
27489,3,0.00091642863,0.003377763,0.00059209974,0.9951137,disp_j,269079397.0,
27489,4,0.00082548003,0.0015875531,0.00039681728,0.9971902,disp_j,269079397.0,
27489,5,0.0010300148,0.0025322204,0.00056540355,0.9958723,disp_j,269079397.0,
27489,6,0.0009504445,0.0014428499,0.0003436435,0.9972631,disp_j,269079397.0,
27489,7,0.00085349317,0.0018426902,0.0007306416,0.9965732,disp_j,269079397.0,
27489,8,0.0008625297,0.0021496634,0.00053611695,0.99645174,disp_j,269079397.0,
27489,9,0.0008186988,0.0015176367,0.00032742962,0.9973362,disp_j,269079397.0,
27489,10,0.00074005325,0.0021818592,0.00033146114,0.99674654,disp_j,269079397.0,
4842,1,0.9979963,0.0016042256,0.00017200221,0.00022740675,disp_p,92004082.0,pu
4842,2,0.9997259,0.0002668657,5.1832485e-06,2.0838277e-06,disp_p,92004082.0,pu
4842,3,0.9993761,0.0006065272,1.2429981e-05,5.000565e-06,disp_p,92004082.0,pu
4842,4,0.99804497,0.0018230884,8.400422e-05,4.796757e-05,disp_p,92004082.0,pu
4842,5,0.9996519,0.00033633955,8.239587e-06,3.5178816e-06,disp_p,92004082.0,pu
4842,6,0.999816,0.00017720903,5.0907065e-06,1.6716751e-06,disp_p,92004082.0,pu
4842,7,0.99780387,0.0019105778,0.00011275768,0.00017277997,disp_p,92004082.0,pu
4842,8,0.999584,0.00040512983,7.3890883e-06,3.5198946e-06,disp_p,92004082.0,pu
4842,9,0.99929285,0.0006950896,1.0487585e-05,1.5267563e-06,disp_p,92004082.0,pu
4842,10,0.9996655,0.00031356537,1.6991255e-05,3.957325e-06,disp_p,92004082.0,pu
1201,1,0.9975757,0.002014426,0.00017860856,0.0002312557,disp_p,349789882.0,pt
1201,2,0.999271,0.00065967866,4.3450393e-05,2.5843374e-05,disp_p,349789882.0,pt
1201,3,0.9988096,0.0010571622,8.033793e-05,5.2850293e-05,disp_p,349789882.0,pt
1201,4,0.99863166,0.0011895152,0.00010806794,7.075012e-05,disp_p,349789882.0,pt
1201,5,0.9992737,0.0006158275,6.4855456e-05,4.569937e-05,disp_p,349789882.0,pt
1201,6,0.99946636,0.00046056107,4.7237565e-05,2.58593e-05,disp_p,349789882.0,pt
1201,7,0.99769837,0.001988957,0.00012598708,0.0001867704,disp_p,349789882.0,pt
1201,8,0.99911827,0.000783729,5.7921603e-05,4.015531e-05,disp_p,349789882.0,pt
1201,9,0.9990434,0.0008748261,6.2563144e-05,1.923811e-05,disp_p,349789882.0,pt
1201,10,0.999382,0.0005166209,6.762182e-05,3.3650278e-05,disp_p,349789882.0,pt
1125,1,0.029322054,0.9703302,0.00022122586,0.00012655718,disp_e,327259175.0,et
1125,2,0.020708594,0.9763871,0.0017300743,0.001174306,disp_e,327259175.0,et
1125,3,0.021840736,0.9757513,0.0011355451,0.0012723659,disp_e,327259175.0,et
1125,4,0.04155325,0.956602,0.0011958505,0.00064895634,disp_e,327259175.0,et
1125,5,0.017846966,0.9799325,0.0012327004,0.0009878926,disp_e,327259175.0,et
1125,6,0.024733007,0.97210974,0.0020470035,0.0011103185,disp_e,327259175.0,et
1125,7,0.0273449,0.9721343,0.0003358635,0.00018500721,disp_e,327259175.0,et
1125,8,0.016436117,0.98087466,0.0011512737,0.0015380136,disp_e,327259175.0,et
1125,9,0.027545579,0.9697462,0.0015787459,0.0011294329,disp_e,327259175.0,et
1125,10,0.017914407,0.979802,0.0013578685,0.00092573516,disp_e,327259175.0,et
5622,1,0.9992762,0.00045137331,7.739686e-05,0.00019500796,disp_p,156990000.0,pu
5622,2,0.99987125,0.00010939656,1.0367406e-05,8.9733185e-06,disp_p,156990000.0,pu
5622,3,0.99981827,0.00015388118,1.4669076e-05,1.3266568e-05,disp_p,156990000.0,pu
5622,4,0.9995049,0.00040601112,4.6877136e-05,4.224871e-05,disp_p,156990000.0,pu
5622,5,0.9998939,7.924542e-05,1.3581736e-05,1.32663945e-05,disp_p,156990000.0,pu
5622,6,0.99990857,6.985966e-05,1.2662896e-05,8.955205e-06,disp_p,156990000.0,pu
5622,7,0.99909675,0.0006855439,6.696138e-05,0.00015079149,disp_p,156990000.0,pu
5622,8,0.9999087,7.271645e-05,9.660436e-06,8.975675e-06,disp_p,156990000.0,pu
5622,9,0.9998362,0.0001391049,1.6270356e-05,8.387587e-06,disp_p,156990000.0,pu
5622,10,0.99990726,6.643194e-05,1.5608099e-05,1.0733981e-05,disp_p,156990000.0,pu
10304,1,0.9832813,0.0016550941,0.0017983072,0.0132652735,disp_p,,
10304,2,0.9863516,0.0018573267,0.001004761,0.010786284,disp_p,,
10304,3,0.9804821,0.005093878,0.0033848926,0.011039122,disp_p,,
10304,4,0.98377013,0.0022867024,0.001202529,0.012740659,disp_p,,
10304,5,0.9835526,0.0021543817,0.0010729084,0.013220025,disp_p,,
10304,6,0.98836344,0.001343386,0.00088215154,0.009411105,disp_p,,
10304,7,0.9826475,0.0018288163,0.0012938608,0.014229931,disp_p,,
10304,8,0.9858118,0.0018311422,0.0010177908,0.011339166,disp_p,,
10304,9,0.9845852,0.0026249008,0.0014765462,0.011313334,disp_p,,
10304,10,0.9893798,0.0009997032,0.0010821489,0.008538394,disp_p,,
6264,1,0.97782123,0.021199595,0.0004944303,0.00048472476,disp_p,222485202.0,pu
6264,2,0.9827305,0.016810082,0.00031848272,0.00014085356,disp_p,222485202.0,pu
6264,3,0.95912665,0.040042173,0.00052760885,0.00030353546,disp_p,222485202.0,pu
6264,4,0.96324235,0.03591589,0.00056662253,0.00027511487,disp_p,222485202.0,pu
6264,5,0.9765241,0.02288069,0.00037854756,0.00021658232,disp_p,222485202.0,pu
6264,6,0.9736926,0.02568265,0.00044261705,0.00018217602,disp_p,222485202.0,pu
6264,7,0.9681184,0.030852536,0.00054276147,0.00048622096,disp_p,222485202.0,pu
6264,8,0.9837038,0.015806055,0.0003054633,0.00018469017,disp_p,222485202.0,pu
6264,9,0.9646984,0.034813598,0.00038002743,0.00010791935,disp_p,222485202.0,pu
6264,10,0.97734493,0.021887202,0.0005542284,0.00021366624,disp_p,222485202.0,pu
3766,1,0.09480779,0.9017566,0.0017959053,0.0016396127,disp_e,466115813.0,eb
3766,2,0.021181595,0.97604626,0.001561807,0.0012103133,disp_e,466115813.0,eb
3766,3,0.018139154,0.979776,0.0009490642,0.001135771,disp_e,466115813.0,eb
3766,4,0.038949013,0.95772994,0.0018254259,0.0014956305,disp_e,466115813.0,eb
3766,5,0.017112594,0.9808296,0.0010528034,0.0010050007,disp_e,466115813.0,eb
3766,6,0.020063534,0.9775598,0.0014887332,0.00088792737,disp_e,466115813.0,eb
3766,7,0.048906673,0.9479966,0.0017230934,0.0013736455,disp_e,466115813.0,eb
3766,8,0.017112184,0.9800015,0.0011726313,0.0017137595,disp_e,466115813.0,eb
3766,9,0.017074132,0.9806043,0.0012340803,0.0010875477,disp_e,466115813.0,eb
3766,10,0.020103332,0.9775728,0.0012410352,0.0010828944,disp_e,466115813.0,eb
744,1,0.73321944,0.24922068,0.0077782893,0.009781579,disp_e,260472863.0,eb
744,2,0.35755706,0.6042248,0.017351981,0.02086616,disp_e,260472863.0,eb
744,3,0.3199872,0.6478229,0.01210417,0.020085711,disp_e,260472863.0,eb
744,4,0.42380434,0.533693,0.01754709,0.024955504,disp_e,260472863.0,eb
744,5,0.34657627,0.6177307,0.015865594,0.019827487,disp_e,260472863.0,eb
744,6,0.25145888,0.71545905,0.01616883,0.016913256,disp_e,260472863.0,eb
744,7,0.6199778,0.35122806,0.012673028,0.01612122,disp_e,260472863.0,eb
744,8,0.40250102,0.54466534,0.020581173,0.03225243,disp_e,260472863.0,eb
744,9,0.31631055,0.64944315,0.01536373,0.0188826,disp_e,260472863.0,eb
744,10,0.46833467,0.5049094,0.0124512855,0.014304658,disp_e,260472863.0,eb
2798,1,0.086989075,0.91038376,0.0014396354,0.001187597,disp_e,306971798.0,eb
2798,2,0.26837546,0.72757465,0.00261297,0.0014370282,disp_e,306971798.0,eb
2798,3,0.16549331,0.8315115,0.0016563435,0.0013388772,disp_e,306971798.0,eb
2798,4,0.11071,0.88712555,0.0013112478,0.00085306785,disp_e,306971798.0,eb
2798,5,0.20926958,0.7873726,0.0021121067,0.0012456694,disp_e,306971798.0,eb
2798,6,0.26890495,0.727652,0.0023492365,0.001093844,disp_e,306971798.0,eb
2798,7,0.07061923,0.92725706,0.0012937596,0.0008298876,disp_e,306971798.0,eb
2798,8,0.29684576,0.6977844,0.002741537,0.0026283513,disp_e,306971798.0,eb
2798,9,0.135062,0.8626068,0.0016117499,0.0007193673,disp_e,306971798.0,eb
2798,10,0.33116606,0.66427046,0.0030645488,0.0014989626,disp_e,306971798.0,eb
484,1,0.5564287,0.44116625,0.0013207203,0.0010843548,disp_e,158441915.0,eb
484,2,0.07775484,0.9208722,0.00096112036,0.00041187112,disp_e,158441915.0,eb
484,3,0.06817243,0.9304552,0.00081125053,0.00056109985,disp_e,158441915.0,eb
484,4,0.11273491,0.8849399,0.0014473024,0.0008779092,disp_e,158441915.0,eb
484,5,0.066636465,0.9323539,0.0006532597,0.00035647574,disp_e,158441915.0,eb
484,6,0.044678714,0.9541346,0.00084560533,0.0003411601,disp_e,158441915.0,eb
484,7,0.39714903,0.60003895,0.0015692508,0.0012427742,disp_e,158441915.0,eb
484,8,0.04636711,0.95235765,0.00065754476,0.0006177357,disp_e,158441915.0,eb
484,9,0.09830025,0.9003309,0.0009327039,0.00043613598,disp_e,158441915.0,eb
484,10,0.09079918,0.90780073,0.0009943126,0.00040583464,disp_e,158441915.0,eb
2363,1,0.0044320486,0.9953023,0.00014738763,0.00011831302,disp_e,221943346.0,eb
2363,2,0.009266583,0.9886841,0.0011149246,0.0009344346,disp_e,221943346.0,eb
2363,3,0.00907321,0.98957026,0.0006103724,0.00074611424,disp_e,221943346.0,eb
2363,4,0.008174321,0.9909374,0.0005140515,0.00037417884,disp_e,221943346.0,eb
2363,5,0.007650837,0.9909402,0.0007054539,0.00070344115,disp_e,221943346.0,eb
2363,6,0.00846243,0.98967826,0.0011500373,0.0007092673,disp_e,221943346.0,eb
2363,7,0.004455382,0.99518317,0.00021428797,0.0001470952,disp_e,221943346.0,eb
2363,8,0.0073378817,0.9906538,0.0007655485,0.0012427733,disp_e,221943346.0,eb
2363,9,0.009116633,0.98917246,0.00090912165,0.00080173294,disp_e,221943346.0,eb
2363,10,0.009116217,0.9891494,0.0009063887,0.0008279502,disp_e,221943346.0,eb
6828,1,0.9982315,0.001422045,0.00013736563,0.00020920044,disp_p,267650535.0,pu
6828,2,0.99876994,0.001210943,1.443013e-05,4.7020503e-06,disp_p,267650535.0,pu
6828,3,0.99621934,0.0037279178,3.66156e-05,1.624358e-05,disp_p,267650535.0,pu
6828,4,0.99234396,0.0073015057,0.000221419,0.00013305154,disp_p,267650535.0,pu
6828,5,0.99793565,0.0020320583,2.310859e-05,9.223266e-06,disp_p,267650535.0,pu
6828,6,0.9988109,0.0011659637,1.8037557e-05,5.1572674e-06,disp_p,267650535.0,pu
6828,7,0.9968297,0.0027215886,0.00017116172,0.00027758797,disp_p,267650535.0,pu
6828,8,0.99832445,0.0016457773,2.0242114e-05,9.56978e-06,disp_p,267650535.0,pu
6828,9,0.9967493,0.0032221146,2.4431141e-05,4.1462945e-06,disp_p,267650535.0,pu
6828,10,0.9983317,0.0016217933,3.73235e-05,9.080948e-06,disp_p,267650535.0,pu
5038,1,0.9982849,0.0014190499,0.00012816592,0.00016784022,disp_p,114947483.0,pu
5038,2,0.9996544,0.0003117499,2.0968208e-05,1.2864681e-05,disp_p,114947483.0,pu
5038,3,0.9993753,0.000558408,4.067012e-05,2.5655208e-05,disp_p,114947483.0,pu
5038,4,0.9990237,0.0008714681,6.542602e-05,3.9479735e-05,disp_p,114947483.0,pu
5038,5,0.999572,0.0003637226,3.8181537e-05,2.6113015e-05,disp_p,114947483.0,pu
5038,6,0.99974376,0.0002216829,2.2440057e-05,1.216378e-05,disp_p,114947483.0,pu
5038,7,0.99815077,0.0016127243,9.3916584e-05,0.00014255477,disp_p,114947483.0,pu
5038,8,0.99958175,0.00037430984,2.5772859e-05,1.8157456e-05,disp_p,114947483.0,pu
5038,9,0.9993862,0.00056364783,3.8223145e-05,1.1951204e-05,disp_p,114947483.0,pu
5038,10,0.9996245,0.00031181666,4.360236e-05,2.0028423e-05,disp_p,114947483.0,pu
7895,1,0.99826837,0.0013425881,0.00015644603,0.00023250465,disp_p,348437470.0,pu
7895,2,0.99870706,0.0011382994,8.4468025e-05,7.0193324e-05,disp_p,348437470.0,pu
7895,3,0.9979431,0.001784145,0.00015618399,0.00011654047,disp_p,348437470.0,pu
7895,4,0.9986766,0.0011147147,0.00011210959,9.649835e-05,disp_p,348437470.0,pu
7895,5,0.9987204,0.0010640193,0.000119094686,9.650718e-05,disp_p,348437470.0,pu
7895,6,0.99928904,0.0005730834,7.942644e-05,5.8394668e-05,disp_p,348437470.0,pu
7895,7,0.9977938,0.0018461606,0.00013374256,0.00022630129,disp_p,348437470.0,pu
7895,8,0.9990702,0.00081153325,6.478186e-05,5.3509066e-05,disp_p,348437470.0,pu
7895,9,0.99829584,0.0015079065,0.00013551544,6.0697992e-05,disp_p,348437470.0,pu
7895,10,0.99906605,0.00076000724,0.00011033696,6.372095e-05,disp_p,348437470.0,pu
4946,1,0.9145047,0.08376881,0.0008738273,0.0008527511,disp_p,101037590.0,pu
4946,2,0.96056443,0.038494408,0.00065774756,0.00028341,disp_p,101037590.0,pu
4946,3,0.94781935,0.051163923,0.00063732,0.00037929005,disp_p,101037590.0,pu
4946,4,0.9179523,0.080196105,0.0012216612,0.00062992895,disp_p,101037590.0,pu
4946,5,0.9424195,0.05657144,0.00064191135,0.0003671038,disp_p,101037590.0,pu
4946,6,0.94617045,0.052558303,0.0008840953,0.00038716177,disp_p,101037590.0,pu
4946,7,0.93255734,0.0658219,0.0008784341,0.00074230914,disp_p,101037590.0,pu
4946,8,0.9494744,0.049444314,0.00061572227,0.00046558268,disp_p,101037590.0,pu
4946,9,0.95274335,0.04655418,0.00052473985,0.00017777788,disp_p,101037590.0,pu
4946,10,0.9355529,0.06307431,0.0009669259,0.00040584744,disp_p,101037590.0,pu
8064,1,0.9994419,0.00029935924,7.758316e-05,0.00018111333,disp_p,359629653.0,pu
8064,2,0.9992151,0.00066622446,7.0013775e-05,4.8532704e-05,disp_p,359629653.0,pu
8064,3,0.99902475,0.0007845473,0.000108350265,8.2293365e-05,disp_p,359629653.0,pu
8064,4,0.9988186,0.00076381234,0.00018544593,0.00023219528,disp_p,359629653.0,pu
8064,5,0.9991559,0.0006516464,0.00010672138,8.570971e-05,disp_p,359629653.0,pu
8064,6,0.9992668,0.0005561897,0.00010412135,7.2918236e-05,disp_p,359629653.0,pu
8064,7,0.99894184,0.00060336065,0.00012294589,0.00033189126,disp_p,359629653.0,pu
8064,8,0.99933916,0.00056223304,5.626474e-05,4.239009e-05,disp_p,359629653.0,pu
8064,9,0.99873775,0.0010633174,0.00013568989,6.3199106e-05,disp_p,359629653.0,pu
8064,10,0.99938047,0.00049459713,8.095986e-05,4.39308e-05,disp_p,359629653.0,pu
3601,1,0.058124557,0.94027746,0.0007696509,0.00082830543,disp_e,449569805.0,eb
3601,2,0.10800465,0.8890552,0.0015915455,0.0013486902,disp_e,449569805.0,eb
3601,3,0.05924445,0.93867964,0.00083707605,0.0012387949,disp_e,449569805.0,eb
3601,4,0.056520894,0.94150037,0.00096345926,0.0010153197,disp_e,449569805.0,eb
3601,5,0.089145474,0.9087153,0.0010324005,0.0011068876,disp_e,449569805.0,eb
3601,6,0.06328899,0.9344809,0.0013004659,0.00092960853,disp_e,449569805.0,eb
3601,7,0.037198883,0.9614608,0.00068862113,0.0006516613,disp_e,449569805.0,eb
3601,8,0.099239856,0.8973098,0.0013087431,0.0021415905,disp_e,449569805.0,eb
3601,9,0.078263775,0.9196627,0.0010810391,0.0009925198,disp_e,449569805.0,eb
3601,10,0.098082095,0.8995129,0.001232647,0.001172388,disp_e,449569805.0,eb
8748,1,0.9671359,0.009212721,0.004083156,0.019568246,disp_p,419148828.0,pu
8748,2,0.950914,0.027217146,0.007459038,0.0144097665,disp_p,419148828.0,pu
8748,3,0.92535555,0.03526727,0.010885525,0.028491678,disp_p,419148828.0,pu
8748,4,0.9312462,0.017933805,0.0069482652,0.043871675,disp_p,419148828.0,pu
8748,5,0.93666136,0.040241413,0.008355762,0.014741443,disp_p,419148828.0,pu
8748,6,0.9670824,0.012981094,0.005464888,0.014471705,disp_p,419148828.0,pu
8748,7,0.9494763,0.013781919,0.0055008233,0.031240946,disp_p,419148828.0,pu
8748,8,0.9461656,0.01882327,0.008846787,0.02616431,disp_p,419148828.0,pu
8748,9,0.92561835,0.037710458,0.010665147,0.02600603,disp_p,419148828.0,pu
8748,10,0.9718114,0.015692297,0.004842581,0.0076536485,disp_p,419148828.0,pu
96,1,8.863206e-05,0.99990606,2.787263e-06,2.4788042e-06,disp_e,121069461.0,et
96,2,0.0009955849,0.9986504,0.00016306025,0.00019101216,disp_e,121069461.0,et
96,3,0.001016316,0.9987382,6.903498e-05,0.00017641686,disp_e,121069461.0,et
96,4,0.00023827922,0.999678,3.6785845e-05,4.697122e-05,disp_e,121069461.0,et
96,5,0.00097346597,0.9987318,0.00011193715,0.0001827745,disp_e,121069461.0,et
96,6,0.0008306299,0.9988281,0.00019730978,0.00014390367,disp_e,121069461.0,et
96,7,0.00014561712,0.9998417,6.6895195e-06,5.9530453e-06,disp_e,121069461.0,et
96,8,0.0010184959,0.99853885,0.0001375793,0.00030514313,disp_e,121069461.0,et
96,9,0.0010569262,0.99855906,0.00013771887,0.00024626672,disp_e,121069461.0,et
96,10,0.0010267089,0.99871945,0.000105495936,0.00014834525,disp_e,121069461.0,et
7175,1,0.9955592,0.0034575905,0.00037035433,0.0006127356,disp_p,288224503.0,pu
7175,2,0.9972549,0.002255373,0.00023831679,0.00025140704,disp_p,288224503.0,pu
7175,3,0.9957094,0.003474621,0.00039491674,0.00042106074,disp_p,288224503.0,pu
7175,4,0.9952319,0.003952564,0.00042108403,0.00039439078,disp_p,288224503.0,pu
7175,5,0.99757546,0.0018506029,0.00027726998,0.00029661518,disp_p,288224503.0,pu
7175,6,0.9982773,0.0012953847,0.00023070197,0.00019654534,disp_p,288224503.0,pu
7175,7,0.9938744,0.005212361,0.00034971966,0.00056352495,disp_p,288224503.0,pu
7175,8,0.9979006,0.0017122538,0.00019646369,0.00019065464,disp_p,288224503.0,pu
7175,9,0.9962846,0.003165411,0.00033378275,0.00021622582,disp_p,288224503.0,pu
7175,10,0.9983462,0.0012898385,0.00020550378,0.00015842167,disp_p,288224503.0,pu
10384,1,0.9984256,0.00035546257,0.00020447945,0.0010145059,disp_p,,
10384,2,0.9987446,0.00026120094,0.00013658093,0.00085754914,disp_p,,
10384,3,0.999017,0.00045183586,0.00017497197,0.00035615035,disp_p,,
10384,4,0.9965934,0.0011918717,0.00042139157,0.0017933146,disp_p,,
10384,5,0.9981787,0.000444441,0.00023678734,0.0011400095,disp_p,,
10384,6,0.99769706,0.0005298003,0.0002326876,0.0015405283,disp_p,,
10384,7,0.99819785,0.0006655801,0.00022064504,0.00091594143,disp_p,,
10384,8,0.99955136,0.00013011963,7.429571e-05,0.0002441065,disp_p,,
10384,9,0.9988255,0.0005432283,0.00016379681,0.0004674374,disp_p,,
10384,10,0.9959026,0.0005707637,0.00044105918,0.0030855562,disp_p,,
4647,1,0.9991442,0.00062775455,8.448557e-05,0.00014361435,disp_p,72504752.0,pu
4647,2,0.9998646,0.00012873554,4.426515e-06,2.2283527e-06,disp_p,72504752.0,pu
4647,3,0.9996791,0.00030267515,1.2229524e-05,5.934184e-06,disp_p,72504752.0,pu
4647,4,0.9993061,0.00063442026,3.7121903e-05,2.2334287e-05,disp_p,72504752.0,pu
4647,5,0.9998423,0.00014553292,7.863092e-06,4.3306045e-06,disp_p,72504752.0,pu
4647,6,0.9998989,9.37394e-05,5.2307228e-06,2.1129274e-06,disp_p,72504752.0,pu
4647,7,0.99895006,0.00088420097,6.048044e-05,0.00010523559,disp_p,72504752.0,pu
4647,8,0.99970967,0.00027400441,1.004317e-05,6.295628e-06,disp_p,72504752.0,pu
4647,9,0.9997503,0.00023821261,9.370057e-06,2.008857e-06,disp_p,72504752.0,pu
4647,10,0.999861,0.000121940546,1.2904931e-05,4.1283793e-06,disp_p,72504752.0,pu
7562,1,0.9982486,0.00122992,0.00017511271,0.0003463051,disp_p,316875094.0,pu
7562,2,0.9994825,0.00040982582,5.380266e-05,5.3737742e-05,disp_p,316875094.0,pu
7562,3,0.9991698,0.0006312178,9.524639e-05,0.00010372158,disp_p,316875094.0,pu
7562,4,0.99886876,0.0009172247,0.00011375922,0.00010021987,disp_p,316875094.0,pu
7562,5,0.99945694,0.0003767769,8.020697e-05,8.6146974e-05,disp_p,316875094.0,pu
7562,6,0.9995987,0.0002883904,6.182994e-05,5.1058534e-05,disp_p,316875094.0,pu
7562,7,0.9981988,0.0013773125,0.00013570633,0.00028819946,disp_p,316875094.0,pu
7562,8,0.9995448,0.0003312496,6.096288e-05,6.289853e-05,disp_p,316875094.0,pu
7562,9,0.9993631,0.00051672,7.176885e-05,4.8408743e-05,disp_p,316875094.0,pu
7562,10,0.99948704,0.00034959475,8.829666e-05,7.507445e-05,disp_p,316875094.0,pu
5405,1,0.8760372,0.12025467,0.0017167741,0.0019914128,disp_p,144124187.0,pu
5405,2,0.8594614,0.13955936,0.00065423764,0.00032490687,disp_p,144124187.0,pu
5405,3,0.55637455,0.44199502,0.0008810522,0.0007493392,disp_e,144124187.0,pu
5405,4,0.5199825,0.47656178,0.002093401,0.0013622815,disp_e,144124187.0,pu
5405,5,0.7631592,0.23548204,0.0008213024,0.00053736806,disp_e,144124187.0,pu
5405,6,0.82778525,0.17096259,0.0008781698,0.00037399927,disp_p,144124187.0,pu
5405,7,0.7918831,0.20374416,0.0022248712,0.002147802,disp_p,144124187.0,pu
5405,8,0.8938631,0.10453742,0.00091686327,0.00068270497,disp_p,144124187.0,pu
5405,9,0.6644057,0.33463308,0.0006711808,0.00028998518,disp_e,144124187.0,pu
5405,10,0.8666041,0.13209859,0.0008704469,0.0004268999,disp_p,144124187.0,pu
8395,1,0.9967566,0.0027270135,0.00022629103,0.00029013588,disp_p,387515920.0,pu
8395,2,0.9988104,0.001031728,9.2131246e-05,6.569382e-05,disp_p,387515920.0,pu
8395,3,0.9982665,0.0014942001,0.00013955754,9.970104e-05,disp_p,387515920.0,pu
8395,4,0.99835736,0.0014297802,0.00012819783,8.469353e-05,disp_p,387515920.0,pu
8395,5,0.99869317,0.0010825301,0.00012688986,9.735564e-05,disp_p,387515920.0,pu
8395,6,0.9991762,0.0006827507,8.44323e-05,5.661428e-05,disp_p,387515920.0,pu
8395,7,0.99706775,0.002552009,0.0001511179,0.00022918574,disp_p,387515920.0,pu
8395,8,0.9988865,0.00095046544,8.9861256e-05,7.3173534e-05,disp_p,387515920.0,pu
8395,9,0.9982326,0.001583392,0.00013194261,5.2060463e-05,disp_p,387515920.0,pu
8395,10,0.99883026,0.00094503147,0.00014617179,7.8527635e-05,disp_p,387515920.0,pu
26534,1,5.3969332e-05,7.771436e-05,1.47045985e-05,0.9998536,disp_j,131027614.0,
26534,2,9.5288444e-05,2.9275636e-05,4.989868e-06,0.9998704,disp_j,131027614.0,
26534,3,0.00019452926,5.7022884e-05,2.6321526e-05,0.9997222,disp_j,131027614.0,
26534,4,3.0432666e-05,5.7900554e-05,8.030224e-06,0.99990356,disp_j,131027614.0,
26534,5,0.00010383557,5.8215992e-05,1.259636e-05,0.9998254,disp_j,131027614.0,
26534,6,0.00025848206,4.02964e-05,1.5138901e-05,0.9996861,disp_j,131027614.0,
26534,7,2.6339672e-05,8.0922044e-05,1.4483251e-05,0.9998783,disp_j,131027614.0,
26534,8,0.00012033271,1.6106711e-05,1.2918441e-05,0.99985063,disp_j,131027614.0,
26534,9,9.849655e-05,1.3899668e-05,3.2727955e-06,0.99988425,disp_j,131027614.0,
26534,10,0.00035624226,5.5603243e-05,1.7259696e-05,0.9995708,disp_j,131027614.0,
28002,1,0.0007567776,0.00094437023,0.00025609438,0.9980428,disp_j,357540097.0,
28002,2,0.0012537452,0.00060432986,0.00013496284,0.9980069,disp_j,357540097.0,
28002,3,0.0010834794,0.0009818343,0.00031142132,0.99762326,disp_j,357540097.0,
28002,4,0.000573518,0.0011360379,0.00021406596,0.99807644,disp_j,357540097.0,
28002,5,0.0012922209,0.00092185644,0.00026970202,0.9975163,disp_j,357540097.0,
28002,6,0.0015197442,0.00045937244,0.0001627084,0.9978581,disp_j,357540097.0,
28002,7,0.0011054074,0.0012823588,0.00053791935,0.99707425,disp_j,357540097.0,
28002,8,0.0013975266,0.00057288446,0.00027001929,0.9977596,disp_j,357540097.0,
28002,9,0.0008581526,0.00062139804,0.00014864591,0.9983719,disp_j,357540097.0,
28002,10,0.0021693339,0.00064709474,0.00020197163,0.99698156,disp_j,357540097.0,
3179,1,0.042470764,0.93531966,0.00704379,0.015165731,disp_e,359676320.0,et
3179,2,0.061898474,0.8957014,0.017555857,0.02484432,disp_e,359676320.0,et
3179,3,0.06783911,0.8833787,0.012235833,0.036546346,disp_e,359676320.0,et
3179,4,0.0650159,0.90542805,0.009375946,0.020180127,disp_e,359676320.0,et
3179,5,0.051563576,0.9071787,0.013420305,0.027837388,disp_e,359676320.0,et
3179,6,0.059554696,0.88648087,0.019065138,0.03489932,disp_e,359676320.0,et
3179,7,0.029349,0.9566467,0.0056529213,0.008351312,disp_e,359676320.0,et
3179,8,0.0620791,0.8890526,0.014112869,0.034755398,disp_e,359676320.0,et
3179,9,0.047430642,0.90488863,0.013797627,0.033883106,disp_e,359676320.0,et
3179,10,0.044836428,0.92109525,0.011430841,0.02263745,disp_e,359676320.0,et
10649,1,0.99994624,2.8096423e-05,6.0263355e-06,1.963099e-05,disp_p,,
10649,2,0.99997294,1.8048522e-05,3.7794441e-06,5.2049795e-06,disp_p,,
10649,3,0.9999714,2.1297095e-05,3.896507e-06,3.36546e-06,disp_p,,
10649,4,0.99989855,8.2232626e-05,9.422268e-06,9.800048e-06,disp_p,,
10649,5,0.99996305,2.2564182e-05,4.71357e-06,9.67446e-06,disp_p,,
10649,6,0.99995196,3.337723e-05,6.129327e-06,8.610194e-06,disp_p,,
10649,7,0.9999318,5.075813e-05,4.68745e-06,1.2779182e-05,disp_p,,
10649,8,0.99995756,3.1298627e-05,5.0347167e-06,6.1455453e-06,disp_p,,
10649,9,0.9999597,3.2097225e-05,4.821299e-06,3.3838035e-06,disp_p,,
10649,10,0.99995077,2.0442705e-05,1.2817298e-05,1.5883803e-05,disp_p,,
4008,1,0.9918886,0.0069007976,0.00049222884,0.0007184011,disp_p,15247229.0,eb
4008,2,0.9145115,0.083077714,0.0015752162,0.00083563896,disp_p,15247229.0,eb
4008,3,0.88522583,0.11219497,0.0015110978,0.0010680666,disp_p,15247229.0,eb
4008,4,0.9742366,0.024042998,0.0010503929,0.00067003677,disp_p,15247229.0,eb
4008,5,0.8863624,0.11093875,0.0016477056,0.0010512094,disp_p,15247229.0,eb
4008,6,0.93187404,0.06541317,0.0018053163,0.0009075363,disp_p,15247229.0,eb
4008,7,0.9853078,0.012972207,0.0007292802,0.0009907327,disp_p,15247229.0,eb
4008,8,0.91071683,0.086827524,0.0013761534,0.0010794672,disp_p,15247229.0,eb
4008,9,0.9282438,0.070166625,0.0011284257,0.00046109848,disp_p,15247229.0,eb
4008,10,0.9060758,0.09138096,0.001734194,0.00080911437,disp_p,15247229.0,eb
28477,1,0.0016953711,0.002827471,0.0008232702,0.99465394,disp_j,459300942.0,J
28477,2,0.001847528,0.003826957,0.0004554881,0.99387,disp_j,459300942.0,J
28477,3,0.0018029977,0.0052355016,0.0011650689,0.9917964,disp_j,459300942.0,J
28477,4,0.0010246912,0.0039712437,0.00079595327,0.9942081,disp_j,459300942.0,J
28477,5,0.0020101273,0.0032060547,0.0007324609,0.9940514,disp_j,459300942.0,J
28477,6,0.0018717848,0.0023923956,0.0006841136,0.9950517,disp_j,459300942.0,J
28477,7,0.0013469656,0.0037389707,0.001101388,0.9938127,disp_j,459300942.0,J
28477,8,0.0017225613,0.00254127,0.0009147551,0.9948213,disp_j,459300942.0,J
28477,9,0.0014289131,0.0034452076,0.0004901339,0.99463576,disp_j,459300942.0,J
28477,10,0.0030878114,0.0032195083,0.0008369437,0.99285567,disp_j,459300942.0,J
2576,1,0.0053611603,0.9945943,2.9654568e-05,1.4914737e-05,disp_e,268160945.0,eb
2576,2,0.0053020143,0.99375325,0.00056290766,0.000381785,disp_e,268160945.0,eb
2576,3,0.007886816,0.99118644,0.00040812045,0.00051857065,disp_e,268160945.0,eb
2576,4,0.0083438,0.99131024,0.00023454589,0.000111494795,disp_e,268160945.0,eb
2576,5,0.005381855,0.99390864,0.00037880416,0.00033074347,disp_e,268160945.0,eb
2576,6,0.005578254,0.9934242,0.0006500732,0.0003474786,disp_e,268160945.0,eb
2576,7,0.004884018,0.9950388,5.209154e-05,2.4972493e-05,disp_e,268160945.0,eb
2576,8,0.0035445532,0.9955794,0.0003301429,0.00054585794,disp_e,268160945.0,eb
2576,9,0.008136187,0.99091876,0.00052318606,0.00042177926,disp_e,268160945.0,eb
2576,10,0.0051580924,0.99418855,0.00036423295,0.0002892118,disp_e,268160945.0,eb
4720,1,0.9906342,0.008330539,0.00046707547,0.0005682264,disp_p,79030066.0,pu
4720,2,0.99757844,0.0023698292,3.55455e-05,1.6233662e-05,disp_p,79030066.0,pu
4720,3,0.995139,0.0047584325,6.819643e-05,3.4355184e-05,disp_p,79030066.0,pu
4720,4,0.98817366,0.011417096,0.00024945382,0.00015975646,disp_p,79030066.0,pu
4720,5,0.9969025,0.0030304603,4.64107e-05,2.0543797e-05,disp_p,79030066.0,pu
4720,6,0.99868673,0.0012770054,2.603749e-05,1.0137402e-05,disp_p,79030066.0,pu
4720,7,0.99086374,0.008491304,0.00028855514,0.0003563789,disp_p,79030066.0,pu
4720,8,0.9970336,0.0029000395,4.237287e-05,2.397842e-05,disp_p,79030066.0,pu
4720,9,0.9940743,0.0058505614,6.315527e-05,1.1970457e-05,disp_p,79030066.0,pu
4720,10,0.99788624,0.0020174596,7.509459e-05,2.1222488e-05,disp_p,79030066.0,pu
1407,1,0.08116357,0.9177358,0.0006069118,0.00049370946,disp_e,384627699.0,et
1407,2,0.01751935,0.98015344,0.0013173171,0.0010098293,disp_e,384627699.0,et
1407,3,0.019280562,0.9787057,0.00083382346,0.001179919,disp_e,384627699.0,et
1407,4,0.034666583,0.9631243,0.0012636351,0.0009455163,disp_e,384627699.0,et
1407,5,0.018285938,0.9796132,0.0010563795,0.0010444578,disp_e,384627699.0,et
1407,6,0.02247436,0.97481585,0.0016962696,0.001013606,disp_e,384627699.0,et
1407,7,0.04488047,0.9538463,0.0007545422,0.0005187404,disp_e,384627699.0,et
1407,8,0.013888693,0.98395145,0.0008143803,0.0013455467,disp_e,384627699.0,et
1407,9,0.021916848,0.975966,0.0010809763,0.0010361727,disp_e,384627699.0,et
1407,10,0.017655259,0.98051584,0.0008778434,0.0009511387,disp_e,384627699.0,et
6885,1,0.98620576,0.0055074478,0.0011515785,0.007135277,disp_p,270435047.0,pu
6885,2,0.98997,0.0051866444,0.0012298522,0.0036135132,disp_p,270435047.0,pu
6885,3,0.9898448,0.004922065,0.0013333499,0.0038997422,disp_p,270435047.0,pu
6885,4,0.9897168,0.006372981,0.00093809783,0.0029721633,disp_p,270435047.0,pu
6885,5,0.992195,0.003898748,0.0012351216,0.0026711724,disp_p,270435047.0,pu
6885,6,0.99426323,0.0028674407,0.0008109659,0.0020583856,disp_p,270435047.0,pu
6885,7,0.9836075,0.0084563885,0.0013742367,0.006561896,disp_p,270435047.0,pu
6885,8,0.99191487,0.0029376114,0.0011303546,0.004017182,disp_p,270435047.0,pu
6885,9,0.9889789,0.00589403,0.0015018721,0.003625184,disp_p,270435047.0,pu
6885,10,0.9956676,0.0023301488,0.00069382397,0.0013083923,disp_p,270435047.0,pu
7978,1,0.91637164,0.06103793,0.0057954476,0.01679501,disp_p,354518617.0,pu
7978,2,0.9287336,0.069039084,0.0012011286,0.0010261493,disp_p,354518617.0,pu
7978,3,0.81340665,0.18255985,0.0019746544,0.0020589004,disp_p,354518617.0,pu
7978,4,0.76744324,0.22124332,0.005150188,0.0061632134,disp_e,354518617.0,pu
7978,5,0.8960306,0.10146977,0.0012530435,0.0012465471,disp_p,354518617.0,pu
7978,6,0.92068803,0.07619416,0.001762168,0.0013555577,disp_p,354518617.0,pu
7978,7,0.8280669,0.1487899,0.00853898,0.014604236,disp_p,354518617.0,pu
7978,8,0.9242468,0.072007686,0.001762487,0.001983056,disp_p,354518617.0,pu
7978,9,0.8047994,0.19240043,0.0016272416,0.001172974,disp_p,354518617.0,pu
7978,10,0.94316304,0.054445088,0.0012997903,0.0010921527,disp_p,354518617.0,pu
3807,1,0.010409233,0.98947316,7.4487754e-05,4.3154752e-05,disp_e,467625517.0,eb
3807,2,0.00898808,0.9895549,0.000879171,0.0005778755,disp_e,467625517.0,eb
3807,3,0.012608668,0.98607916,0.0006165581,0.00069571246,disp_e,467625517.0,eb
3807,4,0.025312113,0.9735658,0.0007405513,0.00038150477,disp_e,467625517.0,eb
3807,5,0.008327815,0.9905449,0.0006170514,0.00051028887,disp_e,467625517.0,eb
3807,6,0.009939643,0.9884985,0.00103037,0.0005314817,disp_e,467625517.0,eb
3807,7,0.013007819,0.9867057,0.00018240049,0.00010405648,disp_e,467625517.0,eb
3807,8,0.0062173037,0.9925673,0.0004924102,0.0007229746,disp_e,467625517.0,eb
3807,9,0.015042667,0.9835293,0.0008213404,0.0006066194,disp_e,467625517.0,eb
3807,10,0.008555242,0.9904012,0.0005959705,0.00044763973,disp_e,467625517.0,eb
10761,1,0.9960328,0.00030111705,8.597317e-05,0.0035801667,disp_p,,
10761,2,0.9951945,6.704883e-05,2.9167337e-05,0.00470926,disp_p,,
10761,3,0.99896455,0.00016128553,3.7023598e-05,0.0008371125,disp_p,,
10761,4,0.99489933,0.0006065184,9.753258e-05,0.0043967124,disp_p,,
10761,5,0.99356174,0.00024946357,7.27784e-05,0.0061160326,disp_p,,
10761,6,0.9913714,0.0001893942,5.7546647e-05,0.008381665,disp_p,,
10761,7,0.9925322,0.00063242944,0.00014389894,0.00669147,disp_p,,
10761,8,0.9943145,0.00021299772,0.00012604964,0.005346427,disp_p,,
10761,9,0.9955727,0.00036251114,8.5226675e-05,0.003979551,disp_p,,
10761,10,0.9955551,6.85081e-05,5.2652173e-05,0.0043236543,disp_p,,
27798,1,0.00017960585,0.00023064397,4.8959024e-05,0.9995408,disp_j,31354398.0,
27798,2,0.00032338247,0.00031384997,3.5304012e-05,0.9993274,disp_j,31354398.0,
27798,3,0.00025084813,0.0003223554,6.745102e-05,0.9993593,disp_j,31354398.0,
27798,4,9.0973874e-05,0.00021683107,3.2586337e-05,0.99965954,disp_j,31354398.0,
27798,5,0.00034687348,0.00021410003,5.970207e-05,0.9993793,disp_j,31354398.0,
27798,6,0.00039977595,0.00016009787,5.6309127e-05,0.9993838,disp_j,31354398.0,
27798,7,0.00011599922,0.00028521588,4.9972445e-05,0.99954873,disp_j,31354398.0,
27798,8,0.0003594915,0.00014747759,7.426085e-05,0.99941874,disp_j,31354398.0,
27798,9,0.00011627062,0.000111074296,1.7517412e-05,0.9997551,disp_j,31354398.0,
27798,10,0.000616262,0.00020455677,5.320536e-05,0.999126,disp_j,31354398.0,
26427,1,0.010736445,0.03459187,0.006126418,0.9485453,disp_j,115150623.0,
26427,2,0.009180885,0.031020908,0.0028678915,0.9569303,disp_j,115150623.0,
26427,3,0.008797864,0.03592952,0.004971802,0.9503009,disp_j,115150623.0,
26427,4,0.008521682,0.037605852,0.003952314,0.9499201,disp_j,115150623.0,
26427,5,0.008406947,0.023255032,0.0039612567,0.96437675,disp_j,115150623.0,
26427,6,0.008082319,0.020388149,0.0040774834,0.967452,disp_j,115150623.0,
26427,7,0.0076675317,0.047372457,0.008392517,0.9365674,disp_j,115150623.0,
26427,8,0.010578394,0.02418227,0.0048890575,0.9603503,disp_j,115150623.0,
26427,9,0.0057908003,0.021370316,0.0026266912,0.9702122,disp_j,115150623.0,
26427,10,0.010260832,0.028585987,0.0037186109,0.9574345,disp_j,115150623.0,
316,1,0.40600377,0.5848714,0.004072193,0.0050526136,disp_e,66326188.0,et
316,2,0.05222904,0.94506174,0.0015755601,0.0011337339,disp_e,66326188.0,et
316,3,0.030431954,0.96701896,0.0011919733,0.0013571698,disp_e,66326188.0,et
316,4,0.19062999,0.80032253,0.004380945,0.0046665105,disp_e,66326188.0,et
316,5,0.039795566,0.9580634,0.001121855,0.0010191244,disp_e,66326188.0,et
316,6,0.07604931,0.9205757,0.002073647,0.0013013639,disp_e,66326188.0,et
316,7,0.28351375,0.7074124,0.0044767624,0.0045971065,disp_e,66326188.0,et
316,8,0.05183972,0.94478244,0.0014923329,0.001885457,disp_e,66326188.0,et
316,9,0.043374136,0.95347464,0.0016636759,0.0014875566,disp_e,66326188.0,et
316,10,0.07168649,0.92563003,0.0016353187,0.0010481396,disp_e,66326188.0,et
7643,1,0.9833983,0.01517574,0.0006431024,0.0007828555,disp_p,322160664.0,pu
7643,2,0.97722375,0.021616822,0.000742286,0.0004171426,disp_p,322160664.0,pu
7643,3,0.97141886,0.027651796,0.00053820555,0.00039108918,disp_p,322160664.0,pu
7643,4,0.9738028,0.025075953,0.0007332316,0.0003879906,disp_p,322160664.0,pu
7643,5,0.9633855,0.035198305,0.00080857775,0.00060757645,disp_p,322160664.0,pu
7643,6,0.96805614,0.030214906,0.0010686558,0.00066035334,disp_p,322160664.0,pu
7643,7,0.9731433,0.025456838,0.00068867963,0.0007112329,disp_p,322160664.0,pu
7643,8,0.97784895,0.021111347,0.0005570326,0.00048265903,disp_p,322160664.0,pu
7643,9,0.96147984,0.03761209,0.0006223735,0.00028568017,disp_p,322160664.0,pu
7643,10,0.96504474,0.0334901,0.00090903,0.0005560992,disp_p,322160664.0,pu
8639,1,0.98431015,0.014724085,0.00047543936,0.0004902669,disp_p,407772585.0,pu
8639,2,0.95763975,0.041547086,0.0005633744,0.00024978153,disp_p,407772585.0,pu
8639,3,0.92287153,0.07598381,0.0007291155,0.00041560255,disp_p,407772585.0,pu
8639,4,0.96486384,0.034139756,0.0006701871,0.00032617582,disp_p,407772585.0,pu
8639,5,0.9384841,0.060444843,0.0007019673,0.00036903936,disp_p,407772585.0,pu
8639,6,0.9582366,0.040812906,0.00068044476,0.00027001157,disp_p,407772585.0,pu
8639,7,0.9718797,0.02707926,0.00054172333,0.0004992624,disp_p,407772585.0,pu
8639,8,0.9432353,0.055759627,0.000607404,0.0003977547,disp_p,407772585.0,pu
8639,9,0.94591534,0.053464897,0.00047595685,0.0001438066,disp_p,407772585.0,pu
8639,10,0.9499206,0.04897562,0.0007979756,0.00030586065,disp_p,407772585.0,pu
10841,1,0.983117,0.0016579216,0.0018036896,0.013421445,disp_p,,
10841,2,0.9862779,0.0018505077,0.0010010225,0.010870634,disp_p,,
10841,3,0.97992504,0.0051621017,0.0034492123,0.011463643,disp_p,,
10841,4,0.9835898,0.0022896281,0.0012071594,0.012913429,disp_p,,
10841,5,0.9835141,0.0021372808,0.0010658033,0.013282929,disp_p,,
10841,6,0.988357,0.0013294389,0.00087327184,0.009440245,disp_p,,
10841,7,0.9825068,0.001827065,0.0012941045,0.0143720005,disp_p,,
10841,8,0.9857625,0.0018269758,0.0010098278,0.01140074,disp_p,,
10841,9,0.9844677,0.0026210533,0.0014745983,0.011436652,disp_p,,
10841,10,0.9894357,0.0009870979,0.0010676257,0.008509542,disp_p,,
8905,1,0.95967275,0.038967438,0.00064739527,0.0007124293,disp_p,435934762.0,pu
8905,2,0.91824037,0.081362404,0.00028544417,0.00011177205,disp_p,435934762.0,pu
8905,3,0.87237585,0.12712565,0.000331033,0.00016749829,disp_p,435934762.0,pu
8905,4,0.84687,0.1515289,0.0010169711,0.0005840739,disp_p,435934762.0,pu
8905,5,0.8855514,0.11401991,0.00029702522,0.00013162075,disp_p,435934762.0,pu
8905,6,0.93331766,0.06628319,0.00030122834,9.791592e-05,disp_p,435934762.0,pu
8905,7,0.9327819,0.0655811,0.0008234244,0.00081369455,disp_p,435934762.0,pu
8905,8,0.89908427,0.10044248,0.00028874405,0.00018458144,disp_p,435934762.0,pu
8905,9,0.8869811,0.112673745,0.00028287625,6.226328e-05,disp_p,435934762.0,pu
8905,10,0.90268886,0.09675146,0.00042951587,0.00013027285,disp_p,435934762.0,pu
3069,1,0.21717547,0.77980816,0.0016582833,0.0013580524,disp_e,336357422.0,eb
3069,2,0.105304144,0.8894109,0.0031967578,0.0020882187,disp_e,336357422.0,eb
3069,3,0.15087587,0.8439812,0.0025365548,0.0026063425,disp_e,336357422.0,eb
3069,4,0.17634366,0.821084,0.0016152314,0.0009570718,disp_e,336357422.0,eb
3069,5,0.07509959,0.9209068,0.002315919,0.0016777116,disp_e,336357422.0,eb
3069,6,0.052339662,0.9442724,0.0021280649,0.0012598556,disp_e,336357422.0,eb
3069,7,0.17029524,0.82705206,0.0015133597,0.0011393599,disp_e,336357422.0,eb
3069,8,0.094082184,0.90060997,0.002407574,0.0029002079,disp_e,336357422.0,eb
3069,9,0.15532288,0.8395017,0.0031024038,0.002073043,disp_e,336357422.0,eb
3069,10,0.12472858,0.8706142,0.0028319757,0.0018252343,disp_e,336357422.0,eb
48,1,0.9487947,0.049562804,0.0006977953,0.0009447158,disp_p,116608612.0,pt
48,2,0.67527634,0.32250306,0.0014178405,0.0008027984,disp_e,116608612.0,pt
48,3,0.39360714,0.60355794,0.0014336796,0.0014012512,disp_e,116608612.0,pt
48,4,0.9183266,0.07906716,0.0013880349,0.0012182104,disp_p,116608612.0,pt
48,5,0.6347066,0.36294386,0.0014110232,0.00093847624,disp_e,116608612.0,pt
48,6,0.74407756,0.25286594,0.001965002,0.0010914699,disp_e,116608612.0,pt
48,7,0.939724,0.057560887,0.0011045632,0.0016105209,disp_p,116608612.0,pt
48,8,0.5394831,0.4581798,0.0011971836,0.0011399848,disp_e,116608612.0,pt
48,9,0.6564036,0.3418125,0.0012174613,0.00056644855,disp_e,116608612.0,pt
48,10,0.6855889,0.3123856,0.0013364197,0.00068912044,disp_e,116608612.0,pt
15,1,0.053661846,0.5342181,0.018312575,0.3938075,disp_e,105618511.0,et
15,2,0.03746536,0.65468854,0.016721033,0.29112512,disp_e,105618511.0,et
15,3,0.052116692,0.58705336,0.016981767,0.34384817,disp_e,105618511.0,et
15,4,0.06050176,0.50597334,0.015460248,0.41806462,disp_e,105618511.0,et
15,5,0.033340313,0.6491555,0.015847156,0.30165705,disp_e,105618511.0,et
15,6,0.041816697,0.49350664,0.022405656,0.44227093,disp_e,105618511.0,et
15,7,0.048323005,0.5055943,0.02538199,0.42070073,disp_e,105618511.0,et
15,8,0.03281415,0.64618,0.01794946,0.30305642,disp_e,105618511.0,et
15,9,0.035654653,0.4711708,0.016643623,0.47653097,disp_e,105618511.0,et
15,10,0.032186255,0.74990976,0.011960711,0.20594332,disp_e,105618511.0,et
10116,1,0.9832565,0.0016554659,0.0017990698,0.013288901,disp_p,,
10116,2,0.98634094,0.0018561557,0.001004118,0.010798781,disp_p,,
10116,3,0.98039734,0.00510435,0.0033947811,0.011103511,disp_p,,
10116,4,0.9837421,0.0022871192,0.0012032209,0.012767578,disp_p,,
10116,5,0.98354614,0.0021516972,0.0010717979,0.013230433,disp_p,,
10116,6,0.9883625,0.001341158,0.00088075816,0.009415581,disp_p,,
10116,7,0.9826256,0.0018285532,0.0012938913,0.014251894,disp_p,,
10116,8,0.98580474,0.0018304463,0.0010165122,0.0113482205,disp_p,,
10116,9,0.9845674,0.002624125,0.0014761759,0.011332345,disp_p,,
10116,10,0.9893885,0.0009977119,0.0010798532,0.008533874,disp_p,,
6204,1,0.964925,0.033632167,0.0006710617,0.0007717735,disp_p,219225319.0,pu
6204,2,0.995471,0.004160792,0.00022268048,0.00014556729,disp_p,219225319.0,pu
6204,3,0.99011457,0.009157398,0.00039846604,0.0003295931,disp_p,219225319.0,pu
6204,4,0.98455435,0.014926035,0.00034615287,0.00017345458,disp_p,219225319.0,pu
6204,5,0.99541676,0.0041124057,0.00026717677,0.00020359279,disp_p,219225319.0,pu
6204,6,0.99575967,0.0038729645,0.00023390166,0.00013347296,disp_p,219225319.0,pu
6204,7,0.96860707,0.030246953,0.0005607666,0.0005851696,disp_p,219225319.0,pu
6204,8,0.99691963,0.0027194938,0.00019219883,0.00016872997,disp_p,219225319.0,pu
6204,9,0.9908772,0.008700098,0.0002915495,0.00013112275,disp_p,219225319.0,pu
6204,10,0.99653876,0.0030407223,0.00026051572,0.00015998395,disp_p,219225319.0,pu
4368,1,0.9661882,0.032032166,0.0008205571,0.0009591841,disp_p,46627476.0,pu
4368,2,0.99226075,0.0075905332,9.746241e-05,5.130264e-05,disp_p,46627476.0,pu
4368,3,0.98523754,0.014463668,0.00018120669,0.00011761088,disp_p,46627476.0,pu
4368,4,0.9699359,0.029404687,0.00040844892,0.00025093736,disp_p,46627476.0,pu
4368,5,0.9896399,0.010154126,0.0001317796,7.418608e-05,disp_p,46627476.0,pu
4368,6,0.9953447,0.0045233895,8.970776e-05,4.2155756e-05,disp_p,46627476.0,pu
4368,7,0.9590436,0.039422195,0.0007513282,0.00078281976,disp_p,46627476.0,pu
4368,8,0.99127793,0.008473497,0.00015225816,9.644091e-05,disp_p,46627476.0,pu
4368,9,0.9818819,0.017911818,0.00016044482,4.5826477e-05,disp_p,46627476.0,pu
4368,10,0.9938896,0.0059058582,0.00014812045,5.6487017e-05,disp_p,46627476.0,pu
9474,1,1.0,0.0,0.0,0.0,disp_p,,
9474,2,1.0,0.0,0.0,1.573517e-20,disp_p,,
9474,3,1.0,0.0,0.0,0.0,disp_p,,
9474,4,1.0,0.0,0.0,0.0,disp_p,,
9474,5,1.0,0.0,0.0,0.0,disp_p,,
9474,6,1.0,0.0,0.0,0.0,disp_p,,
9474,7,1.0,0.0,0.0,7.4615795e-35,disp_p,,
9474,8,1.0,0.0,0.0,0.0,disp_p,,
9474,9,1.0,0.0,0.0,0.0,disp_p,,
9474,10,1.0,0.0,0.0,0.0,disp_p,,
8594,1,0.98189247,0.017463747,0.00034805483,0.00029564658,disp_p,405532603.0,pu
8594,2,0.9976689,0.0022539585,5.5615015e-05,2.146822e-05,disp_p,405532603.0,pu
8594,3,0.9942352,0.0056170328,9.933281e-05,4.845293e-05,disp_p,405532603.0,pu
8594,4,0.9842361,0.01535582,0.00029583354,0.0001123108,disp_p,405532603.0,pu
8594,5,0.99606544,0.0038015714,9.100114e-05,4.2046624e-05,disp_p,405532603.0,pu
8594,6,0.99683076,0.0030727482,7.349102e-05,2.3022e-05,disp_p,405532603.0,pu
8594,7,0.9769449,0.022511499,0.00030105366,0.0002425456,disp_p,405532603.0,pu
8594,8,0.99634016,0.0035406307,7.85542e-05,4.0720515e-05,disp_p,405532603.0,pu
8594,9,0.99460196,0.0053077773,7.508214e-05,1.5186007e-05,disp_p,405532603.0,pu
8594,10,0.99659365,0.003240689,0.0001257823,3.9770995e-05,disp_p,405532603.0,pu
28009,1,0.014848722,0.009374211,0.00412155,0.9716555,disp_j,35860392.0,J
28009,2,0.011995625,0.007831397,0.00212082,0.9780521,disp_j,35860392.0,J
28009,3,0.012491418,0.011282109,0.0045139594,0.9717126,disp_j,35860392.0,J
28009,4,0.007079867,0.006362975,0.002048765,0.9845085,disp_j,35860392.0,J
28009,5,0.012840134,0.01125821,0.004030991,0.9718706,disp_j,35860392.0,J
28009,6,0.009943901,0.0048567723,0.0020895093,0.9831097,disp_j,35860392.0,J
28009,7,0.009217352,0.0071368525,0.0034406139,0.98020524,disp_j,35860392.0,J
28009,8,0.010861474,0.0073920838,0.003264261,0.9784822,disp_j,35860392.0,J
28009,9,0.0066462643,0.0039754864,0.0012126908,0.9881656,disp_j,35860392.0,J
28009,10,0.016931668,0.00946279,0.0028116743,0.97079384,disp_j,35860392.0,J
6947,1,0.99772805,0.0011071422,0.00026819637,0.00089660485,disp_p,274122380.0,pu
6947,2,0.9980305,0.0013273474,0.00025480057,0.00038726523,disp_p,274122380.0,pu
6947,3,0.99735945,0.0017946032,0.0003407787,0.0005051617,disp_p,274122380.0,pu
6947,4,0.99787307,0.0014128259,0.00027829912,0.0004357902,disp_p,274122380.0,pu
6947,5,0.9981798,0.0010590745,0.00032426202,0.0004368418,disp_p,274122380.0,pu
6947,6,0.9986714,0.0007883007,0.0002401821,0.000300128,disp_p,274122380.0,pu
6947,7,0.99722725,0.0016042411,0.00029606718,0.0008725158,disp_p,274122380.0,pu
6947,8,0.998483,0.0010004422,0.00021070296,0.00030587657,disp_p,274122380.0,pu
6947,9,0.99778336,0.001587641,0.0002980439,0.0003309744,disp_p,274122380.0,pu
6947,10,0.9986859,0.00082898204,0.00022544441,0.00025966042,disp_p,274122380.0,pu
268,1,0.0018239904,0.9981199,3.4020904e-05,2.214809e-05,disp_e,48084398.0,et
268,2,0.0066371374,0.9919538,0.00075215014,0.0006568289,disp_e,48084398.0,et
268,3,0.0062189335,0.9927248,0.00043836524,0.00061782805,disp_e,48084398.0,et
268,4,0.0045699477,0.9950263,0.00024183714,0.0001619353,disp_e,48084398.0,et
268,5,0.005377294,0.99371195,0.0004565243,0.0004542965,disp_e,48084398.0,et
268,6,0.0061951918,0.9924036,0.0008692303,0.00053202925,disp_e,48084398.0,et
268,7,0.0018255813,0.99809104,5.2648284e-05,3.074848e-05,disp_e,48084398.0,et
268,8,0.0051065804,0.9936289,0.0004810494,0.0007833774,disp_e,48084398.0,et
268,9,0.0058420356,0.99295664,0.0006042287,0.0005970776,disp_e,48084398.0,et
268,10,0.00661165,0.992312,0.0005840623,0.0004922507,disp_e,48084398.0,et
10966,1,0.98316514,0.0016569516,0.0018019624,0.013375929,disp_p,,
10966,2,0.986299,0.0018522448,0.0010020038,0.010846743,disp_p,,
10966,3,0.9800829,0.0051426482,0.0034310466,0.011343315,disp_p,,
10966,4,0.98364127,0.0022886125,0.0012057573,0.012864297,disp_p,,
10966,5,0.98352283,0.0021420093,0.001067782,0.013267361,disp_p,,
10966,6,0.988359,0.0013332155,0.00087572716,0.009432003,disp_p,,
10966,7,0.982546,0.0018275578,0.0012940308,0.014332441,disp_p,,
10966,8,0.98577625,0.0018281151,0.0010120102,0.011383564,disp_p,,
10966,9,0.9845009,0.0026219191,0.001475037,0.011402209,disp_p,,
10966,10,0.9894204,0.0009905467,0.0010715987,0.0085174395,disp_p,,
27230,1,0.0001701486,0.0002760265,6.446162e-05,0.9994893,disp_j,232049513.0,J
27230,2,0.0001916143,0.0003134164,3.0763284e-05,0.9994642,disp_j,232049513.0,J
27230,3,0.00020511559,0.0006671547,9.063622e-05,0.99903715,disp_j,232049513.0,J
27230,4,9.876241e-05,0.00042592647,6.824188e-05,0.99940705,disp_j,232049513.0,J
27230,5,0.00024707487,0.00040960454,9.0290996e-05,0.999253,disp_j,232049513.0,J
27230,6,0.00023799483,0.0003496453,7.204068e-05,0.99934036,disp_j,232049513.0,J
27230,7,0.00011230717,0.0004988189,8.693667e-05,0.9993019,disp_j,232049513.0,J
27230,8,0.0002249743,0.00024764644,9.812608e-05,0.99942917,disp_j,232049513.0,J
27230,9,0.00014558379,0.00043724166,4.8317004e-05,0.99936885,disp_j,232049513.0,J
27230,10,0.00027119348,0.00034608523,6.262095e-05,0.99932015,disp_j,232049513.0,J
6128,1,0.9970667,0.002194561,0.00027725915,0.00046153073,disp_p,203214081.0,pu
6128,2,0.99945134,0.0005020658,2.878208e-05,1.7760218e-05,disp_p,203214081.0,pu
6128,3,0.99900275,0.0009056885,5.661233e-05,3.4973567e-05,disp_p,203214081.0,pu
6128,4,0.997849,0.0018709552,0.00016329295,0.00011675897,disp_p,203214081.0,pu
6128,5,0.9992861,0.00062631216,5.179404e-05,3.574987e-05,disp_p,203214081.0,pu
6128,6,0.9995377,0.00040822668,3.5740322e-05,1.8371611e-05,disp_p,203214081.0,pu
6128,7,0.9969002,0.0025186157,0.00021944009,0.0003617278,disp_p,203214081.0,pu
6128,8,0.9994203,0.00051497185,3.853685e-05,2.62712e-05,disp_p,203214081.0,pu
6128,9,0.9990435,0.0008947432,4.7541238e-05,1.4162397e-05,disp_p,203214081.0,pu
6128,10,0.99929416,0.00059342105,7.819567e-05,3.4223533e-05,disp_p,203214081.0,pu
1728,1,0.113924034,0.8849694,0.00069185393,0.00041471884,disp_e,19686666.0,eu
1728,2,0.04653924,0.951008,0.0015738623,0.000878867,disp_e,19686666.0,eu
1728,3,0.047983415,0.95004076,0.001100966,0.0008748425,disp_e,19686666.0,eu
1728,4,0.12926242,0.8679407,0.0018671693,0.0009296045,disp_e,19686666.0,eu
1728,5,0.043142132,0.9549793,0.001129742,0.0007488426,disp_e,19686666.0,eu
1728,6,0.05285029,0.9444699,0.001834309,0.00084540097,disp_e,19686666.0,eu
1728,7,0.11003647,0.888555,0.00088419736,0.0005242916,disp_e,19686666.0,eu
1728,8,0.03293443,0.9651351,0.00089254865,0.0010379346,disp_e,19686666.0,eu
1728,9,0.057223175,0.9407039,0.0013851163,0.0006877098,disp_e,19686666.0,eu
1728,10,0.04647629,0.9512613,0.0014527151,0.00080978463,disp_e,19686666.0,eu
9119,1,0.9978561,0.0017509136,0.00016756602,0.00022539312,disp_p,455727012.0,pu
9119,2,0.99933076,0.00062588754,2.8828026e-05,1.45454105e-05,disp_p,455727012.0,pu
9119,3,0.9989452,0.0009844179,4.6223384e-05,2.4193774e-05,disp_p,455727012.0,pu
9119,4,0.9981609,0.0016764692,0.000104675404,5.7937723e-05,disp_p,455727012.0,pu
9119,5,0.9992823,0.0006472938,4.4354638e-05,2.6122158e-05,disp_p,455727012.0,pu
9119,6,0.9995065,0.00045131287,2.9266934e-05,1.2885245e-05,disp_p,455727012.0,pu
9119,7,0.9972441,0.002419201,0.00013852784,0.00019819726,disp_p,455727012.0,pu
9119,8,0.99901736,0.00091160036,4.4283544e-05,2.6735124e-05,disp_p,455727012.0,pu
9119,9,0.99897516,0.00097578357,3.9471608e-05,9.632089e-06,disp_p,455727012.0,pu
9119,10,0.9992693,0.00063579966,6.8513575e-05,2.6411164e-05,disp_p,455727012.0,pu
7837,1,0.9244411,0.071279086,0.0020220715,0.0022576693,disp_p,341805908.0,pu
7837,2,0.75689805,0.22963452,0.0070811748,0.006386199,disp_e,341805908.0,pu
7837,3,0.71846104,0.26218286,0.009569878,0.0097862175,disp_e,341805908.0,pu
7837,4,0.94412065,0.053678267,0.0012926103,0.00090852915,disp_p,341805908.0,pu
7837,5,0.66359335,0.32210425,0.0074636103,0.006838802,disp_e,341805908.0,pu
7837,6,0.7522016,0.23127075,0.008941018,0.007586654,disp_e,341805908.0,pu
7837,7,0.92436165,0.07287969,0.0015084693,0.0012502086,disp_p,341805908.0,pu
7837,8,0.6762664,0.30469674,0.00894461,0.0100923125,disp_e,341805908.0,pu
7837,9,0.7857561,0.20411229,0.005992323,0.0041392837,disp_p,341805908.0,pu
7837,10,0.8473208,0.14181355,0.0063797873,0.004485891,disp_p,341805908.0,pu
6436,1,0.95652884,0.04112893,0.0011786775,0.0011634983,disp_p,234994474.0,pu
6436,2,0.9698011,0.028792197,0.0008850989,0.0005216208,disp_p,234994474.0,pu
6436,3,0.9510668,0.04697887,0.0011600273,0.00079425116,disp_p,234994474.0,pu
6436,4,0.94751114,0.05013423,0.0014530511,0.0009016605,disp_p,234994474.0,pu
6436,5,0.96170706,0.036555756,0.0010524527,0.00068476744,disp_p,234994474.0,pu
6436,6,0.9751074,0.023569621,0.0008779419,0.00044500077,disp_p,234994474.0,pu
6436,7,0.94802654,0.0494823,0.00126952,0.0012217178,disp_p,234994474.0,pu
6436,8,0.9754063,0.023185564,0.00081664964,0.00059154804,disp_p,234994474.0,pu
6436,9,0.94656485,0.052109703,0.00096039695,0.00036511893,disp_p,234994474.0,pu
6436,10,0.9714191,0.026938427,0.0011175522,0.00052488147,disp_p,234994474.0,pu
4474,1,0.97942734,0.020004245,0.0003025642,0.0002659167,disp_p,56399553.0,pu
4474,2,0.9656357,0.03389468,0.00033051768,0.00013914781,disp_p,56399553.0,pu
4474,3,0.9055741,0.09346834,0.0006267991,0.00033082347,disp_p,56399553.0,pu
4474,4,0.9569767,0.042227987,0.0005398251,0.00025552712,disp_p,56399553.0,pu
4474,5,0.93763787,0.06176086,0.00040539823,0.00019591609,disp_p,56399553.0,pu
4474,6,0.97026485,0.02921792,0.00038056602,0.00013666936,disp_p,56399553.0,pu
4474,7,0.9813245,0.018137064,0.0002807984,0.00025769847,disp_p,56399553.0,pu
4474,8,0.9461791,0.053217687,0.00036365163,0.00023958988,disp_p,56399553.0,pu
4474,9,0.9455627,0.054022964,0.0003330238,8.1342834e-05,disp_p,56399553.0,pu
4474,10,0.9485713,0.050650433,0.0005958442,0.00018240474,disp_p,56399553.0,pu
5353,1,0.998987,0.0005332673,0.00011197174,0.00036772958,disp_p,141677268.0,pu
5353,2,0.9996871,0.00028318856,1.7545093e-05,1.2196159e-05,disp_p,141677268.0,pu
5353,3,0.9996866,0.00027382356,2.0882551e-05,1.8771841e-05,disp_p,141677268.0,pu
5353,4,0.9992669,0.0006313122,5.532846e-05,4.654438e-05,disp_p,141677268.0,pu
5353,5,0.99975675,0.00019702068,2.3532673e-05,2.26987e-05,disp_p,141677268.0,pu
5353,6,0.999782,0.00018220072,2.1706217e-05,1.4130542e-05,disp_p,141677268.0,pu
5353,7,0.9987929,0.00082529814,9.974249e-05,0.00028202738,disp_p,141677268.0,pu
5353,8,0.9997043,0.00024847483,2.5838706e-05,2.1300546e-05,disp_p,141677268.0,pu
5353,9,0.999724,0.00024844438,1.8385008e-05,9.240411e-06,disp_p,141677268.0,pu
5353,10,0.9997882,0.00017226979,2.3651446e-05,1.5905625e-05,disp_p,141677268.0,pu
8261,1,0.9864937,0.009980098,0.0013833193,0.0021428117,disp_p,375850439.0,pu
8261,2,0.9890485,0.008150547,0.0012820074,0.0015190087,disp_p,375850439.0,pu
8261,3,0.98443764,0.011500888,0.0019149827,0.0021464976,disp_p,375850439.0,pu
8261,4,0.9843754,0.011863353,0.0017516661,0.0020095932,disp_p,375850439.0,pu
8261,5,0.9891858,0.007740465,0.0013963857,0.0016773063,disp_p,375850439.0,pu
8261,6,0.9918297,0.005452574,0.001273568,0.0014442527,disp_p,375850439.0,pu
8261,7,0.98205477,0.012989003,0.0018853759,0.0030707652,disp_p,375850439.0,pu
8261,8,0.9901826,0.006544475,0.0013702903,0.0019026159,disp_p,375850439.0,pu
8261,9,0.98462003,0.012083937,0.0018278064,0.0014683267,disp_p,375850439.0,pu
8261,10,0.99261636,0.005632773,0.0008839047,0.0008668799,disp_p,375850439.0,pu
762,1,0.9983662,0.00082138856,0.00018288907,0.00062954036,disp_p,263003176.0,pt
762,2,0.99957186,0.00038784856,2.242867e-05,1.7905257e-05,disp_p,263003176.0,pt
762,3,0.99908304,0.0008267713,4.9657727e-05,4.0500407e-05,disp_p,263003176.0,pt
762,4,0.9984699,0.0012768846,0.00012841835,0.00012476767,disp_p,263003176.0,pt
762,5,0.9995277,0.00040448972,3.570862e-05,3.2133208e-05,disp_p,263003176.0,pt
762,6,0.9995377,0.00039909885,3.8193954e-05,2.4972906e-05,disp_p,263003176.0,pt
762,7,0.99786216,0.0014485865,0.00020732336,0.00048193877,disp_p,263003176.0,pt
762,8,0.9995415,0.00039532853,3.3466553e-05,2.9666386e-05,disp_p,263003176.0,pt
762,9,0.9994,0.000550339,3.442055e-05,1.5166182e-05,disp_p,263003176.0,pt
762,10,0.9996493,0.00028897598,3.7761907e-05,2.3968023e-05,disp_p,263003176.0,pt
7201,1,0.9993932,0.00024211773,7.544779e-05,0.00028922947,disp_p,289580577.0,pu
7201,2,0.9997665,0.00017141455,2.8147151e-05,3.3912722e-05,disp_p,289580577.0,pu
7201,3,0.999653,0.00024029188,5.08427e-05,5.5862365e-05,disp_p,289580577.0,pu
7201,4,0.9994641,0.00031532647,9.081142e-05,0.00012976934,disp_p,289580577.0,pu
7201,5,0.9998312,9.8907076e-05,3.1963165e-05,3.7876016e-05,disp_p,289580577.0,pu
7201,6,0.99984837,9.003747e-05,3.14579e-05,3.0118475e-05,disp_p,289580577.0,pu
7201,7,0.99913615,0.0004193172,9.79398e-05,0.00034663797,disp_p,289580577.0,pu
7201,8,0.9998399,0.00010687912,2.5727717e-05,2.7390488e-05,disp_p,289580577.0,pu
7201,9,0.99968004,0.00023468868,4.9525843e-05,3.5768564e-05,disp_p,289580577.0,pu
7201,10,0.9998925,7.0011134e-05,2.0519074e-05,1.7039678e-05,disp_p,289580577.0,pu
2016,1,0.043682676,0.9472213,0.0031525039,0.0059435414,disp_e,129951308.0,eb
2016,2,0.08496448,0.3974717,0.022141077,0.49542275,disp_e,129951308.0,eb
2016,3,0.0775374,0.4699067,0.025123354,0.42743248,disp_e,129951308.0,eb
2016,4,0.039971616,0.9157927,0.008137401,0.036098253,disp_e,129951308.0,eb
2016,5,0.06370114,0.65385836,0.021544568,0.2608959,disp_e,129951308.0,eb
2016,6,0.078452624,0.6066693,0.02475246,0.29012567,disp_e,129951308.0,eb
2016,7,0.028323805,0.9597038,0.0039682146,0.008004191,disp_e,129951308.0,eb
2016,8,0.06722347,0.5586631,0.01603477,0.35807872,disp_e,129951308.0,eb
2016,9,0.0785244,0.6285575,0.018496703,0.27442136,disp_e,129951308.0,eb
2016,10,0.089520335,0.53300345,0.016507693,0.3609685,disp_e,129951308.0,eb
4448,1,0.9976398,0.0013980994,0.00030114016,0.0006609673,disp_p,53617134.0,pu
4448,2,0.99952257,0.0004492441,1.8681365e-05,9.539871e-06,disp_p,53617134.0,pu
4448,3,0.9988219,0.0011158985,3.9484792e-05,2.260277e-05,disp_p,53617134.0,pu
4448,4,0.9965329,0.0030890275,0.00022514061,0.00015289303,disp_p,53617134.0,pu
4448,5,0.9993875,0.00056173786,3.095491e-05,1.9786956e-05,disp_p,53617134.0,pu
4448,6,0.99958915,0.00037870754,2.1865922e-05,1.0178564e-05,disp_p,53617134.0,pu
4448,7,0.9967937,0.0024037324,0.0002791881,0.00052337494,disp_p,53617134.0,pu
4448,8,0.9994276,0.00052295916,3.0208417e-05,1.9166055e-05,disp_p,53617134.0,pu
4448,9,0.999006,0.0009516926,3.3176457e-05,9.0943295e-06,disp_p,53617134.0,pu
4448,10,0.99953544,0.000407704,3.955315e-05,1.7266048e-05,disp_p,53617134.0,pu
8598,1,0.99823725,0.001363291,0.0001688457,0.00023059065,disp_p,405717754.0,pu
8598,2,0.9993765,0.0006048067,1.32623245e-05,5.5365276e-06,disp_p,405717754.0,pu
8598,3,0.99875116,0.001211466,2.6121399e-05,1.1321073e-05,disp_p,405717754.0,pu
8598,4,0.99783957,0.0019794025,0.0001110939,6.984395e-05,disp_p,405717754.0,pu
8598,5,0.9991468,0.00082495075,1.9298539e-05,8.866079e-06,disp_p,405717754.0,pu
8598,6,0.99956316,0.00041961903,1.2716624e-05,4.5102815e-06,disp_p,405717754.0,pu
8598,7,0.9979023,0.001764679,0.00012618683,0.00020686617,disp_p,405717754.0,pu
8598,8,0.9990402,0.00093311863,1.7499193e-05,9.149822e-06,disp_p,405717754.0,pu
8598,9,0.9985719,0.0014024645,2.1798804e-05,3.9110355e-06,disp_p,405717754.0,pu
8598,10,0.99920017,0.00075242075,3.7590045e-05,9.802883e-06,disp_p,405717754.0,pu
2674,1,0.09675761,0.89752644,0.0026133326,0.0031025934,disp_e,288598068.0,eb
2674,2,0.07407816,0.92140424,0.0025485745,0.0019689386,disp_e,288598068.0,eb
2674,3,0.041506007,0.95550305,0.0013169132,0.0016739655,disp_e,288598068.0,eb
2674,4,0.04031559,0.9556496,0.0019320279,0.0021027238,disp_e,288598068.0,eb
2674,5,0.073122665,0.92357326,0.0017687745,0.001535273,disp_e,288598068.0,eb
2674,6,0.05516671,0.94183916,0.0018695941,0.0011245976,disp_e,288598068.0,eb
2674,7,0.056042664,0.93911195,0.0023421263,0.0025032323,disp_e,288598068.0,eb
2674,8,0.05848183,0.93649447,0.002008526,0.003015104,disp_e,288598068.0,eb
2674,9,0.0712096,0.92528033,0.001836987,0.0016730926,disp_e,288598068.0,eb
2674,10,0.09193987,0.90390414,0.0022717104,0.0018842778,disp_e,288598068.0,eb
9171,1,0.98703265,0.0071963016,0.001497964,0.004273109,disp_p,459735346.0,pu
9171,2,0.99538773,0.0043433188,0.00016463432,0.000104403895,disp_p,459735346.0,pu
9171,3,0.98949814,0.0099667935,0.00030676922,0.00022831616,disp_p,459735346.0,pu
9171,4,0.98403674,0.01358245,0.001198154,0.0011826431,disp_p,459735346.0,pu
9171,5,0.9928262,0.0067846864,0.00022450712,0.00016455789,disp_p,459735346.0,pu
9171,6,0.9942947,0.0052926512,0.00025257395,0.00016001325,disp_p,459735346.0,pu
9171,7,0.9812071,0.013593477,0.0018174486,0.003381987,disp_p,459735346.0,pu
9171,8,0.99476826,0.004868541,0.00019493356,0.00016831463,disp_p,459735346.0,pu
9171,9,0.9902823,0.009363235,0.00024965615,0.00010477394,disp_p,459735346.0,pu
9171,10,0.99420375,0.005348433,0.00027910396,0.00016873277,disp_p,459735346.0,pu
2543,1,0.97220325,0.013365289,0.0032284476,0.011203002,disp_p,260244386.0,jj
2543,2,0.8094459,0.07473933,0.02219422,0.093620576,disp_p,260244386.0,jj
2543,3,0.749683,0.08427453,0.025626741,0.14041579,disp_p,260244386.0,jj
2543,4,0.9383284,0.030339941,0.007088976,0.02424266,disp_p,260244386.0,jj
2543,5,0.7241521,0.11428219,0.027131692,0.13443398,disp_p,260244386.0,jj
2543,6,0.7340641,0.09154481,0.024019012,0.15037206,disp_p,260244386.0,jj
2543,7,0.9634018,0.016923584,0.0043614577,0.015313196,disp_p,260244386.0,jj
2543,8,0.68156147,0.115619175,0.032538116,0.1702812,disp_p,260244386.0,jj
2543,9,0.6862478,0.09101653,0.023786316,0.19894937,disp_p,260244386.0,jj
2543,10,0.8365505,0.07554036,0.014576777,0.07333243,disp_p,260244386.0,jj
2373,1,0.4761113,0.5225745,0.00076303526,0.0005511346,disp_e,229510866.0,pt
2373,2,0.24700168,0.75202906,0.00069636165,0.00027288595,disp_e,229510866.0,pt
2373,3,0.15145156,0.84762174,0.0005686809,0.0003580188,disp_e,229510866.0,pt
2373,4,0.25055295,0.74786055,0.0010606645,0.00052594655,disp_e,229510866.0,pt
2373,5,0.29441524,0.7048323,0.0005352471,0.00021716469,disp_e,229510866.0,pt
2373,6,0.38131434,0.61744153,0.00093262765,0.00031142955,disp_e,229510866.0,pt
2373,7,0.34205592,0.65655196,0.00085968827,0.00053244515,disp_e,229510866.0,pt
2373,8,0.27398726,0.72502667,0.00054135796,0.0004446908,disp_e,229510866.0,pt
2373,9,0.17180042,0.82744145,0.0006036594,0.00015448428,disp_e,229510866.0,pt
2373,10,0.29891884,0.6997838,0.0010030849,0.0002943106,disp_e,229510866.0,pt
2286,1,0.00060248317,0.9993511,2.5604433e-05,2.0861691e-05,disp_e,212711371.0,eb
2286,2,0.0030002545,0.9959888,0.000529039,0.0004819287,disp_e,212711371.0,eb
2286,3,0.0032695367,0.9960039,0.00029945053,0.00042708605,disp_e,212711371.0,eb
2286,4,0.0010246733,0.99874,0.000130014,0.00010534349,disp_e,212711371.0,eb
2286,5,0.0026869585,0.99656737,0.00035789472,0.00038771096,disp_e,212711371.0,eb
2286,6,0.0017610417,0.99748695,0.00045965682,0.00029223444,disp_e,212711371.0,eb
2286,7,0.00086404884,0.9990534,4.673448e-05,3.5896148e-05,disp_e,212711371.0,eb
2286,8,0.0020325275,0.9969488,0.00036572642,0.0006528782,disp_e,212711371.0,eb
2286,9,0.0029613185,0.9961479,0.00040275324,0.0004880245,disp_e,212711371.0,eb
2286,10,0.0028415103,0.99631786,0.0004058892,0.00043470663,disp_e,212711371.0,eb
6889,1,0.9974498,0.002176403,0.00015364937,0.00022010722,disp_p,270471065.0,pu
6889,2,0.99941957,0.0005266771,3.0800482e-05,2.2949522e-05,disp_p,270471065.0,pu
6889,3,0.99891436,0.0009775106,6.269076e-05,4.548878e-05,disp_p,270471065.0,pu
6889,4,0.9987319,0.0011299325,8.044192e-05,5.769807e-05,disp_p,270471065.0,pu
6889,5,0.9993938,0.000524613,4.756548e-05,3.404828e-05,disp_p,270471065.0,pu
6889,6,0.9996107,0.0003401158,3.0254405e-05,1.8888106e-05,disp_p,270471065.0,pu
6889,7,0.99715376,0.002556046,0.000113507595,0.00017665696,disp_p,270471065.0,pu
6889,8,0.99954706,0.000411849,2.3619643e-05,1.7495655e-05,disp_p,270471065.0,pu
6889,9,0.99897766,0.0009397812,5.9953145e-05,2.2655719e-05,disp_p,270471065.0,pu
6889,10,0.9995061,0.0004232009,4.7437e-05,2.3240907e-05,disp_p,270471065.0,pu
3535,1,0.70639586,0.28882024,0.0021887785,0.0025951236,disp_e,440343443.0,eb
3535,2,0.08466249,0.9081396,0.0036434312,0.00355444,disp_e,440343443.0,eb
3535,3,0.06807989,0.92666584,0.002161766,0.003092495,disp_e,440343443.0,eb
3535,4,0.30869257,0.68435013,0.003813758,0.0031434817,disp_e,440343443.0,eb
3535,5,0.061076306,0.9335363,0.002368686,0.0030185985,disp_e,440343443.0,eb
3535,6,0.0772131,0.91661954,0.003376204,0.0027912185,disp_e,440343443.0,eb
3535,7,0.5489954,0.44266182,0.0040348833,0.004307836,disp_e,440343443.0,eb
3535,8,0.04233685,0.95172024,0.0021909226,0.0037518851,disp_e,440343443.0,eb
3535,9,0.09815872,0.89444757,0.003247876,0.0041458127,disp_e,440343443.0,eb
3535,10,0.06502005,0.92999005,0.0023457052,0.0026442176,disp_e,440343443.0,eb
10189,1,0.9193244,0.0017174723,0.0022079444,0.07675016,disp_p,,
10189,2,0.94156545,0.00068720325,0.00047486665,0.0572724,disp_p,,
10189,3,0.8815548,0.002925774,0.0028149053,0.112704545,disp_p,,
10189,4,0.868917,0.0025793193,0.0020338125,0.12646987,disp_p,,
10189,5,0.9407112,0.000624359,0.00074789283,0.057916496,disp_p,,
10189,6,0.9406735,0.00073679094,0.00055425044,0.058035493,disp_p,,
10189,7,0.78000754,0.0026792847,0.0028635003,0.2144497,disp_p,,
10189,8,0.87405586,0.0018318985,0.0015232039,0.122588925,disp_p,,
10189,9,0.8761294,0.00258698,0.0017350331,0.11954857,disp_p,,
10189,10,0.97469586,0.0003828281,0.0004666744,0.024454683,disp_p,,
3392,1,0.32558554,0.6698772,0.002424115,0.002113115,disp_e,399969067.0,eb
3392,2,0.09358292,0.8985043,0.0043757437,0.0035370337,disp_e,399969067.0,eb
3392,3,0.103106104,0.88959765,0.0033630037,0.0039332067,disp_e,399969067.0,eb
3392,4,0.2866882,0.7072915,0.0034745461,0.002545761,disp_e,399969067.0,eb
3392,5,0.10058063,0.8917871,0.0039293487,0.0037028077,disp_e,399969067.0,eb
3392,6,0.10706704,0.8854745,0.004300698,0.0031578692,disp_e,399969067.0,eb
3392,7,0.3444351,0.6498211,0.0030919986,0.0026517655,disp_e,399969067.0,eb
3392,8,0.13009065,0.85983133,0.004326387,0.0057517244,disp_e,399969067.0,eb
3392,9,0.108334236,0.8847219,0.0035657827,0.0033781456,disp_e,399969067.0,eb
3392,10,0.10753006,0.8851451,0.003839107,0.003485672,disp_e,399969067.0,eb
748,1,0.0033742879,0.9965963,1.9649367e-05,9.75186e-06,disp_e,260904121.0,et
748,2,0.007440492,0.9919412,0.0004072001,0.00021106686,disp_e,260904121.0,et
748,3,0.007178636,0.9922848,0.00025103329,0.00028557566,disp_e,260904121.0,et
748,4,0.004535146,0.9952761,0.00012956382,5.9146634e-05,disp_e,260904121.0,et
748,5,0.007915822,0.9915924,0.00030249543,0.00018921614,disp_e,260904121.0,et
748,6,0.006606617,0.9928392,0.00040131735,0.00015282715,disp_e,260904121.0,et
748,7,0.0024657848,0.99749786,2.55464e-05,1.0801626e-05,disp_e,260904121.0,et
748,8,0.008004725,0.9913073,0.0003088106,0.000379064,disp_e,260904121.0,et
748,9,0.007689149,0.99178797,0.00031317066,0.00020975294,disp_e,260904121.0,et
748,10,0.006957174,0.9926016,0.00027801053,0.00016311539,disp_e,260904121.0,et
8392,1,0.9981325,0.0016031179,0.00011885716,0.00014550924,disp_p,387409975.0,pu
8392,2,0.99964094,0.0003430406,1.1366388e-05,4.6410246e-06,disp_p,387409975.0,pu
8392,3,0.99941087,0.0005624565,1.794692e-05,8.662497e-06,disp_p,387409975.0,pu
8392,4,0.9982468,0.0016200523,8.882825e-05,4.4453343e-05,disp_p,387409975.0,pu
8392,5,0.99955446,0.00041726316,1.8562121e-05,9.64722e-06,disp_p,387409975.0,pu
8392,6,0.9997012,0.00028205191,1.2402298e-05,4.3448103e-06,disp_p,387409975.0,pu
8392,7,0.9976793,0.0020826038,9.9105426e-05,0.00013911346,disp_p,387409975.0,pu
8392,8,0.9995753,0.0004045034,1.332702e-05,6.874151e-06,disp_p,387409975.0,pu
8392,9,0.999335,0.00064396666,1.7662805e-05,3.4035027e-06,disp_p,387409975.0,pu
8392,10,0.99963295,0.00033440156,2.4807314e-05,7.859745e-06,disp_p,387409975.0,pu
9957,1,0.98309064,0.0016584457,0.0018046281,0.013446305,disp_p,,
9957,2,0.9862661,0.0018495857,0.0010004875,0.010883813,disp_p,,
9957,3,0.979837,0.0051730364,0.0034593053,0.011530585,disp_p,,
9957,4,0.98356146,0.0022901725,0.0012079267,0.012940487,disp_p,,
9957,5,0.98350924,0.0021346996,0.0010647208,0.013291392,disp_p,,
9957,6,0.988356,0.0013273839,0.00087193446,0.009444774,disp_p,,
9957,7,0.9824854,0.0018267935,0.0012941442,0.014393627,disp_p,,
9957,8,0.9857562,0.0018261909,0.0010085814,0.01140896,disp_p,,
9957,9,0.98444957,0.0026205902,0.0014743658,0.011455533,disp_p,,
9957,10,0.9894441,0.0009852139,0.0010654571,0.008505193,disp_p,,
1040,1,0.031827874,0.96644086,0.00081395276,0.00091734674,disp_e,311062274.0,et
1040,2,0.02811907,0.9595825,0.004926523,0.0073719127,disp_e,311062274.0,et
1040,3,0.04513093,0.9452747,0.0029902977,0.0066040354,disp_e,311062274.0,et
1040,4,0.028935628,0.9636776,0.0029327115,0.004454149,disp_e,311062274.0,et
1040,5,0.02381947,0.9660342,0.0034431375,0.0067032203,disp_e,311062274.0,et
1040,6,0.025783518,0.96510726,0.004387405,0.004721878,disp_e,311062274.0,et
1040,7,0.035782322,0.95988625,0.0019564345,0.0023750376,disp_e,311062274.0,et
1040,8,0.024539776,0.96269584,0.0032463307,0.009517999,disp_e,311062274.0,et
1040,9,0.033812802,0.9549978,0.0040397095,0.007149687,disp_e,311062274.0,et
1040,10,0.03545266,0.9530628,0.003299385,0.008185186,disp_e,311062274.0,et
3059,1,0.0010373925,0.9978011,0.00032885527,0.00083263475,disp_e,335448400.0,eb
3059,2,0.0017785334,0.99531966,0.00080351235,0.0020982462,disp_e,335448400.0,eb
3059,3,0.0019247588,0.99598867,0.00041869824,0.0016678745,disp_e,335448400.0,eb
3059,4,0.00080829824,0.9976209,0.0003882245,0.0011826309,disp_e,335448400.0,eb
3059,5,0.0016603413,0.9956873,0.00058595143,0.0020663312,disp_e,335448400.0,eb
3059,6,0.0009848026,0.9972051,0.00063571794,0.0011744221,disp_e,335448400.0,eb
3059,7,0.0012726273,0.99712914,0.00045199774,0.0011462102,disp_e,335448400.0,eb
3059,8,0.0009492958,0.99646497,0.000517061,0.002068736,disp_e,335448400.0,eb
3059,9,0.0019033607,0.9948527,0.00067824265,0.0025657308,disp_e,335448400.0,eb
3059,10,0.001543065,0.99590635,0.00049198617,0.002058678,disp_e,335448400.0,eb
1114,1,0.19767267,0.7670207,0.01286223,0.022444453,disp_e,324656952.0,eb
1114,2,0.045436617,0.917906,0.010077774,0.026579589,disp_e,324656952.0,eb
1114,3,0.05873926,0.910652,0.0064676274,0.024141116,disp_e,324656952.0,eb
1114,4,0.11742173,0.8236293,0.012272292,0.04667663,disp_e,324656952.0,eb
1114,5,0.0439328,0.9159538,0.010185051,0.029928394,disp_e,324656952.0,eb
1114,6,0.042695045,0.92126137,0.011040839,0.025002692,disp_e,324656952.0,eb
1114,7,0.1664063,0.7879856,0.015279053,0.030329095,disp_e,324656952.0,eb
1114,8,0.03676949,0.9316419,0.008752119,0.022836428,disp_e,324656952.0,eb
1114,9,0.045586795,0.9118736,0.008994493,0.033545073,disp_e,324656952.0,eb
1114,10,0.041166656,0.93244904,0.0064305696,0.019953683,disp_e,324656952.0,eb
319,1,0.008644364,0.9877543,0.0013971289,0.0022042813,disp_e,66700467.0,eb
319,2,0.006379812,0.9905571,0.0012598896,0.0018032442,disp_e,66700467.0,eb
319,3,0.0057720123,0.99238974,0.000602004,0.0012362433,disp_e,66700467.0,eb
319,4,0.0063769426,0.9904298,0.0011988676,0.00199435,disp_e,66700467.0,eb
319,5,0.006477157,0.9912315,0.0008767576,0.0014145767,disp_e,66700467.0,eb
319,6,0.004143839,0.9936473,0.0010884469,0.0011204536,disp_e,66700467.0,eb
319,7,0.008631845,0.98710954,0.0017074591,0.0025511798,disp_e,66700467.0,eb
319,8,0.0048090136,0.99148375,0.001065992,0.0026412397,disp_e,66700467.0,eb
319,9,0.0053206203,0.9919966,0.00094409945,0.0017387349,disp_e,66700467.0,eb
319,10,0.006281499,0.991058,0.0009912053,0.0016693722,disp_e,66700467.0,eb
28125,1,0.006744661,0.019985173,0.0029360058,0.9703342,disp_j,38386162.0,J
28125,2,0.0070390436,0.0146436,0.0017317903,0.9765855,disp_j,38386162.0,J
28125,3,0.0053634653,0.016772166,0.0026659728,0.9751984,disp_j,38386162.0,J
28125,4,0.005919933,0.013867329,0.0026652657,0.9775475,disp_j,38386162.0,J
28125,5,0.008419796,0.019067843,0.0035253805,0.96898705,disp_j,38386162.0,J
28125,6,0.007864121,0.007700848,0.0024500615,0.98198503,disp_j,38386162.0,J
28125,7,0.0071744905,0.02267987,0.0056477236,0.9644978,disp_j,38386162.0,J
28125,8,0.008404197,0.019888544,0.0036665255,0.9680408,disp_j,38386162.0,J
28125,9,0.003699923,0.010300594,0.0016981559,0.98430127,disp_j,38386162.0,J
28125,10,0.00867915,0.019351875,0.0027603693,0.9692086,disp_j,38386162.0,J
7087,1,0.9909203,0.00809919,0.0004211822,0.0005592538,disp_p,283419843.0,pu
7087,2,0.9946091,0.0053156926,5.240956e-05,2.2742903e-05,disp_p,283419843.0,pu
7087,3,0.98468983,0.015128058,0.000117702206,6.434043e-05,disp_p,283419843.0,pu
7087,4,0.9770462,0.022272393,0.00040862785,0.00027281648,disp_p,283419843.0,pu
7087,5,0.9916477,0.008244228,7.451745e-05,3.3570188e-05,disp_p,283419843.0,pu
7087,6,0.9954241,0.0044931867,6.0250357e-05,2.2406666e-05,disp_p,283419843.0,pu
7087,7,0.9881499,0.01101883,0.000365733,0.00046547467,disp_p,283419843.0,pu
7087,8,0.9939798,0.005920338,6.207757e-05,3.7767066e-05,disp_p,283419843.0,pu
7087,9,0.9845309,0.0153412195,0.000105536325,2.2398994e-05,disp_p,283419843.0,pu
7087,10,0.9937656,0.0060827206,0.00011589214,3.576457e-05,disp_p,283419843.0,pu
9873,1,0.99910176,0.00012835217,5.550247e-05,0.00071442255,disp_p,,
9873,2,0.9990833,5.4486838e-05,2.0984506e-05,0.00084121566,disp_p,,
9873,3,0.99919647,0.00026177833,7.726642e-05,0.0004644577,disp_p,,
9873,4,0.9987042,0.0004811528,7.23455e-05,0.00074228365,disp_p,,
9873,5,0.99900836,0.000106454776,3.3260996e-05,0.0008519473,disp_p,,
9873,6,0.9981529,0.00018091477,4.3774486e-05,0.0016224192,disp_p,,
9873,7,0.9991007,0.0002210174,5.346484e-05,0.0006248853,disp_p,,
9873,8,0.9973175,0.00031937726,0.00015275867,0.0022104054,disp_p,,
9873,9,0.9989555,0.00022716775,4.889915e-05,0.0007683905,disp_p,,
9873,10,0.9987112,4.8926417e-05,4.336538e-05,0.0011965445,disp_p,,
4897,1,0.99942124,0.00042621043,4.894463e-05,0.00010358633,disp_p,97669493.0,pu
4897,2,0.9999504,4.5914203e-05,2.1709322e-06,1.4932046e-06,disp_p,97669493.0,pu
4897,3,0.99990714,8.434625e-05,5.1187944e-06,3.4409145e-06,disp_p,97669493.0,pu
4897,4,0.99975747,0.00021588375,1.5228575e-05,1.1346171e-05,disp_p,97669493.0,pu
4897,5,0.99995387,3.9652514e-05,3.6372808e-06,2.7555159e-06,disp_p,97669493.0,pu
4897,6,0.9999702,2.6341164e-05,2.2705e-06,1.2083207e-06,disp_p,97669493.0,pu
4897,7,0.9993387,0.00054576213,3.6487567e-05,7.9098914e-05,disp_p,97669493.0,pu
4897,8,0.9999267,6.645369e-05,3.9245897e-06,2.893806e-06,disp_p,97669493.0,pu
4897,9,0.99992335,7.152183e-05,4.024034e-06,1.1096221e-06,disp_p,97669493.0,pu
4897,10,0.99995196,3.944368e-05,6.094756e-06,2.5067445e-06,disp_p,97669493.0,pu
6821,1,0.9966576,0.0027145676,0.00024846924,0.00037943406,disp_p,267484403.0,pu
6821,2,0.9978217,0.0018761177,0.00017063448,0.00013156154,disp_p,267484403.0,pu
6821,3,0.99732816,0.0022670976,0.00021812021,0.00018658182,disp_p,267484403.0,pu
6821,4,0.99562496,0.0039079785,0.00028562054,0.00018155115,disp_p,267484403.0,pu
6821,5,0.99798405,0.0016266179,0.00021068807,0.00017857554,disp_p,267484403.0,pu
6821,6,0.9979274,0.0017248377,0.00020663458,0.00014103798,disp_p,267484403.0,pu
6821,7,0.9948978,0.004293488,0.0003291761,0.0004795807,disp_p,267484403.0,pu
6821,8,0.99801576,0.0016784745,0.00016927155,0.00013644561,disp_p,267484403.0,pu
6821,9,0.99718106,0.0024745977,0.00022138095,0.00012299704,disp_p,267484403.0,pu
6821,10,0.99801254,0.001644121,0.0001995942,0.00014366006,disp_p,267484403.0,pu
6677,1,0.99202275,0.004334272,0.00092014397,0.0027227458,disp_p,256046749.0,pu
6677,2,0.99462235,0.004723912,0.0003446745,0.0003090226,disp_p,256046749.0,pu
6677,3,0.9929677,0.006202894,0.00045579343,0.0003736164,disp_p,256046749.0,pu
6677,4,0.9897866,0.008345839,0.0009316811,0.0009359192,disp_p,256046749.0,pu
6677,5,0.9955183,0.0037689593,0.00036847495,0.0003441981,disp_p,256046749.0,pu
6677,6,0.9964644,0.0029431633,0.00032050395,0.00027199282,disp_p,256046749.0,pu
6677,7,0.98829424,0.007247629,0.001354293,0.003103884,disp_p,256046749.0,pu
6677,8,0.99567896,0.0035158587,0.0003976034,0.0004075856,disp_p,256046749.0,pu
6677,9,0.9943751,0.0050604376,0.00035696456,0.00020754122,disp_p,256046749.0,pu
6677,10,0.9958009,0.003385206,0.00046040423,0.00035346806,disp_p,256046749.0,pu
4987,1,0.97138864,0.026708588,0.00073611946,0.0011667089,disp_p,105379013.0,pu
4987,2,0.67409295,0.32269758,0.001954,0.0012554968,disp_e,105379013.0,pu
4987,3,0.47360322,0.52239764,0.0020440244,0.0019551527,disp_e,105379013.0,pu
4987,4,0.9113639,0.08463437,0.0020088388,0.0019929549,disp_p,105379013.0,pu
4987,5,0.6679792,0.32852328,0.002034541,0.0014629838,disp_e,105379013.0,pu
4987,6,0.77729905,0.21893159,0.002368611,0.0014007316,disp_e,105379013.0,pu
4987,7,0.95001245,0.046045836,0.0015126771,0.0024290103,disp_p,105379013.0,pu
4987,8,0.5779404,0.41805354,0.0019917656,0.0020142668,disp_e,105379013.0,pu
4987,9,0.648907,0.3484566,0.0016442989,0.0009920378,disp_e,105379013.0,pu
4987,10,0.6552613,0.34167677,0.0019423408,0.0011195358,disp_e,105379013.0,pu
26723,1,0.6616516,0.02180013,0.0124892,0.3040591,disp_p,152807615.0,J
26723,2,0.29346725,0.021279149,0.0059080557,0.67934555,disp_j,152807615.0,J
26723,3,0.40312567,0.036099967,0.009849751,0.55092466,disp_j,152807615.0,J
26723,4,0.4751579,0.015994305,0.006806844,0.502041,disp_j,152807615.0,J
26723,5,0.21519478,0.030079897,0.0066917473,0.7480336,disp_j,152807615.0,J
26723,6,0.2700755,0.018420022,0.0056742127,0.7058303,disp_j,152807615.0,J
26723,7,0.37179235,0.018108029,0.01156401,0.5985356,disp_j,152807615.0,J
26723,8,0.20941693,0.016549172,0.0040963325,0.7699376,disp_j,152807615.0,J
26723,9,0.22420001,0.028969714,0.007591647,0.7392386,disp_j,152807615.0,J
26723,10,0.22638251,0.026379863,0.0056915227,0.74154615,disp_j,152807615.0,J
1746,1,0.5075673,0.34243527,0.02554003,0.12445748,disp_e,29984131.0,eb
1746,2,0.23150378,0.64566493,0.027429875,0.09540142,disp_e,29984131.0,eb
1746,3,0.3088971,0.5800221,0.022731284,0.0883495,disp_e,29984131.0,eb
1746,4,0.48396027,0.38951024,0.019473694,0.10705576,disp_e,29984131.0,eb
1746,5,0.21356843,0.65430427,0.0262826,0.105844684,disp_e,29984131.0,eb
1746,6,0.403606,0.4653408,0.027233904,0.10381931,disp_e,29984131.0,eb
1746,7,0.5751983,0.26156408,0.027812405,0.13542525,disp_e,29984131.0,eb
1746,8,0.29315573,0.6040198,0.024933796,0.07789064,disp_e,29984131.0,eb
1746,9,0.2780926,0.5472659,0.03453662,0.1401049,disp_e,29984131.0,eb
1746,10,0.35445055,0.5644566,0.02119825,0.059894655,disp_e,29984131.0,eb
7299,1,0.99626285,0.001824244,0.0005222055,0.0013907384,disp_p,297361900.0,pu
7299,2,0.9971208,0.0018888247,0.00043305985,0.00055727316,disp_p,297361900.0,pu
7299,3,0.9967931,0.0019873313,0.0004922848,0.00072728685,disp_p,297361900.0,pu
7299,4,0.9961434,0.002532969,0.00059651886,0.0007271397,disp_p,297361900.0,pu
7299,5,0.99732363,0.0014168622,0.00056419545,0.0006951709,disp_p,297361900.0,pu
7299,6,0.99746466,0.0015488783,0.0004929252,0.0004935762,disp_p,297361900.0,pu
7299,7,0.99429697,0.0032594742,0.00070261414,0.0017409587,disp_p,297361900.0,pu
7299,8,0.99768806,0.0013732857,0.00042073024,0.00051787164,disp_p,297361900.0,pu
7299,9,0.9967937,0.0021221736,0.0005453309,0.000538798,disp_p,297361900.0,pu
7299,10,0.99829644,0.0010411473,0.00031886133,0.00034361923,disp_p,297361900.0,pu
10362,1,0.9831497,0.0016572598,0.0018025131,0.01339044,disp_p,,
10362,2,0.98629236,0.0018516487,0.0010016847,0.010854281,disp_p,,
10362,3,0.9800332,0.005148735,0.0034367375,0.0113813095,disp_p,,
10362,4,0.9836251,0.0022889397,0.0012061865,0.012879639,disp_p,,
10362,5,0.9835201,0.0021404913,0.0010671468,0.013272279,disp_p,,
10362,6,0.98835844,0.0013320062,0.000874942,0.00943462,disp_p,,
10362,7,0.9825335,0.0018274031,0.0012940564,0.014345072,disp_p,,
10362,8,0.9857717,0.001827765,0.0010113186,0.011389137,disp_p,,
10362,9,0.98449033,0.0026216372,0.001474891,0.011413167,disp_p,,
10362,10,0.9894252,0.0009894454,0.0010703302,0.008514927,disp_p,,
8799,1,0.99740595,0.0022841517,0.0001518778,0.00015808374,disp_p,423275733.0,pu
8799,2,0.99963677,0.00035331672,7.1834634e-06,2.696603e-06,disp_p,423275733.0,pu
8799,3,0.9993297,0.00065122644,1.3743619e-05,5.4632173e-06,disp_p,423275733.0,pu
8799,4,0.9980616,0.0018474408,6.181805e-05,2.9092762e-05,disp_p,423275733.0,pu
8799,5,0.99952805,0.00045606625,1.1296358e-05,4.5730726e-06,disp_p,423275733.0,pu
8799,6,0.9997271,0.00026349144,7.179482e-06,2.2335819e-06,disp_p,423275733.0,pu
8799,7,0.99737996,0.0024401948,7.942438e-05,0.00010039416,disp_p,423275733.0,pu
8799,8,0.9993332,0.0006505288,1.08287995e-05,5.3947074e-06,disp_p,423275733.0,pu
8799,9,0.99927634,0.00071048737,1.1611452e-05,1.6543626e-06,disp_p,423275733.0,pu
8799,10,0.99956375,0.00040955318,2.1816564e-05,4.91729e-06,disp_p,423275733.0,pu
4601,1,0.9956995,0.0036111178,0.00028488264,0.0004045359,disp_p,68345291.0,pu
4601,2,0.9982645,0.0016029468,7.772149e-05,5.491436e-05,disp_p,68345291.0,pu
4601,3,0.9966229,0.0031546704,0.0001317424,9.060692e-05,disp_p,68345291.0,pu
4601,4,0.9966338,0.0029660852,0.00021733383,0.00018277031,disp_p,68345291.0,pu
4601,5,0.99772865,0.0020555528,0.00012399915,9.17983e-05,disp_p,68345291.0,pu
4601,6,0.9986864,0.0011771703,8.517283e-05,5.13617e-05,disp_p,68345291.0,pu
4601,7,0.99515754,0.0041183704,0.00026450233,0.0004595117,disp_p,68345291.0,pu
4601,8,0.9978235,0.0020159336,9.192872e-05,6.867337e-05,disp_p,68345291.0,pu
4601,9,0.9968561,0.002995238,0.00010602079,4.2598036e-05,disp_p,68345291.0,pu
4601,10,0.99816245,0.0016314392,0.00013815831,6.795563e-05,disp_p,68345291.0,pu
10515,1,0.9958176,0.00036611644,0.00013317887,0.0036830865,disp_p,,
10515,2,0.9956729,5.3634605e-05,5.4901804e-05,0.0042185215,disp_p,,
10515,3,0.9992779,7.791124e-05,4.4979555e-05,0.00059917994,disp_p,,
10515,4,0.9971306,0.00036405513,0.00014006677,0.0023653666,disp_p,,
10515,5,0.9987338,6.643914e-05,0.000101553975,0.0010982022,disp_p,,
10515,6,0.99708694,0.00012398642,0.00010127123,0.0026878095,disp_p,,
10515,7,0.9975926,0.00050212623,0.00013475971,0.0017704677,disp_p,,
10515,8,0.9932208,0.00023056807,0.00028808805,0.0062605185,disp_p,,
10515,9,0.99821377,0.00013169373,8.338638e-05,0.0015711939,disp_p,,
10515,10,0.9966545,0.000102870246,0.0001399014,0.0031026765,disp_p,,
8951,1,0.9986675,0.0010685315,0.0001103769,0.00015364765,disp_p,439512298.0,pu
8951,2,0.99988127,0.00011268736,4.0677955e-06,1.9430431e-06,disp_p,439512298.0,pu
8951,3,0.9997844,0.00020263894,8.642939e-06,4.24382e-06,disp_p,439512298.0,pu
8951,4,0.9992118,0.0007171931,4.563609e-05,2.5357149e-05,disp_p,439512298.0,pu
8951,5,0.99987924,0.00011120076,6.1892983e-06,3.3736844e-06,disp_p,439512298.0,pu
8951,6,0.9999232,7.0981005e-05,4.1296876e-06,1.6328673e-06,disp_p,439512298.0,pu
8951,7,0.9986532,0.0011833896,6.383235e-05,9.95441e-05,disp_p,439512298.0,pu
8951,8,0.99982697,0.00016367265,6.2360705e-06,3.248909e-06,disp_p,439512298.0,pu
8951,9,0.99978155,0.0002086533,8.277739e-06,1.5820534e-06,disp_p,439512298.0,pu
8951,10,0.9998716,0.000113829126,1.135265e-05,3.2098787e-06,disp_p,439512298.0,pu
4510,1,0.92062753,0.07619445,0.0014750744,0.0017028694,disp_p,60646268.0,pu
4510,2,0.828263,0.16862206,0.0018967816,0.0012180369,disp_p,60646268.0,pu
4510,3,0.7073717,0.2882929,0.0023320157,0.0020033808,disp_e,60646268.0,pu
4510,4,0.9002995,0.09581051,0.002038843,0.0018511495,disp_p,60646268.0,pu
4510,5,0.7432006,0.25342318,0.0018929903,0.0014832447,disp_e,60646268.0,pu
4510,6,0.82056606,0.17565669,0.0022779864,0.0014992307,disp_p,60646268.0,pu
4510,7,0.9084656,0.087782666,0.0016852517,0.0020664504,disp_p,60646268.0,pu
4510,8,0.7405913,0.25519297,0.0021171696,0.002098555,disp_e,60646268.0,pu
4510,9,0.7474311,0.24968903,0.0018518514,0.0010280745,disp_e,60646268.0,pu
4510,10,0.78722227,0.20914014,0.0023294415,0.0013081788,disp_p,60646268.0,pu
3391,1,0.033799607,0.9630335,0.0016793078,0.0014876338,disp_e,399864405.0,eb
3391,2,0.0070628566,0.99111146,0.0009695313,0.00085612864,disp_e,399864405.0,eb
3391,3,0.0085989935,0.98987085,0.00062664435,0.0009035389,disp_e,399864405.0,eb
3391,4,0.011239042,0.98626083,0.001296727,0.0012033485,disp_e,399864405.0,eb
3391,5,0.007063461,0.99152946,0.0007006702,0.0007063091,disp_e,399864405.0,eb
3391,6,0.0053080833,0.9930225,0.0010123522,0.00065716455,disp_e,399864405.0,eb
3391,7,0.022051876,0.97480077,0.0016601941,0.0014872479,disp_e,399864405.0,eb
3391,8,0.005524482,0.99239033,0.000741467,0.0013436961,disp_e,399864405.0,eb
3391,9,0.008627681,0.98957205,0.0009000348,0.0009002313,disp_e,399864405.0,eb
3391,10,0.00821857,0.9902575,0.0007874548,0.0007364803,disp_e,399864405.0,eb
3010,1,0.07508109,0.92363864,0.0007096064,0.0005706733,disp_e,329119931.0,eb
3010,2,0.06277013,0.93021965,0.0039959988,0.0030142805,disp_e,329119931.0,eb
3010,3,0.07150659,0.92308956,0.0026124774,0.0027912972,disp_e,329119931.0,eb
3010,4,0.09617652,0.8999307,0.002477466,0.001415207,disp_e,329119931.0,eb
3010,5,0.057523664,0.93643135,0.003067627,0.0029773787,disp_e,329119931.0,eb
3010,6,0.07341604,0.9198042,0.0042384774,0.002541205,disp_e,329119931.0,eb
3010,7,0.06742974,0.9307842,0.0011111061,0.0006750106,disp_e,329119931.0,eb
3010,8,0.04086346,0.95262295,0.0026339344,0.0038796908,disp_e,329119931.0,eb
3010,9,0.06151314,0.93332744,0.002770126,0.002389342,disp_e,329119931.0,eb
3010,10,0.05377298,0.9403259,0.0028547053,0.0030464185,disp_e,329119931.0,eb
5525,1,0.9969241,0.0009508702,0.00037013154,0.0017549108,disp_p,150428703.0,pu
5525,2,0.99813974,0.0009793553,0.00024366322,0.0006372247,disp_p,150428703.0,pu
5525,3,0.9984541,0.00091476785,0.00023343581,0.00039775265,disp_p,150428703.0,pu
5525,4,0.9984463,0.0007678457,0.00026410498,0.00052173785,disp_p,150428703.0,pu
5525,5,0.99841857,0.0007186616,0.0002833727,0.0005793541,disp_p,150428703.0,pu
5525,6,0.99895954,0.00051236036,0.00021344001,0.00031471284,disp_p,150428703.0,pu
5525,7,0.9961798,0.0013448414,0.00049719744,0.0019780796,disp_p,150428703.0,pu
5525,8,0.9981324,0.0008212385,0.00033327003,0.00071314094,disp_p,150428703.0,pu
5525,9,0.9981772,0.0010771345,0.0002786413,0.00046708144,disp_p,150428703.0,pu
5525,10,0.9988304,0.00061342266,0.00019742073,0.00035872762,disp_p,150428703.0,pu
34,1,0.561802,0.43508524,0.0015814786,0.0015312654,disp_e,113501026.0,eb
34,2,0.03049377,0.96810883,0.00084241433,0.0005550266,disp_e,113501026.0,eb
34,3,0.031183721,0.96759975,0.0005648099,0.0006517028,disp_e,113501026.0,eb
34,4,0.2047931,0.7904419,0.0025140306,0.0022510048,disp_e,113501026.0,eb
34,5,0.029610388,0.9693108,0.0006060484,0.00047269254,disp_e,113501026.0,eb
34,6,0.03133535,0.96702373,0.0010478353,0.0005931036,disp_e,113501026.0,eb
34,7,0.39266554,0.6027846,0.0023033991,0.002246517,disp_e,113501026.0,eb
34,8,0.020002343,0.9788083,0.00049680256,0.0006926223,disp_e,113501026.0,eb
34,9,0.05131049,0.94735503,0.0008246661,0.0005097505,disp_e,113501026.0,eb
34,10,0.033976037,0.9648327,0.0007272629,0.00046400118,disp_e,113501026.0,eb
4631,1,0.97773415,0.020618556,0.0007351018,0.0009122275,disp_p,71088556.0,pu
4631,2,0.9949568,0.004512075,0.00031403528,0.00021702876,disp_p,71088556.0,pu
4631,3,0.9900233,0.009068918,0.0005261613,0.000381649,disp_p,71088556.0,pu
4631,4,0.97796667,0.021004023,0.00064931303,0.0003799289,disp_p,71088556.0,pu
4631,5,0.99401665,0.0052845343,0.00039422748,0.0003046257,disp_p,71088556.0,pu
4631,6,0.9955728,0.003963022,0.00028867583,0.00017556228,disp_p,71088556.0,pu
4631,7,0.9704268,0.027689436,0.0009068948,0.000976943,disp_p,71088556.0,pu
4631,8,0.99501425,0.004309457,0.00036286123,0.00031341225,disp_p,71088556.0,pu
4631,9,0.9925212,0.006991408,0.00034563206,0.00014173819,disp_p,71088556.0,pu
4631,10,0.9953318,0.0038561893,0.0004968443,0.00031513427,disp_p,71088556.0,pu
10861,1,0.98318785,0.0016565254,0.001801186,0.013354365,disp_p,,
10861,2,0.98630905,0.001853164,0.0010024972,0.010835254,disp_p,,
10861,3,0.98015904,0.005133377,0.0034223243,0.011285243,disp_p,,
10861,4,0.9836654,0.0022882258,0.001205143,0.01284122,disp_p,,
10861,5,0.983528,0.0021443088,0.0010687376,0.013258956,disp_p,,
10861,6,0.98836005,0.0013350626,0.0008769287,0.009427971,disp_p,,
10861,7,0.98256505,0.0018278059,0.0012939991,0.0143132,disp_p,,
10861,8,0.9857832,0.0018286529,0.0010130738,0.011375067,disp_p,,
10861,9,0.9845169,0.0026223443,0.0014752741,0.011385422,disp_p,,
10861,10,0.98941284,0.0009922433,0.0010735523,0.008521348,disp_p,,
4876,1,0.9981238,0.0014883835,0.00016670376,0.00022105328,disp_p,95660472.0,pu
4876,2,0.99953663,0.00044608963,1.2236787e-05,5.0799395e-06,disp_p,95660472.0,pu
4876,3,0.999015,0.0009489188,2.5522355e-05,1.0550447e-05,disp_p,95660472.0,pu
4876,4,0.99790835,0.0019320279,0.00010243122,5.72108e-05,disp_p,95660472.0,pu
4876,5,0.99946207,0.00051346625,1.6809718e-05,7.710493e-06,disp_p,95660472.0,pu
4876,6,0.99963593,0.000347232,1.25243605e-05,4.3403857e-06,disp_p,95660472.0,pu
4876,7,0.99785125,0.0018776553,0.00010910811,0.00016205995,disp_p,95660472.0,pu
4876,8,0.99927574,0.0006987527,1.692319e-05,8.556435e-06,disp_p,95660472.0,pu
4876,9,0.99904364,0.0009333186,1.9538502e-05,3.4751095e-06,disp_p,95660472.0,pu
4876,10,0.9994499,0.0005068169,3.442667e-05,8.891048e-06,disp_p,95660472.0,pu
1265,1,0.19082741,0.7949417,0.0061206794,0.0081101805,disp_e,1687496434.0,et
1265,2,0.17628159,0.80610174,0.009214065,0.008402605,disp_e,1687496434.0,et
1265,3,0.15676129,0.82533437,0.0074671963,0.010437144,disp_e,1687496434.0,et
1265,4,0.3050855,0.6790782,0.0075591486,0.008277068,disp_e,1687496434.0,et
1265,5,0.17596997,0.8071704,0.008306816,0.008552797,disp_e,1687496434.0,et
1265,6,0.18837151,0.79070455,0.010993984,0.009929894,disp_e,1687496434.0,et
1265,7,0.17349528,0.81470996,0.00602398,0.0057708095,disp_e,1687496434.0,et
1265,8,0.30569556,0.67538804,0.0086388,0.010277598,disp_e,1687496434.0,et
1265,9,0.14802378,0.8344841,0.009161763,0.008330302,disp_e,1687496434.0,et
1265,10,0.165016,0.81874114,0.008572695,0.0076702023,disp_e,1687496434.0,et
1323,1,0.07572535,0.9179022,0.0028433274,0.003529142,disp_e,369816679.0,eb
1323,2,0.01146151,0.9853306,0.0014867473,0.0017211488,disp_e,369816679.0,eb
1323,3,0.013831077,0.9834448,0.0009865159,0.0017377224,disp_e,369816679.0,eb
1323,4,0.025188675,0.9689863,0.0023329272,0.0034921714,disp_e,369816679.0,eb
1323,5,0.011555798,0.98588085,0.0010393714,0.0015240015,disp_e,369816679.0,eb
1323,6,0.009661283,0.98750323,0.0014730259,0.0013625054,disp_e,369816679.0,eb
1323,7,0.04158468,0.950861,0.0033191075,0.0042351983,disp_e,369816679.0,eb
1323,8,0.008232692,0.9885499,0.0010032419,0.002214125,disp_e,369816679.0,eb
1323,9,0.012013057,0.98482215,0.0012895365,0.0018752662,disp_e,369816679.0,eb
1323,10,0.011343275,0.98622835,0.0010371886,0.0013912267,disp_e,369816679.0,eb
2287,1,0.9248964,0.03132613,0.0024738498,0.041303586,disp_p,212844967.0,
2287,2,0.30421886,0.092571676,0.008157472,0.59505194,disp_j,212844967.0,
2287,3,0.4936681,0.11514348,0.011397828,0.37979057,disp_p,212844967.0,
2287,4,0.60681546,0.20586185,0.009397416,0.17792523,disp_p,212844967.0,
2287,5,0.30331254,0.16455533,0.012152713,0.5199795,disp_j,212844967.0,
2287,6,0.18498415,0.13988261,0.010054979,0.6650783,disp_j,212844967.0,
2287,7,0.70089364,0.1049493,0.010637069,0.18352002,disp_p,212844967.0,
2287,8,0.15077531,0.13524054,0.009112331,0.7048718,disp_j,212844967.0,
2287,9,0.25010237,0.12106078,0.0077982172,0.6210387,disp_j,212844967.0,
2287,10,0.41839948,0.085970245,0.005689296,0.48994094,disp_j,212844967.0,
638,1,0.08641236,0.9119281,0.00092347903,0.0007360279,disp_e,230967251.0,et
638,2,0.051577717,0.9407181,0.0041535487,0.0035506254,disp_e,230967251.0,et
638,3,0.06819682,0.9247242,0.0026262773,0.0044526476,disp_e,230967251.0,et
638,4,0.102817625,0.8896512,0.0040736767,0.0034575057,disp_e,230967251.0,et
638,5,0.04175434,0.9510089,0.0031340327,0.004102755,disp_e,230967251.0,et
638,6,0.044858176,0.9471316,0.00463103,0.0033792083,disp_e,230967251.0,et
638,7,0.06851769,0.92952234,0.0011622559,0.0007977424,disp_e,230967251.0,et
638,8,0.03827147,0.9542328,0.0025949783,0.0049007116,disp_e,230967251.0,et
638,9,0.06041877,0.93245786,0.0032946703,0.003828765,disp_e,230967251.0,et
638,10,0.04548275,0.94845283,0.0026771713,0.0033873061,disp_e,230967251.0,et
27491,1,0.002636064,0.023944117,0.0014183376,0.9720015,disp_j,269342892.0,B
27491,2,0.0038120814,0.030277506,0.0014766097,0.9644337,disp_j,269342892.0,B
27491,3,0.00402161,0.029569825,0.0022055628,0.96420294,disp_j,269342892.0,B
27491,4,0.0019982387,0.03657636,0.0015762148,0.95984924,disp_j,269342892.0,B
27491,5,0.005152693,0.023511933,0.0019392037,0.9693962,disp_j,269342892.0,B
27491,6,0.0063742534,0.017533487,0.003173787,0.97291845,disp_j,269342892.0,B
27491,7,0.0017012699,0.02871384,0.0014864397,0.96809846,disp_j,269342892.0,B
27491,8,0.0063763806,0.023491867,0.0027973338,0.9673344,disp_j,269342892.0,B
27491,9,0.0018488105,0.028855527,0.000982618,0.96831304,disp_j,269342892.0,B
27491,10,0.006302498,0.028072432,0.0018098069,0.9638152,disp_j,269342892.0,B
8786,1,0.9955852,0.0026810768,0.0005428827,0.0011908612,disp_p,422457210.0,pu
8786,2,0.9988166,0.0011288456,3.8156322e-05,1.6468915e-05,disp_p,422457210.0,pu
8786,3,0.9977342,0.0021699409,6.205591e-05,3.3725475e-05,disp_p,422457210.0,pu
8786,4,0.9943811,0.0050328714,0.00032260656,0.00026340396,disp_p,422457210.0,pu
8786,5,0.9985483,0.0013654687,5.3911368e-05,3.221228e-05,disp_p,422457210.0,pu
8786,6,0.99883384,0.0010947337,4.9825918e-05,2.1701377e-05,disp_p,422457210.0,pu
8786,7,0.99390596,0.00442739,0.00058892195,0.0010776297,disp_p,422457210.0,pu
8786,8,0.9986349,0.0012833045,5.0162143e-05,3.173293e-05,disp_p,422457210.0,pu
8786,9,0.997693,0.0022361907,5.6137997e-05,1.4623859e-05,disp_p,422457210.0,pu
8786,10,0.99889874,0.0009955715,7.6217846e-05,2.9411065e-05,disp_p,422457210.0,pu
4826,1,0.9991492,0.00063146785,7.659522e-05,0.0001427326,disp_p,90127880.0,pu
4826,2,0.999522,0.00041511052,3.5245346e-05,2.7622287e-05,disp_p,90127880.0,pu
4826,3,0.9991854,0.00067389524,7.815458e-05,6.263383e-05,disp_p,90127880.0,pu
4826,4,0.9992774,0.00057619717,7.91456e-05,6.734452e-05,disp_p,90127880.0,pu
4826,5,0.99964714,0.00027517296,4.3861717e-05,3.3820408e-05,disp_p,90127880.0,pu
4826,6,0.9997298,0.00021503102,3.2149394e-05,2.290947e-05,disp_p,90127880.0,pu
4826,7,0.99868196,0.0010201959,9.876541e-05,0.00019907257,disp_p,90127880.0,pu
4826,8,0.9995772,0.00036395626,3.2936914e-05,2.5884425e-05,disp_p,90127880.0,pu
4826,9,0.9993436,0.00056218,6.485349e-05,2.9419982e-05,disp_p,90127880.0,pu
4826,10,0.99968755,0.00024914785,4.0850777e-05,2.243058e-05,disp_p,90127880.0,pu
8993,1,0.7085448,0.2888491,0.0014058873,0.0012002116,disp_e,443115574.0,pu
8993,2,0.9540645,0.044324696,0.0010120358,0.0005988534,disp_p,443115574.0,pu
8993,3,0.9527305,0.045593586,0.0009645467,0.00071132375,disp_p,443115574.0,pu
8993,4,0.891326,0.107557096,0.00076806435,0.00034879483,disp_p,443115574.0,pu
8993,5,0.9553723,0.042911313,0.001041996,0.0006744615,disp_p,443115574.0,pu
8993,6,0.95316654,0.045237698,0.001053503,0.00054220174,disp_p,443115574.0,pu
8993,7,0.7096058,0.28801358,0.0014222879,0.0009582794,disp_e,443115574.0,pu
8993,8,0.96125686,0.03697499,0.0010221801,0.0007459831,disp_p,443115574.0,pu
8993,9,0.94708806,0.051843777,0.00077260146,0.0002955494,disp_p,443115574.0,pu
8993,10,0.97183853,0.026689416,0.0010023194,0.00046969161,disp_p,443115574.0,pu
3771,1,0.30882257,0.5886244,0.024995152,0.07755783,disp_e,466259050.0,eb
3771,2,0.1539056,0.75827867,0.026431978,0.061383743,disp_e,466259050.0,eb
3771,3,0.14685647,0.7770469,0.016538478,0.059558082,disp_e,466259050.0,eb
3771,4,0.25107333,0.6788493,0.016764099,0.05331321,disp_e,466259050.0,eb
3771,5,0.12329857,0.80358803,0.019255852,0.053857572,disp_e,466259050.0,eb
3771,6,0.14590418,0.7605119,0.022517012,0.071066864,disp_e,466259050.0,eb
3771,7,0.26232183,0.65760154,0.023668552,0.056408085,disp_e,466259050.0,eb
3771,8,0.13724919,0.7750026,0.022240955,0.06550724,disp_e,466259050.0,eb
3771,9,0.1083922,0.78807014,0.02305089,0.08048674,disp_e,466259050.0,eb
3771,10,0.12334966,0.79991853,0.0169786,0.05975329,disp_e,466259050.0,eb
7476,1,0.9996332,0.00018666187,4.5467237e-05,0.00013463931,disp_p,309292963.0,pu
7476,2,0.9997794,0.00018387266,1.8426417e-05,1.8244738e-05,disp_p,309292963.0,pu
7476,3,0.999691,0.0002478389,3.046862e-05,3.067627e-05,disp_p,309292963.0,pu
7476,4,0.9997185,0.00020696162,3.4519533e-05,3.9944847e-05,disp_p,309292963.0,pu
7476,5,0.99976295,0.00017362002,3.0830288e-05,3.2542874e-05,disp_p,309292963.0,pu
7476,6,0.9998355,0.000120370714,2.3081619e-05,2.0929268e-05,disp_p,309292963.0,pu
7476,7,0.9994728,0.00034799727,4.545084e-05,0.00013380188,disp_p,309292963.0,pu
7476,8,0.99981374,0.00015115636,1.8491957e-05,1.6625336e-05,disp_p,309292963.0,pu
7476,9,0.9996865,0.00025837644,3.3082528e-05,2.202425e-05,disp_p,309292963.0,pu
7476,10,0.9998442,0.00011756586,2.2579645e-05,1.5634376e-05,disp_p,309292963.0,pu
3185,1,0.23762819,0.7383026,0.0071295258,0.016939666,disp_e,361038972.0,eb
3185,2,0.20459777,0.6330998,0.023496242,0.1388062,disp_e,361038972.0,eb
3185,3,0.1510122,0.7075449,0.017988462,0.123454444,disp_e,361038972.0,eb
3185,4,0.18329915,0.7728513,0.010028725,0.033820804,disp_e,361038972.0,eb
3185,5,0.17688435,0.68452334,0.019620143,0.11897209,disp_e,361038972.0,eb
3185,6,0.10183207,0.8058681,0.0163976,0.075902216,disp_e,361038972.0,eb
3185,7,0.15282384,0.81155735,0.010935871,0.02468296,disp_e,361038972.0,eb
3185,8,0.12719606,0.69006646,0.023395566,0.15934192,disp_e,361038972.0,eb
3185,9,0.1386847,0.7299281,0.017385485,0.11400176,disp_e,361038972.0,eb
3185,10,0.27817896,0.5889719,0.016097603,0.11675147,disp_e,361038972.0,eb
10512,1,0.9998313,8.428469e-05,2.3102355e-05,6.12553e-05,disp_p,,
10512,2,0.999863,5.9414295e-05,2.4433088e-05,5.3099026e-05,disp_p,,
10512,3,0.9998915,5.9714843e-05,2.1105989e-05,2.7612901e-05,disp_p,,
10512,4,0.9997874,0.00014532314,3.105721e-05,3.6230238e-05,disp_p,,
10512,5,0.9998735,4.933699e-05,2.4822255e-05,5.2322335e-05,disp_p,,
10512,6,0.9998405,8.060498e-05,3.0998493e-05,4.787876e-05,disp_p,,
10512,7,0.9998264,0.00011629388,1.597499e-05,4.1404142e-05,disp_p,,
10512,8,0.9997781,9.3343966e-05,4.444225e-05,8.4133724e-05,disp_p,,
10512,9,0.99983895,0.00010037836,2.8714678e-05,3.191215e-05,disp_p,,
10512,10,0.9997526,7.9871505e-05,5.7790978e-05,0.00010970545,disp_p,,
6178,1,0.97435683,0.02507343,0.00030229465,0.00026746746,disp_p,211438925.0,pu
6178,2,0.9424102,0.057039436,0.00039369336,0.00015671173,disp_p,211438925.0,pu
6178,3,0.8333565,0.16549084,0.0007502912,0.00040246328,disp_p,211438925.0,pu
6178,4,0.9354174,0.06348646,0.0007340736,0.0003620589,disp_p,211438925.0,pu
6178,5,0.9177099,0.08167698,0.0004179609,0.00019525002,disp_p,211438925.0,pu
6178,6,0.95532113,0.044092096,0.0004384336,0.00014837338,disp_p,211438925.0,pu
6178,7,0.9739112,0.025360752,0.0003718062,0.00035629934,disp_p,211438925.0,pu
6178,8,0.8855246,0.11361864,0.00051582255,0.00034102215,disp_p,211438925.0,pu
6178,9,0.9074093,0.09209832,0.00039513235,9.725679e-05,disp_p,211438925.0,pu
6178,10,0.9253951,0.0738081,0.00061518396,0.00018165569,disp_p,211438925.0,pu
2457,1,0.22838596,0.77065974,0.000558243,0.00039603614,disp_e,240118419.0,et
2457,2,0.07754459,0.91970325,0.0017831462,0.0009689681,disp_e,240118419.0,et
2457,3,0.07093573,0.92665774,0.0012274307,0.0011790843,disp_e,240118419.0,et
2457,4,0.21477397,0.782085,0.0020601805,0.0010808066,disp_e,240118419.0,et
2457,5,0.079511896,0.9179503,0.0015334182,0.0010043923,disp_e,240118419.0,et
2457,6,0.094689645,0.902231,0.0020748896,0.0010044845,disp_e,240118419.0,et
2457,7,0.20674361,0.7917028,0.0009375195,0.00061605824,disp_e,240118419.0,et
2457,8,0.055218857,0.94215894,0.0012131092,0.0014091384,disp_e,240118419.0,et
2457,9,0.12237066,0.87525237,0.0015119895,0.0008649155,disp_e,240118419.0,et
2457,10,0.0722251,0.92555994,0.0014428603,0.00077208766,disp_e,240118419.0,et
4256,1,0.9944043,0.0045698853,0.00021776572,0.00080806523,disp_p,35106764.0,pu
4256,2,0.99010897,0.007452798,0.00052841066,0.0019097703,disp_p,35106764.0,pu
4256,3,0.98038095,0.014458523,0.0011065452,0.0040539796,disp_p,35106764.0,pu
4256,4,0.9935429,0.005628388,0.00028757282,0.0005411616,disp_p,35106764.0,pu
4256,5,0.98465824,0.0108969165,0.0010379526,0.0034068164,disp_p,35106764.0,pu
4256,6,0.991695,0.005932325,0.00065422413,0.0017184478,disp_p,35106764.0,pu
4256,7,0.99340856,0.0055084745,0.0002526812,0.00083026406,disp_p,35106764.0,pu
4256,8,0.98514485,0.012160854,0.00077268394,0.0019216015,disp_p,35106764.0,pu
4256,9,0.98560494,0.011661447,0.00080704124,0.001926557,disp_p,35106764.0,pu
4256,10,0.989011,0.008438911,0.0006514354,0.0018987089,disp_p,35106764.0,pu
26728,1,0.06904399,0.014901041,0.012451098,0.90360385,disp_j,152890419.0,J
26728,2,0.036496073,0.038725454,0.0070767277,0.9177017,disp_j,152890419.0,J
26728,3,0.037071172,0.01941885,0.0077642137,0.9357458,disp_j,152890419.0,J
26728,4,0.052272517,0.024745526,0.0064080176,0.916574,disp_j,152890419.0,J
26728,5,0.05467951,0.06247282,0.008275301,0.8745723,disp_j,152890419.0,J
26728,6,0.030651744,0.010658879,0.0035300385,0.95515925,disp_j,152890419.0,J
26728,7,0.044871047,0.013090797,0.009437085,0.932601,disp_j,152890419.0,J
26728,8,0.027364487,0.021420984,0.005955937,0.9452586,disp_j,152890419.0,J
26728,9,0.021154968,0.013149431,0.003649693,0.96204585,disp_j,152890419.0,J
26728,10,0.0677652,0.055282533,0.009128276,0.867824,disp_j,152890419.0,J
6271,1,0.9929974,0.0035499323,0.00079025736,0.002662377,disp_p,224328450.0,pu
6271,2,0.9904705,0.008632382,0.00047925103,0.000417833,disp_p,224328450.0,pu
6271,3,0.9763156,0.021334792,0.0011564791,0.0011930413,disp_p,224328450.0,pu
6271,4,0.98722386,0.010798999,0.00093877886,0.0010383944,disp_p,224328450.0,pu
6271,5,0.9847692,0.013935065,0.00064691453,0.000648721,disp_p,224328450.0,pu
6271,6,0.9925667,0.006273208,0.0005850541,0.0005750224,disp_p,224328450.0,pu
6271,7,0.98844635,0.007369861,0.0012772973,0.0029065562,disp_p,224328450.0,pu
6271,8,0.98567015,0.011810154,0.0010134494,0.0015062081,disp_p,224328450.0,pu
6271,9,0.9858456,0.012942503,0.0007242135,0.00048763814,disp_p,224328450.0,pu
6271,10,0.98692423,0.011048184,0.0010697013,0.0009579565,disp_p,224328450.0,pu
8129,1,0.9985537,0.0007854749,0.00014161751,0.00051915733,disp_p,366410512.0,pu
8129,2,0.99914455,0.00055272714,0.00010476176,0.00019793835,disp_p,366410512.0,pu
8129,3,0.9988953,0.0006954896,0.00013610687,0.00027304326,disp_p,366410512.0,pu
8129,4,0.99901307,0.0006827207,0.00012379038,0.00018042547,disp_p,366410512.0,pu
8129,5,0.99931383,0.00037874855,0.00011596179,0.00019154235,disp_p,366410512.0,pu
8129,6,0.99927837,0.00037472884,0.00014179599,0.00020516042,disp_p,366410512.0,pu
8129,7,0.9983626,0.0010899118,0.00014943878,0.0003980146,disp_p,366410512.0,pu
8129,8,0.99939203,0.00037061214,9.263497e-05,0.00014460526,disp_p,366410512.0,pu
8129,9,0.9989512,0.00068157504,0.00015283389,0.00021446128,disp_p,366410512.0,pu
8129,10,0.9993038,0.00038734355,0.00012201087,0.00018681884,disp_p,366410512.0,pu
10790,1,0.99976104,1.5897314e-08,3.1413478e-09,0.00023894483,disp_p,,
10790,2,0.99825674,9.520935e-07,7.918296e-08,0.0017422154,disp_p,,
10790,3,0.993461,5.517458e-07,4.887078e-07,0.006537997,disp_p,,
10790,4,0.99998534,6.67634e-07,5.2145603e-09,1.405154e-05,disp_p,,
10790,5,0.9945433,3.067269e-07,1.8902914e-07,0.0054561244,disp_p,,
10790,6,0.9989293,5.8929767e-10,4.270578e-10,0.0010706683,disp_p,,
10790,7,0.98417425,3.7407851e-06,1.0540039e-07,0.01582197,disp_p,,
10790,8,0.9998746,7.269574e-09,2.97421e-10,0.0001254194,disp_p,,
10790,9,0.99598396,9.22578e-07,2.281959e-06,0.0040128487,disp_p,,
10790,10,0.9980275,2.5333475e-07,1.2170985e-06,0.0019710409,disp_p,,
361,1,0.0014086205,0.99856573,1.641713e-05,9.257668e-06,disp_e,80059891.0,eb
361,2,0.0034081552,0.9957711,0.00045054694,0.00037013917,disp_e,80059891.0,eb
361,3,0.0047506522,0.9944936,0.0002905478,0.00046517074,disp_e,80059891.0,eb
361,4,0.0019560994,0.99776256,0.0001646156,0.00011671045,disp_e,80059891.0,eb
361,5,0.003580631,0.9956917,0.0003473781,0.00038028875,disp_e,80059891.0,eb
361,6,0.0035950686,0.9955361,0.00056131306,0.0003075153,disp_e,80059891.0,eb
361,7,0.0016285857,0.9983156,3.5629928e-05,2.0189438e-05,disp_e,80059891.0,eb
361,8,0.0033244141,0.9956086,0.00038503687,0.00068202434,disp_e,80059891.0,eb
361,9,0.004723228,0.99438345,0.00041886006,0.0004743424,disp_e,80059891.0,eb
361,10,0.0037024422,0.9956786,0.00031708274,0.00030186726,disp_e,80059891.0,eb
9456,1,0.9832025,0.0016562886,0.0018007321,0.013340397,disp_p,,
9456,2,0.9863159,0.0018537893,0.0010028325,0.010827417,disp_p,,
9456,3,0.9802106,0.005127164,0.0034164141,0.011245744,disp_p,,
9456,4,0.9836817,0.0022879886,0.0012047355,0.012825571,disp_p,,
9456,5,0.98353183,0.00214587,0.0010693845,0.013252889,disp_p,,
9456,6,0.98836064,0.0013363422,0.0008777437,0.009425297,disp_p,,
9456,7,0.982578,0.0018279694,0.0012939742,0.014300065,disp_p,,
9456,8,0.98578787,0.0018290208,0.0010137991,0.0113692805,disp_p,,
9456,9,0.9845279,0.0026226412,0.0014754375,0.011374018,disp_p,,
9456,10,0.9894078,0.0009933981,0.0010748822,0.008523978,disp_p,,
7890,1,0.99657947,0.001967739,0.00046893896,0.0009838531,disp_p,347715478.0,pu
7890,2,0.99908936,0.0008384184,4.5876986e-05,2.6334457e-05,disp_p,347715478.0,pu
7890,3,0.9983949,0.0014742697,7.8023295e-05,5.2776886e-05,disp_p,347715478.0,pu
7890,4,0.99612254,0.0033588686,0.0002849523,0.00023353903,disp_p,347715478.0,pu
7890,5,0.99891174,0.00096176506,7.278646e-05,5.3722833e-05,disp_p,347715478.0,pu
7890,6,0.9992933,0.0006303426,4.9655395e-05,2.6581076e-05,disp_p,347715478.0,pu
7890,7,0.9951631,0.0034488474,0.0004903047,0.0008976926,disp_p,347715478.0,pu
7890,8,0.99904364,0.0008436986,6.4600055e-05,4.803453e-05,disp_p,347715478.0,pu
7890,9,0.99829525,0.0016084792,7.1533104e-05,2.4701454e-05,disp_p,347715478.0,pu
7890,10,0.99926764,0.0006181167,7.585377e-05,3.83257e-05,disp_p,347715478.0,pu
3118,1,0.035248753,0.96299744,0.0008941891,0.0008596118,disp_e,343280050.0,eb
3118,2,0.04799953,0.9429566,0.0046443795,0.0043994766,disp_e,343280050.0,eb
3118,3,0.03858752,0.95423776,0.0028288544,0.0043458035,disp_e,343280050.0,eb
3118,4,0.024892565,0.972346,0.0014130082,0.0013484573,disp_e,343280050.0,eb
3118,5,0.049589567,0.9419321,0.004170699,0.0043076943,disp_e,343280050.0,eb
3118,6,0.03265193,0.96084034,0.0035427422,0.0029650643,disp_e,343280050.0,eb
3118,7,0.023321215,0.97480303,0.0010163736,0.0008593881,disp_e,343280050.0,eb
3118,8,0.0486328,0.9400275,0.0043613724,0.0069783395,disp_e,343280050.0,eb
3118,9,0.034872442,0.9575443,0.003259165,0.004324034,disp_e,343280050.0,eb
3118,10,0.05840966,0.9329842,0.004094243,0.004511823,disp_e,343280050.0,eb
26976,1,0.067126356,0.01082954,0.009867497,0.9121766,disp_j,197643940.0,J
26976,2,0.037268016,0.014400778,0.0047661387,0.943565,disp_j,197643940.0,J
26976,3,0.028538607,0.0111280875,0.0056556226,0.9546776,disp_j,197643940.0,J
26976,4,0.032697365,0.013748435,0.0060003004,0.9475539,disp_j,197643940.0,J
26976,5,0.03442445,0.014966191,0.0049799415,0.9456295,disp_j,197643940.0,J
26976,6,0.029124808,0.009189734,0.0038656038,0.9578198,disp_j,197643940.0,J
26976,7,0.03976221,0.0076569337,0.0054928665,0.94708806,disp_j,197643940.0,J
26976,8,0.02877569,0.018199226,0.004764295,0.9482608,disp_j,197643940.0,J
26976,9,0.027258169,0.008377209,0.0031298357,0.96123487,disp_j,197643940.0,J
26976,10,0.036249094,0.019678148,0.0034455175,0.94062716,disp_j,197643940.0,J
3351,1,0.06780072,0.9288994,0.0017560154,0.0015438728,disp_e,392340763.0,eb
3351,2,0.02818142,0.9662849,0.0028892222,0.0026444697,disp_e,392340763.0,eb
3351,3,0.033112317,0.96243227,0.0019280189,0.0025273494,disp_e,392340763.0,eb
3351,4,0.032938242,0.9636398,0.0018000731,0.0016217738,disp_e,392340763.0,eb
3351,5,0.026030526,0.9696497,0.002222457,0.002097448,disp_e,392340763.0,eb
3351,6,0.020106267,0.9758959,0.0023399128,0.0016579337,disp_e,392340763.0,eb
3351,7,0.037674785,0.9590435,0.0017333966,0.0015483231,disp_e,392340763.0,eb
3351,8,0.023967473,0.96956515,0.0023799085,0.0040874537,disp_e,392340763.0,eb
3351,9,0.025299018,0.9703736,0.0020912117,0.0022361164,disp_e,392340763.0,eb
3351,10,0.029308373,0.96599144,0.002288887,0.002411263,disp_e,392340763.0,eb
8048,1,0.9956482,0.003644735,0.0003291562,0.00037791784,disp_p,358516596.0,pu
8048,2,0.9988164,0.0011507355,2.3568098e-05,9.382898e-06,disp_p,358516596.0,pu
8048,3,0.9970692,0.0028540017,5.4096447e-05,2.2809269e-05,disp_p,358516596.0,pu
8048,4,0.99464107,0.0049909893,0.00022640503,0.00014155652,disp_p,358516596.0,pu
8048,5,0.9980489,0.0018965079,3.8024413e-05,1.6478025e-05,disp_p,358516596.0,pu
8048,6,0.99900454,0.0009617879,2.496556e-05,8.698381e-06,disp_p,358516596.0,pu
8048,7,0.99529356,0.0041457415,0.00023952249,0.000321111,disp_p,358516596.0,pu
8048,8,0.9980599,0.0018892143,3.359807e-05,1.7316308e-05,disp_p,358516596.0,pu
8048,9,0.996801,0.003150039,4.147897e-05,7.4094005e-06,disp_p,358516596.0,pu
8048,10,0.9983571,0.0015573554,6.778511e-05,1.7667144e-05,disp_p,358516596.0,pu
9866,1,0.99587065,0.0012788575,0.00054089475,0.0023096579,disp_p,,
9866,2,0.9851628,0.0017167366,0.0011359787,0.011984468,disp_p,,
9866,3,0.99414116,0.0019167121,0.00084043277,0.0031015903,disp_p,,
9866,4,0.9902469,0.0042335265,0.001231111,0.004288537,disp_p,,
9866,5,0.9914249,0.0017972537,0.001004739,0.005773122,disp_p,,
9866,6,0.98952687,0.0021531133,0.0009735536,0.0073464834,disp_p,,
9866,7,0.99583554,0.0016667636,0.00058040355,0.0019172728,disp_p,,
9866,8,0.99285406,0.0018448642,0.0008304443,0.0044707092,disp_p,,
9866,9,0.99134845,0.0024139762,0.0009717202,0.0052657705,disp_p,,
9866,10,0.97810715,0.0023811278,0.0015188386,0.017992934,disp_p,,
266,1,0.0006170279,0.99936515,1.05870495e-05,7.320284e-06,disp_e,44014899.0,et
266,2,0.0028193784,0.9964328,0.0003923058,0.00035552445,disp_e,44014899.0,et
266,3,0.0031772375,0.9962811,0.00020352798,0.00033809166,disp_e,44014899.0,et
266,4,0.0015774107,0.99822253,0.000116972114,8.310544e-05,disp_e,44014899.0,et
266,5,0.0028831486,0.99652725,0.00027972186,0.00030980937,disp_e,44014899.0,et
266,6,0.0027947987,0.99639845,0.00048721101,0.00031951838,disp_e,44014899.0,et
266,7,0.00065221597,0.99931705,1.8882683e-05,1.1938235e-05,disp_e,44014899.0,et
266,8,0.002055666,0.9972584,0.00024307387,0.00044289188,disp_e,44014899.0,et
266,9,0.0032944055,0.99601114,0.00033263786,0.0003617804,disp_e,44014899.0,et
266,10,0.0032974847,0.9960991,0.00031120097,0.00029221023,disp_e,44014899.0,et
1333,1,0.057962358,0.9416617,0.0002312136,0.000144667,disp_e,372188911.0,eb
1333,2,0.028415991,0.9703963,0.000779923,0.00040774414,disp_e,372188911.0,eb
1333,3,0.031721506,0.96728134,0.0005275372,0.00046969985,disp_e,372188911.0,eb
1333,4,0.059734352,0.9392972,0.0006363915,0.00033199822,disp_e,372188911.0,eb
1333,5,0.029254489,0.9698036,0.0005642672,0.0003777463,disp_e,372188911.0,eb
1333,6,0.034540217,0.9640639,0.0009505236,0.0004453893,disp_e,372188911.0,eb
1333,7,0.052847758,0.94661224,0.00035295167,0.00018693205,disp_e,372188911.0,eb
1333,8,0.018456774,0.9802147,0.0005788221,0.00074973475,disp_e,372188911.0,eb
1333,9,0.045779016,0.9531972,0.00067091925,0.0003527906,disp_e,372188911.0,eb
1333,10,0.026778782,0.97212696,0.0006885942,0.0004057532,disp_e,372188911.0,eb
3724,1,0.01852653,0.9783967,0.0014041897,0.001672502,disp_e,463637465.0,eb
3724,2,0.018669285,0.96922386,0.004416689,0.007690185,disp_e,463637465.0,eb
3724,3,0.017913692,0.9733478,0.0026225222,0.00611611,disp_e,463637465.0,eb
3724,4,0.012650042,0.98402435,0.0014422169,0.0018833828,disp_e,463637465.0,eb
3724,5,0.017653428,0.97139853,0.0036035788,0.007344489,disp_e,463637465.0,eb
3724,6,0.012282582,0.9790475,0.003502334,0.0051676235,disp_e,463637465.0,eb
3724,7,0.013617458,0.983594,0.00132638,0.0014621465,disp_e,463637465.0,eb
3724,8,0.010611095,0.9759721,0.0035263845,0.0098904865,disp_e,463637465.0,eb
3724,9,0.016137417,0.9735747,0.0035631668,0.0067247218,disp_e,463637465.0,eb
3724,10,0.015935075,0.9744075,0.0029047006,0.0067527965,disp_e,463637465.0,eb
1787,1,0.082264915,0.90904623,0.0032299808,0.005458844,disp_e,47191170.0,
1787,2,0.059092846,0.931757,0.0040139826,0.0051361583,disp_e,47191170.0,
1787,3,0.045501396,0.9463312,0.0027118612,0.0054555195,disp_e,47191170.0,
1787,4,0.05981037,0.9279793,0.0038986253,0.008311698,disp_e,47191170.0,
1787,5,0.055396553,0.9347612,0.0037411866,0.0061010546,disp_e,47191170.0,
1787,6,0.062090244,0.9267827,0.004814383,0.006312717,disp_e,47191170.0,
1787,7,0.060527418,0.9299583,0.003744918,0.005769362,disp_e,47191170.0,
1787,8,0.09674228,0.8892661,0.0049758106,0.009015832,disp_e,47191170.0,
1787,9,0.030417662,0.9600361,0.0033745104,0.0061717792,disp_e,47191170.0,
1787,10,0.061469622,0.9276875,0.004011718,0.006831036,disp_e,47191170.0,
1185,1,0.0011917679,0.99878293,1.4542082e-05,1.0704226e-05,disp_e,347820651.0,et
1185,2,0.0024242077,0.9970643,0.00028091733,0.00023057025,disp_e,347820651.0,et
1185,3,0.0035925393,0.995924,0.0001753658,0.00030805403,disp_e,347820651.0,et
1185,4,0.0014059673,0.99838877,0.000110940375,9.438393e-05,disp_e,347820651.0,et
1185,5,0.0021520245,0.99747485,0.00017015825,0.00020295593,disp_e,347820651.0,et
1185,6,0.0027329475,0.9965496,0.00043154295,0.00028586507,disp_e,347820651.0,et
1185,7,0.0012892477,0.9986572,3.324404e-05,2.0212783e-05,disp_e,347820651.0,et
1185,8,0.0021028542,0.9970323,0.0002740347,0.0005908764,disp_e,347820651.0,et
1185,9,0.0032234509,0.9961281,0.00028937004,0.00035904805,disp_e,347820651.0,et
1185,10,0.0026926207,0.99689037,0.00020239392,0.00021466642,disp_e,347820651.0,et
5466,1,0.99225205,0.0019158424,0.0007127684,0.0051192725,disp_p,147821208.0,pu
5466,2,0.98994315,0.0038558773,0.0013472139,0.0048537157,disp_p,147821208.0,pu
5466,3,0.9876204,0.0044916323,0.0016247289,0.006263249,disp_p,147821208.0,pu
5466,4,0.9951409,0.0022468776,0.0007549036,0.0018571911,disp_p,147821208.0,pu
5466,5,0.9900837,0.0032335161,0.0019517678,0.004731003,disp_p,147821208.0,pu
5466,6,0.99198955,0.0028960824,0.0014696541,0.0036446995,disp_p,147821208.0,pu
5466,7,0.99270016,0.0029649457,0.00081044226,0.0035244739,disp_p,147821208.0,pu
5466,8,0.988196,0.003917477,0.002112326,0.0057741706,disp_p,147821208.0,pu
5466,9,0.9852455,0.005162374,0.0019121944,0.0076798345,disp_p,147821208.0,pu
5466,10,0.99235886,0.0025927874,0.0010936374,0.0039546387,disp_p,147821208.0,pu
5378,1,0.98588306,0.0036905496,0.0012514007,0.009174908,disp_p,142748283.0,pu
5378,2,0.9751221,0.004975186,0.0027616129,0.017141039,disp_p,142748283.0,pu
5378,3,0.9645957,0.0075881346,0.0036108987,0.024205344,disp_p,142748283.0,pu
5378,4,0.9846956,0.004112374,0.002075914,0.009116021,disp_p,142748283.0,pu
5378,5,0.9779098,0.0052322955,0.0039085997,0.012949349,disp_p,142748283.0,pu
5378,6,0.9771821,0.0061772144,0.0033093218,0.013331303,disp_p,142748283.0,pu
5378,7,0.9846506,0.0040760622,0.0015825082,0.009690786,disp_p,142748283.0,pu
5378,8,0.95508325,0.013189407,0.0064759115,0.025251342,disp_p,142748283.0,pu
5378,9,0.9640243,0.007425216,0.0041650054,0.024385463,disp_p,142748283.0,pu
5378,10,0.980194,0.00520455,0.0021043646,0.01249719,disp_p,142748283.0,pu
7611,1,0.9979734,0.0017282853,0.0001418145,0.00015653798,disp_p,320281287.0,pu
7611,2,0.9993012,0.0006790418,1.4457495e-05,5.3513295e-06,disp_p,320281287.0,pu
7611,3,0.998904,0.0010636572,2.3074721e-05,9.196415e-06,disp_p,320281287.0,pu
7611,4,0.9975979,0.00226762,9.1130096e-05,4.3377066e-05,disp_p,320281287.0,pu
7611,5,0.9991412,0.0008307881,1.97918e-05,8.158551e-06,disp_p,320281287.0,pu
7611,6,0.99947995,0.0005017454,1.3946485e-05,4.3787154e-06,disp_p,320281287.0,pu
7611,7,0.99760497,0.0021814217,9.200259e-05,0.000121542136,disp_p,320281287.0,pu
7611,8,0.9987901,0.001182736,1.83512e-05,8.913765e-06,disp_p,320281287.0,pu
7611,9,0.9988611,0.0011178708,1.8183167e-05,2.808137e-06,disp_p,320281287.0,pu
7611,10,0.99919957,0.0007546793,3.694546e-05,8.837599e-06,disp_p,320281287.0,pu
1630,1,0.4301126,0.5584518,0.0049826186,0.006453021,disp_e,445661970.0,et
1630,2,0.17562899,0.8150057,0.0048746755,0.004490575,disp_e,445661970.0,et
1630,3,0.12505203,0.86720145,0.0034533185,0.0042931917,disp_e,445661970.0,et
1630,4,0.32612076,0.65900624,0.0070265215,0.007846425,disp_e,445661970.0,et
1630,5,0.121877745,0.8715462,0.0031135546,0.003462433,disp_e,445661970.0,et
1630,6,0.21635647,0.7726796,0.0062267254,0.004737158,disp_e,445661970.0,et
1630,7,0.37754217,0.6085892,0.006408433,0.0074602533,disp_e,445661970.0,et
1630,8,0.08589785,0.9052746,0.0033718324,0.005455679,disp_e,445661970.0,et
1630,9,0.14492796,0.8474111,0.0037168092,0.0039441017,disp_e,445661970.0,et
1630,10,0.16865554,0.8230568,0.004038078,0.004249622,disp_e,445661970.0,et
354,1,0.2971849,0.69721013,0.0029309876,0.002673981,disp_e,76447579.0,eb
354,2,0.15705544,0.82898027,0.0076506427,0.00631365,disp_e,76447579.0,eb
354,3,0.15764567,0.8316236,0.005177608,0.0055531417,disp_e,76447579.0,eb
354,4,0.29437077,0.69548756,0.005747611,0.0043941117,disp_e,76447579.0,eb
354,5,0.12039185,0.8685492,0.005616043,0.0054429886,disp_e,76447579.0,eb
354,6,0.13949355,0.84895265,0.006743599,0.004810211,disp_e,76447579.0,eb
354,7,0.26074028,0.73211426,0.003761725,0.0033838074,disp_e,76447579.0,eb
354,8,0.098932125,0.8882282,0.0054941745,0.0073455386,disp_e,76447579.0,eb
354,9,0.14026366,0.8494467,0.005398793,0.0048908954,disp_e,76447579.0,eb
354,10,0.15558001,0.8333904,0.0058535095,0.00517603,disp_e,76447579.0,eb
4495,1,0.98371166,0.012536241,0.0011686393,0.0025834262,disp_p,58997701.0,pu
4495,2,0.98830533,0.010145187,0.0006884575,0.00086103246,disp_p,58997701.0,pu
4495,3,0.9903831,0.00837473,0.0005751544,0.00066698215,disp_p,58997701.0,pu
4495,4,0.98638284,0.01267767,0.00053954014,0.0004000107,disp_p,58997701.0,pu
4495,5,0.9883413,0.00984411,0.0008216692,0.0009929823,disp_p,58997701.0,pu
4495,6,0.98880076,0.00975101,0.00073259097,0.0007156069,disp_p,58997701.0,pu
4495,7,0.9822588,0.015487467,0.0008721817,0.0013814674,disp_p,58997701.0,pu
4495,8,0.9891887,0.008994488,0.0007361019,0.0010807079,disp_p,58997701.0,pu
4495,9,0.9888061,0.010115925,0.0005793001,0.00049863575,disp_p,58997701.0,pu
4495,10,0.98716426,0.011016446,0.00081921864,0.0010001144,disp_p,58997701.0,pu
347,1,0.44086966,0.5386682,0.0068735983,0.013588479,disp_e,76167206.0,eb
347,2,0.20575127,0.67655,0.018442621,0.099256136,disp_e,76167206.0,eb
347,3,0.18822837,0.7034383,0.016401416,0.09193194,disp_e,76167206.0,eb
347,4,0.2597238,0.71498007,0.007762645,0.017533513,disp_e,76167206.0,eb
347,5,0.109304585,0.8085217,0.013679606,0.06849409,disp_e,76167206.0,eb
347,6,0.09654357,0.8078795,0.0148562435,0.08072068,disp_e,76167206.0,eb
347,7,0.33005616,0.6437098,0.0095575545,0.016676484,disp_e,76167206.0,eb
347,8,0.13046446,0.75010556,0.018270705,0.10115925,disp_e,76167206.0,eb
347,9,0.11841532,0.77154845,0.014127777,0.09590841,disp_e,76167206.0,eb
347,10,0.15997365,0.78083783,0.01029019,0.04889831,disp_e,76167206.0,eb
27903,1,0.24194999,0.0025212187,0.005393362,0.7501355,disp_j,33527565.0,J
27903,2,0.18779184,0.0032882702,0.0029420091,0.80597794,disp_j,33527565.0,J
27903,3,0.07300632,0.0009896909,0.0026079821,0.92339605,disp_j,33527565.0,J
27903,4,0.14829703,0.0037594845,0.0040965984,0.84384686,disp_j,33527565.0,J
27903,5,0.102464564,0.0013543771,0.0018717014,0.89430934,disp_j,33527565.0,J
27903,6,0.11023718,0.0015446438,0.0025810404,0.88563704,disp_j,33527565.0,J
27903,7,0.14693649,0.0022874393,0.0033645395,0.8474115,disp_j,33527565.0,J
27903,8,0.08358204,0.0012975634,0.0017328478,0.91338754,disp_j,33527565.0,J
27903,9,0.067649804,0.0016442126,0.0016313737,0.9290746,disp_j,33527565.0,J
27903,10,0.12188012,0.0020946143,0.002402686,0.8736225,disp_j,33527565.0,J
27886,1,0.008672825,0.14761178,0.0027896804,0.8409257,disp_j,332653823.0,B
27886,2,0.011666042,0.14784409,0.0026141547,0.8378757,disp_j,332653823.0,B
27886,3,0.010645013,0.15389122,0.003452588,0.8320111,disp_j,332653823.0,B
27886,4,0.0064675817,0.10760577,0.001264891,0.8846618,disp_j,332653823.0,B
27886,5,0.016345553,0.09375001,0.0019451282,0.88795936,disp_j,332653823.0,B
27886,6,0.013596222,0.08284173,0.002633507,0.90092856,disp_j,332653823.0,B
27886,7,0.006325599,0.072158195,0.0023581956,0.919158,disp_j,332653823.0,B
27886,8,0.015041162,0.17893253,0.0033769954,0.8026494,disp_j,332653823.0,B
27886,9,0.008144798,0.091818795,0.0016349375,0.89840144,disp_j,332653823.0,B
27886,10,0.013757567,0.18312235,0.0025332132,0.8005869,disp_j,332653823.0,B
27753,1,0.016369527,0.041208997,0.00725882,0.9351627,disp_j,3055978.0,J
27753,2,0.012317922,0.03485028,0.0039256434,0.9489061,disp_j,3055978.0,J
27753,3,0.0105300145,0.04153003,0.0066634137,0.9412765,disp_j,3055978.0,J
27753,4,0.010669309,0.024411432,0.0046709147,0.9602484,disp_j,3055978.0,J
27753,5,0.015464547,0.04525416,0.006559774,0.9327215,disp_j,3055978.0,J
27753,6,0.0109685315,0.019182181,0.004790679,0.9650586,disp_j,3055978.0,J
27753,7,0.015843036,0.029914675,0.009116824,0.9451255,disp_j,3055978.0,J
27753,8,0.012928534,0.053123318,0.0069442634,0.927004,disp_j,3055978.0,J
27753,9,0.007909845,0.02926456,0.0040610232,0.95876455,disp_j,3055978.0,J
27753,10,0.011605394,0.04395914,0.004608677,0.9398268,disp_j,3055978.0,J
6600,1,0.96985954,0.028611183,0.0007053083,0.0008240393,disp_p,247356332.0,pu
6600,2,0.9909416,0.0073131616,0.0008390247,0.00090619345,disp_p,247356332.0,pu
6600,3,0.99118644,0.0071611535,0.0008181277,0.00083428214,disp_p,247356332.0,pu
6600,4,0.9936574,0.005791074,0.00036346877,0.0001880331,disp_p,247356332.0,pu
6600,5,0.99106395,0.006840561,0.0010156311,0.0010797824,disp_p,247356332.0,pu
6600,6,0.9935336,0.0050823116,0.0007439119,0.0006402051,disp_p,247356332.0,pu
6600,7,0.9797823,0.019004337,0.0005937479,0.0006197073,disp_p,247356332.0,pu
6600,8,0.99161375,0.0063035097,0.0009775189,0.0011053316,disp_p,247356332.0,pu
6600,9,0.9915523,0.0072600576,0.00072795886,0.00045960693,disp_p,247356332.0,pu
6600,10,0.9927705,0.005438112,0.0009147439,0.00087668217,disp_p,247356332.0,pu
107,1,0.0015784021,0.9982338,9.058968e-05,9.72232e-05,disp_e,127633512.0,et
107,2,0.0054767495,0.99300414,0.0007530241,0.0007661349,disp_e,127633512.0,et
107,3,0.004207009,0.9949656,0.00031955374,0.00050778745,disp_e,127633512.0,et
107,4,0.0029305522,0.9963463,0.000341129,0.00038207532,disp_e,127633512.0,et
107,5,0.0050395727,0.99373627,0.00055639446,0.00066776096,disp_e,127633512.0,et
107,6,0.00399618,0.9947843,0.0007013587,0.00051826995,disp_e,127633512.0,et
107,7,0.0022111875,0.9974769,0.00016892461,0.00014302603,disp_e,127633512.0,et
107,8,0.0050221337,0.993338,0.0006059319,0.0010340492,disp_e,127633512.0,et
107,9,0.0044336133,0.9941911,0.00062610226,0.0007491537,disp_e,127633512.0,et
107,10,0.0055793426,0.99287874,0.00071928767,0.0008225493,disp_e,127633512.0,et
3031,1,0.07630905,0.87238646,0.008768999,0.04253555,disp_e,331844164.0,eb
3031,2,0.06106116,0.8319819,0.011792176,0.095164806,disp_e,331844164.0,eb
3031,3,0.052999344,0.8773662,0.007641744,0.06199268,disp_e,331844164.0,eb
3031,4,0.066596344,0.8779829,0.0067744944,0.048646282,disp_e,331844164.0,eb
3031,5,0.06084297,0.81577724,0.0124775525,0.110902265,disp_e,331844164.0,eb
3031,6,0.09150083,0.7672231,0.016563227,0.12471284,disp_e,331844164.0,eb
3031,7,0.054154437,0.9014834,0.008776356,0.035585783,disp_e,331844164.0,eb
3031,8,0.046698034,0.81277746,0.015653467,0.124871016,disp_e,331844164.0,eb
3031,9,0.029458154,0.8989822,0.007654724,0.0639049,disp_e,331844164.0,eb
3031,10,0.055051558,0.8540279,0.008896863,0.08202367,disp_e,331844164.0,eb
8036,1,0.99694365,0.0019562095,0.00031155307,0.00078856485,disp_p,357661805.0,pu
8036,2,0.997844,0.0020528722,6.7542605e-05,3.561928e-05,disp_p,357661805.0,pu
8036,3,0.9931979,0.00654093,0.00015497005,0.00010619321,disp_p,357661805.0,pu
8036,4,0.993385,0.0057271277,0.0004221189,0.00046573425,disp_p,357661805.0,pu
8036,5,0.99635977,0.0034627987,0.00010587274,7.16446e-05,disp_p,357661805.0,pu
8036,6,0.99746835,0.0023539835,0.00011337688,6.440022e-05,disp_p,357661805.0,pu
8036,7,0.99512583,0.003284189,0.00042268948,0.0011672928,disp_p,357661805.0,pu
8036,8,0.9975879,0.0022662072,8.32145e-05,6.268308e-05,disp_p,357661805.0,pu
8036,9,0.9949852,0.00486404,0.000112232716,3.8548224e-05,disp_p,357661805.0,pu
8036,10,0.99691844,0.002894629,0.00012457819,6.240079e-05,disp_p,357661805.0,pu
5555,1,0.99530905,0.0022405966,0.0006194468,0.0018308741,disp_p,153065527.0,pu
5555,2,0.9941426,0.005106181,0.00039101296,0.00036028557,disp_p,153065527.0,pu
5555,3,0.9907102,0.007994073,0.0006474934,0.00064827316,disp_p,153065527.0,pu
5555,4,0.9944719,0.0043896507,0.00058194005,0.00055655924,disp_p,153065527.0,pu
5555,5,0.9945422,0.0045731375,0.00045095815,0.00043368034,disp_p,153065527.0,pu
5555,6,0.9957462,0.0035514038,0.00039312534,0.000309219,disp_p,153065527.0,pu
5555,7,0.99309945,0.0043673455,0.00081170007,0.0017214996,disp_p,153065527.0,pu
5555,8,0.9943968,0.004700379,0.00044917077,0.00045368882,disp_p,153065527.0,pu
5555,9,0.99255157,0.006628286,0.00050346804,0.0003166861,disp_p,153065527.0,pu
5555,10,0.9951132,0.003989271,0.00049443106,0.0004031119,disp_p,153065527.0,pu
6401,1,0.9990283,0.0006924565,0.00010017347,0.00017901867,disp_p,233409941.0,pu
6401,2,0.9998523,0.00013752465,6.4797364e-06,3.6828083e-06,disp_p,233409941.0,pu
6401,3,0.99971896,0.0002598061,1.37763645e-05,7.3829146e-06,disp_p,233409941.0,pu
6401,4,0.99936897,0.000541002,5.12335e-05,3.8798644e-05,disp_p,233409941.0,pu
6401,5,0.99985373,0.00012883362,1.0567777e-05,6.7980636e-06,disp_p,233409941.0,pu
6401,6,0.99991715,7.399192e-05,5.917692e-06,2.9426778e-06,disp_p,233409941.0,pu
6401,7,0.99887806,0.0008858861,7.971455e-05,0.00015637267,disp_p,233409941.0,pu
6401,8,0.99982244,0.00016360277,8.621469e-06,5.3838025e-06,disp_p,233409941.0,pu
6401,9,0.99972266,0.00026002643,1.3799137e-05,3.4772656e-06,disp_p,233409941.0,pu
6401,10,0.9998598,0.000117977994,1.6434251e-05,5.712908e-06,disp_p,233409941.0,pu
1302,1,0.44060975,0.55549973,0.0022058228,0.0016847337,disp_e,365700102.0,eb
1302,2,0.2285481,0.7667528,0.003007866,0.0016912341,disp_e,365700102.0,eb
1302,3,0.16641481,0.82984054,0.0021598935,0.0015847913,disp_e,365700102.0,eb
1302,4,0.27914605,0.7168563,0.0025455172,0.0014521434,disp_e,365700102.0,eb
1302,5,0.18912774,0.807133,0.0022322186,0.0015069159,disp_e,365700102.0,eb
1302,6,0.13308771,0.86320615,0.0025203617,0.0011857351,disp_e,365700102.0,eb
1302,7,0.40003827,0.59596443,0.0023370797,0.0016602076,disp_e,365700102.0,eb
1302,8,0.13569343,0.8590736,0.002623947,0.002608962,disp_e,365700102.0,eb
1302,9,0.20913714,0.787353,0.0023108323,0.0011990217,disp_e,365700102.0,eb
1302,10,0.20900442,0.78639126,0.003091184,0.0015131258,disp_e,365700102.0,eb
7389,1,0.9803361,0.014172233,0.001581952,0.003909604,disp_p,303814029.0,pu
7389,2,0.8993396,0.08047978,0.0057706838,0.0144099835,disp_p,303814029.0,pu
7389,3,0.8686622,0.10205433,0.00825101,0.02103254,disp_p,303814029.0,pu
7389,4,0.9718746,0.02053704,0.00241554,0.0051728697,disp_p,303814029.0,pu
7389,5,0.86442685,0.112147994,0.007340158,0.01608501,disp_p,303814029.0,pu
7389,6,0.929635,0.051422887,0.0054250527,0.013517069,disp_p,303814029.0,pu
7389,7,0.9782215,0.016377633,0.001544927,0.0038560112,disp_p,303814029.0,pu
7389,8,0.88628054,0.09717692,0.0056539774,0.010888593,disp_p,303814029.0,pu
7389,9,0.876277,0.09865247,0.0076598898,0.017410608,disp_p,303814029.0,pu
7389,10,0.9185059,0.06747951,0.0043011336,0.009713419,disp_p,303814029.0,pu
6027,1,0.99918205,0.0004761928,0.00010733886,0.00023441366,disp_p,193336820.0,pu
6027,2,0.99947375,0.0004281027,5.3282787e-05,4.4878117e-05,disp_p,193336820.0,pu
6027,3,0.9991769,0.000641473,9.8626355e-05,8.29766e-05,disp_p,193336820.0,pu
6027,4,0.99917394,0.00058084505,0.00012316683,0.00012197279,disp_p,193336820.0,pu
6027,5,0.99943775,0.00039933872,8.4659056e-05,7.8221005e-05,disp_p,193336820.0,pu
6027,6,0.99957854,0.00029388096,7.124186e-05,5.6311343e-05,disp_p,193336820.0,pu
6027,7,0.9987469,0.0008371524,0.00013444066,0.00028148777,disp_p,193336820.0,pu
6027,8,0.9996176,0.0003000739,4.5735025e-05,3.6619742e-05,disp_p,193336820.0,pu
6027,9,0.9991787,0.0006608736,0.000102266364,5.802889e-05,disp_p,193336820.0,pu
6027,10,0.9996132,0.00028011642,6.526285e-05,4.1358773e-05,disp_p,193336820.0,pu
51,1,0.007890538,0.9920426,4.453043e-05,2.2365673e-05,disp_e,116727724.0,eb
51,2,0.010504159,0.9879241,0.00095116737,0.0006205595,disp_e,116727724.0,eb
51,3,0.013386058,0.98519933,0.00064169464,0.0007728733,disp_e,116727724.0,eb
51,4,0.020595606,0.9786068,0.00053611386,0.0002613842,disp_e,116727724.0,eb
51,5,0.010048812,0.98875207,0.0006415135,0.0005576856,disp_e,116727724.0,eb
51,6,0.012114466,0.9859541,0.001254982,0.00067637465,disp_e,116727724.0,eb
51,7,0.006395647,0.9934988,7.1045026e-05,3.445862e-05,disp_e,116727724.0,eb
51,8,0.0075691,0.991165,0.0005109434,0.0007550042,disp_e,116727724.0,eb
51,9,0.015992064,0.9825581,0.00082637987,0.000623514,disp_e,116727724.0,eb
51,10,0.01001123,0.9888803,0.00066006347,0.00044839876,disp_e,116727724.0,eb
9105,1,0.9984149,0.0012463689,0.00013424394,0.00020453303,disp_p,453789494.0,pu
9105,2,0.99917287,0.00081186474,1.1050056e-05,4.106316e-06,disp_p,453789494.0,pu
9105,3,0.9975362,0.0024239896,2.8062164e-05,1.1711234e-05,disp_p,453789494.0,pu
9105,4,0.9967212,0.0030190006,0.00015127499,0.00010856493,disp_p,453789494.0,pu
9105,5,0.9990043,0.00097617035,1.395649e-05,5.57515e-06,disp_p,453789494.0,pu
9105,6,0.9994417,0.0005431157,1.1520965e-05,3.6110057e-06,disp_p,453789494.0,pu
9105,7,0.99771154,0.0018205215,0.00015574695,0.00031219947,disp_p,453789494.0,pu
9105,8,0.9988458,0.0011347478,1.3159984e-05,6.1622454e-06,disp_p,453789494.0,pu
9105,9,0.9982609,0.0017185226,1.786807e-05,2.6850853e-06,disp_p,453789494.0,pu
9105,10,0.99906,0.0009018062,3.1174e-05,7.035779e-06,disp_p,453789494.0,pu
4679,1,0.98006815,0.0192891,0.0003371795,0.00030556598,disp_p,75522633.0,pu
4679,2,0.99699724,0.002959958,3.235646e-05,1.0446742e-05,disp_p,75522633.0,pu
4679,3,0.9884576,0.011414583,8.707499e-05,4.0690087e-05,disp_p,75522633.0,pu
4679,4,0.9649788,0.034565777,0.0003175331,0.00013795933,disp_p,75522633.0,pu
4679,5,0.99431616,0.005617707,4.620129e-05,1.989907e-05,disp_p,75522633.0,pu
4679,6,0.9959604,0.00397989,4.595821e-05,1.3788185e-05,disp_p,75522633.0,pu
4679,7,0.9762626,0.02323648,0.00026908313,0.00023175633,disp_p,75522633.0,pu
4679,8,0.9955487,0.004386925,4.3070086e-05,2.1333462e-05,disp_p,75522633.0,pu
4679,9,0.9899541,0.009981624,5.456357e-05,9.70385e-06,disp_p,75522633.0,pu
4679,10,0.9949039,0.0050092745,6.9129295e-05,1.7637058e-05,disp_p,75522633.0,pu
4353,1,0.9879799,0.009213741,0.00097088283,0.0018356105,disp_p,45034406.0,pu
4353,2,0.9802742,0.016222382,0.0015133271,0.0019901968,disp_p,45034406.0,pu
4353,3,0.97414464,0.020769091,0.0022483792,0.0028379252,disp_p,45034406.0,pu
4353,4,0.98957497,0.008408098,0.0008976771,0.0011192731,disp_p,45034406.0,pu
4353,5,0.97189677,0.022821091,0.0023860412,0.002896114,disp_p,45034406.0,pu
4353,6,0.9875501,0.009420761,0.001333866,0.0016953278,disp_p,45034406.0,pu
4353,7,0.9845227,0.012344335,0.0011262214,0.0020067324,disp_p,45034406.0,pu
4353,8,0.9808904,0.015174893,0.0017000982,0.0022346238,disp_p,45034406.0,pu
4353,9,0.9667282,0.028929906,0.0021864416,0.0021554711,disp_p,45034406.0,pu
4353,10,0.9872881,0.010296942,0.0012420226,0.0011729021,disp_p,45034406.0,pu
1151,1,0.996431,0.003046583,0.00020171904,0.00032075617,disp_p,339672028.0,pt
1151,2,0.99777657,0.002180709,3.0437515e-05,1.2251137e-05,disp_p,339672028.0,pt
1151,3,0.9882576,0.011597961,9.4143834e-05,5.035255e-05,disp_p,339672028.0,pt
1151,4,0.9909621,0.008470304,0.00032422345,0.00024331942,disp_p,339672028.0,pt
1151,5,0.99668473,0.0032473397,4.626297e-05,2.1706104e-05,disp_p,339672028.0,pt
1151,6,0.99813867,0.0018068267,3.994994e-05,1.4503681e-05,disp_p,339672028.0,pt
1151,7,0.99468344,0.0043470995,0.000321319,0.00064813154,disp_p,339672028.0,pt
1151,8,0.9975327,0.0024140314,3.5111618e-05,1.8151732e-05,disp_p,339672028.0,pt
1151,9,0.9944353,0.005501139,5.2789073e-05,1.0750269e-05,disp_p,339672028.0,pt
1151,10,0.997666,0.0022487433,6.544918e-05,1.984513e-05,disp_p,339672028.0,pt
7308,1,0.87975293,0.116335,0.0019253594,0.001986616,disp_p,298206077.0,pu
7308,2,0.92829186,0.070876695,0.00054430653,0.00028704738,disp_p,298206077.0,pu
7308,3,0.86993957,0.12888129,0.0007203507,0.00045883108,disp_p,298206077.0,pu
7308,4,0.79667646,0.20081264,0.0015307685,0.0009801035,disp_p,298206077.0,pu
7308,5,0.8745961,0.124289274,0.0007408367,0.00037370634,disp_p,298206077.0,pu
7308,6,0.94708335,0.05217385,0.00052273256,0.00022011485,disp_p,298206077.0,pu
7308,7,0.85716987,0.13958545,0.0017070714,0.0015376358,disp_p,298206077.0,pu
7308,8,0.922862,0.07617505,0.0005527347,0.00041024885,disp_p,298206077.0,pu
7308,9,0.83659065,0.16224891,0.00092996797,0.00023043183,disp_p,298206077.0,pu
7308,10,0.9155612,0.08316613,0.00094006554,0.00033266284,disp_p,298206077.0,pu
2919,1,0.02317587,0.9740414,0.0012272901,0.0015555259,disp_e,318746829.0,eb
2919,2,0.029251043,0.95424145,0.0060002957,0.010507206,disp_e,318746829.0,eb
2919,3,0.033607718,0.9502396,0.0038312385,0.012321418,disp_e,318746829.0,eb
2919,4,0.018683454,0.9743187,0.0027812805,0.0042166533,disp_e,318746829.0,eb
2919,5,0.02587381,0.9573891,0.0057127387,0.011024412,disp_e,318746829.0,eb
2919,6,0.025622647,0.959534,0.006436178,0.008407254,disp_e,318746829.0,eb
2919,7,0.0136722,0.98380727,0.0012126833,0.0013077529,disp_e,318746829.0,eb
2919,8,0.030399371,0.95196724,0.004854887,0.012778491,disp_e,318746829.0,eb
2919,9,0.025618086,0.96043354,0.0039706677,0.009977705,disp_e,318746829.0,eb
2919,10,0.03073142,0.9542457,0.004416721,0.010606162,disp_e,318746829.0,eb
9805,1,0.98256797,0.0017350442,0.0018670275,0.013829978,disp_p,,
9805,2,0.98610675,0.001922636,0.0010327353,0.010937911,disp_p,,
9805,3,0.9795593,0.0053243875,0.0035341433,0.0115821995,disp_p,,
9805,4,0.9831818,0.0023748905,0.001249084,0.013194251,disp_p,,
9805,5,0.98301536,0.002185047,0.0011016184,0.013697893,disp_p,,
9805,6,0.98809993,0.0013862972,0.00090367155,0.0096100895,disp_p,,
9805,7,0.9821216,0.0018956505,0.0013310991,0.01465163,disp_p,,
9805,8,0.9853533,0.0018933176,0.0010537627,0.011699697,disp_p,,
9805,9,0.98407507,0.002716811,0.0015331666,0.011675008,disp_p,,
9805,10,0.9892519,0.0010241163,0.0011045804,0.008619344,disp_p,,
2850,1,0.033563886,0.961971,0.0018309442,0.0026342385,disp_e,312576659.0,et
2850,2,0.031559702,0.96505183,0.0018836153,0.0015048923,disp_e,312576659.0,et
2850,3,0.028394725,0.969397,0.0010401305,0.0011681812,disp_e,312576659.0,et
2850,4,0.03708511,0.9595336,0.0016957038,0.0016856188,disp_e,312576659.0,et
2850,5,0.030013487,0.9672257,0.0014422798,0.0013186409,disp_e,312576659.0,et
2850,6,0.03588537,0.9608592,0.00199097,0.0012644044,disp_e,312576659.0,et
2850,7,0.024969038,0.97185004,0.0017076443,0.0014733652,disp_e,312576659.0,et
2850,8,0.03973228,0.95596117,0.0018878048,0.0024187963,disp_e,312576659.0,et
2850,9,0.025738245,0.971305,0.0017253428,0.0012314001,disp_e,312576659.0,et
2850,10,0.0405777,0.9548386,0.0025029597,0.002080899,disp_e,312576659.0,et
3441,1,0.01694821,0.9824488,0.00033495942,0.00026797235,disp_e,412806642.0,et
3441,2,0.013743481,0.98277813,0.0018648277,0.0016135782,disp_e,412806642.0,et
3441,3,0.017052585,0.97928977,0.0014562056,0.0022013937,disp_e,412806642.0,et
3441,4,0.015344745,0.9824782,0.0011563863,0.0010207337,disp_e,412806642.0,et
3441,5,0.012567842,0.9846347,0.0014029203,0.0013945233,disp_e,412806642.0,et
3441,6,0.015301614,0.98129785,0.0020473574,0.0013532438,disp_e,412806642.0,et
3441,7,0.010627751,0.9886296,0.0004388521,0.00030386774,disp_e,412806642.0,et
3441,8,0.010050561,0.9866058,0.0012417705,0.0021018563,disp_e,412806642.0,et
3441,9,0.012674274,0.9839612,0.0014671875,0.0018972318,disp_e,412806642.0,et
3441,10,0.012791198,0.9847743,0.0011498556,0.0012846409,disp_e,412806642.0,et
4546,1,0.99511224,0.0044269655,0.00020394826,0.0002568912,disp_p,64938667.0,pu
4546,2,0.99844104,0.00143504,7.429086e-05,4.9623643e-05,disp_p,64938667.0,pu
4546,3,0.9973098,0.0024817358,0.00011343434,9.5056195e-05,disp_p,64938667.0,pu
4546,4,0.9965912,0.0031947182,0.00013020888,8.392867e-05,disp_p,64938667.0,pu
4546,5,0.9978104,0.0019568119,0.00013264704,0.00010018703,disp_p,64938667.0,pu
4546,6,0.99853814,0.0013164988,8.887706e-05,5.6509856e-05,disp_p,64938667.0,pu
4546,7,0.99352634,0.0060472446,0.00018560063,0.00024079008,disp_p,64938667.0,pu
4546,8,0.9982937,0.001560272,8.191154e-05,6.41099e-05,disp_p,64938667.0,pu
4546,9,0.9973067,0.0025283047,0.0001166064,4.835324e-05,disp_p,64938667.0,pu
4546,10,0.99853885,0.0012896932,0.00010775916,6.3733256e-05,disp_p,64938667.0,pu
7850,1,0.98250014,0.00747642,0.0018635917,0.0081598945,disp_p,344130921.0,pu
7850,2,0.95928085,0.03231165,0.0030585427,0.0053489488,disp_p,344130921.0,pu
7850,3,0.91676384,0.06387351,0.0059465976,0.013416017,disp_p,344130921.0,pu
7850,4,0.9800019,0.014395749,0.002042807,0.0035594483,disp_p,344130921.0,pu
7850,5,0.9630328,0.028622668,0.0031457762,0.0051986733,disp_p,344130921.0,pu
7850,6,0.97284734,0.019950798,0.0027634113,0.004438466,disp_p,344130921.0,pu
7850,7,0.97475386,0.012596669,0.0030120648,0.009637459,disp_p,344130921.0,pu
7850,8,0.9710606,0.020931711,0.0027243379,0.0052834307,disp_p,344130921.0,pu
7850,9,0.9299251,0.05811181,0.0047792173,0.007183831,disp_p,344130921.0,pu
7850,10,0.9568286,0.03397915,0.0033846512,0.0058075637,disp_p,344130921.0,pu
1638,1,0.00302867,0.99665475,0.0001565191,0.00015998288,disp_e,452335793.0,et
1638,2,0.008139958,0.98803115,0.0016260364,0.0022027353,disp_e,452335793.0,et
1638,3,0.0072223158,0.9901134,0.0008005841,0.001863693,disp_e,452335793.0,et
1638,4,0.0059032273,0.9925845,0.0007377011,0.0007745929,disp_e,452335793.0,et
1638,5,0.008728215,0.9876961,0.0011725344,0.0024031557,disp_e,452335793.0,et
1638,6,0.005773017,0.99050015,0.0016967928,0.002030149,disp_e,452335793.0,et
1638,7,0.0031833115,0.99634784,0.00025507135,0.00021380324,disp_e,452335793.0,et
1638,8,0.00494912,0.99206185,0.0008568569,0.002132193,disp_e,452335793.0,et
1638,9,0.0066988575,0.9897283,0.0013108593,0.0022619728,disp_e,452335793.0,et
1638,10,0.008894441,0.9876094,0.001370572,0.0021256306,disp_e,452335793.0,et
8987,1,0.99738294,0.0010897279,0.00033655833,0.0011906736,disp_p,441739871.0,pu
8987,2,0.9982748,0.0010377598,0.00025146504,0.00043595527,disp_p,441739871.0,pu
8987,3,0.99809784,0.0010637961,0.00031974755,0.00051870284,disp_p,441739871.0,pu
8987,4,0.99789834,0.0011833542,0.0003537219,0.0005646237,disp_p,441739871.0,pu
8987,5,0.9986064,0.0006470966,0.00029483,0.00045163077,disp_p,441739871.0,pu
8987,6,0.99868006,0.00064641464,0.00028795202,0.00038549516,disp_p,441739871.0,pu
8987,7,0.9962823,0.0018398549,0.00044152385,0.001436294,disp_p,441739871.0,pu
8987,8,0.99840194,0.0007120856,0.00032898804,0.0005570152,disp_p,441739871.0,pu
8987,9,0.99824667,0.0010902005,0.00029058373,0.0003725072,disp_p,441739871.0,pu
8987,10,0.9989052,0.0006118134,0.00020256832,0.00028046046,disp_p,441739871.0,pu
1633,1,0.28805804,0.6903572,0.00809362,0.013491125,disp_e,446348261.0,eb
1633,2,0.06081779,0.9064591,0.011148005,0.021575151,disp_e,446348261.0,eb
1633,3,0.057661127,0.9108399,0.008104844,0.02339412,disp_e,446348261.0,eb
1633,4,0.06573279,0.9102499,0.0071691326,0.016848221,disp_e,446348261.0,eb
1633,5,0.0464261,0.925416,0.008336885,0.01982112,disp_e,446348261.0,eb
1633,6,0.036903005,0.9350406,0.00926421,0.018792188,disp_e,446348261.0,eb
1633,7,0.1382342,0.83419484,0.010108323,0.017462736,disp_e,446348261.0,eb
1633,8,0.027447645,0.9489116,0.006334111,0.0173066,disp_e,446348261.0,eb
1633,9,0.04804501,0.9147507,0.009465047,0.027739191,disp_e,446348261.0,eb
1633,10,0.05448967,0.9225911,0.006488385,0.016430767,disp_e,446348261.0,eb
3734,1,0.16929951,0.8251421,0.0023514046,0.0032070114,disp_e,465013317.0,eb
3734,2,0.09007372,0.876742,0.00939076,0.023793584,disp_e,465013317.0,eb
3734,3,0.063231654,0.91331667,0.0049258205,0.018525923,disp_e,465013317.0,eb
3734,4,0.17861322,0.8111166,0.003921084,0.006349128,disp_e,465013317.0,eb
3734,5,0.079304315,0.89009273,0.0076588215,0.022944141,disp_e,465013317.0,eb
3734,6,0.08403944,0.88759357,0.009177263,0.019189723,disp_e,465013317.0,eb
3734,7,0.17698525,0.8167157,0.0027552445,0.0035438112,disp_e,465013317.0,eb
3734,8,0.06214871,0.9001485,0.008701338,0.02900146,disp_e,465013317.0,eb
3734,9,0.057374936,0.91625756,0.007023914,0.019343695,disp_e,465013317.0,eb
3734,10,0.06934179,0.9080733,0.005711165,0.01687369,disp_e,465013317.0,eb
2167,1,0.19460806,0.5580973,0.031184234,0.21611035,disp_e,167546054.0,eb
2167,2,0.075254746,0.35353935,0.017337825,0.55386806,disp_e,167546054.0,eb
2167,3,0.066193126,0.36712906,0.020094229,0.54658365,disp_e,167546054.0,eb
2167,4,0.08612734,0.51021254,0.021325888,0.3823343,disp_e,167546054.0,eb
2167,5,0.060977206,0.5198391,0.018198043,0.40098566,disp_e,167546054.0,eb
2167,6,0.06987086,0.36934412,0.020181753,0.5406032,disp_e,167546054.0,eb
2167,7,0.13608822,0.34235835,0.036623262,0.48493022,disp_e,167546054.0,eb
2167,8,0.056573924,0.43880233,0.014494614,0.49012917,disp_e,167546054.0,eb
2167,9,0.06976197,0.4475846,0.017450552,0.4652028,disp_e,167546054.0,eb
2167,10,0.07599965,0.46772757,0.013489669,0.4427831,disp_e,167546054.0,eb
10385,1,0.8580668,0.0009863584,0.00082081003,0.14012603,disp_p,,
10385,2,0.93013257,4.7358728e-05,4.348444e-05,0.06977657,disp_p,,
10385,3,0.97240293,0.0003148528,0.00019453221,0.027087657,disp_p,,
10385,4,0.9172534,0.0009293166,0.00039378737,0.08142348,disp_p,,
10385,5,0.9490947,4.653587e-05,0.000107092696,0.050751615,disp_p,,
10385,6,0.92200416,0.000110109344,7.843192e-05,0.07780728,disp_p,,
10385,7,0.88027954,0.0013459384,0.0007076007,0.11766689,disp_p,,
10385,8,0.9389483,0.00022563046,0.00045104985,0.060374975,disp_p,,
10385,9,0.9463377,0.00026588675,0.00021882015,0.05317757,disp_p,,
10385,10,0.9639101,4.7735797e-05,7.808855e-05,0.035964023,disp_p,,
3547,1,0.36383092,0.63115585,0.0025939192,0.0024192818,disp_e,441485133.0,eb
3547,2,0.1394462,0.85522896,0.0031709736,0.002153888,disp_e,441485133.0,eb
3547,3,0.11609795,0.87871337,0.0025268022,0.0026618878,disp_e,441485133.0,eb
3547,4,0.25504154,0.74025965,0.0026967877,0.0020020432,disp_e,441485133.0,eb
3547,5,0.0794508,0.91678494,0.002020177,0.0017440828,disp_e,441485133.0,eb
3547,6,0.06249488,0.9334873,0.0024831004,0.0015347941,disp_e,441485133.0,eb
3547,7,0.25594935,0.74030274,0.0021677662,0.0015801273,disp_e,441485133.0,eb
3547,8,0.10333199,0.89105487,0.0024711061,0.0031420768,disp_e,441485133.0,eb
3547,9,0.11696624,0.8782908,0.0028211132,0.0019219054,disp_e,441485133.0,eb
3547,10,0.10356344,0.89215225,0.0025600796,0.0017241604,disp_e,441485133.0,eb
9724,1,0.9832345,0.0016557962,0.0017997477,0.013309918,disp_p,,
9724,2,0.9863311,0.0018551542,0.0010035655,0.010810162,disp_p,,
9724,3,0.9803218,0.0051136347,0.0034035863,0.011160953,disp_p,,
9724,4,0.98371744,0.002287473,0.0012038414,0.012791284,disp_p,,
9724,5,0.98354024,0.0021493095,0.0010708077,0.013239617,disp_p,,
9724,6,0.9883618,0.0013391835,0.0008795224,0.009419544,disp_p,,
9724,7,0.9826064,0.0018283214,0.0012939222,0.014271446,disp_p,,
9724,8,0.9857978,0.0018298654,0.001015402,0.0113568455,disp_p,,
9724,9,0.9845515,0.0026234295,0.0014758437,0.011349223,disp_p,,
9724,10,0.9893965,0.0009959446,0.0010778165,0.008529821,disp_p,,
8823,1,0.998771,0.000846986,0.00013451611,0.00024746708,disp_p,426319499.0,pu
8823,2,0.9998337,0.00015066544,9.510297e-06,6.061357e-06,disp_p,426319499.0,pu
8823,3,0.99970657,0.00026370323,1.7690416e-05,1.2025818e-05,disp_p,426319499.0,pu
8823,4,0.99940515,0.0005097534,4.8221766e-05,3.680303e-05,disp_p,426319499.0,pu
8823,5,0.9998399,0.00013384235,1.5375153e-05,1.090087e-05,disp_p,426319499.0,pu
8823,6,0.9999027,8.1855134e-05,9.877328e-06,5.461983e-06,disp_p,426319499.0,pu
8823,7,0.9985892,0.0011077047,0.000109085755,0.0001939552,disp_p,426319499.0,pu
8823,8,0.9998343,0.00014785203,1.0527036e-05,7.367286e-06,disp_p,426319499.0,pu
8823,9,0.9997453,0.00023172639,1.743411e-05,5.5284754e-06,disp_p,426319499.0,pu
8823,10,0.9998652,0.000110048524,1.675033e-05,7.909089e-06,disp_p,426319499.0,pu
1318,1,0.010294741,0.9895437,0.00010324834,5.8359805e-05,disp_e,368332050.0,eb
1318,2,0.018019442,0.9804334,0.0010085598,0.00053853274,disp_e,368332050.0,eb
1318,3,0.01954895,0.9791782,0.0006554197,0.0006173341,disp_e,368332050.0,eb
1318,4,0.009831039,0.98952883,0.00043634037,0.00020385219,disp_e,368332050.0,eb
1318,5,0.023974951,0.9747627,0.0007918406,0.00047046732,disp_e,368332050.0,eb
1318,6,0.013536628,0.98486716,0.0011169129,0.00047926937,disp_e,368332050.0,eb
1318,7,0.008209411,0.99158984,0.0001318089,6.897199e-05,disp_e,368332050.0,eb
1318,8,0.013054979,0.9854731,0.0006497449,0.0008222164,disp_e,368332050.0,eb
1318,9,0.022153588,0.97646195,0.0008274965,0.000557038,disp_e,368332050.0,eb
1318,10,0.019751951,0.9791173,0.00070208346,0.0004286939,disp_e,368332050.0,eb
170,1,0.81086516,0.18774752,0.0007034156,0.00068385596,disp_p,147686743.0,et
170,2,0.25101963,0.7467198,0.0015030397,0.00075758784,disp_e,147686743.0,et
170,3,0.15578423,0.842326,0.0009764066,0.00091348536,disp_e,147686743.0,et
170,4,0.3034403,0.6927464,0.002252115,0.0015612432,disp_e,147686743.0,et
170,5,0.23184304,0.76627475,0.0011398372,0.00074240536,disp_e,147686743.0,et
170,6,0.3166092,0.6809924,0.0016688071,0.00072960247,disp_e,147686743.0,et
170,7,0.5239604,0.47340855,0.0014455416,0.0011855452,disp_e,147686743.0,et
170,8,0.18489657,0.8128582,0.0011191738,0.0011261008,disp_e,147686743.0,et
170,9,0.22431698,0.7741693,0.0010216073,0.0004920628,disp_e,147686743.0,et
170,10,0.22294794,0.7751871,0.0012500328,0.00061497913,disp_e,147686743.0,et
2534,1,0.012956502,0.9867411,0.00016816675,0.00013416911,disp_e,257286393.0,eb
2534,2,0.02474519,0.97116965,0.0023410355,0.0017440837,disp_e,257286393.0,eb
2534,3,0.027984684,0.9682692,0.0016568038,0.0020893728,disp_e,257286393.0,eb
2534,4,0.0098995,0.98909736,0.0006234632,0.00037972024,disp_e,257286393.0,eb
2534,5,0.016640522,0.98074657,0.0014181264,0.0011947665,disp_e,257286393.0,eb
2534,6,0.013320756,0.9838976,0.0017191385,0.0010623626,disp_e,257286393.0,eb
2534,7,0.008612041,0.9910539,0.00020504816,0.00012901159,disp_e,257286393.0,eb
2534,8,0.0122808935,0.98375136,0.0015671254,0.002400664,disp_e,257286393.0,eb
2534,9,0.029433971,0.9670855,0.0016983458,0.0017822343,disp_e,257286393.0,eb
2534,10,0.027404008,0.9692656,0.0016519655,0.0016783787,disp_e,257286393.0,eb
132,1,0.10507156,0.8907081,0.0019156263,0.0023046995,disp_e,137778682.0,eb
132,2,0.11757827,0.856834,0.007935236,0.01765244,disp_e,137778682.0,eb
132,3,0.11303965,0.8660105,0.0060861837,0.014863639,disp_e,137778682.0,eb
132,4,0.14670596,0.8358046,0.006055925,0.011433472,disp_e,137778682.0,eb
132,5,0.06834439,0.91430515,0.0048847,0.012465762,disp_e,137778682.0,eb
132,6,0.10016149,0.8793543,0.0072921365,0.013192088,disp_e,137778682.0,eb
132,7,0.07890642,0.91330016,0.0031425455,0.0046508596,disp_e,137778682.0,eb
132,8,0.10283809,0.86016476,0.007584179,0.029412974,disp_e,137778682.0,eb
132,9,0.10274848,0.8759673,0.006393019,0.014891164,disp_e,137778682.0,eb
132,10,0.08605379,0.89489585,0.0060067396,0.013043693,disp_e,137778682.0,eb
26906,1,0.001118175,0.04509249,0.0010253976,0.9527639,disp_j,178859380.0,B
26906,2,0.0027906366,0.058875907,0.00082859537,0.9375049,disp_j,178859380.0,B
26906,3,0.0025177724,0.048707798,0.0013228852,0.94745153,disp_j,178859380.0,B
26906,4,0.0011819672,0.061519723,0.0010337324,0.9362645,disp_j,178859380.0,B
26906,5,0.0032443942,0.0380579,0.0013976803,0.95730007,disp_j,178859380.0,B
26906,6,0.0027950315,0.031538494,0.0019533073,0.9637131,disp_j,178859380.0,B
26906,7,0.0007465354,0.04990327,0.0010447293,0.9483055,disp_j,178859380.0,B
26906,8,0.0038408034,0.035307612,0.0025960456,0.9582556,disp_j,178859380.0,B
26906,9,0.0011878811,0.035649464,0.0006874502,0.9624751,disp_j,178859380.0,B
26906,10,0.00453718,0.06447815,0.0018924597,0.92909217,disp_j,178859380.0,B
5766,1,0.8691498,0.11722409,0.0040783924,0.009547682,disp_p,167597352.0,pu
5766,2,0.94775873,0.041254047,0.0037135438,0.007273606,disp_p,167597352.0,pu
5766,3,0.9295385,0.05696487,0.004073299,0.009423406,disp_p,167597352.0,pu
5766,4,0.94615996,0.046653792,0.0026408473,0.0045453478,disp_p,167597352.0,pu
5766,5,0.925076,0.061531354,0.0045182826,0.00887429,disp_p,167597352.0,pu
5766,6,0.9403762,0.047130752,0.004715094,0.0077779056,disp_p,167597352.0,pu
5766,7,0.92666376,0.062157303,0.0035079548,0.0076709054,disp_p,167597352.0,pu
5766,8,0.9518207,0.03670951,0.0038982811,0.0075715445,disp_p,167597352.0,pu
5766,9,0.92979175,0.0573092,0.0046042316,0.008294741,disp_p,167597352.0,pu
5766,10,0.95089746,0.036966994,0.0038483425,0.008287208,disp_p,167597352.0,pu
712,1,0.003867165,0.9960219,6.687732e-05,4.402862e-05,disp_e,252835677.0,et
712,2,0.010053904,0.9877438,0.0012213135,0.0009809968,disp_e,252835677.0,et
712,3,0.00923248,0.98937255,0.00061220373,0.0007828159,disp_e,252835677.0,et
712,4,0.009833972,0.98924786,0.0005538766,0.0003642934,disp_e,252835677.0,et
712,5,0.008376047,0.9900709,0.00074383745,0.00080934627,disp_e,252835677.0,et
712,6,0.008824557,0.9890476,0.0012905968,0.00083720195,disp_e,252835677.0,et
712,7,0.004153631,0.99565107,0.00012298531,7.222848e-05,disp_e,252835677.0,et
712,8,0.006907126,0.9913175,0.0006908279,0.0010845645,disp_e,252835677.0,et
712,9,0.009536932,0.98869765,0.0009134967,0.00085186155,disp_e,252835677.0,et
712,10,0.010046461,0.9881743,0.0009683641,0.0008108141,disp_e,252835677.0,et
555,1,0.00012935398,0.9998486,9.331205e-06,1.2656993e-05,disp_e,181341926.0,et
555,2,0.0016197084,0.99736834,0.00039443365,0.00061755086,disp_e,181341926.0,et
555,3,0.0017331324,0.99761486,0.00018560668,0.0004664274,disp_e,181341926.0,et
555,4,0.00046523745,0.99930406,9.2053706e-05,0.00013870255,disp_e,181341926.0,et
555,5,0.001905781,0.9971975,0.00030815924,0.0005885763,disp_e,181341926.0,et
555,6,0.0015555735,0.9974921,0.00047063778,0.00048166033,disp_e,181341926.0,et
555,7,0.00025313324,0.9997032,2.0285463e-05,2.3407953e-05,disp_e,181341926.0,et
555,8,0.0015767737,0.99718875,0.0003607255,0.00087368354,disp_e,181341926.0,et
555,9,0.00154156,0.9973918,0.00034631442,0.00072029635,disp_e,181341926.0,et
555,10,0.0019725598,0.9971763,0.00030291756,0.00054826436,disp_e,181341926.0,et
6222,1,0.7572487,0.04895416,0.011590767,0.18220636,disp_p,219506608.0,pu
6222,2,0.7966871,0.10005857,0.010865095,0.09238918,disp_p,219506608.0,pu
6222,3,0.77160287,0.14459674,0.012652185,0.07114823,disp_p,219506608.0,pu
6222,4,0.8088746,0.12056175,0.010341292,0.060222283,disp_p,219506608.0,pu
6222,5,0.7530627,0.14350413,0.016201241,0.08723193,disp_p,219506608.0,pu
6222,6,0.7538941,0.1656991,0.014567604,0.06583923,disp_p,219506608.0,pu
6222,7,0.69563305,0.114048816,0.023463592,0.16685456,disp_p,219506608.0,pu
6222,8,0.5568679,0.12066726,0.022291802,0.30017298,disp_p,219506608.0,pu
6222,9,0.73429865,0.16648938,0.012827204,0.08638471,disp_p,219506608.0,pu
6222,10,0.82075334,0.06616083,0.011688419,0.10139741,disp_p,219506608.0,pu
2799,1,0.94843274,0.010543337,0.003407601,0.037616357,disp_p,307037463.0,jj
2799,2,0.8183581,0.022311844,0.013108604,0.14622137,disp_p,307037463.0,jj
2799,3,0.7900978,0.025870625,0.013461751,0.17056985,disp_p,307037463.0,jj
2799,4,0.9110443,0.012862648,0.006525327,0.06956778,disp_p,307037463.0,jj
2799,5,0.8318906,0.028443225,0.018553827,0.12111236,disp_p,307037463.0,jj
2799,6,0.7977707,0.025956394,0.015971329,0.16030157,disp_p,307037463.0,jj
2799,7,0.87284195,0.0147081595,0.0065568704,0.105893016,disp_p,307037463.0,jj
2799,8,0.78035015,0.039526384,0.020975493,0.15914801,disp_p,307037463.0,jj
2799,9,0.7768149,0.02358772,0.013453066,0.18614432,disp_p,307037463.0,jj
2799,10,0.8910186,0.02052764,0.0072742137,0.08117952,disp_p,307037463.0,jj
4135,1,0.9986461,0.0008329501,0.00012864893,0.00039231745,disp_p,26583436.0,pu
4135,2,0.9989261,0.00079908094,0.00011255738,0.00016222801,disp_p,26583436.0,pu
4135,3,0.99822813,0.0013227275,0.00019920444,0.00024996707,disp_p,26583436.0,pu
4135,4,0.9983479,0.0012335571,0.00017852672,0.00024000426,disp_p,26583436.0,pu
4135,5,0.99900013,0.00069296977,0.00013468102,0.00017222989,disp_p,26583436.0,pu
4135,6,0.9991339,0.0006245394,0.00011121986,0.0001303218,disp_p,26583436.0,pu
4135,7,0.99785715,0.001555197,0.00016652608,0.0004211139,disp_p,26583436.0,pu
4135,8,0.99911314,0.000674541,9.2649134e-05,0.00011960794,disp_p,26583436.0,pu
4135,9,0.9987143,0.0009815512,0.00015052475,0.00015368342,disp_p,26583436.0,pu
4135,10,0.9992061,0.0005655631,0.000116685624,0.000111631714,disp_p,26583436.0,pu
1078,1,0.001976382,0.9979081,6.2998224e-05,5.253372e-05,disp_e,318019844.0,et
1078,2,0.005690669,0.99281865,0.0007702379,0.00072044897,disp_e,318019844.0,et
1078,3,0.005143854,0.99389654,0.0003818224,0.000577867,disp_e,318019844.0,et
1078,4,0.0041755093,0.99521744,0.00034017413,0.00026695468,disp_e,318019844.0,et
1078,5,0.0051313145,0.99381196,0.0004884923,0.00056819647,disp_e,318019844.0,et
1078,6,0.0049065393,0.99366426,0.00085764605,0.0005715847,disp_e,318019844.0,et
1078,7,0.0022796085,0.9975332,0.00010961882,7.757913e-05,disp_e,318019844.0,et
1078,8,0.004471626,0.9941777,0.0005001783,0.0008504953,disp_e,318019844.0,et
1078,9,0.005296756,0.9934297,0.0006197867,0.0006537356,disp_e,318019844.0,et
1078,10,0.005949002,0.9927792,0.00065452734,0.0006173269,disp_e,318019844.0,et
6686,1,0.9990639,0.0006988005,8.306847e-05,0.00015434422,disp_p,256584532.0,pu
6686,2,0.99974567,0.00023291491,1.2801966e-05,8.639472e-06,disp_p,256584532.0,pu
6686,3,0.9996561,0.00031129585,1.90666e-05,1.35911905e-05,disp_p,256584532.0,pu
6686,4,0.99942505,0.0004909996,4.601186e-05,3.803612e-05,disp_p,256584532.0,pu
6686,5,0.9997763,0.00019224749,1.8104254e-05,1.3308474e-05,disp_p,256584532.0,pu
6686,6,0.9998579,0.00012300069,1.2166156e-05,6.9733023e-06,disp_p,256584532.0,pu
6686,7,0.99899775,0.00081296975,6.208066e-05,0.00012730206,disp_p,256584532.0,pu
6686,8,0.9997689,0.00021154691,1.1473611e-05,8.133192e-06,disp_p,256584532.0,pu
6686,9,0.9996655,0.0003080602,1.9718607e-05,6.7875662e-06,disp_p,256584532.0,pu
6686,10,0.9998041,0.000164968,2.0945403e-05,1.004226e-05,disp_p,256584532.0,pu
8742,1,0.045153514,0.0041966354,0.0033779994,0.9472719,disp_j,418761354.0,pu
8742,2,0.04644053,0.0067322785,0.0033314945,0.9434956,disp_j,418761354.0,pu
8742,3,0.056690004,0.0049215555,0.005359194,0.9330293,disp_j,418761354.0,pu
8742,4,0.027650233,0.0047439085,0.0023468847,0.96525896,disp_j,418761354.0,pu
8742,5,0.041976247,0.006631648,0.005021689,0.94637036,disp_j,418761354.0,pu
8742,6,0.08741388,0.009263924,0.005988701,0.89733344,disp_j,418761354.0,pu
8742,7,0.0172929,0.003700267,0.0025330605,0.9764738,disp_j,418761354.0,pu
8742,8,0.046156272,0.004268307,0.0050749923,0.94450045,disp_j,418761354.0,pu
8742,9,0.02680537,0.003452716,0.0023286282,0.9674133,disp_j,418761354.0,pu
8742,10,0.07155165,0.0057607,0.0034601963,0.91922736,disp_j,418761354.0,pu
4419,1,0.9950777,0.0041185254,0.0003493366,0.00045441097,disp_p,51637609.0,pu
4419,2,0.9990728,0.00090157654,1.7849103e-05,7.765333e-06,disp_p,51637609.0,pu
4419,3,0.99741215,0.0025234648,4.3240136e-05,2.1147345e-05,disp_p,51637609.0,pu
4419,4,0.9946878,0.004956566,0.00021420623,0.00014145642,disp_p,51637609.0,pu
4419,5,0.9986339,0.0013242076,2.833102e-05,1.357139e-05,disp_p,51637609.0,pu
4419,6,0.99928963,0.0006850201,1.8528026e-05,6.686176e-06,disp_p,51637609.0,pu
4419,7,0.9937937,0.005572097,0.00026258666,0.00037163062,disp_p,51637609.0,pu
4419,8,0.99874866,0.0012161586,2.2706454e-05,1.24071175e-05,disp_p,51637609.0,pu
4419,9,0.9972836,0.002674004,3.586432e-05,6.527417e-06,disp_p,51637609.0,pu
4419,10,0.9990514,0.0008973558,4.02401e-05,1.1032782e-05,disp_p,51637609.0,pu
28828,1,0.014137299,0.0069158343,0.0041717,0.97477525,disp_j,8289223.0,J
28828,2,0.027344454,0.0025218874,0.0012841678,0.9688495,disp_j,8289223.0,J
28828,3,0.017158274,0.0021035932,0.0020371932,0.97870094,disp_j,8289223.0,J
28828,4,0.024451045,0.0044733537,0.0022483398,0.96882725,disp_j,8289223.0,J
28828,5,0.023714503,0.0053857723,0.0018313825,0.9690684,disp_j,8289223.0,J
28828,6,0.025648357,0.0027400956,0.0017032122,0.9699083,disp_j,8289223.0,J
28828,7,0.012997431,0.006351591,0.0027839178,0.97786707,disp_j,8289223.0,J
28828,8,0.01673725,0.0023436258,0.0018499092,0.9790692,disp_j,8289223.0,J
28828,9,0.023444282,0.0021541184,0.001261142,0.9731405,disp_j,8289223.0,J
28828,10,0.03369664,0.0028996598,0.0017734716,0.9616302,disp_j,8289223.0,J
27414,1,0.00073846296,0.0007919932,0.00023883999,0.99823076,disp_j,261562178.0,
27414,2,0.0023438197,0.00050842465,0.00022465985,0.99692315,disp_j,261562178.0,
27414,3,0.0017008933,0.00034023204,0.00026498712,0.99769384,disp_j,261562178.0,
27414,4,0.0006495141,0.0004779666,0.0001546747,0.9987178,disp_j,261562178.0,
27414,5,0.0011606752,0.00080494705,0.00025828043,0.9977761,disp_j,261562178.0,
27414,6,0.0017936334,0.00019437175,0.00010001841,0.997912,disp_j,261562178.0,
27414,7,0.0003691538,0.0004124115,0.00019775948,0.9990207,disp_j,261562178.0,
27414,8,0.0014460643,0.000101851314,0.00012326725,0.99832875,disp_j,261562178.0,
27414,9,0.0013321709,0.00016604728,6.513135e-05,0.9984366,disp_j,261562178.0,
27414,10,0.003534548,0.00092239986,0.00050283363,0.99504024,disp_j,261562178.0,
7467,1,0.9880278,0.0057009864,0.0008280839,0.005443084,disp_p,308522539.0,pu
7467,2,0.9734572,0.0120103415,0.0018083885,0.012724135,disp_p,308522539.0,pu
7467,3,0.9780261,0.009440974,0.0017844569,0.010748585,disp_p,308522539.0,pu
7467,4,0.99482405,0.0030286517,0.00051302905,0.0016342805,disp_p,308522539.0,pu
7467,5,0.97910917,0.009143161,0.0022066194,0.009541118,disp_p,308522539.0,pu
7467,6,0.9823558,0.007532507,0.0016188414,0.008492884,disp_p,308522539.0,pu
7467,7,0.98583186,0.008163104,0.0010886015,0.004916392,disp_p,308522539.0,pu
7467,8,0.9682805,0.01225816,0.0031849053,0.016276496,disp_p,308522539.0,pu
7467,9,0.9714096,0.014028669,0.0019947537,0.01256685,disp_p,308522539.0,pu
7467,10,0.97054404,0.014051824,0.0019769142,0.013427204,disp_p,308522539.0,pu
8038,1,0.99859565,0.0010766288,0.00012831517,0.000199362,disp_p,357872559.0,pu
8038,2,0.99924016,0.0006795098,4.4588018e-05,3.575702e-05,disp_p,357872559.0,pu
8038,3,0.99863005,0.0012043881,9.265601e-05,7.294109e-05,disp_p,357872559.0,pu
8038,4,0.99902666,0.0008283619,8.0668506e-05,6.43848e-05,disp_p,357872559.0,pu
8038,5,0.9991647,0.0007029572,7.325746e-05,5.90845e-05,disp_p,357872559.0,pu
8038,6,0.9995617,0.0003581303,4.7404363e-05,3.2749507e-05,disp_p,357872559.0,pu
8038,7,0.99824417,0.0014722488,0.00010184647,0.00018168293,disp_p,357872559.0,pu
8038,8,0.9992636,0.0006570136,4.3095824e-05,3.6320165e-05,disp_p,357872559.0,pu
8038,9,0.9986405,0.0012225724,9.7202996e-05,3.9647177e-05,disp_p,357872559.0,pu
8038,10,0.99925417,0.0006252588,8.000432e-05,4.0545296e-05,disp_p,357872559.0,pu
3104,1,0.024968855,0.97483623,0.00012264578,7.226474e-05,disp_e,341631767.0,et
3104,2,0.09088974,0.9059141,0.0021832518,0.0010128977,disp_e,341631767.0,et
3104,3,0.07709442,0.9204141,0.0014933625,0.0009980913,disp_e,341631767.0,et
3104,4,0.07263377,0.926543,0.00056799763,0.00025530194,disp_e,341631767.0,et
3104,5,0.07879527,0.91926867,0.0012093254,0.0007267465,disp_e,341631767.0,et
3104,6,0.0744467,0.92293584,0.0018325726,0.0007848627,disp_e,341631767.0,et
3104,7,0.029886361,0.96987915,0.00016760723,6.685157e-05,disp_e,341631767.0,et
3104,8,0.064169236,0.93234414,0.0017410525,0.0017455072,disp_e,341631767.0,et
3104,9,0.09599741,0.9019727,0.00139146,0.0006383732,disp_e,341631767.0,et
3104,10,0.09917365,0.8977613,0.0021315138,0.00093355105,disp_e,341631767.0,et
6890,1,0.9987924,0.0009946185,9.784898e-05,0.00011508765,disp_p,270472265.0,pu
6890,2,0.9997725,0.00021730814,7.3035435e-06,2.9479845e-06,disp_p,270472265.0,pu
6890,3,0.9996811,0.0003030345,1.1119576e-05,4.7614717e-06,disp_p,270472265.0,pu
6890,4,0.99905354,0.0008618085,5.617693e-05,2.8467046e-05,disp_p,270472265.0,pu
6890,5,0.99973375,0.00024861225,1.1863885e-05,5.69463e-06,disp_p,270472265.0,pu
6890,6,0.99982136,0.00016768322,8.15315e-06,2.8622928e-06,disp_p,270472265.0,pu
6890,7,0.99875665,0.0010890663,6.1926556e-05,9.2334834e-05,disp_p,270472265.0,pu
6890,8,0.99961436,0.00036966146,1.0608956e-05,5.3854087e-06,disp_p,270472265.0,pu
6890,9,0.9996319,0.00035500256,1.1186322e-05,1.9205772e-06,disp_p,270472265.0,pu
6890,10,0.99973434,0.00023930927,2.076489e-05,5.5488777e-06,disp_p,270472265.0,pu
10371,1,0.9831504,0.0016572475,0.0018024904,0.013389837,disp_p,,
10371,2,0.9862926,0.0018516748,0.0010016982,0.010853989,disp_p,,
10371,3,0.9800352,0.0051484923,0.0034365053,0.011379776,disp_p,,
10371,4,0.9836258,0.0022889227,0.0012061679,0.0128789665,disp_p,,
10371,5,0.9835202,0.0021405567,0.0010671733,0.013272091,disp_p,,
10371,6,0.9883585,0.0013320545,0.0008749738,0.009434508,disp_p,,
10371,7,0.982534,0.0018274074,0.0012940539,0.0143445395,disp_p,,
10371,8,0.98577195,0.001827783,0.0010113479,0.011388922,disp_p,,
10371,9,0.9844907,0.0026216507,0.0014748964,0.011412736,disp_p,,
10371,10,0.98942506,0.0009894896,0.0010703807,0.008515024,disp_p,,
28727,1,0.00055761205,0.0010036731,0.0002936972,0.998145,disp_j,70555442.0,
28727,2,0.00083239825,0.0009302796,0.0001286603,0.9981086,disp_j,70555442.0,
28727,3,0.00072693365,0.0012757713,0.0003628981,0.9976344,disp_j,70555442.0,
28727,4,0.00040109328,0.00085573824,0.00018145809,0.9985617,disp_j,70555442.0,
28727,5,0.00088188204,0.0011932445,0.00025025482,0.99767464,disp_j,70555442.0,
28727,6,0.00071418245,0.0006144689,0.0001725371,0.9984988,disp_j,70555442.0,
28727,7,0.00055456214,0.0011730994,0.0004895549,0.99778277,disp_j,70555442.0,
28727,8,0.00076809066,0.00087855465,0.00026940298,0.99808395,disp_j,70555442.0,
28727,9,0.00059066736,0.0007265061,0.000121722915,0.9985611,disp_j,70555442.0,
28727,10,0.0009512368,0.0008567599,0.0001618323,0.9980301,disp_j,70555442.0,
28270,1,0.006355115,0.04088357,0.0034747291,0.9492866,disp_j,412066078.0,
28270,2,0.009511577,0.027265104,0.0023314545,0.96089184,disp_j,412066078.0,
28270,3,0.014696852,0.038783547,0.004460392,0.94205916,disp_j,412066078.0,
28270,4,0.007376805,0.044263978,0.002873428,0.9454858,disp_j,412066078.0,
28270,5,0.010759636,0.035369415,0.0041992664,0.94967175,disp_j,412066078.0,
28270,6,0.008583721,0.025332134,0.004575983,0.9615082,disp_j,412066078.0,
28270,7,0.005172716,0.029143265,0.0046388265,0.9610452,disp_j,412066078.0,
28270,8,0.012439834,0.024975786,0.004389709,0.9581947,disp_j,412066078.0,
28270,9,0.007484417,0.03625099,0.0024586853,0.953806,disp_j,412066078.0,
28270,10,0.0162747,0.03757216,0.0038126393,0.94234055,disp_j,412066078.0,
3078,1,0.028506164,0.97002953,0.00077836454,0.0006859643,disp_e,337508645.0,eu
3078,2,0.014826114,0.98107177,0.0021795698,0.0019226338,disp_e,337508645.0,eu
3078,3,0.018820053,0.9777164,0.0014540311,0.0020094512,disp_e,337508645.0,eu
3078,4,0.01606002,0.9814393,0.0013272472,0.0011734829,disp_e,337508645.0,eu
3078,5,0.015830671,0.9807858,0.0016994143,0.00168404,disp_e,337508645.0,eu
3078,6,0.0123128975,0.98410136,0.0020199197,0.0015658332,disp_e,337508645.0,eu
3078,7,0.016376391,0.9821138,0.00085863576,0.0006511409,disp_e,337508645.0,eu
3078,8,0.01308652,0.98242986,0.0017192435,0.002764389,disp_e,337508645.0,eu
3078,9,0.013795595,0.9825257,0.0016269644,0.002051653,disp_e,337508645.0,eu
3078,10,0.01658798,0.98019296,0.0015625816,0.0016563983,disp_e,337508645.0,eu
448,1,0.03688137,0.9577683,0.0021848162,0.0031654676,disp_e,9890080.0,eb
448,2,0.012414967,0.98377013,0.0016860708,0.0021287857,disp_e,9890080.0,eb
448,3,0.010727902,0.98695755,0.00085169455,0.001462925,disp_e,9890080.0,eb
448,4,0.03406813,0.95899814,0.0026908864,0.004242842,disp_e,9890080.0,eb
448,5,0.010458848,0.98683935,0.0011221629,0.0015796996,disp_e,9890080.0,eb
448,6,0.01313665,0.9827654,0.002031513,0.0020665,disp_e,9890080.0,eb
448,7,0.031233547,0.96161777,0.0032441816,0.0039045964,disp_e,9890080.0,eb
448,8,0.008807706,0.9872455,0.0012469561,0.002699935,disp_e,9890080.0,eb
448,9,0.009734302,0.9870679,0.0012799563,0.00191787,disp_e,9890080.0,eb
448,10,0.01099088,0.98568755,0.001343816,0.0019778642,disp_e,9890080.0,eb
6709,1,0.97912574,0.010022892,0.002697268,0.008154067,disp_p,258738667.0,pu
6709,2,0.9964156,0.003196389,0.00021817537,0.0001698063,disp_p,258738667.0,pu
6709,3,0.99503976,0.004429688,0.0003008338,0.00022969952,disp_p,258738667.0,pu
6709,4,0.98805237,0.009761967,0.0010929265,0.0010927884,disp_p,258738667.0,pu
6709,5,0.9963102,0.0031637254,0.0002904139,0.00023569561,disp_p,258738667.0,pu
6709,6,0.9971648,0.0024761471,0.00021273391,0.0001462746,disp_p,258738667.0,pu
6709,7,0.9821264,0.011547143,0.002234871,0.0040914905,disp_p,258738667.0,pu
6709,8,0.99722606,0.0023542177,0.00023269889,0.00018705228,disp_p,258738667.0,pu
6709,9,0.9943809,0.0052008973,0.00028781264,0.00013042672,disp_p,258738667.0,pu
6709,10,0.9969152,0.0026166837,0.00027018553,0.00019791735,disp_p,258738667.0,pu
10514,1,0.9999099,1.3719439e-05,4.368959e-06,7.2011244e-05,disp_p,,
10514,2,0.99989223,2.8015431e-06,2.6618234e-06,0.000102282414,disp_p,,
10514,3,0.99995553,6.599416e-06,3.630851e-06,3.424605e-05,disp_p,,
10514,4,0.999923,3.1835312e-05,6.9335165e-06,3.820219e-05,disp_p,,
10514,5,0.99994457,3.2156222e-06,3.5593591e-06,4.86791e-05,disp_p,,
10514,6,0.9999068,7.300249e-06,5.4916623e-06,8.046293e-05,disp_p,,
10514,7,0.9999509,1.8811126e-05,3.327157e-06,2.7011843e-05,disp_p,,
10514,8,0.99983144,6.78424e-06,1.14403465e-05,0.00015031607,disp_p,,
10514,9,0.9999242,7.810276e-06,4.4703315e-06,6.348192e-05,disp_p,,
10514,10,0.99988985,3.6368883e-06,7.2299886e-06,9.922618e-05,disp_p,,
28620,1,0.002798996,0.004967991,0.0014385041,0.9907945,disp_j,55975426.0,
28620,2,0.004574729,0.014458976,0.0018077287,0.9791586,disp_j,55975426.0,
28620,3,0.0044545094,0.014907227,0.0027730535,0.9778651,disp_j,55975426.0,
28620,4,0.0052813967,0.01036954,0.0029205093,0.9814285,disp_j,55975426.0,
28620,5,0.004702486,0.013563238,0.0025965523,0.9791378,disp_j,55975426.0,
28620,6,0.0032430973,0.009687112,0.0012641342,0.9858057,disp_j,55975426.0,
28620,7,0.0026276105,0.0042877705,0.0016585891,0.9914261,disp_j,55975426.0,
28620,8,0.0037936156,0.008673975,0.0022192746,0.9853131,disp_j,55975426.0,
28620,9,0.0051233834,0.009926109,0.0023706271,0.9825799,disp_j,55975426.0,
28620,10,0.0033804562,0.0130552985,0.0021495952,0.9814146,disp_j,55975426.0,
583,1,0.00023155245,0.999438,7.300428e-05,0.00025747035,disp_e,194043403.0,eb
583,2,0.0030492267,0.9907697,0.0013357876,0.0048452434,disp_e,194043403.0,eb
583,3,0.0030544547,0.99208564,0.0006525785,0.0042072614,disp_e,194043403.0,eb
583,4,0.00079944445,0.997589,0.00030064274,0.001310882,disp_e,194043403.0,eb
583,5,0.003169998,0.99126196,0.0011164028,0.004451645,disp_e,194043403.0,eb
583,6,0.0024477716,0.9918909,0.0015977488,0.0040634684,disp_e,194043403.0,eb
583,7,0.00037591872,0.9991448,0.000110158704,0.00036916483,disp_e,194043403.0,eb
583,8,0.0023940406,0.9912463,0.0012568483,0.005102825,disp_e,194043403.0,eb
583,9,0.0022655274,0.99096125,0.0010581488,0.0057150507,disp_e,194043403.0,eb
583,10,0.0029353201,0.99203813,0.0009870793,0.004039421,disp_e,194043403.0,eb
10413,1,0.9997323,1.5892272e-05,2.2888149e-05,0.0002289093,disp_p,,
10413,2,0.9989274,0.00014241962,8.3843726e-05,0.00084629544,disp_p,,
10413,3,0.9997085,8.277984e-05,4.848702e-05,0.00016019141,disp_p,,
10413,4,0.99963295,3.3557764e-05,2.9064686e-05,0.00030433992,disp_p,,
10413,5,0.99848974,0.0002882678,0.000119334894,0.0011026337,disp_p,,
10413,6,0.9994936,2.4148238e-05,2.7381157e-05,0.0004548623,disp_p,,
10413,7,0.9995492,4.0650437e-05,2.8331713e-05,0.00038174895,disp_p,,
10413,8,0.9996288,8.421026e-05,5.9855123e-05,0.0002271815,disp_p,,
10413,9,0.9993284,0.00020009097,0.00012222979,0.00034933814,disp_p,,
10413,10,0.99865437,0.00013131344,0.0001548517,0.0010593982,disp_p,,
27202,1,0.65690506,0.004367584,0.005037737,0.33368966,disp_p,231097204.0,J
27202,2,0.26467016,0.005446098,0.0035842173,0.72629946,disp_j,231097204.0,J
27202,3,0.12867028,0.0038869276,0.004301073,0.8631418,disp_j,231097204.0,J
27202,4,0.22085962,0.0076839104,0.0054601515,0.76599634,disp_j,231097204.0,J
27202,5,0.18621406,0.0044509647,0.0062296716,0.80310535,disp_j,231097204.0,J
27202,6,0.20174511,0.007546562,0.005872137,0.78483623,disp_j,231097204.0,J
27202,7,0.21665773,0.0059014414,0.0053996425,0.7720412,disp_j,231097204.0,J
27202,8,0.07541483,0.0061727217,0.0048442953,0.9135682,disp_j,231097204.0,J
27202,9,0.085142836,0.004942945,0.0030179964,0.90689623,disp_j,231097204.0,J
27202,10,0.29196975,0.0072846636,0.0038127084,0.69693285,disp_j,231097204.0,J
7581,1,0.99770564,0.0016235058,0.00024090483,0.00042989443,disp_p,317597583.0,pu
7581,2,0.9986784,0.0011229314,0.00010914628,8.9476736e-05,disp_p,317597583.0,pu
7581,3,0.997973,0.0016717563,0.00019138005,0.00016380567,disp_p,317597583.0,pu
7581,4,0.9983779,0.0013603192,0.00015119255,0.000110617155,disp_p,317597583.0,pu
7581,5,0.99852693,0.0011473299,0.00017041214,0.00015529142,disp_p,317597583.0,pu
7581,6,0.99903214,0.00076478993,0.00011690064,8.61106e-05,disp_p,317597583.0,pu
7581,7,0.99698526,0.0023816556,0.00023840462,0.0003947199,disp_p,317597583.0,pu
7581,8,0.9989598,0.00085108733,0.000103967235,8.517723e-05,disp_p,317597583.0,pu
7581,9,0.99834776,0.0014255375,0.00015044253,7.629075e-05,disp_p,317597583.0,pu
7581,10,0.99899715,0.00077001256,0.00014142257,9.1348484e-05,disp_p,317597583.0,pu
2552,1,0.9031818,0.044930626,0.008184775,0.04370279,disp_p,261264826.0,jj
2552,2,0.18591212,0.18628143,0.030403566,0.5974028,disp_j,261264826.0,jj
2552,3,0.21809025,0.21569104,0.034551565,0.5316672,disp_e,261264826.0,jj
2552,4,0.54032767,0.15569544,0.024608912,0.27936795,disp_p,261264826.0,jj
2552,5,0.20889263,0.3314598,0.034793187,0.42485443,disp_e,261264826.0,jj
2552,6,0.18944138,0.17188331,0.029445007,0.60923034,disp_j,261264826.0,jj
2552,7,0.6449916,0.12551373,0.024898365,0.20459633,disp_p,261264826.0,jj
2552,8,0.19863743,0.40516657,0.03553557,0.36066043,disp_e,261264826.0,jj
2552,9,0.1552882,0.16733885,0.023541022,0.6538319,disp_j,261264826.0,jj
2552,10,0.31795824,0.3293167,0.019974837,0.33275032,disp_e,261264826.0,jj
8635,1,0.99114335,0.007372017,0.0005730684,0.00091159827,disp_p,407591297.0,pu
8635,2,0.9963894,0.0029164052,0.0003195822,0.0003745608,disp_p,407591297.0,pu
8635,3,0.99643075,0.002830224,0.00037155856,0.00036742282,disp_p,407591297.0,pu
8635,4,0.9956176,0.0036783842,0.0003876543,0.00031642383,disp_p,407591297.0,pu
8635,5,0.99694115,0.002198864,0.0004133041,0.000446602,disp_p,407591297.0,pu
8635,6,0.9971554,0.0020950534,0.00039693122,0.0003526584,disp_p,407591297.0,pu
8635,7,0.9881087,0.010099371,0.00070942944,0.0010824557,disp_p,407591297.0,pu
8635,8,0.99715745,0.0021622072,0.00033639753,0.0003439502,disp_p,407591297.0,pu
8635,9,0.9961893,0.0031899156,0.00037653613,0.00024427305,disp_p,407591297.0,pu
8635,10,0.9972313,0.0020775006,0.00038712382,0.00030410397,disp_p,407591297.0,pu
10915,1,0.98256797,0.0017350442,0.0018670275,0.013829978,disp_p,,
10915,2,0.98610675,0.001922636,0.0010327353,0.010937911,disp_p,,
10915,3,0.9795593,0.0053243875,0.0035341433,0.0115821995,disp_p,,
10915,4,0.9831818,0.0023748905,0.001249084,0.013194251,disp_p,,
10915,5,0.98301536,0.002185047,0.0011016184,0.013697893,disp_p,,
10915,6,0.98809993,0.0013862972,0.00090367155,0.0096100895,disp_p,,
10915,7,0.9821216,0.0018956505,0.0013310991,0.01465163,disp_p,,
10915,8,0.9853533,0.0018933176,0.0010537627,0.011699697,disp_p,,
10915,9,0.98407507,0.002716811,0.0015331666,0.011675008,disp_p,,
10915,10,0.9892519,0.0010241163,0.0011045804,0.008619344,disp_p,,
1092,1,0.114510335,0.8851131,0.00022939306,0.00014722897,disp_e,320842315.0,et
1092,2,0.44519004,0.5511843,0.0024697157,0.0011559825,disp_e,320842315.0,et
1092,3,0.36119732,0.6353496,0.0020059203,0.0014472082,disp_e,320842315.0,et
1092,4,0.28070933,0.7177765,0.0011162465,0.00039789607,disp_e,320842315.0,et
1092,5,0.34024462,0.656981,0.0017376385,0.0010367781,disp_e,320842315.0,et
1092,6,0.40848526,0.58768743,0.0026568866,0.001170434,disp_e,320842315.0,et
1092,7,0.1416131,0.85785156,0.0003768741,0.00015850335,disp_e,320842315.0,et
1092,8,0.3685171,0.6275694,0.0020518173,0.0018617093,disp_e,320842315.0,et
1092,9,0.40478352,0.59264666,0.0017762291,0.0007935365,disp_e,320842315.0,et
1092,10,0.33675542,0.6599919,0.0022355593,0.0010170514,disp_e,320842315.0,et
5718,1,0.9848471,0.0132416235,0.00078910514,0.0011221576,disp_p,164150537.0,pu
5718,2,0.99207616,0.0071562603,0.00047181215,0.00029583226,disp_p,164150537.0,pu
5718,3,0.9888121,0.0102398535,0.0005694432,0.00037860798,disp_p,164150537.0,pu
5718,4,0.98800474,0.0112317065,0.0004891913,0.00027436798,disp_p,164150537.0,pu
5718,5,0.99239993,0.006747041,0.0004991878,0.00035377112,disp_p,164150537.0,pu
5718,6,0.99196166,0.0072462875,0.00048687425,0.00030527974,disp_p,164150537.0,pu
5718,7,0.9825037,0.015855875,0.00075370003,0.0008867546,disp_p,164150537.0,pu
5718,8,0.9939135,0.0053802263,0.00040280563,0.00030342914,disp_p,164150537.0,pu
5718,9,0.9917903,0.0076343515,0.00041222386,0.00016304395,disp_p,164150537.0,pu
5718,10,0.99237376,0.0065959543,0.00066496094,0.0003653055,disp_p,164150537.0,pu
8501,1,0.99834776,0.0013475838,0.00012461639,0.00018001306,disp_p,396794358.0,pu
8501,2,0.99939525,0.0005586823,3.0151576e-05,1.5913405e-05,disp_p,396794358.0,pu
8501,3,0.99896955,0.00093826465,5.76503e-05,3.451312e-05,disp_p,396794358.0,pu
8501,4,0.9982582,0.001604792,8.766e-05,4.93558e-05,disp_p,396794358.0,pu
8501,5,0.9993449,0.0005788363,4.7754773e-05,2.8527318e-05,disp_p,396794358.0,pu
8501,6,0.999549,0.00040948368,2.8234927e-05,1.3233885e-05,disp_p,396794358.0,pu
8501,7,0.9974021,0.00231306,0.00011981455,0.00016499314,disp_p,396794358.0,pu
8501,8,0.99917006,0.0007541077,4.557073e-05,3.018779e-05,disp_p,396794358.0,pu
8501,9,0.9991893,0.00075979193,3.9343373e-05,1.1540838e-05,disp_p,396794358.0,pu
8501,10,0.99941087,0.0005029131,6.2622334e-05,2.3554974e-05,disp_p,396794358.0,pu
4759,1,0.99841654,0.0010000207,0.00017760176,0.0004059074,disp_p,82302240.0,pu
4759,2,0.99929667,0.0005695441,6.889594e-05,6.487494e-05,disp_p,82302240.0,pu
4759,3,0.9990663,0.00071705313,0.00010742012,0.00010927607,disp_p,82302240.0,pu
4759,4,0.99830616,0.0013057778,0.00019420206,0.00019387582,disp_p,82302240.0,pu
4759,5,0.99943274,0.00040464092,8.091616e-05,8.169807e-05,disp_p,82302240.0,pu
4759,6,0.9994355,0.00041593803,8.180564e-05,6.6647255e-05,disp_p,82302240.0,pu
4759,7,0.99743587,0.0018211871,0.0002368247,0.00050607225,disp_p,82302240.0,pu
4759,8,0.99953246,0.00035744283,5.5999106e-05,5.412061e-05,disp_p,82302240.0,pu
4759,9,0.99910575,0.00071912154,0.00010788647,6.7230096e-05,disp_p,82302240.0,pu
4759,10,0.999579,0.00031347128,6.200871e-05,4.54957e-05,disp_p,82302240.0,pu
1669,1,0.00782183,0.99214983,1.9469666e-05,8.8992265e-06,disp_e,466276212.0,et
1669,2,0.015517452,0.9834517,0.0006699376,0.00036086663,disp_e,466276212.0,et
1669,3,0.017226692,0.9817932,0.00048775043,0.00049237744,disp_e,466276212.0,et
1669,4,0.027304752,0.9722474,0.00032260048,0.00012530432,disp_e,466276212.0,et
1669,5,0.013975633,0.9852701,0.00044673792,0.00030760796,disp_e,466276212.0,et
1669,6,0.0193898,0.9793926,0.00084393163,0.00037370523,disp_e,466276212.0,et
1669,7,0.009266448,0.9906743,4.2265376e-05,1.6966127e-05,disp_e,466276212.0,et
1669,8,0.011355182,0.9878225,0.00035941583,0.00046289098,disp_e,466276212.0,et
1669,9,0.022467803,0.9765487,0.00060860097,0.00037484482,disp_e,466276212.0,et
1669,10,0.012813654,0.98643214,0.0004768866,0.00027724702,disp_e,466276212.0,et
2245,1,0.001286735,0.99861085,5.3614585e-05,4.877843e-05,disp_e,197676493.0,eb
2245,2,0.0044936645,0.99379456,0.0008339997,0.00087778363,disp_e,197676493.0,eb
2245,3,0.0041710925,0.9947318,0.00039698675,0.0007000451,disp_e,197676493.0,eb
2245,4,0.0021577734,0.9974214,0.0002189973,0.0002019024,disp_e,197676493.0,eb
2245,5,0.0044498676,0.9941842,0.0006064554,0.00075944443,disp_e,197676493.0,eb
2245,6,0.0034282058,0.9952754,0.0007591542,0.00053726026,disp_e,197676493.0,eb
2245,7,0.0013228904,0.9985386,7.806735e-05,6.050877e-05,disp_e,197676493.0,eb
2245,8,0.0031971997,0.9951444,0.0005582384,0.0011000488,disp_e,197676493.0,eb
2245,9,0.0042014625,0.9944488,0.00058915507,0.00076061796,disp_e,197676493.0,eb
2245,10,0.004262841,0.99428105,0.0006333723,0.00082272064,disp_e,197676493.0,eb
3689,1,0.15312248,0.8136349,0.011059239,0.0221834,disp_e,460047218.0,pb
3689,2,0.10677951,0.86671406,0.011859564,0.014646862,disp_e,460047218.0,pb
3689,3,0.078819625,0.9005185,0.0069385814,0.0137233725,disp_e,460047218.0,pb
3689,4,0.16438814,0.8017895,0.011099787,0.022722615,disp_e,460047218.0,pb
3689,5,0.07856495,0.89914197,0.009448798,0.012844347,disp_e,460047218.0,pb
3689,6,0.11716858,0.8572735,0.011820347,0.013737589,disp_e,460047218.0,pb
3689,7,0.11750537,0.8580224,0.010908046,0.013564135,disp_e,460047218.0,pb
3689,8,0.09410403,0.8815603,0.008716093,0.015619532,disp_e,460047218.0,pb
3689,9,0.0786039,0.8965422,0.010553705,0.014300295,disp_e,460047218.0,pb
3689,10,0.08437154,0.8933142,0.0089158425,0.013398466,disp_e,460047218.0,pb
1070,1,0.0033246174,0.99658245,5.609792e-05,3.6857902e-05,disp_e,314887863.0,et
1070,2,0.007063763,0.9917176,0.0006833264,0.00053532317,disp_e,314887863.0,et
1070,3,0.007334246,0.9918098,0.0003795143,0.0004765324,disp_e,314887863.0,et
1070,4,0.006796005,0.9926765,0.00032586127,0.00020168607,disp_e,314887863.0,et
1070,5,0.0062872074,0.9928635,0.00043684695,0.00041248006,disp_e,314887863.0,et
1070,6,0.0067424625,0.991964,0.000819344,0.0004742409,disp_e,314887863.0,et
1070,7,0.0032558816,0.9966054,8.803058e-05,5.0761417e-05,disp_e,314887863.0,et
1070,8,0.0062473454,0.9925706,0.0004754582,0.00070667895,disp_e,314887863.0,et
1070,9,0.007717258,0.99117404,0.00061021873,0.0004984848,disp_e,314887863.0,et
1070,10,0.007872553,0.99108106,0.0005970824,0.00044926556,disp_e,314887863.0,et
6428,1,0.94423836,0.029331164,0.005176748,0.021253724,disp_p,234160911.0,pu
6428,2,0.925625,0.06858565,0.0028359706,0.0029534276,disp_p,234160911.0,pu
6428,3,0.86537635,0.12698078,0.0035364572,0.004106419,disp_p,234160911.0,pu
6428,4,0.90669215,0.0743394,0.006672057,0.012296403,disp_p,234160911.0,pu
6428,5,0.9220846,0.07176539,0.00289162,0.0032583089,disp_p,234160911.0,pu
6428,6,0.944619,0.050080974,0.0027524254,0.0025475787,disp_p,234160911.0,pu
6428,7,0.9083706,0.056752186,0.008922252,0.025954984,disp_p,234160911.0,pu
6428,8,0.87671775,0.11421247,0.004429588,0.00464027,disp_p,234160911.0,pu
6428,9,0.88931805,0.10534581,0.0030134053,0.0023227863,disp_p,234160911.0,pu
6428,10,0.92717904,0.066053495,0.0035012849,0.0032661217,disp_p,234160911.0,pu
28607,1,0.33474192,0.4581815,0.03129869,0.17577788,disp_e,5504732.0,J
28607,2,0.18288153,0.34636536,0.02675448,0.4439986,disp_e,5504732.0,J
28607,3,0.17250723,0.22823209,0.023455597,0.5758051,disp_e,5504732.0,J
28607,4,0.20838523,0.2746042,0.029195998,0.48781455,disp_e,5504732.0,J
28607,5,0.15197556,0.42474025,0.027780293,0.39550394,disp_e,5504732.0,J
28607,6,0.17948246,0.2551043,0.028799219,0.53661406,disp_e,5504732.0,J
28607,7,0.2839449,0.34169647,0.0397504,0.3346082,disp_e,5504732.0,J
28607,8,0.15463309,0.40439904,0.021349713,0.41961813,disp_e,5504732.0,J
28607,9,0.1625476,0.33995542,0.023485547,0.4740115,disp_e,5504732.0,J
28607,10,0.13705742,0.5237165,0.02083024,0.31839585,disp_e,5504732.0,J
9808,1,0.9831307,0.0016576428,0.0018031971,0.013408416,disp_p,,
9808,2,0.986284,0.0018509772,0.0010012975,0.010863727,disp_p,,
9808,3,0.9799708,0.005156426,0.0034439599,0.011428849,disp_p,,
9808,4,0.9836046,0.0022893548,0.0012067574,0.012899303,disp_p,,
9808,5,0.98351663,0.0021386289,0.0010663683,0.013278467,disp_p,,
9808,6,0.9883576,0.0013305153,0.0008739726,0.009437883,disp_p,,
9808,7,0.982518,0.0018272034,0.0012940816,0.014360663,disp_p,,
9808,8,0.9857662,0.0018273348,0.0010104631,0.011396049,disp_p,,
9808,9,0.98447716,0.0026213033,0.0014747215,0.011426803,disp_p,,
9808,10,0.9894314,0.0009880828,0.0010687605,0.008511806,disp_p,,
2531,1,0.9182219,0.08013377,0.00092414604,0.0007202086,disp_p,256621916.0,eb
2531,2,0.1933369,0.8010847,0.0036014994,0.0019768996,disp_e,256621916.0,eb
2531,3,0.18326154,0.81179655,0.0027680474,0.0021738033,disp_e,256621916.0,eb
2531,4,0.78381133,0.21268666,0.002330802,0.0011712472,disp_p,256621916.0,eb
2531,5,0.14419729,0.8513831,0.002590943,0.001828635,disp_e,256621916.0,eb
2531,6,0.18156163,0.81235677,0.004069977,0.0020116733,disp_e,256621916.0,eb
2531,7,0.8732277,0.12490372,0.001064187,0.0008043672,disp_p,256621916.0,eb
2531,8,0.12212396,0.8737211,0.0020109501,0.0021439919,disp_e,256621916.0,eb
2531,9,0.22991903,0.76538646,0.0031149224,0.0015795635,disp_e,256621916.0,eb
2531,10,0.14583561,0.84978735,0.0028674726,0.0015094677,disp_e,256621916.0,eb
26515,1,0.16107488,0.30248415,0.039521374,0.4969196,disp_e,1254504863.0,
26515,2,0.050812066,0.119344,0.023181936,0.8066621,disp_j,1254504863.0,
26515,3,0.05194977,0.107754566,0.031619925,0.8086757,disp_j,1254504863.0,
26515,4,0.091462776,0.071900025,0.022292184,0.81434494,disp_j,1254504863.0,
26515,5,0.05550018,0.112658285,0.0235846,0.808257,disp_j,1254504863.0,
26515,6,0.04697022,0.060596135,0.018262181,0.87417156,disp_j,1254504863.0,
26515,7,0.1002981,0.20816757,0.033582393,0.6579519,disp_j,1254504863.0,
26515,8,0.057023212,0.11216448,0.02906281,0.8017495,disp_j,1254504863.0,
26515,9,0.047891982,0.080898754,0.018907279,0.852302,disp_j,1254504863.0,
26515,10,0.040168483,0.10539349,0.016613716,0.8378242,disp_j,1254504863.0,
26756,1,0.0023937863,0.0639669,0.0015393236,0.9321,disp_j,156929705.0,
26756,2,0.008470283,0.2135557,0.002662356,0.7753117,disp_j,156929705.0,
26756,3,0.010631079,0.32503518,0.0034350406,0.66089875,disp_e,156929705.0,
26756,4,0.0035829034,0.1597986,0.0019901972,0.8346282,disp_j,156929705.0,
26756,5,0.0073647667,0.15557565,0.004336311,0.8327233,disp_j,156929705.0,
26756,6,0.00706338,0.16224119,0.0058986056,0.82479686,disp_j,156929705.0,
26756,7,0.0025942128,0.103596844,0.0030546323,0.8907543,disp_j,156929705.0,
26756,8,0.006126721,0.066141866,0.004022691,0.92370874,disp_j,156929705.0,
26756,9,0.004491248,0.3950087,0.0022409218,0.59825915,disp_e,156929705.0,
26756,10,0.009949136,0.19931678,0.004394098,0.78634006,disp_j,156929705.0,
5699,1,0.9981401,0.0012937901,0.00020862804,0.0003575239,disp_p,161738745.0,pu
5699,2,0.99771214,0.0017255316,0.00026642162,0.000295935,disp_p,161738745.0,pu
5699,3,0.997009,0.0022057844,0.00037060794,0.00041470703,disp_p,161738745.0,pu
5699,4,0.9984642,0.0011437915,0.0002019921,0.00019006482,disp_p,161738745.0,pu
5699,5,0.99745613,0.0017374993,0.00036143145,0.00044493194,disp_p,161738745.0,pu
5699,6,0.99783784,0.0014423184,0.00035539106,0.00036447475,disp_p,161738745.0,pu
5699,7,0.99771047,0.0016675193,0.00022360538,0.00039835842,disp_p,161738745.0,pu
5699,8,0.99764204,0.0017453952,0.000288349,0.00032415407,disp_p,161738745.0,pu
5699,9,0.99689144,0.0022981083,0.00043399457,0.00037646244,disp_p,161738745.0,pu
5699,10,0.9980305,0.001438852,0.0002649883,0.00026568596,disp_p,161738745.0,pu
2472,1,0.050255302,0.9491085,0.00036413068,0.0002721525,disp_e,242365470.0,eb
2472,2,0.038066957,0.95815754,0.0021948207,0.0015807541,disp_e,242365470.0,eb
2472,3,0.0324422,0.9645207,0.0013616945,0.001675419,disp_e,242365470.0,eb
2472,4,0.100839026,0.89650786,0.0015974147,0.0010557174,disp_e,242365470.0,eb
2472,5,0.035845958,0.96136117,0.0015034059,0.0012894459,disp_e,242365470.0,eb
2472,6,0.051278606,0.94485503,0.0023989961,0.0014674715,disp_e,242365470.0,eb
2472,7,0.059412736,0.9395712,0.0006273959,0.0003886533,disp_e,242365470.0,eb
2472,8,0.019554745,0.9773959,0.0012052635,0.0018441236,disp_e,242365470.0,eb
2472,9,0.04515132,0.9518035,0.0016071581,0.0014380214,disp_e,242365470.0,eb
2472,10,0.041500766,0.95578516,0.0014854321,0.0012286267,disp_e,242365470.0,eb
10318,1,0.9999161,5.1878615e-05,9.243491e-06,2.2790453e-05,disp_p,,
10318,2,0.9999696,2.1374824e-05,4.0152686e-06,5.0038166e-06,disp_p,,
10318,3,0.9999745,1.8699011e-05,3.5381036e-06,3.1833806e-06,disp_p,,
10318,4,0.9998573,0.00012257132,1.1406229e-05,8.622468e-06,disp_p,,
10318,5,0.99996364,2.1506643e-05,5.62761e-06,9.2989185e-06,disp_p,,
10318,6,0.99995923,2.82825e-05,6.3264483e-06,6.2177724e-06,disp_p,,
10318,7,0.99987113,0.00010413157,7.439561e-06,1.7323415e-05,disp_p,,
10318,8,0.9999651,2.4737983e-05,4.6083346e-06,5.5511323e-06,disp_p,,
10318,9,0.9999666,2.6413267e-05,4.4388116e-06,2.5084769e-06,disp_p,,
10318,10,0.9999504,2.2410688e-05,1.3668149e-05,1.3503823e-05,disp_p,,
10762,1,1.0,2.1935034e-37,0.0,1.964555e-16,disp_p,,
10762,2,1.0,1.6782355e-29,4.3482412e-32,3.1122688e-10,disp_p,,
10762,3,1.0,2.1138211e-30,8.2922804e-32,2.834707e-08,disp_p,,
10762,4,1.0,0.0,0.0,5.450547e-32,disp_p,,
10762,5,0.9965222,0.0,0.0,0.0034778006,disp_p,,
10762,6,1.0,0.0,0.0,2.1383048e-08,disp_p,,
10762,7,1.0,0.0,0.0,2.8109345e-13,disp_p,,
10762,8,1.0,0.0,0.0,1.5427902e-10,disp_p,,
10762,9,0.99999917,3.253884e-33,6.7323994e-31,8.6890446e-07,disp_p,,
10762,10,1.0,0.0,0.0,7.072221e-12,disp_p,,
1790,1,0.13455297,0.8313318,0.0031358502,0.030979421,disp_e,47753025.0,eb
1790,2,0.044636153,0.94365054,0.001661445,0.010051831,disp_e,47753025.0,eb
1790,3,0.03339273,0.950511,0.0013796459,0.014716615,disp_e,47753025.0,eb
1790,4,0.08361447,0.881716,0.0015708942,0.033098627,disp_e,47753025.0,eb
1790,5,0.03872175,0.94747275,0.0010310039,0.012774496,disp_e,47753025.0,eb
1790,6,0.029858908,0.95769733,0.0012966302,0.011147101,disp_e,47753025.0,eb
1790,7,0.11354218,0.8317881,0.0036509638,0.051018793,disp_e,47753025.0,eb
1790,8,0.03564335,0.94414145,0.0018424714,0.018372785,disp_e,47753025.0,eb
1790,9,0.034182068,0.95145947,0.0013471072,0.013011452,disp_e,47753025.0,eb
1790,10,0.03088985,0.9590215,0.00090552523,0.009183087,disp_e,47753025.0,eb
10577,1,0.9687835,0.00091443036,0.0006978249,0.029604314,disp_p,,
10577,2,0.97938687,9.835125e-05,0.00013163865,0.02038305,disp_p,,
10577,3,0.97920996,0.0006695959,0.00061410107,0.019506294,disp_p,,
10577,4,0.97850966,0.0010544386,0.0006078669,0.01982797,disp_p,,
10577,5,0.9844282,0.00015208419,0.00030828506,0.015111481,disp_p,,
10577,6,0.9789119,0.00013854934,0.00015942767,0.02079017,disp_p,,
10577,7,0.9774883,0.0009818055,0.0008031543,0.020726733,disp_p,,
10577,8,0.95611525,0.00068878155,0.00105484,0.042141106,disp_p,,
10577,9,0.96699196,0.00046877188,0.0006807464,0.031858597,disp_p,,
10577,10,0.97490746,0.00018223762,0.00031385606,0.024596348,disp_p,,
4369,1,0.9987425,0.0007553434,0.00016227896,0.00033985023,disp_p,46631742.0,pu
4369,2,0.99941933,0.0004772159,5.389724e-05,4.9616447e-05,disp_p,46631742.0,pu
4369,3,0.99921405,0.00061342516,9.127679e-05,8.130574e-05,disp_p,46631742.0,pu
4369,4,0.99900395,0.00076373084,0.00011390369,0.00011844766,disp_p,46631742.0,pu
4369,5,0.99956995,0.0003052858,6.318009e-05,6.154449e-05,disp_p,46631742.0,pu
4369,6,0.9996457,0.00025164807,5.5940593e-05,4.679395e-05,disp_p,46631742.0,pu
4369,7,0.9985279,0.0010816394,0.00013418117,0.00025627433,disp_p,46631742.0,pu
4369,8,0.99970055,0.00023041281,3.5995527e-05,3.304588e-05,disp_p,46631742.0,pu
4369,9,0.999387,0.0005024799,7.041611e-05,4.01235e-05,disp_p,46631742.0,pu
4369,10,0.99971,0.00020707773,4.9870003e-05,3.3060725e-05,disp_p,46631742.0,pu
1842,1,0.024409978,0.9755054,5.5800854e-05,2.8881734e-05,disp_e,69284553.0,et
1842,2,0.013274461,0.9856139,0.00070736697,0.00040428774,disp_e,69284553.0,et
1842,3,0.013874505,0.98515016,0.00045753916,0.00051779737,disp_e,69284553.0,et
1842,4,0.027041538,0.9724291,0.00037746684,0.00015190365,disp_e,69284553.0,et
1842,5,0.012450141,0.9866354,0.0005175287,0.00039694944,disp_e,69284553.0,et
1842,6,0.015346938,0.9834863,0.000804005,0.00036274068,disp_e,69284553.0,et
1842,7,0.017222477,0.9826568,8.356067e-05,3.71706e-05,disp_e,69284553.0,et
1842,8,0.008766867,0.9902981,0.00038313578,0.0005518436,disp_e,69284553.0,et
1842,9,0.023318887,0.9756678,0.0006202902,0.00039298224,disp_e,69284553.0,et
1842,10,0.01088751,0.988356,0.00045557859,0.00030095255,disp_e,69284553.0,et
3198,1,0.09464669,0.9043904,0.00054825825,0.00041461622,disp_e,365070128.0,et
3198,2,0.046058267,0.949152,0.0027571223,0.0020326145,disp_e,365070128.0,et
3198,3,0.066953294,0.9284006,0.0020348285,0.0026113482,disp_e,365070128.0,et
3198,4,0.08417771,0.9130743,0.0017591157,0.0009888388,disp_e,365070128.0,et
3198,5,0.046658706,0.94908315,0.0021525722,0.0021055755,disp_e,365070128.0,et
3198,6,0.057068396,0.9379741,0.0031016243,0.0018558803,disp_e,365070128.0,et
3198,7,0.09341649,0.9051032,0.0009325402,0.00054776866,disp_e,365070128.0,et
3198,8,0.030256996,0.9646198,0.0018620673,0.0032610495,disp_e,365070128.0,et
3198,9,0.06396113,0.93209374,0.0021522695,0.0017928424,disp_e,365070128.0,et
3198,10,0.040520962,0.9555738,0.0019528032,0.0019523498,disp_e,365070128.0,et
5838,1,0.9823453,0.006382565,0.0022555056,0.0090165995,disp_p,175193677.0,pu
5838,2,0.9952484,0.0043949927,0.00020341067,0.00015333552,disp_p,175193677.0,pu
5838,3,0.9894995,0.009753421,0.00043245446,0.00031460746,disp_p,175193677.0,pu
5838,4,0.9840502,0.012926893,0.0013802553,0.001642613,disp_p,175193677.0,pu
5838,5,0.99366283,0.005836342,0.00025865692,0.00024214275,disp_p,175193677.0,pu
5838,6,0.99538714,0.0042429357,0.00021648353,0.00015354379,disp_p,175193677.0,pu
5838,7,0.98068583,0.010943278,0.0021503025,0.0062206537,disp_p,175193677.0,pu
5838,8,0.9938066,0.005511362,0.00034412195,0.0003379245,disp_p,175193677.0,pu
5838,9,0.9915087,0.008134865,0.00023625404,0.000120164004,disp_p,175193677.0,pu
5838,10,0.99462456,0.004823493,0.0003302987,0.00022156646,disp_p,175193677.0,pu
5089,1,0.997465,0.0020830461,0.00019371357,0.00025819673,disp_p,118603213.0,pu
5089,2,0.99892056,0.000982456,5.896993e-05,3.803897e-05,disp_p,118603213.0,pu
5089,3,0.99792224,0.0018667498,0.00012833752,8.26857e-05,disp_p,118603213.0,pu
5089,4,0.99812657,0.0016661288,0.00012258913,8.4725085e-05,disp_p,118603213.0,pu
5089,5,0.9987679,0.0010850375,8.86596e-05,5.8355254e-05,disp_p,118603213.0,pu
5089,6,0.99922323,0.0006753262,6.230597e-05,3.9114846e-05,disp_p,118603213.0,pu
5089,7,0.99709535,0.0024993452,0.00015984022,0.00024547297,disp_p,118603213.0,pu
5089,8,0.9987367,0.0011601114,6.0863073e-05,4.243327e-05,disp_p,118603213.0,pu
5089,9,0.9979265,0.0019051627,0.00012251828,4.5847235e-05,disp_p,118603213.0,pu
5089,10,0.99895775,0.00090787053,9.2956325e-05,4.1308915e-05,disp_p,118603213.0,pu
1437,1,0.011942071,0.9879759,5.3980806e-05,2.8045206e-05,disp_e,390661644.0,et
1437,2,0.014689656,0.9839575,0.0008728323,0.00047995526,disp_e,390661644.0,et
1437,3,0.015049061,0.983763,0.0006011188,0.0005868202,disp_e,390661644.0,et
1437,4,0.022009082,0.9773282,0.0004591881,0.00020349014,disp_e,390661644.0,et
1437,5,0.012054708,0.98706114,0.0005001569,0.00038408276,disp_e,390661644.0,et
1437,6,0.014122775,0.9845099,0.00093786337,0.00042947437,disp_e,390661644.0,et
1437,7,0.012955408,0.9868945,0.000103892635,4.629391e-05,disp_e,390661644.0,et
1437,8,0.01018456,0.98871547,0.00048379696,0.00061620993,disp_e,390661644.0,et
1437,9,0.021908505,0.9768504,0.0007708778,0.00047020288,disp_e,390661644.0,et
1437,10,0.011466891,0.9876507,0.00054899853,0.0003334383,disp_e,390661644.0,et
1744,1,0.9559438,0.0054757018,0.0023119976,0.036268525,disp_p,29781865.0,
1744,2,0.6102839,0.02433833,0.010091521,0.35528627,disp_p,29781865.0,
1744,3,0.46789804,0.03413223,0.014423953,0.48354575,disp_j,29781865.0,
1744,4,0.6691399,0.025570275,0.012020098,0.29326966,disp_p,29781865.0,
1744,5,0.5604413,0.03567862,0.016586512,0.38729355,disp_p,29781865.0,
1744,6,0.5688352,0.03561145,0.013586014,0.38196737,disp_p,29781865.0,
1744,7,0.8459681,0.015942076,0.007394754,0.13069512,disp_p,29781865.0,
1744,8,0.453276,0.045665264,0.020491453,0.48056725,disp_j,29781865.0,
1744,9,0.39868292,0.035450213,0.012263063,0.55360377,disp_j,29781865.0,
1744,10,0.721945,0.02838055,0.008577701,0.24109675,disp_p,29781865.0,
1814,1,0.91855186,0.07951105,0.0009816175,0.0009554246,disp_p,55452495.0,eb
1814,2,0.96636903,0.032542963,0.00074472727,0.00034326984,disp_p,55452495.0,eb
1814,3,0.9388391,0.059682257,0.0009215521,0.00055713794,disp_p,55452495.0,eb
1814,4,0.9267389,0.07167106,0.0011117255,0.00047829177,disp_p,55452495.0,eb
1814,5,0.9601943,0.038466237,0.00085376075,0.00048560972,disp_p,55452495.0,eb
1814,6,0.9573925,0.041308556,0.00091703964,0.00038196155,disp_p,55452495.0,eb
1814,7,0.90505636,0.0929576,0.0010985654,0.0008875107,disp_p,55452495.0,eb
1814,8,0.9550939,0.04337895,0.00091256015,0.00061462325,disp_p,55452495.0,eb
1814,9,0.9565774,0.042620044,0.0006149231,0.00018756042,disp_p,55452495.0,eb
1814,10,0.9574407,0.040748846,0.0012505978,0.00055986544,disp_p,55452495.0,eb
1147,1,0.019209899,0.97818494,0.0012830712,0.0013220952,disp_e,339399882.0,eb
1147,2,0.013468286,0.9846222,0.001063121,0.0008464018,disp_e,339399882.0,eb
1147,3,0.013359395,0.985366,0.00058408146,0.0006905705,disp_e,339399882.0,eb
1147,4,0.011506075,0.98674554,0.00090052426,0.0008478954,disp_e,339399882.0,eb
1147,5,0.0156193,0.9828927,0.00081986055,0.00066806044,disp_e,339399882.0,eb
1147,6,0.012636883,0.98578054,0.0010044283,0.0005781475,disp_e,339399882.0,eb
1147,7,0.015175544,0.9825508,0.001205684,0.0010679333,disp_e,339399882.0,eb
1147,8,0.019232316,0.9776694,0.0013052896,0.0017930161,disp_e,339399882.0,eb
1147,9,0.012143907,0.9863413,0.000833825,0.0006809159,disp_e,339399882.0,eb
1147,10,0.020232763,0.9777729,0.0010576505,0.0009366914,disp_e,339399882.0,eb
3716,1,0.6387399,0.31170344,0.0132455295,0.036311172,disp_e,463210547.0,eb
3716,2,0.17914946,0.612492,0.033885565,0.17447299,disp_e,463210547.0,eb
3716,3,0.19320692,0.6002389,0.02730061,0.1792535,disp_e,463210547.0,eb
3716,4,0.32670316,0.5525567,0.023590798,0.09714935,disp_e,463210547.0,eb
3716,5,0.14558126,0.6730666,0.025864871,0.15548737,disp_e,463210547.0,eb
3716,6,0.21390602,0.6197397,0.029644392,0.13670993,disp_e,463210547.0,eb
3716,7,0.45534423,0.44104806,0.024169335,0.079438455,disp_e,463210547.0,eb
3716,8,0.1298522,0.68268275,0.029490622,0.15797433,disp_e,463210547.0,eb
3716,9,0.121493906,0.6204584,0.030563734,0.22748391,disp_e,463210547.0,eb
3716,10,0.18381204,0.67404073,0.018008132,0.124139145,disp_e,463210547.0,eb
9695,1,0.9832032,0.0016562786,0.0018007144,0.013339776,disp_p,,
9695,2,0.98631626,0.0018538148,0.0010028469,0.010827049,disp_p,,
9695,3,0.980213,0.0051268833,0.0034161503,0.011243981,disp_p,,
9695,4,0.98368233,0.0022879837,0.0012047195,0.0128249,disp_p,,
9695,5,0.9835321,0.0021459367,0.0010694125,0.0132526085,disp_p,,
9695,6,0.98836064,0.0013363957,0.0008777776,0.009425167,disp_p,,
9695,7,0.9825785,0.0018279783,0.0012939713,0.014299473,disp_p,,
9695,8,0.98578817,0.0018290336,0.001013828,0.011368991,disp_p,,
9695,9,0.9845285,0.0026226565,0.0014754463,0.011373521,disp_p,,
9695,10,0.9894075,0.0009934489,0.001074942,0.008524101,disp_p,,
9864,1,0.9998919,7.082434e-05,1.1084308e-05,2.625013e-05,disp_p,,
9864,2,0.99964726,0.0001812371,4.0535957e-05,0.00013099563,disp_p,,
9864,3,0.99948764,0.0003791155,6.369169e-05,6.943189e-05,disp_p,,
9864,4,0.99958557,0.0003283979,3.803715e-05,4.798708e-05,disp_p,,
9864,5,0.9994123,0.0003582149,5.5911263e-05,0.00017358825,disp_p,,
9864,6,0.9992531,0.00043732027,7.138234e-05,0.00023824949,disp_p,,
9864,7,0.9998105,0.00013996988,1.4336675e-05,3.5182165e-05,disp_p,,
9864,8,0.999246,0.0005651158,6.328285e-05,0.00012561747,disp_p,,
9864,9,0.9993623,0.0004947371,6.340089e-05,7.965156e-05,disp_p,,
9864,10,0.9992336,0.0002717618,0.00011006086,0.00038459332,disp_p,,
8158,1,0.34601575,0.0045504104,0.006553401,0.64288044,disp_j,367855829.0,pu
8158,2,0.06775773,0.011287198,0.005602287,0.9153528,disp_j,367855829.0,pu
8158,3,0.04834257,0.006283465,0.006091552,0.9392824,disp_j,367855829.0,pu
8158,4,0.061871674,0.0055188295,0.004897502,0.92771196,disp_j,367855829.0,pu
8158,5,0.0458691,0.0075763883,0.0056777983,0.94087666,disp_j,367855829.0,pu
8158,6,0.06479239,0.006111661,0.004474288,0.9246217,disp_j,367855829.0,pu
8158,7,0.0701691,0.0037532456,0.0035639156,0.9225138,disp_j,367855829.0,pu
8158,8,0.037431974,0.00946544,0.005684252,0.9474183,disp_j,367855829.0,pu
8158,9,0.035573374,0.0072666984,0.0039019722,0.95325804,disp_j,367855829.0,pu
8158,10,0.061223343,0.011691679,0.003922346,0.92316264,disp_j,367855829.0,pu
240,1,0.006597368,0.9931224,0.00015431721,0.00012594523,disp_e,30505260.0,et
240,2,0.0090118665,0.9898441,0.00064815994,0.00049583334,disp_e,30505260.0,et
240,3,0.007548027,0.99170834,0.00033284456,0.00041085956,disp_e,30505260.0,et
240,4,0.009990615,0.9892279,0.00044444643,0.00033704142,disp_e,30505260.0,et
240,5,0.007535125,0.9917264,0.00038887927,0.00034958325,disp_e,30505260.0,et
240,6,0.00869013,0.990144,0.00074597355,0.00041985066,disp_e,30505260.0,et
240,7,0.0056359367,0.9940409,0.00019200257,0.00013123215,disp_e,30505260.0,et
240,8,0.009416512,0.9894071,0.0004915995,0.0006847627,disp_e,30505260.0,et
240,9,0.008085663,0.99104476,0.0004938697,0.0003757195,disp_e,30505260.0,et
240,10,0.010203238,0.9886606,0.00065062416,0.0004856188,disp_e,30505260.0,et
1378,1,0.00051391876,0.99939215,4.084712e-05,5.3050993e-05,disp_e,380916235.0,et
1378,2,0.0035727003,0.9943798,0.00084600813,0.0012015249,disp_e,380916235.0,et
1378,3,0.0035031487,0.99518764,0.00041798386,0.00089116243,disp_e,380916235.0,et
1378,4,0.0012746643,0.9981629,0.0002240202,0.00033843078,disp_e,380916235.0,et
1378,5,0.0036516464,0.9946137,0.00063856866,0.0010960221,disp_e,380916235.0,et
1378,6,0.002956144,0.9953057,0.00082781754,0.00091033883,disp_e,380916235.0,et
1378,7,0.0008662556,0.9989668,7.8901874e-05,8.806044e-05,disp_e,380916235.0,et
1378,8,0.0030216845,0.9944508,0.00075929135,0.0017682023,disp_e,380916235.0,et
1378,9,0.0031469858,0.9950275,0.00063647726,0.0011890024,disp_e,380916235.0,et
1378,10,0.0039025478,0.9942907,0.0006629354,0.0011437674,disp_e,380916235.0,et
7272,1,0.9978892,0.0014577308,0.00023287628,0.000420134,disp_p,294594423.0,pu
7272,2,0.9995455,0.00043048555,1.5924526e-05,7.968124e-06,disp_p,294594423.0,pu
7272,3,0.99902403,0.0009263309,3.2521737e-05,1.715978e-05,disp_p,294594423.0,pu
7272,4,0.99813265,0.0016174637,0.00014197029,0.00010799119,disp_p,294594423.0,pu
7272,5,0.99951756,0.00044704747,2.261094e-05,1.2703645e-05,disp_p,294594423.0,pu
7272,6,0.99970275,0.0002752896,1.5622134e-05,6.3694183e-06,disp_p,294594423.0,pu
7272,7,0.9976418,0.001787193,0.00019414074,0.00037698282,disp_p,294594423.0,pu
7272,8,0.99949384,0.00047388827,2.0232957e-05,1.2012898e-05,disp_p,294594423.0,pu
7272,9,0.99903655,0.00092866,2.823375e-05,6.6335833e-06,disp_p,294594423.0,pu
7272,10,0.99952316,0.00042316996,3.9813527e-05,1.3860715e-05,disp_p,294594423.0,pu
1058,1,0.0005041075,0.9994747,1.2059983e-05,9.152834e-06,disp_e,311963578.0,et
1058,2,0.0027500358,0.9962451,0.0004774605,0.0005274356,disp_e,311963578.0,et
1058,3,0.0027990772,0.9964805,0.0002441418,0.00047627185,disp_e,311963578.0,et
1058,4,0.0012006183,0.99856085,0.0001285862,0.00010999976,disp_e,311963578.0,et
1058,5,0.002643172,0.9966107,0.00031700777,0.00042916634,disp_e,311963578.0,et
1058,6,0.002407621,0.9966259,0.0005525084,0.00041401217,disp_e,311963578.0,et
1058,7,0.00050105783,0.99946576,1.954795e-05,1.3673803e-05,disp_e,311963578.0,et
1058,8,0.001839496,0.99733317,0.00027038722,0.00055702624,disp_e,311963578.0,et
1058,9,0.0028167365,0.9962631,0.00038786934,0.0005323082,disp_e,311963578.0,et
1058,10,0.0027945691,0.99648994,0.00032408372,0.0003914351,disp_e,311963578.0,et
3013,1,0.36806348,0.6304421,0.0008578235,0.0006366155,disp_e,329170722.0,eb
3013,2,0.569374,0.4277773,0.0019837439,0.00086493517,disp_e,329170722.0,eb
3013,3,0.57699007,0.42056003,0.001447962,0.0010019223,disp_e,329170722.0,eb
3013,4,0.448112,0.54939204,0.0017475733,0.0007483344,disp_e,329170722.0,eb
3013,5,0.59109455,0.4063011,0.0016618305,0.0009424648,disp_e,329170722.0,eb
3013,6,0.57127655,0.42558488,0.0022216474,0.00091687625,disp_e,329170722.0,eb
3013,7,0.3077379,0.6906358,0.0010106129,0.000615726,disp_e,329170722.0,eb
3013,8,0.4545907,0.5416474,0.0019848815,0.0017769486,disp_e,329170722.0,eb
3013,9,0.64852935,0.34985432,0.0011731606,0.0004431587,disp_e,329170722.0,eb
3013,10,0.5270191,0.47027725,0.0018251403,0.0008785267,disp_e,329170722.0,eb
3089,1,0.996431,0.003046583,0.00020171904,0.00032075617,disp_p,339672028.0,pt
3089,2,0.99777657,0.002180709,3.0437515e-05,1.2251137e-05,disp_p,339672028.0,pt
3089,3,0.9882576,0.011597961,9.4143834e-05,5.035255e-05,disp_p,339672028.0,pt
3089,4,0.9909621,0.008470304,0.00032422345,0.00024331942,disp_p,339672028.0,pt
3089,5,0.99668473,0.0032473397,4.626297e-05,2.1706104e-05,disp_p,339672028.0,pt
3089,6,0.99813867,0.0018068267,3.994994e-05,1.4503681e-05,disp_p,339672028.0,pt
3089,7,0.99468344,0.0043470995,0.000321319,0.00064813154,disp_p,339672028.0,pt
3089,8,0.9975327,0.0024140314,3.5111618e-05,1.8151732e-05,disp_p,339672028.0,pt
3089,9,0.9944353,0.005501139,5.2789073e-05,1.0750269e-05,disp_p,339672028.0,pt
3089,10,0.997666,0.0022487433,6.544918e-05,1.984513e-05,disp_p,339672028.0,pt
1020,1,0.18774308,0.78985494,0.005301894,0.017100029,disp_e,306890690.0,eb
1020,2,0.05652353,0.90067047,0.0077442857,0.03506165,disp_e,306890690.0,eb
1020,3,0.067119725,0.8833887,0.006983256,0.042508252,disp_e,306890690.0,eb
1020,4,0.13438635,0.82902116,0.0047591976,0.031833258,disp_e,306890690.0,eb
1020,5,0.050699014,0.9091166,0.0054869615,0.034697425,disp_e,306890690.0,eb
1020,6,0.039537225,0.93311584,0.004938144,0.02240872,disp_e,306890690.0,eb
1020,7,0.15343246,0.8157981,0.0068342253,0.023935217,disp_e,306890690.0,eb
1020,8,0.041310832,0.9181861,0.0058171162,0.034685943,disp_e,306890690.0,eb
1020,9,0.05907969,0.88620245,0.007463768,0.04725405,disp_e,306890690.0,eb
1020,10,0.04110857,0.92995244,0.004159218,0.024779703,disp_e,306890690.0,eb
4713,1,0.9877473,0.010619988,0.00069683784,0.0009358735,disp_p,77958378.0,pu
4713,2,0.99656385,0.003300965,9.147932e-05,4.3743155e-05,disp_p,77958378.0,pu
4713,3,0.9852763,0.0143514285,0.00023799555,0.00013435853,disp_p,77958378.0,pu
4713,4,0.9771962,0.021961035,0.0005544771,0.0002882338,disp_p,77958378.0,pu
4713,5,0.99450994,0.005275636,0.00013568069,7.880084e-05,disp_p,77958378.0,pu
4713,6,0.9961054,0.0037454811,0.000104575265,4.4535675e-05,disp_p,77958378.0,pu
4713,7,0.97982395,0.018744154,0.0006701905,0.0007616353,disp_p,77958378.0,pu
4713,8,0.99531,0.004474386,0.0001350247,8.064656e-05,disp_p,77958378.0,pu
4713,9,0.98816746,0.011633403,0.0001557728,4.3371132e-05,disp_p,77958378.0,pu
4713,10,0.9951255,0.004602519,0.00019564081,7.6447126e-05,disp_p,77958378.0,pu
27562,1,3.6346537e-05,1.9862999e-05,8.114387e-06,0.9999356,disp_j,278823375.0,
27562,2,9.450406e-05,5.1101782e-05,5.1161255e-06,0.9998492,disp_j,278823375.0,
27562,3,6.938864e-05,3.055476e-05,1.4229881e-05,0.9998858,disp_j,278823375.0,
27562,4,2.0919146e-05,3.1834494e-05,5.162419e-06,0.99994206,disp_j,278823375.0,
27562,5,0.00010344689,5.322786e-05,1.1580074e-05,0.9998317,disp_j,278823375.0,
27562,6,7.265551e-05,2.7192735e-05,6.8152885e-06,0.9998933,disp_j,278823375.0,
27562,7,1.6915452e-05,3.3214816e-05,9.226315e-06,0.99994063,disp_j,278823375.0,
27562,8,0.00012478502,2.0822192e-05,1.4483441e-05,0.9998399,disp_j,278823375.0,
27562,9,6.8200534e-05,2.4690306e-05,3.910324e-06,0.9999032,disp_j,278823375.0,
27562,10,9.852404e-05,1.6004122e-05,4.5101074e-06,0.999881,disp_j,278823375.0,
27220,1,0.08906213,0.0017683246,0.0014503847,0.9077191,disp_j,231846112.0,J
27220,2,0.21601671,0.002797489,0.0014832215,0.7797026,disp_j,231846112.0,J
27220,3,0.11768788,0.001081818,0.0011940361,0.8800363,disp_j,231846112.0,J
27220,4,0.47531018,0.0074308133,0.0025232101,0.5147358,disp_j,231846112.0,J
27220,5,0.17369021,0.0008233327,0.00090388587,0.8245826,disp_j,231846112.0,J
27220,6,0.16749346,0.00038602253,0.00069583184,0.8314246,disp_j,231846112.0,J
27220,7,0.1170902,0.0008029575,0.0013452255,0.8807615,disp_j,231846112.0,J
27220,8,0.2207805,0.00053684576,0.0004959315,0.7781867,disp_j,231846112.0,J
27220,9,0.06253896,0.0011990044,0.00092352286,0.93533856,disp_j,231846112.0,J
27220,10,0.12213146,0.0013187687,0.001170993,0.8753787,disp_j,231846112.0,J
2318,1,0.0017023537,0.9981982,5.3738706e-05,4.5746456e-05,disp_e,216419363.0,et
2318,2,0.004160524,0.9946163,0.0006268353,0.00059631147,disp_e,216419363.0,et
2318,3,0.003924487,0.9952749,0.00029856805,0.00050194375,disp_e,216419363.0,et
2318,4,0.0025044533,0.99705243,0.0002446209,0.00019850492,disp_e,216419363.0,et
2318,5,0.0039148135,0.99522555,0.0003880908,0.0004714307,disp_e,216419363.0,et
2318,6,0.0036336342,0.995229,0.00068922894,0.0004480976,disp_e,216419363.0,et
2318,7,0.0016447727,0.9982205,7.892779e-05,5.586409e-05,disp_e,216419363.0,et
2318,8,0.003283523,0.99566585,0.00037778926,0.0006728629,disp_e,216419363.0,et
2318,9,0.004343875,0.9945521,0.0005269937,0.0005770725,disp_e,216419363.0,et
2318,10,0.0042103804,0.99486697,0.0004628392,0.0004597503,disp_e,216419363.0,et
2518,1,0.083527885,0.8830668,0.009585114,0.023820259,disp_e,253518845.0,eb
2518,2,0.05765653,0.9147609,0.010742436,0.016840162,disp_e,253518845.0,eb
2518,3,0.06904583,0.9029764,0.008006131,0.019971631,disp_e,253518845.0,eb
2518,4,0.094391495,0.87714356,0.008208776,0.02025615,disp_e,253518845.0,eb
2518,5,0.05475784,0.9151772,0.0099341255,0.020130772,disp_e,253518845.0,eb
2518,6,0.07129883,0.88894033,0.013544274,0.026216565,disp_e,253518845.0,eb
2518,7,0.081601284,0.89151216,0.01085041,0.016036216,disp_e,253518845.0,eb
2518,8,0.056008074,0.9153713,0.00897081,0.019649839,disp_e,253518845.0,eb
2518,9,0.048294976,0.91669387,0.011485893,0.023525272,disp_e,253518845.0,eb
2518,10,0.065480046,0.90699095,0.009021222,0.01850775,disp_e,253518845.0,eb
935,1,0.04507831,0.95442724,0.00031306373,0.000181376,disp_e,294396667.0,et
935,2,0.019441677,0.9769165,0.0021596164,0.0014822558,disp_e,294396667.0,et
935,3,0.019813512,0.97689533,0.001457053,0.0018340462,disp_e,294396667.0,et
935,4,0.08463037,0.9125861,0.0018011372,0.0009823563,disp_e,294396667.0,et
935,5,0.015325466,0.9817582,0.0014895898,0.0014267853,disp_e,294396667.0,et
935,6,0.018986758,0.9765771,0.0027204123,0.0017158005,disp_e,294396667.0,et
935,7,0.025992814,0.9735778,0.00028536524,0.00014400268,disp_e,294396667.0,et
935,8,0.013016108,0.9844556,0.0010408165,0.0014875287,disp_e,294396667.0,et
935,9,0.025028525,0.9711169,0.0020335894,0.0018209614,disp_e,294396667.0,et
935,10,0.01575555,0.98187953,0.0013548029,0.0010101852,disp_e,294396667.0,et
2391,1,0.013379551,0.98119855,0.0020261116,0.0033957625,disp_e,231255809.0,eb
2391,2,0.015765596,0.97793967,0.003080891,0.0032138494,disp_e,231255809.0,eb
2391,3,0.0160135,0.9787381,0.0019806672,0.003267685,disp_e,231255809.0,eb
2391,4,0.009647502,0.986586,0.0016289584,0.0021375937,disp_e,231255809.0,eb
2391,5,0.014683257,0.9802398,0.0023217855,0.0027551216,disp_e,231255809.0,eb
2391,6,0.01008474,0.9847403,0.0026687912,0.0025061343,disp_e,231255809.0,eb
2391,7,0.010641014,0.9856559,0.001773475,0.0019296033,disp_e,231255809.0,eb
2391,8,0.014537824,0.97838116,0.002448402,0.004632667,disp_e,231255809.0,eb
2391,9,0.014919818,0.9777469,0.0031363822,0.004196859,disp_e,231255809.0,eb
2391,10,0.016657084,0.97675073,0.0027739275,0.0038181988,disp_e,231255809.0,eb
9745,1,0.9832523,0.0016555283,0.0017992018,0.013292932,disp_p,,
9745,2,0.9863391,0.0018559628,0.0010040102,0.010800944,disp_p,,
9745,3,0.9803829,0.005106142,0.0033964752,0.011114519,disp_p,,
9745,4,0.98373735,0.0022871909,0.0012033436,0.012772132,disp_p,,
9745,5,0.9835449,0.002151239,0.0010716075,0.013232196,disp_p,,
9745,6,0.9883624,0.0013407799,0.0008805208,0.009416338,disp_p,,
9745,7,0.9826219,0.0018285107,0.0012938988,0.014255661,disp_p,,
9745,8,0.9858035,0.0018303366,0.0010163005,0.011349889,disp_p,,
9745,9,0.9845643,0.0026239878,0.0014761108,0.011335562,disp_p,,
9745,10,0.9893901,0.0009973709,0.0010794606,0.008533081,disp_p,,
10880,1,0.9999106,5.420091e-05,8.958297e-06,2.6203075e-05,disp_p,,
10880,2,0.9999728,1.8596598e-05,3.486568e-06,5.069856e-06,disp_p,,
10880,3,0.9999759,1.8064644e-05,2.9945722e-06,3.0172903e-06,disp_p,,
10880,4,0.99985766,0.00011694604,1.3805055e-05,1.156231e-05,disp_p,,
10880,5,0.9999651,2.1847793e-05,4.7766252e-06,8.287119e-06,disp_p,,
10880,6,0.99994767,3.982812e-05,5.674335e-06,6.738079e-06,disp_p,,
10880,7,0.99987555,9.849268e-05,7.2240337e-06,1.8718409e-05,disp_p,,
10880,8,0.99995875,2.976948e-05,4.9785963e-06,6.4772194e-06,disp_p,,
10880,9,0.99996376,2.944627e-05,3.7435552e-06,3.109889e-06,disp_p,,
10880,10,0.99994886,2.3859746e-05,1.1444386e-05,1.5782214e-05,disp_p,,
458,1,0.010333622,0.989435,0.00014115442,9.02795e-05,disp_e,148895442.0,et
458,2,0.010929491,0.98559105,0.0017310745,0.0017483567,disp_e,148895442.0,et
458,3,0.013310436,0.98317105,0.0012404148,0.0022780246,disp_e,148895442.0,et
458,4,0.017186254,0.98056614,0.0012264098,0.0010211542,disp_e,148895442.0,et
458,5,0.010420417,0.98660696,0.0012698178,0.0017028359,disp_e,148895442.0,et
458,6,0.011095648,0.98513526,0.0020846294,0.001684511,disp_e,148895442.0,et
458,7,0.008642302,0.990965,0.00022989023,0.00016274508,disp_e,148895442.0,et
458,8,0.0074120048,0.9900276,0.0009168622,0.0016435768,disp_e,148895442.0,et
458,9,0.015575345,0.9806301,0.001695007,0.0020995496,disp_e,148895442.0,et
458,10,0.0091561945,0.9885132,0.0011173894,0.0012131457,disp_e,148895442.0,et
4199,1,0.97535557,0.008504127,0.002322158,0.013818075,disp_p,31258738.0,pu
4199,2,0.96014357,0.036831148,0.0014234174,0.0016019087,disp_p,31258738.0,pu
4199,3,0.9203165,0.07519664,0.0018402003,0.0026466988,disp_p,31258738.0,pu
4199,4,0.9641587,0.024967693,0.0027632832,0.008110246,disp_p,31258738.0,pu
4199,5,0.94970524,0.046604153,0.0016430973,0.0020475313,disp_p,31258738.0,pu
4199,6,0.9658758,0.03050156,0.0017735016,0.0018491639,disp_p,31258738.0,pu
4199,7,0.96743083,0.015037773,0.003262352,0.014269067,disp_p,31258738.0,pu
4199,8,0.9581312,0.038484808,0.0013942741,0.0019897793,disp_p,31258738.0,pu
4199,9,0.93775696,0.05835895,0.0018929178,0.0019912238,disp_p,31258738.0,pu
4199,10,0.9628387,0.034064427,0.0015166455,0.0015801804,disp_p,31258738.0,pu
1800,1,0.0007470294,0.9991844,3.491091e-05,3.3636727e-05,disp_e,50011022.0,eb
1800,2,0.0050231055,0.99313426,0.00087958574,0.00096300006,disp_e,50011022.0,eb
1800,3,0.0043845377,0.99448425,0.00040613642,0.0007251128,disp_e,50011022.0,eb
1800,4,0.0019665465,0.9976058,0.00022492713,0.00020259249,disp_e,50011022.0,eb
1800,5,0.004345634,0.99428564,0.00058084587,0.00078790943,disp_e,50011022.0,eb
1800,6,0.0033922552,0.9951304,0.00083966483,0.0006375759,disp_e,50011022.0,eb
1800,7,0.00094265887,0.9989504,5.9994865e-05,4.6863996e-05,disp_e,50011022.0,eb
1800,8,0.003706049,0.9947352,0.0005363975,0.0010223282,disp_e,50011022.0,eb
1800,9,0.0042680753,0.9939262,0.0007538657,0.0010517768,disp_e,50011022.0,eb
1800,10,0.0045944112,0.99391925,0.0006737387,0.00081258634,disp_e,50011022.0,eb
2099,1,0.68587154,0.30406338,0.004324475,0.0057406425,disp_e,157878747.0,et
2099,2,0.3327171,0.49586695,0.019060943,0.15235503,disp_e,157878747.0,et
2099,3,0.40712962,0.4261902,0.014365942,0.15231425,disp_e,157878747.0,et
2099,4,0.2421902,0.73137116,0.00931938,0.017119303,disp_e,157878747.0,et
2099,5,0.28719628,0.5341462,0.013515415,0.16514212,disp_e,157878747.0,et
2099,6,0.32154194,0.5531386,0.018267443,0.10705204,disp_e,157878747.0,et
2099,7,0.44489273,0.54075927,0.005886569,0.008461353,disp_e,157878747.0,et
2099,8,0.3423687,0.49400285,0.012113804,0.15151471,disp_e,157878747.0,et
2099,9,0.25652406,0.6481087,0.011868142,0.08349904,disp_e,157878747.0,et
2099,10,0.20882589,0.64048636,0.011577242,0.13911057,disp_e,157878747.0,et
1585,1,0.6109726,0.38578537,0.0018938909,0.0013482092,disp_e,424849871.0,eb
1585,2,0.17778581,0.81642246,0.003759316,0.0020323922,disp_e,424849871.0,eb
1585,3,0.23207344,0.76282346,0.0029534847,0.0021496315,disp_e,424849871.0,eb
1585,4,0.47737107,0.5180747,0.003012132,0.0015421687,disp_e,424849871.0,eb
1585,5,0.14563233,0.84976095,0.0028142722,0.0017924798,disp_e,424849871.0,eb
1585,6,0.10026855,0.89483374,0.003254322,0.0016433847,disp_e,424849871.0,eb
1585,7,0.50683457,0.4901691,0.0017742258,0.0012220701,disp_e,424849871.0,eb
1585,8,0.1188668,0.87652427,0.0022266405,0.0023822614,disp_e,424849871.0,eb
1585,9,0.2633568,0.7318131,0.0032235428,0.0016065191,disp_e,424849871.0,eb
1585,10,0.1907364,0.8042878,0.0032897221,0.0016861585,disp_e,424849871.0,eb
3567,1,0.80199075,0.19340073,0.002129785,0.0024787807,disp_p,442942829.0,eb
3567,2,0.9388392,0.05757612,0.0019453532,0.0016393354,disp_p,442942829.0,eb
3567,3,0.9244201,0.070426814,0.0025099854,0.0026430695,disp_p,442942829.0,eb
3567,4,0.9247173,0.072921395,0.0013334597,0.001027782,disp_p,442942829.0,eb
3567,5,0.93410575,0.061837435,0.0021199202,0.0019368625,disp_p,442942829.0,eb
3567,6,0.95118296,0.04518054,0.0020395308,0.0015969417,disp_p,442942829.0,eb
3567,7,0.8377846,0.15845883,0.0019041627,0.0018524036,disp_p,442942829.0,eb
3567,8,0.9400847,0.05506917,0.0022600687,0.0025860218,disp_p,442942829.0,eb
3567,9,0.91751504,0.07965005,0.0018084032,0.0010264993,disp_p,442942829.0,eb
3567,10,0.9493102,0.046581082,0.0022901578,0.00181857,disp_p,442942829.0,eb
5342,1,0.98954344,0.008436906,0.00083893555,0.0011807662,disp_p,141458054.0,pu
5342,2,0.99373275,0.005150317,0.00059676636,0.0005201456,disp_p,141458054.0,pu
5342,3,0.9904219,0.007849694,0.0008992241,0.0008292292,disp_p,141458054.0,pu
5342,4,0.9879617,0.010224093,0.0009432349,0.00087090075,disp_p,141458054.0,pu
5342,5,0.99359185,0.005085349,0.00068289664,0.0006399639,disp_p,141458054.0,pu
5342,6,0.9938507,0.00494749,0.00066811434,0.00053374236,disp_p,141458054.0,pu
5342,7,0.98585784,0.011845128,0.0009460972,0.0013509633,disp_p,141458054.0,pu
5342,8,0.9943393,0.004629779,0.0005199819,0.00051095866,disp_p,141458054.0,pu
5342,9,0.99125683,0.007302729,0.0008971102,0.0005433089,disp_p,141458054.0,pu
5342,10,0.9958385,0.0033221485,0.00051005866,0.00032923324,disp_p,141458054.0,pu
8018,1,0.9809807,0.0004830914,0.0004842817,0.018052008,disp_p,356835341.0,pu
8018,2,0.9425955,0.005771157,0.0032224972,0.048410807,disp_p,356835341.0,pu
8018,3,0.95756704,0.004204211,0.0018961183,0.036332622,disp_p,356835341.0,pu
8018,4,0.92769223,0.0028534532,0.0022494644,0.067204826,disp_p,356835341.0,pu
8018,5,0.97035486,0.0032567705,0.0026188714,0.023769507,disp_p,356835341.0,pu
8018,6,0.97243667,0.0029998366,0.0022219855,0.02234155,disp_p,356835341.0,pu
8018,7,0.9400803,0.001867364,0.0013052374,0.056747172,disp_p,356835341.0,pu
8018,8,0.97726876,0.004699892,0.0022426732,0.015788773,disp_p,356835341.0,pu
8018,9,0.9398828,0.004528848,0.0027982527,0.052790087,disp_p,356835341.0,pu
8018,10,0.9823241,0.0030817082,0.0012858075,0.01330834,disp_p,356835341.0,pu
8188,1,0.9902042,0.008494826,0.00050816825,0.00079285895,disp_p,370385007.0,pu
8188,2,0.9963315,0.0033895008,0.00015983295,0.00011915386,disp_p,370385007.0,pu
8188,3,0.99162465,0.007816054,0.00030847875,0.00025072542,disp_p,370385007.0,pu
8188,4,0.99426794,0.0051653297,0.00031762032,0.00024911074,disp_p,370385007.0,pu
8188,5,0.9950435,0.0045438474,0.00023022783,0.00018237082,disp_p,370385007.0,pu
8188,6,0.99686146,0.0028310693,0.00018673834,0.00012078484,disp_p,370385007.0,pu
8188,7,0.9882039,0.010612031,0.000471776,0.00071231334,disp_p,370385007.0,pu
8188,8,0.9961468,0.003535871,0.00016986251,0.0001475124,disp_p,370385007.0,pu
8188,9,0.99289554,0.0067511345,0.0002496296,0.00010372896,disp_p,370385007.0,pu
8188,10,0.99618995,0.0033702708,0.00027401792,0.00016577415,disp_p,370385007.0,pu
9798,1,0.9995844,0.000293574,4.003322e-05,8.198201e-05,disp_p,,
9798,2,0.99810284,0.0010392558,0.00016626221,0.0006917643,disp_p,,
9798,3,0.99718,0.0022021793,0.0002708985,0.00034698113,disp_p,,
9798,4,0.99837565,0.0013505484,0.000120080396,0.00015363659,disp_p,,
9798,5,0.99715805,0.0020059955,0.00019634295,0.00063952844,disp_p,,
9798,6,0.9965689,0.0020604534,0.00026691137,0.0011037282,disp_p,,
9798,7,0.99931645,0.0005122455,5.621846e-05,0.000115102135,disp_p,,
9798,8,0.9966208,0.002761249,0.0001930053,0.00042488266,disp_p,,
9798,9,0.9958657,0.0033153598,0.00029474683,0.00052418356,disp_p,,
9798,10,0.99624455,0.0016662972,0.00038631336,0.0017028581,disp_p,,
5820,1,0.9988881,0.0008449081,0.00010083903,0.00016622062,disp_p,173176491.0,pu
5820,2,0.9994438,0.00051535096,2.576918e-05,1.5051171e-05,disp_p,173176491.0,pu
5820,3,0.9993104,0.00063091266,3.6169982e-05,2.2505239e-05,disp_p,173176491.0,pu
5820,4,0.9991722,0.0007111766,6.8335314e-05,4.8245758e-05,disp_p,173176491.0,pu
5820,5,0.99944586,0.0004895013,3.894874e-05,2.5714218e-05,disp_p,173176491.0,pu
5820,6,0.9996138,0.00034368818,2.753012e-05,1.4960133e-05,disp_p,173176491.0,pu
5820,7,0.9984699,0.001285834,8.761156e-05,0.00015664514,disp_p,173176491.0,pu
5820,8,0.99950254,0.00045613115,2.4860488e-05,1.640879e-05,disp_p,173176491.0,pu
5820,9,0.9993074,0.000647911,3.3996017e-05,1.0706406e-05,disp_p,173176491.0,pu
5820,10,0.9994254,0.0005055961,4.838065e-05,2.0618625e-05,disp_p,173176491.0,pu
1219,1,0.04244721,0.95700955,0.00032176127,0.00022144103,disp_e,352353080.0,et
1219,2,0.034556326,0.9623041,0.0019202757,0.0012193102,disp_e,352353080.0,et
1219,3,0.0395295,0.957971,0.001157961,0.0013416241,disp_e,352353080.0,et
1219,4,0.046025947,0.95173657,0.0014256558,0.0008118378,disp_e,352353080.0,et
1219,5,0.026159514,0.9712247,0.0014221024,0.0011937344,disp_e,352353080.0,et
1219,6,0.032223366,0.964542,0.0021974884,0.0010371067,disp_e,352353080.0,et
1219,7,0.040147737,0.95906126,0.00050219113,0.00028877464,disp_e,352353080.0,et
1219,8,0.022688396,0.9747219,0.0010469431,0.0015427045,disp_e,352353080.0,et
1219,9,0.04527419,0.9522744,0.0014310867,0.001020331,disp_e,352353080.0,et
1219,10,0.027932066,0.9698344,0.001230477,0.0010031086,disp_e,352353080.0,et
27743,1,0.018914662,0.0324716,0.008486025,0.9401277,disp_j,303867453.0,
27743,2,0.031390186,0.07236516,0.010935683,0.885309,disp_j,303867453.0,
27743,3,0.037521057,0.07563537,0.01488438,0.87195915,disp_j,303867453.0,
27743,4,0.034806866,0.060065623,0.009072863,0.89605474,disp_j,303867453.0,
27743,5,0.031353775,0.09172719,0.013636268,0.86328274,disp_j,303867453.0,
27743,6,0.03956118,0.04431047,0.013063068,0.9030652,disp_j,303867453.0,
27743,7,0.024426917,0.031849995,0.012091402,0.9316317,disp_j,303867453.0,
27743,8,0.036402598,0.093338095,0.016164092,0.8540952,disp_j,303867453.0,
27743,9,0.02931088,0.047776762,0.010805155,0.9121072,disp_j,303867453.0,
27743,10,0.033043537,0.09179882,0.014456553,0.8607011,disp_j,303867453.0,
3336,1,0.887081,0.11000747,0.0014282652,0.0014832747,disp_p,390672227.0,eb
3336,2,0.56480414,0.42884338,0.0038249553,0.002527466,disp_e,390672227.0,eb
3336,3,0.46756208,0.5255466,0.0037663048,0.003125046,disp_e,390672227.0,eb
3336,4,0.7030977,0.29199427,0.0030028427,0.001905206,disp_e,390672227.0,eb
3336,5,0.5135677,0.48035204,0.0034057426,0.002674597,disp_e,390672227.0,eb
3336,6,0.64389455,0.34982932,0.003955088,0.0023210286,disp_e,390672227.0,eb
3336,7,0.8162772,0.17857128,0.0025624195,0.0025891492,disp_p,390672227.0,eb
3336,8,0.5266804,0.46520942,0.0040248996,0.0040852325,disp_e,390672227.0,eb
3336,9,0.5874362,0.40793073,0.002908486,0.0017246554,disp_e,390672227.0,eb
3336,10,0.5993237,0.39451012,0.003826006,0.002340135,disp_e,390672227.0,eb
2806,1,0.015637113,0.9841797,3.1695334e-05,0.00015160779,disp_e,307424514.0,eb
2806,2,0.005231701,0.994693,2.7076085e-05,4.8269587e-05,disp_e,307424514.0,eb
2806,3,0.006519746,0.9933561,2.346697e-05,0.00010067633,disp_e,307424514.0,eb
2806,4,0.014130736,0.98561645,2.416518e-05,0.00022864137,disp_e,307424514.0,eb
2806,5,0.0034505513,0.99649495,9.358404e-06,4.515589e-05,disp_e,307424514.0,eb
2806,6,0.0019012444,0.9980742,8.188308e-06,1.6465372e-05,disp_e,307424514.0,eb
2806,7,0.02140742,0.9783489,4.216599e-05,0.00020155786,disp_e,307424514.0,eb
2806,8,0.0016911225,0.9982303,1.4666521e-05,6.392365e-05,disp_e,307424514.0,eb
2806,9,0.010924611,0.9889592,3.0580857e-05,8.558996e-05,disp_e,307424514.0,eb
2806,10,0.0039012493,0.99602795,1.7217868e-05,5.35178e-05,disp_e,307424514.0,eb
4727,1,0.98975986,0.009560867,0.0003422063,0.00033708668,disp_p,79920467.0,pu
4727,2,0.9887605,0.011077499,0.00011670773,4.536115e-05,disp_p,79920467.0,pu
4727,3,0.97643137,0.023294698,0.00018680723,8.711868e-05,disp_p,79920467.0,pu
4727,4,0.9757422,0.023654807,0.00040165312,0.00020137198,disp_p,79920467.0,pu
4727,5,0.9783584,0.021410465,0.00016155574,6.9596e-05,disp_p,79920467.0,pu
4727,6,0.987944,0.011878568,0.000134294,4.3099568e-05,disp_p,79920467.0,pu
4727,7,0.9842961,0.015115507,0.00029491013,0.0002935204,disp_p,79920467.0,pu
4727,8,0.9773401,0.022401962,0.00016189922,9.594617e-05,disp_p,79920467.0,pu
4727,9,0.97593975,0.023885837,0.00014686276,2.7645081e-05,disp_p,79920467.0,pu
4727,10,0.9812409,0.018409697,0.0002730547,7.635996e-05,disp_p,79920467.0,pu
6041,1,0.031497087,0.922016,0.009547973,0.03693887,disp_e,194203348.0,pu
6041,2,0.048398037,0.7853106,0.022378381,0.143913,disp_e,194203348.0,pu
6041,3,0.047627967,0.70233303,0.02304404,0.22699495,disp_e,194203348.0,pu
6041,4,0.029784828,0.91518414,0.008852597,0.046178427,disp_e,194203348.0,pu
6041,5,0.052711133,0.74252135,0.026287999,0.1784795,disp_e,194203348.0,pu
6041,6,0.043135263,0.8048765,0.026016101,0.1259722,disp_e,194203348.0,pu
6041,7,0.022230824,0.9306303,0.010821394,0.03631749,disp_e,194203348.0,pu
6041,8,0.040215526,0.78983814,0.021033812,0.1489125,disp_e,194203348.0,pu
6041,9,0.03478911,0.78171706,0.018093111,0.16540077,disp_e,194203348.0,pu
6041,10,0.043370366,0.81874067,0.017649008,0.12023995,disp_e,194203348.0,pu
8157,1,0.9991954,0.00038077426,0.00010757795,0.00031627517,disp_p,367753709.0,pu
8157,2,0.99974674,0.0001870031,3.0204723e-05,3.6087797e-05,disp_p,367753709.0,pu
8157,3,0.9996779,0.00022059152,4.960614e-05,5.1975538e-05,disp_p,367753709.0,pu
8157,4,0.9994837,0.0003259194,8.6427506e-05,0.00010395304,disp_p,367753709.0,pu
8157,5,0.99985015,8.9838046e-05,2.8570581e-05,3.1408643e-05,disp_p,367753709.0,pu
8157,6,0.9998336,9.994674e-05,3.4374913e-05,3.2141725e-05,disp_p,367753709.0,pu
8157,7,0.9991047,0.0005147847,9.633802e-05,0.00028412644,disp_p,367753709.0,pu
8157,8,0.9998734,8.017485e-05,2.0710084e-05,2.5700747e-05,disp_p,367753709.0,pu
8157,9,0.9996512,0.0002642334,5.142848e-05,3.3128308e-05,disp_p,367753709.0,pu
8157,10,0.9998983,6.706082e-05,1.9229397e-05,1.5469226e-05,disp_p,367753709.0,pu
6095,1,0.9952226,0.0029877513,0.00068353594,0.0011061893,disp_p,200322593.0,pu
6095,2,0.9954592,0.0035076954,0.0005478205,0.00048530512,disp_p,200322593.0,pu
6095,3,0.99439067,0.004207803,0.0007356846,0.000665855,disp_p,200322593.0,pu
6095,4,0.99432534,0.004117659,0.0008318744,0.00072515634,disp_p,200322593.0,pu
6095,5,0.9951649,0.0034368252,0.00070448633,0.000693817,disp_p,200322593.0,pu
6095,6,0.9960859,0.002805478,0.0006039483,0.0005047361,disp_p,200322593.0,pu
6095,7,0.9927133,0.0051629934,0.00083146757,0.0012923027,disp_p,200322593.0,pu
6095,8,0.9970024,0.0022551813,0.00039043077,0.00035195923,disp_p,200322593.0,pu
6095,9,0.9938671,0.004850877,0.0007947789,0.00048723456,disp_p,200322593.0,pu
6095,10,0.9973713,0.0019226952,0.00040935367,0.00029665377,disp_p,200322593.0,pu
6757,1,0.97579294,0.011541804,0.0026914214,0.009973907,disp_p,261135533.0,pu
6757,2,0.9775875,0.013722057,0.0027293682,0.0059610363,disp_p,261135533.0,pu
6757,3,0.9658207,0.02032234,0.0048132455,0.009043743,disp_p,261135533.0,pu
6757,4,0.96968025,0.014413257,0.0032030558,0.012703501,disp_p,261135533.0,pu
6757,5,0.9771139,0.014095386,0.0031562487,0.0056344327,disp_p,261135533.0,pu
6757,6,0.98672056,0.0061577116,0.0019615197,0.0051602167,disp_p,261135533.0,pu
6757,7,0.9670397,0.015844649,0.0036547382,0.013460914,disp_p,261135533.0,pu
6757,8,0.97452617,0.012267661,0.0035283,0.009677952,disp_p,261135533.0,pu
6757,9,0.97237927,0.017994404,0.0039755725,0.0056507415,disp_p,261135533.0,pu
6757,10,0.9854805,0.009060476,0.0022626827,0.00319637,disp_p,261135533.0,pu
6772,1,0.9980902,0.0011539813,0.0002371521,0.0005186578,disp_p,262689575.0,pu
6772,2,0.99812835,0.0014039045,0.00022067071,0.00024699906,disp_p,262689575.0,pu
6772,3,0.99814653,0.0013136916,0.00026552027,0.0002743276,disp_p,262689575.0,pu
6772,4,0.9980538,0.0013506191,0.0002865495,0.00030909196,disp_p,262689575.0,pu
6772,5,0.99859184,0.0008842351,0.00023909347,0.00028485424,disp_p,262689575.0,pu
6772,6,0.9989895,0.0006425756,0.00019077679,0.00017713904,disp_p,262689575.0,pu
6772,7,0.99727327,0.001774026,0.0002968909,0.0006558225,disp_p,262689575.0,pu
6772,8,0.99858344,0.00094320945,0.00022818943,0.0002451933,disp_p,262689575.0,pu
6772,9,0.99820054,0.0013809409,0.00023436324,0.00018409827,disp_p,262689575.0,pu
6772,10,0.9990926,0.0006184371,0.00015028522,0.00013874055,disp_p,262689575.0,pu
3128,1,0.44331092,0.51571655,0.011134979,0.029837549,disp_e,345220786.0,eb
3128,2,0.05493465,0.9189248,0.0071525606,0.018988028,disp_e,345220786.0,eb
3128,3,0.038685735,0.94327205,0.0039152456,0.014126928,disp_e,345220786.0,eb
3128,4,0.11825179,0.84893036,0.007939046,0.024878765,disp_e,345220786.0,eb
3128,5,0.038018964,0.9417568,0.0046242476,0.015600109,disp_e,345220786.0,eb
3128,6,0.05714767,0.9109148,0.008152649,0.023784889,disp_e,345220786.0,eb
3128,7,0.1891866,0.7708595,0.011918043,0.028035847,disp_e,345220786.0,eb
3128,8,0.03823649,0.924934,0.0072296555,0.029599778,disp_e,345220786.0,eb
3128,9,0.038030174,0.93670875,0.00569546,0.019565621,disp_e,345220786.0,eb
3128,10,0.049883343,0.92521125,0.004966756,0.019938698,disp_e,345220786.0,eb
10446,1,0.877693,0.0024614614,0.0008621565,0.118983366,disp_p,,
10446,2,0.84247816,0.00013599845,0.000142149,0.15724374,disp_p,,
10446,3,0.8459749,0.0004391889,0.0005673384,0.15301853,disp_p,,
10446,4,0.91840875,0.00253456,0.0010037964,0.07805283,disp_p,,
10446,5,0.9658113,6.4267595e-05,0.00016475822,0.033959694,disp_p,,
10446,6,0.88583916,0.00022424973,0.00016820921,0.11376832,disp_p,,
10446,7,0.90269595,0.0029102496,0.0012029187,0.09319083,disp_p,,
10446,8,0.9114236,0.00017866143,0.00036709284,0.088030614,disp_p,,
10446,9,0.9274379,0.00036079384,0.00036354418,0.07183784,disp_p,,
10446,10,0.9359523,0.00010554471,0.00013642851,0.06380571,disp_p,,
28681,1,0.31661293,0.0016784945,0.0028032712,0.6789053,disp_j,64110751.0,J
28681,2,0.16549344,0.0028473558,0.0022565066,0.8294027,disp_j,64110751.0,J
28681,3,0.17148924,0.0028220084,0.0033066743,0.822382,disp_j,64110751.0,J
28681,4,0.16466197,0.0020847542,0.0015927916,0.83166045,disp_j,64110751.0,J
28681,5,0.16232309,0.002888363,0.0022502441,0.83253837,disp_j,64110751.0,J
28681,6,0.15279947,0.0018712423,0.0017529746,0.8435763,disp_j,64110751.0,J
28681,7,0.23901892,0.0020467336,0.0016012652,0.75733304,disp_j,64110751.0,J
28681,8,0.099002466,0.00473259,0.0033968273,0.89286816,disp_j,64110751.0,J
28681,9,0.14463826,0.002914261,0.001966994,0.8504805,disp_j,64110751.0,J
28681,10,0.13690114,0.00430362,0.0021080654,0.8566872,disp_j,64110751.0,J
8634,1,0.9941071,0.0032913473,0.00061604637,0.0019855206,disp_p,407517154.0,pu
8634,2,0.9992047,0.00069733744,5.5118308e-05,4.287471e-05,disp_p,407517154.0,pu
8634,3,0.99858046,0.0012622757,8.779215e-05,6.940494e-05,disp_p,407517154.0,pu
8634,4,0.99642485,0.0031039368,0.0002653213,0.0002057805,disp_p,407517154.0,pu
8634,5,0.99929786,0.00058464723,6.2499515e-05,5.496402e-05,disp_p,407517154.0,pu
8634,6,0.99934655,0.0005523635,6.0916445e-05,4.0187013e-05,disp_p,407517154.0,pu
8634,7,0.9938314,0.004355012,0.00059151446,0.0012220469,disp_p,407517154.0,pu
8634,8,0.9994419,0.0004446386,6.103339e-05,5.2445343e-05,disp_p,407517154.0,pu
8634,9,0.9989919,0.0008977945,7.555211e-05,3.4782533e-05,disp_p,407517154.0,pu
8634,10,0.9992588,0.00056685414,0.00010778781,6.651942e-05,disp_p,407517154.0,pu
7416,1,0.99152315,0.0053563747,0.00080654694,0.0023139338,disp_p,306204904.0,pu
7416,2,0.9896226,0.009273469,0.0005733168,0.00053063984,disp_p,306204904.0,pu
7416,3,0.9845585,0.0141309565,0.00063025235,0.00068021205,disp_p,306204904.0,pu
7416,4,0.98790026,0.010453654,0.0007477358,0.00089832745,disp_p,306204904.0,pu
7416,5,0.9880702,0.010527662,0.00069094356,0.00071125757,disp_p,306204904.0,pu
7416,6,0.99173903,0.007125361,0.00060392247,0.00053162914,disp_p,306204904.0,pu
7416,7,0.98950523,0.007452634,0.0008980745,0.0021440496,disp_p,306204904.0,pu
7416,8,0.9849054,0.013334533,0.0008160694,0.00094386627,disp_p,306204904.0,pu
7416,9,0.98679966,0.012133254,0.000635708,0.000431444,disp_p,306204904.0,pu
7416,10,0.9866084,0.011573186,0.0009533329,0.0008650474,disp_p,306204904.0,pu
7083,1,0.99830997,0.0014772847,9.871375e-05,0.00011410324,disp_p,283015592.0,pu
7083,2,0.99981576,0.00017766147,4.6662744e-06,1.9962652e-06,disp_p,283015592.0,pu
7083,3,0.9996742,0.00031219312,9.466607e-06,4.2202996e-06,disp_p,283015592.0,pu
7083,4,0.998958,0.0009837636,3.916298e-05,1.9062136e-05,disp_p,283015592.0,pu
7083,5,0.9997689,0.00021917073,8.076151e-06,3.8589596e-06,disp_p,283015592.0,pu
7083,6,0.99986196,0.00013110737,5.0946023e-06,1.7688552e-06,disp_p,283015592.0,pu
7083,7,0.9980818,0.0017838434,5.7903362e-05,7.641808e-05,disp_p,283015592.0,pu
7083,8,0.99972993,0.00025993807,6.625728e-06,3.4283958e-06,disp_p,283015592.0,pu
7083,9,0.99963677,0.00035251232,9.174961e-06,1.5749889e-06,disp_p,283015592.0,pu
7083,10,0.99980944,0.0001751627,1.2288796e-05,3.1668262e-06,disp_p,283015592.0,pu
8028,1,0.9989033,0.0008913007,8.947982e-05,0.000115989664,disp_p,357299852.0,pu
8028,2,0.99967,0.0003106377,1.3144617e-05,6.221715e-06,disp_p,357299852.0,pu
8028,3,0.99955064,0.0004185716,2.0555532e-05,1.01873775e-05,disp_p,357299852.0,pu
8028,4,0.9992206,0.0006951772,5.4006916e-05,3.0228008e-05,disp_p,357299852.0,pu
8028,5,0.99962735,0.00034062736,2.0449837e-05,1.1510441e-05,disp_p,357299852.0,pu
8028,6,0.9997781,0.00020213932,1.3781779e-05,5.9021254e-06,disp_p,357299852.0,pu
8028,7,0.99876213,0.0010889166,5.8637248e-05,9.033938e-05,disp_p,357299852.0,pu
8028,8,0.99950767,0.0004652293,1.7292377e-05,9.835205e-06,disp_p,357299852.0,pu
8028,9,0.9994824,0.0004927764,2.0158152e-05,4.70975e-06,disp_p,357299852.0,pu
8028,10,0.9996338,0.00032666448,2.955757e-05,9.946399e-06,disp_p,357299852.0,pu
7439,1,0.9978689,0.0017486648,0.00016203964,0.00022038919,disp_p,307201632.0,pu
7439,2,0.9995753,0.00041726572,5.310828e-06,2.016332e-06,disp_p,307201632.0,pu
7439,3,0.99910516,0.0008772195,1.2602961e-05,4.968491e-06,disp_p,307201632.0,pu
7439,4,0.9974106,0.0024474529,8.8173074e-05,5.371576e-05,disp_p,307201632.0,pu
7439,5,0.9994655,0.0005231648,8.270381e-06,3.0658805e-06,disp_p,307201632.0,pu
7439,6,0.9997576,0.0002358276,4.97258e-06,1.6058885e-06,disp_p,307201632.0,pu
7439,7,0.997593,0.0021122887,0.000115797426,0.00017883512,disp_p,307201632.0,pu
7439,8,0.99928397,0.0007046407,7.6646575e-06,3.8178378e-06,disp_p,307201632.0,pu
7439,9,0.99891376,0.0010738883,1.0940761e-05,1.3776361e-06,disp_p,307201632.0,pu
7439,10,0.9995024,0.00047629938,1.7548242e-05,3.704878e-06,disp_p,307201632.0,pu
4944,1,0.99242353,0.0060714306,0.00049627066,0.0010087697,disp_p,100990000.0,pu
4944,2,0.99896944,0.00093274296,5.5758086e-05,4.2148906e-05,disp_p,100990000.0,pu
4944,3,0.997472,0.002296098,0.00012588307,0.00010592696,disp_p,100990000.0,pu
4944,4,0.9936522,0.0056885453,0.00037604992,0.00028307617,disp_p,100990000.0,pu
4944,5,0.99896276,0.0008978912,7.6557124e-05,6.283002e-05,disp_p,100990000.0,pu
4944,6,0.9991103,0.0007787235,6.7331006e-05,4.3722674e-05,disp_p,100990000.0,pu
4944,7,0.9901412,0.0085499855,0.0005285236,0.0007802057,disp_p,100990000.0,pu
4944,8,0.9992768,0.0006156841,5.8140064e-05,4.9373895e-05,disp_p,100990000.0,pu
4944,9,0.9982438,0.0016202978,9.5483825e-05,4.042068e-05,disp_p,100990000.0,pu
4944,10,0.99910307,0.0007512732,9.00143e-05,5.5610148e-05,disp_p,100990000.0,pu
5121,1,0.9585189,0.040659506,0.0004306867,0.00039089908,disp_p,120610833.0,pu
5121,2,0.9434882,0.055576287,0.00065502734,0.00028048092,disp_p,120610833.0,pu
5121,3,0.8699643,0.12860233,0.0009118564,0.0005214869,disp_p,120610833.0,pu
5121,4,0.9326517,0.06608448,0.0008611587,0.00040264925,disp_p,120610833.0,pu
5121,5,0.89756966,0.1011641,0.00082556595,0.0004406387,disp_p,120610833.0,pu
5121,6,0.93423915,0.06462231,0.0008291033,0.000309434,disp_p,120610833.0,pu
5121,7,0.94568914,0.053303227,0.0005491258,0.0004584575,disp_p,120610833.0,pu
5121,8,0.8879191,0.1106097,0.00086954725,0.00060158444,disp_p,120610833.0,pu
5121,9,0.9186567,0.08058254,0.00058377784,0.00017692512,disp_p,120610833.0,pu
5121,10,0.89619046,0.10210268,0.0012483347,0.00045847084,disp_p,120610833.0,pu
2076,1,0.0038915826,0.99503267,0.00045649044,0.0006192756,disp_e,147928636.0,eb
2076,2,0.008514575,0.9860596,0.0021619657,0.0032639327,disp_e,147928636.0,eb
2076,3,0.008077681,0.98816,0.0011830041,0.0025792732,disp_e,147928636.0,eb
2076,4,0.0025346128,0.9963104,0.00048461728,0.0006703926,disp_e,147928636.0,eb
2076,5,0.008938193,0.9862403,0.0018239714,0.0029974824,disp_e,147928636.0,eb
2076,6,0.004917018,0.9917401,0.0015343335,0.001808448,disp_e,147928636.0,eb
2076,7,0.0035226392,0.995449,0.00048351422,0.0005447698,disp_e,147928636.0,eb
2076,8,0.0072294897,0.9850971,0.0022435633,0.0054298765,disp_e,147928636.0,eb
2076,9,0.007460797,0.98712385,0.0017880443,0.003627367,disp_e,147928636.0,eb
2076,10,0.009008232,0.9861773,0.0015840643,0.0032303787,disp_e,147928636.0,eb
10932,1,0.983123,0.0016577957,0.0018034728,0.0134158125,disp_p,,
10932,2,0.98628056,0.0018507042,0.0010011379,0.0108676525,disp_p,,
10932,3,0.9799446,0.0051596775,0.003446963,0.011448734,disp_p,,
10932,4,0.9835962,0.0022895066,0.001206983,0.012907345,disp_p,,
10932,5,0.983515,0.0021378587,0.0010660454,0.01328101,disp_p,,
10932,6,0.98835737,0.0013298996,0.0008735716,0.009439231,disp_p,,
10932,7,0.9825117,0.0018271211,0.0012940918,0.01436711,disp_p,,
10932,8,0.9857637,0.0018271585,0.0010101104,0.011398917,disp_p,,
10932,9,0.98447174,0.0026211627,0.0014746522,0.011432446,disp_p,,
10932,10,0.9894338,0.0009875149,0.001068107,0.00851048,disp_p,,
519,1,0.002856391,0.9949031,0.00072679453,0.001513709,disp_e,167196597.0,eb
519,2,0.003210506,0.9944694,0.00090125663,0.0014187847,disp_e,167196597.0,eb
519,3,0.0029888377,0.9954568,0.00044301036,0.0011113534,disp_e,167196597.0,eb
519,4,0.0020336185,0.99635965,0.00054978224,0.0010570219,disp_e,167196597.0,eb
519,5,0.00331681,0.99480397,0.0006618603,0.001217291,disp_e,167196597.0,eb
519,6,0.0017609092,0.9967615,0.00072217215,0.00075542374,disp_e,167196597.0,eb
519,7,0.003072469,0.9946725,0.00082191423,0.0014332302,disp_e,167196597.0,eb
519,8,0.0026063432,0.99456644,0.000816503,0.0020107115,disp_e,167196597.0,eb
519,9,0.0033995947,0.99385935,0.0008599302,0.0018812378,disp_e,167196597.0,eb
519,10,0.0028511593,0.99510586,0.0006825113,0.0013604681,disp_e,167196597.0,eb
1022,1,0.0483067,0.95142275,0.00017556745,9.492076e-05,disp_e,306981323.0,eb
1022,2,0.029129682,0.9686148,0.0014040173,0.00085149944,disp_e,306981323.0,eb
1022,3,0.02706729,0.971009,0.00095834775,0.0009654277,disp_e,306981323.0,eb
1022,4,0.091810256,0.9060605,0.0014379809,0.0006912967,disp_e,306981323.0,eb
1022,5,0.020075686,0.9782624,0.0009245406,0.00073733553,disp_e,306981323.0,eb
1022,6,0.030033432,0.9673099,0.0017726675,0.0008839503,disp_e,306981323.0,eb
1022,7,0.044505462,0.9550566,0.00028811645,0.00014987496,disp_e,306981323.0,eb
1022,8,0.015167504,0.9831008,0.00072997255,0.0010017514,disp_e,306981323.0,eb
1022,9,0.036069874,0.9618503,0.0012542589,0.0008255683,disp_e,306981323.0,eb
1022,10,0.019627148,0.97878385,0.00097073294,0.0006182636,disp_e,306981323.0,eb
28137,1,0.0013516333,0.07949242,0.001141631,0.9180143,disp_j,38589392.0,B
28137,2,0.0031976772,0.15068185,0.0010021027,0.8451184,disp_j,38589392.0,B
28137,3,0.0029352647,0.16005075,0.0016916561,0.8353224,disp_j,38589392.0,B
28137,4,0.0012445183,0.18146,0.0012892156,0.81600624,disp_j,38589392.0,B
28137,5,0.0043129795,0.15636678,0.002065169,0.837255,disp_j,38589392.0,B
28137,6,0.0041761636,0.14395949,0.002976376,0.8488879,disp_j,38589392.0,B
28137,7,0.0009019636,0.099148326,0.0010692538,0.8988805,disp_j,38589392.0,B
28137,8,0.0047227736,0.17679656,0.0049438756,0.8135367,disp_j,38589392.0,B
28137,9,0.0013462194,0.14027458,0.0009357653,0.8574435,disp_j,38589392.0,B
28137,10,0.00555395,0.26562616,0.0024095722,0.7264104,disp_e,38589392.0,B
9716,1,1.0,2.0432357e-23,8.266649e-21,1.3162034e-08,disp_p,,
9716,2,1.0,3.9273455e-19,4.8543528e-23,5.880748e-13,disp_p,,
9716,3,1.0,8.350381e-22,1.5148899e-18,2.223253e-11,disp_p,,
9716,4,1.0,1.5480914e-31,4.839671e-31,3.957082e-16,disp_p,,
9716,5,1.0,9.6256585e-20,1.231464e-20,1.933353e-08,disp_p,,
9716,6,1.0,2.7316328e-35,9.205227e-32,1.8009968e-16,disp_p,,
9716,7,1.0,2.817274e-24,5.8650483e-26,3.822694e-12,disp_p,,
9716,8,1.0,1.8977512e-25,4.1143056e-24,7.219126e-12,disp_p,,
9716,9,1.0,1.0653541e-18,2.6264654e-19,4.4599577e-09,disp_p,,
9716,10,1.0,8.3415026e-21,1.7883163e-18,2.2116347e-11,disp_p,,
8941,1,0.9994535,0.00032680496,6.236646e-05,0.00015734845,disp_p,438278301.0,pu
8941,2,0.9997986,0.00017512823,1.3907838e-05,1.2375373e-05,disp_p,438278301.0,pu
8941,3,0.99963117,0.0003082715,3.2192915e-05,2.8420256e-05,disp_p,438278301.0,pu
8941,4,0.99962723,0.0002761799,4.4992663e-05,5.1486775e-05,disp_p,438278301.0,pu
8941,5,0.99977845,0.0001713066,2.6511781e-05,2.3796942e-05,disp_p,438278301.0,pu
8941,6,0.9998857,8.7398745e-05,1.52091625e-05,1.1694781e-05,disp_p,438278301.0,pu
8941,7,0.99929035,0.00047449514,6.471141e-05,0.0001704044,disp_p,438278301.0,pu
8941,8,0.99985087,0.00012566162,1.2756524e-05,1.0656046e-05,disp_p,438278301.0,pu
8941,9,0.9996456,0.00030253688,3.3981523e-05,1.7888757e-05,disp_p,438278301.0,pu
8941,10,0.9998554,0.000113419424,1.9547702e-05,1.1592117e-05,disp_p,438278301.0,pu
3335,1,0.087523475,0.91160446,0.0005008689,0.0003712419,disp_e,390545654.0,eb
3335,2,0.060189065,0.9384258,0.000923627,0.00046141222,disp_e,390545654.0,eb
3335,3,0.06086444,0.93794936,0.00066054554,0.00052559143,disp_e,390545654.0,eb
3335,4,0.08397915,0.9149349,0.00068619003,0.00039973855,disp_e,390545654.0,eb
3335,5,0.05077813,0.94816935,0.00065636216,0.00039617447,disp_e,390545654.0,eb
3335,6,0.056005884,0.94288474,0.00077581283,0.0003335796,disp_e,390545654.0,eb
3335,7,0.08286291,0.9162113,0.0005751519,0.00035064318,disp_e,390545654.0,eb
3335,8,0.068168186,0.93011254,0.0008627443,0.00085654313,disp_e,390545654.0,eb
3335,9,0.059993673,0.93895173,0.0006890366,0.00036557496,disp_e,390545654.0,eb
3335,10,0.06384792,0.9348866,0.00083551666,0.0004299346,disp_e,390545654.0,eb
2064,1,0.021054545,0.97756606,0.0007654786,0.00061385875,disp_e,144344224.0,eb
2064,2,0.01738652,0.97967404,0.0016508971,0.0012884501,disp_e,144344224.0,eb
2064,3,0.017706819,0.98015195,0.0010373235,0.0011038934,disp_e,144344224.0,eb
2064,4,0.012320126,0.98624486,0.00081854616,0.0006165782,disp_e,144344224.0,eb
2064,5,0.01472427,0.9833956,0.0010541603,0.0008259807,disp_e,144344224.0,eb
2064,6,0.011140477,0.9869125,0.0012348141,0.00071225717,disp_e,144344224.0,eb
2064,7,0.013802886,0.9849664,0.00071354304,0.0005172751,disp_e,144344224.0,eb
2064,8,0.014871767,0.98214114,0.0012408809,0.0017462067,disp_e,144344224.0,eb
2064,9,0.0152032655,0.982477,0.001284473,0.0010352214,disp_e,144344224.0,eb
2064,10,0.020555511,0.97668844,0.0015457551,0.0012102564,disp_e,144344224.0,eb
4751,1,0.5894819,0.40822473,0.0013713008,0.0009220378,disp_e,81419525.0,pu
4751,2,0.78485966,0.21367505,0.001047537,0.00041780146,disp_p,81419525.0,pu
4751,3,0.77187955,0.2265789,0.001016305,0.00052528013,disp_e,81419525.0,pu
4751,4,0.6972407,0.30108625,0.001191342,0.00048174843,disp_e,81419525.0,pu
4751,5,0.7177264,0.28080663,0.0010359037,0.00043116344,disp_e,81419525.0,pu
4751,6,0.8192125,0.17942077,0.0010335492,0.0003332915,disp_p,81419525.0,pu
4751,7,0.61109114,0.3871098,0.0011591546,0.00063988037,disp_e,81419525.0,pu
4751,8,0.77034676,0.22819242,0.00085835956,0.0006024039,disp_e,81419525.0,pu
4751,9,0.79043853,0.20848998,0.00089132553,0.00018019923,disp_p,81419525.0,pu
4751,10,0.7971627,0.20089222,0.001505384,0.0004396998,disp_p,81419525.0,pu
27556,1,1.0056818e-05,4.592922e-08,5.8536544e-12,0.99999,disp_j,278535596.0,J
27556,2,2.126741e-08,5.4144655e-10,3.072063e-14,1.0,disp_j,278535596.0,J
27556,3,2.1181833e-07,2.858577e-10,2.3569488e-12,0.99999976,disp_j,278535596.0,J
27556,4,1.1198781e-06,1.6499616e-08,1.4121918e-12,0.9999989,disp_j,278535596.0,J
27556,5,1.7037479e-07,1.13856743e-10,3.1426703e-15,0.9999999,disp_j,278535596.0,J
27556,6,4.2660406e-05,4.1628695e-10,1.1329225e-12,0.9999573,disp_j,278535596.0,J
27556,7,1.6058085e-07,3.3675671e-09,7.2010845e-15,0.9999999,disp_j,278535596.0,J
27556,8,2.2145151e-07,6.432678e-11,4.3954073e-15,0.99999976,disp_j,278535596.0,J
27556,9,1.8030188e-07,3.030924e-11,6.7489146e-15,0.99999976,disp_j,278535596.0,J
27556,10,1.10701535e-07,1.6197845e-09,3.1333668e-13,0.9999999,disp_j,278535596.0,J
4639,1,0.9391473,0.04739703,0.0037603076,0.009695321,disp_p,71459120.0,pu
4639,2,0.9416218,0.056036513,0.001378066,0.00096360827,disp_p,71459120.0,pu
4639,3,0.89782923,0.09888326,0.0017910756,0.0014964931,disp_p,71459120.0,pu
4639,4,0.8848202,0.10498385,0.0047676377,0.0054283175,disp_p,71459120.0,pu
4639,5,0.93252915,0.06502755,0.0014032022,0.0010400127,disp_p,71459120.0,pu
4639,6,0.94452745,0.053077668,0.0014303073,0.00096456514,disp_p,71459120.0,pu
4639,7,0.866391,0.1123715,0.00742326,0.013814217,disp_p,71459120.0,pu
4639,8,0.95801866,0.039536897,0.0013041465,0.0011403473,disp_p,71459120.0,pu
4639,9,0.9038669,0.09429441,0.001151575,0.00068709697,disp_p,71459120.0,pu
4639,10,0.957522,0.04013338,0.0014122844,0.0009322779,disp_p,71459120.0,pu
7495,1,0.99328715,0.0019291389,0.00080189557,0.003981812,disp_p,310994622.0,pu
7495,2,0.9977526,0.0020253316,0.00013311698,8.896362e-05,disp_p,310994622.0,pu
7495,3,0.99370664,0.005794051,0.00029199,0.00020732913,disp_p,310994622.0,pu
7495,4,0.9935236,0.0046209698,0.00071730686,0.0011381714,disp_p,310994622.0,pu
7495,5,0.99736977,0.0023325214,0.00016503925,0.0001326822,disp_p,310994622.0,pu
7495,6,0.9984403,0.0013253866,0.00013924864,9.502683e-05,disp_p,310994622.0,pu
7495,7,0.9898128,0.004117521,0.0012310479,0.0048386436,disp_p,310994622.0,pu
7495,8,0.99765354,0.002031086,0.00017621196,0.00013909845,disp_p,310994622.0,pu
7495,9,0.9958604,0.0038145387,0.00022400425,0.000101068064,disp_p,310994622.0,pu
7495,10,0.99778193,0.0018159066,0.00025574194,0.00014638955,disp_p,310994622.0,pu
9102,1,0.99790573,0.0012824138,0.00024441033,0.000567352,disp_p,453452264.0,pu
9102,2,0.9988335,0.0008630451,0.00013625156,0.00016731428,disp_p,453452264.0,pu
9102,3,0.9980509,0.001356625,0.0002769665,0.0003155239,disp_p,453452264.0,pu
9102,4,0.998635,0.0009576724,0.00018794321,0.00021929681,disp_p,453452264.0,pu
9102,5,0.9987715,0.00074553944,0.00022381755,0.00025916783,disp_p,453452264.0,pu
9102,6,0.9990645,0.00059126876,0.00017336955,0.00017088563,disp_p,453452264.0,pu
9102,7,0.99747795,0.0017570785,0.00023413262,0.00053084304,disp_p,453452264.0,pu
9102,8,0.99916565,0.0006030298,0.00011232635,0.00011903092,disp_p,453452264.0,pu
9102,9,0.9981494,0.0013441615,0.0002684458,0.00023806034,disp_p,453452264.0,pu
9102,10,0.9990828,0.00060035527,0.00015641561,0.00016044316,disp_p,453452264.0,pu
7592,1,0.9849473,0.006005098,0.0017456408,0.0073020384,disp_p,318753380.0,pu
7592,2,0.9863391,0.012836601,0.00046548963,0.00035877086,disp_p,318753380.0,pu
7592,3,0.94006544,0.05795922,0.0010094161,0.0009659872,disp_p,318753380.0,pu
7592,4,0.97231156,0.023448545,0.0017493154,0.0024906183,disp_p,318753380.0,pu
7592,5,0.9771339,0.021803932,0.0005369922,0.00052508764,disp_p,318753380.0,pu
7592,6,0.9866767,0.012303795,0.00058557466,0.000433927,disp_p,318753380.0,pu
7592,7,0.9854447,0.008087438,0.0016564523,0.0048113726,disp_p,318753380.0,pu
7592,8,0.98407644,0.014869742,0.0005290652,0.00052471756,disp_p,318753380.0,pu
7592,9,0.9535451,0.045152318,0.00080231053,0.00050029316,disp_p,318753380.0,pu
7592,10,0.9809621,0.017762681,0.0006985803,0.00057665195,disp_p,318753380.0,pu
9162,1,0.99655765,0.00255078,0.00035034295,0.00054122193,disp_p,458890024.0,pu
9162,2,0.9969626,0.0023360003,0.00035596883,0.00034541928,disp_p,458890024.0,pu
9162,3,0.9955636,0.0034168574,0.0005129386,0.00050661527,disp_p,458890024.0,pu
9162,4,0.99734265,0.0020878508,0.00031950927,0.00025004797,disp_p,458890024.0,pu
9162,5,0.9969361,0.002091382,0.0004914739,0.00048110983,disp_p,458890024.0,pu
9162,6,0.9975479,0.0017070589,0.00041184574,0.0003331524,disp_p,458890024.0,pu
9162,7,0.9957522,0.0034006685,0.000336568,0.00051060796,disp_p,458890024.0,pu
9162,8,0.9977851,0.0017210633,0.00025298583,0.00024076323,disp_p,458890024.0,pu
9162,9,0.99655676,0.0026957542,0.00045038242,0.0002971451,disp_p,458890024.0,pu
9162,10,0.9975069,0.0017515239,0.00041094449,0.00033060578,disp_p,458890024.0,pu
8291,1,0.98649347,0.0076802545,0.0013502244,0.00447599,disp_p,378291076.0,pu
8291,2,0.98369956,0.009376304,0.00225756,0.004666569,disp_p,378291076.0,pu
8291,3,0.98337656,0.009767899,0.0024281803,0.0044274037,disp_p,378291076.0,pu
8291,4,0.9849849,0.0092963455,0.0019297991,0.0037889266,disp_p,378291076.0,pu
8291,5,0.98993695,0.005526187,0.0016584322,0.0028784475,disp_p,378291076.0,pu
8291,6,0.99126476,0.004283446,0.0015591622,0.0028926337,disp_p,378291076.0,pu
8291,7,0.97978514,0.012971974,0.0019711307,0.005271784,disp_p,378291076.0,pu
8291,8,0.98964465,0.0053313295,0.0017215092,0.0033025024,disp_p,378291076.0,pu
8291,9,0.9863424,0.008612408,0.002019296,0.0030258372,disp_p,378291076.0,pu
8291,10,0.9939237,0.0035808184,0.0009107701,0.0015846353,disp_p,378291076.0,pu
2389,1,0.08340514,0.9141799,0.0012404493,0.001174552,disp_e,231024251.0,eb
2389,2,0.14547743,0.8476404,0.003917403,0.0029647732,disp_e,231024251.0,eb
2389,3,0.070519045,0.9241639,0.002269868,0.0030471312,disp_e,231024251.0,eb
2389,4,0.1562755,0.8360577,0.0039473344,0.0037194418,disp_e,231024251.0,eb
2389,5,0.13866547,0.856213,0.0026863117,0.0024352039,disp_e,231024251.0,eb
2389,6,0.112991914,0.8818358,0.003187915,0.0019843185,disp_e,231024251.0,eb
2389,7,0.120579,0.87466073,0.0024417313,0.0023185334,disp_e,231024251.0,eb
2389,8,0.13434097,0.8591724,0.0027367007,0.0037499878,disp_e,231024251.0,eb
2389,9,0.08381469,0.90992624,0.0029635278,0.003295619,disp_e,231024251.0,eb
2389,10,0.1516491,0.8424711,0.003076095,0.0028037303,disp_e,231024251.0,eb
27453,1,0.12564091,0.005207899,0.0063943686,0.8627567,disp_j,265208444.0,J
27453,2,0.07655763,0.009096803,0.005849153,0.90849644,disp_j,265208444.0,J
27453,3,0.051589802,0.006657557,0.0075404434,0.9342123,disp_j,265208444.0,J
27453,4,0.07328876,0.0068229646,0.0055782027,0.91431016,disp_j,265208444.0,J
27453,5,0.07498102,0.007235078,0.0069219163,0.91086197,disp_j,265208444.0,J
27453,6,0.06795599,0.0054914514,0.004775585,0.92177695,disp_j,265208444.0,J
27453,7,0.07095038,0.004007091,0.0040133726,0.92102915,disp_j,265208444.0,J
27453,8,0.051093012,0.0076396004,0.0049442835,0.93632305,disp_j,265208444.0,J
27453,9,0.059575666,0.0054799262,0.004254784,0.93068963,disp_j,265208444.0,J
27453,10,0.08491071,0.008291097,0.005191671,0.9016065,disp_j,265208444.0,J
3483,1,0.58814675,0.39836872,0.0055526635,0.00793187,disp_e,424699452.0,eb
3483,2,0.31453168,0.6623683,0.010249826,0.012850266,disp_e,424699452.0,eb
3483,3,0.49260888,0.48183385,0.00931233,0.016244946,disp_e,424699452.0,eb
3483,4,0.47397515,0.50860393,0.007814297,0.009606567,disp_e,424699452.0,eb
3483,5,0.25517508,0.72164303,0.008955138,0.01422669,disp_e,424699452.0,eb
3483,6,0.18819922,0.7941773,0.008031178,0.009592323,disp_e,424699452.0,eb
3483,7,0.46797925,0.51450115,0.0071242102,0.01039536,disp_e,424699452.0,eb
3483,8,0.3152716,0.6586399,0.010298514,0.015789982,disp_e,424699452.0,eb
3483,9,0.28654492,0.6895495,0.010262697,0.013642909,disp_e,424699452.0,eb
3483,10,0.48403478,0.49857214,0.008144957,0.009248141,disp_e,424699452.0,eb
5644,1,0.9980007,0.001599082,0.00017203478,0.00022818071,disp_p,158241252.0,pu
5644,2,0.99872017,0.0011154971,9.481716e-05,6.954551e-05,disp_p,158241252.0,pu
5644,3,0.9981231,0.0016111038,0.00015630307,0.00010944927,disp_p,158241252.0,pu
5644,4,0.9982591,0.0014778075,0.00015418182,0.00010883982,disp_p,158241252.0,pu
5644,5,0.9985246,0.0012178378,0.00014500857,0.000112557005,disp_p,158241252.0,pu
5644,6,0.99917895,0.000653103,9.98095e-05,6.812859e-05,disp_p,158241252.0,pu
5644,7,0.99691916,0.0026439936,0.00017748715,0.00025942686,disp_p,158241252.0,pu
5644,8,0.9990088,0.0008565906,7.565859e-05,5.8973055e-05,disp_p,158241252.0,pu
5644,9,0.9982395,0.0015601151,0.00014131908,5.897543e-05,disp_p,158241252.0,pu
5644,10,0.9990464,0.00078012614,0.00011449764,5.9075643e-05,disp_p,158241252.0,pu
625,1,9.349339e-05,0.9997421,2.7924923e-05,0.00013651201,disp_e,219977027.0,et
625,2,0.0013239724,0.99647695,0.00044564373,0.0017534966,disp_e,219977027.0,et
625,3,0.0014185002,0.9971072,0.00020287203,0.0012713413,disp_e,219977027.0,et
625,4,0.00033604607,0.9988072,0.00012289685,0.00073388044,disp_e,219977027.0,et
625,5,0.001685072,0.9961876,0.00039667965,0.0017306439,disp_e,219977027.0,et
625,6,0.0013449978,0.9965617,0.00063610106,0.0014571605,disp_e,219977027.0,et
625,7,0.0001611261,0.9996412,3.890259e-05,0.00015875307,disp_e,219977027.0,et
625,8,0.0019206037,0.99439794,0.00080184086,0.00287963,disp_e,219977027.0,et
625,9,0.0009806792,0.99623054,0.00039364456,0.0023951328,disp_e,219977027.0,et
625,10,0.0014183604,0.99665195,0.00034845504,0.0015812542,disp_e,219977027.0,et
7884,1,0.99874437,0.0011449725,4.546573e-05,6.515684e-05,disp_p,347357977.0,pu
7884,2,0.9997843,0.00019214876,1.2595241e-05,1.0979942e-05,disp_p,347357977.0,pu
7884,3,0.99982315,0.00015695649,1.1232799e-05,8.719376e-06,disp_p,347357977.0,pu
7884,4,0.99957603,0.00040108166,1.6514274e-05,6.3784396e-06,disp_p,347357977.0,pu
7884,5,0.99973685,0.00021684186,2.2281885e-05,2.3968616e-05,disp_p,347357977.0,pu
7884,6,0.99975663,0.00021702552,1.7254855e-05,9.097266e-06,disp_p,347357977.0,pu
7884,7,0.9988772,0.001034996,3.5757774e-05,5.207004e-05,disp_p,347357977.0,pu
7884,8,0.9997031,0.00024370135,2.6778389e-05,2.6332798e-05,disp_p,347357977.0,pu
7884,9,0.9997862,0.00019625966,1.2744986e-05,4.8559955e-06,disp_p,347357977.0,pu
7884,10,0.99976116,0.00019513255,2.5631654e-05,1.8114704e-05,disp_p,347357977.0,pu
5158,1,0.9944457,0.0032254145,0.00065282616,0.0016760516,disp_p,124095888.0,pu
5158,2,0.98458993,0.009585764,0.0021851163,0.0036391737,disp_p,124095888.0,pu
5158,3,0.98586965,0.0092759635,0.0019672387,0.0028871074,disp_p,124095888.0,pu
5158,4,0.99016565,0.006050969,0.0014714728,0.0023119848,disp_p,124095888.0,pu
5158,5,0.98656857,0.008153276,0.0021890064,0.0030891541,disp_p,124095888.0,pu
5158,6,0.9867185,0.008096284,0.0020835556,0.0031017072,disp_p,124095888.0,pu
5158,7,0.9891473,0.006676903,0.0012349451,0.0029408217,disp_p,124095888.0,pu
5158,8,0.9900954,0.0060730823,0.0016183158,0.0022132206,disp_p,124095888.0,pu
5158,9,0.9845212,0.010673824,0.0020783904,0.002726514,disp_p,124095888.0,pu
5158,10,0.9923494,0.005465648,0.001006994,0.0011780658,disp_p,124095888.0,pu
4312,1,0.99783057,0.0015760696,0.00021493345,0.0003784164,disp_p,39414571.0,pu
4312,2,0.9994894,0.0004950203,1.1081781e-05,4.496927e-06,disp_p,39414571.0,pu
4312,3,0.99817336,0.0017803375,3.1789124e-05,1.4579976e-05,disp_p,39414571.0,pu
4312,4,0.9965959,0.003083379,0.0001814627,0.00013930791,disp_p,39414571.0,pu
4312,5,0.9993636,0.00061327184,1.5592845e-05,7.4816858e-06,disp_p,39414571.0,pu
4312,6,0.9996221,0.00036090187,1.2564324e-05,4.4285775e-06,disp_p,39414571.0,pu
4312,7,0.9972984,0.0020669969,0.00021439987,0.00042026542,disp_p,39414571.0,pu
4312,8,0.99939597,0.0005840918,1.3274541e-05,6.702837e-06,disp_p,39414571.0,pu
4312,9,0.99877506,0.0012008881,2.038188e-05,3.7041705e-06,disp_p,39414571.0,pu
4312,10,0.999432,0.00052925484,3.0242823e-05,8.399682e-06,disp_p,39414571.0,pu
2960,1,0.17617673,0.8215976,0.0012846505,0.00094109285,disp_e,323340652.0,eb
2960,2,0.25289908,0.7440617,0.0020431052,0.0009961048,disp_e,323340652.0,eb
2960,3,0.24711318,0.7503277,0.001505013,0.0010540903,disp_e,323340652.0,eb
2960,4,0.13012645,0.8678783,0.0013127455,0.00068250304,disp_e,323340652.0,eb
2960,5,0.18232813,0.81555825,0.0013530336,0.00076056743,disp_e,323340652.0,eb
2960,6,0.18651174,0.81100327,0.0017360445,0.00074901705,disp_e,323340652.0,eb
2960,7,0.15485863,0.84322757,0.0011719929,0.00074179145,disp_e,323340652.0,eb
2960,8,0.20028348,0.796434,0.0016957152,0.0015869015,disp_e,323340652.0,eb
2960,9,0.22444664,0.77330023,0.0016199632,0.0006330933,disp_e,323340652.0,eb
2960,10,0.24791859,0.7489735,0.0021457192,0.0009622216,disp_e,323340652.0,eb
24,1,0.011490842,0.98838043,8.453823e-05,4.424199e-05,disp_e,112362827.0,et
24,2,0.006243252,0.99177223,0.0010305522,0.00095402496,disp_e,112362827.0,et
24,3,0.011031283,0.9869875,0.0006995886,0.0012816145,disp_e,112362827.0,et
24,4,0.018368537,0.9800378,0.0009488055,0.00064493704,disp_e,112362827.0,et
24,5,0.0074608,0.9905777,0.000799016,0.0011625414,disp_e,112362827.0,et
24,6,0.006022377,0.9920026,0.0011806993,0.00079432357,disp_e,112362827.0,et
24,7,0.012311451,0.9873811,0.00019567566,0.00011183585,disp_e,112362827.0,et
24,8,0.0046054516,0.9939559,0.00045948304,0.0009792354,disp_e,112362827.0,et
24,9,0.011319626,0.98649406,0.0009965141,0.0011897897,disp_e,112362827.0,et
24,10,0.0054191747,0.9934094,0.0005405836,0.00063087064,disp_e,112362827.0,et
3864,1,0.8111516,0.17655021,0.003970065,0.00832812,disp_p,808243.0,pu
3864,2,0.4876287,0.48394054,0.010103176,0.018327586,disp_e,808243.0,pu
3864,3,0.45613766,0.5177716,0.007892721,0.018198017,disp_e,808243.0,pu
3864,4,0.67705894,0.310801,0.0045665726,0.0075734784,disp_e,808243.0,pu
3864,5,0.41580716,0.5616211,0.0077446,0.014827118,disp_e,808243.0,pu
3864,6,0.6417545,0.3371458,0.008306915,0.012792808,disp_e,808243.0,pu
3864,7,0.74144155,0.24402966,0.0052592224,0.009269628,disp_e,808243.0,pu
3864,8,0.44499472,0.52379906,0.0093005905,0.02190564,disp_e,808243.0,pu
3864,9,0.4077132,0.5671464,0.0096356,0.015504897,disp_e,808243.0,pu
3864,10,0.5396053,0.43865865,0.00808239,0.01365368,disp_e,808243.0,pu
1568,1,0.0034991517,0.9964535,3.1905714e-05,1.5387366e-05,disp_e,419713844.0,eb
1568,2,0.007536813,0.9914043,0.00066956464,0.0003892601,disp_e,419713844.0,eb
1568,3,0.010108039,0.98897284,0.00045103862,0.00046800534,disp_e,419713844.0,eb
1568,4,0.0073761595,0.9921326,0.00034628544,0.00014504176,disp_e,419713844.0,eb
1568,5,0.0074221874,0.9918184,0.00044253236,0.0003168617,disp_e,419713844.0,eb
1568,6,0.0062033925,0.9926219,0.0008216098,0.00035305019,disp_e,419713844.0,eb
1568,7,0.0034933237,0.99641466,6.052858e-05,3.1531632e-05,disp_e,419713844.0,eb
1568,8,0.005856906,0.9932641,0.00037686696,0.0005021961,disp_e,419713844.0,eb
1568,9,0.012348127,0.9866333,0.00064340467,0.0003751511,disp_e,419713844.0,eb
1568,10,0.008206819,0.9909383,0.00054389576,0.00031095688,disp_e,419713844.0,eb
568,1,0.0014211918,0.99819356,0.00015055822,0.00023466756,disp_e,186383896.0,et
568,2,0.006645845,0.98968434,0.0014125964,0.0022571404,disp_e,186383896.0,et
568,3,0.005708808,0.9918794,0.00070226705,0.0017095548,disp_e,186383896.0,et
568,4,0.004102271,0.99433774,0.0005653456,0.0009946577,disp_e,186383896.0,et
568,5,0.006331825,0.99014354,0.0012170374,0.002307551,disp_e,186383896.0,et
568,6,0.0051707085,0.9916291,0.0014374042,0.0017627111,disp_e,186383896.0,et
568,7,0.0023147098,0.99698144,0.00032205798,0.00038178655,disp_e,186383896.0,et
568,8,0.0050224783,0.9909984,0.0011046237,0.002874542,disp_e,186383896.0,et
568,9,0.0049937307,0.991715,0.0010902826,0.0022008861,disp_e,186383896.0,et
568,10,0.0058900923,0.990897,0.0011467675,0.002066151,disp_e,186383896.0,et
10425,1,0.98327696,0.0016551587,0.0017984415,0.013269472,disp_p,,
10425,2,0.98634976,0.0018571125,0.0010046456,0.010788486,disp_p,,
10425,3,0.980467,0.005095746,0.0033866568,0.011050586,disp_p,,
10425,4,0.98376507,0.00228678,0.0012026519,0.012745521,disp_p,,
10425,5,0.98355144,0.0021539088,0.0010727128,0.013221927,disp_p,,
10425,6,0.9883632,0.0013429854,0.0008819015,0.009411889,disp_p,,
10425,7,0.98264354,0.0018287714,0.0012938699,0.014233871,disp_p,,
10425,8,0.98581064,0.0018310142,0.0010175625,0.011340754,disp_p,,
10425,9,0.984582,0.0026247571,0.0014764795,0.011316713,disp_p,,
10425,10,0.9893813,0.0009993454,0.0010817351,0.008537568,disp_p,,
4144,1,0.99947006,0.00026223337,5.7186455e-05,0.00021051458,disp_p,27230283.0,pu
4144,2,0.9996444,0.00026817233,3.5905257e-05,5.1589992e-05,disp_p,27230283.0,pu
4144,3,0.999403,0.00041996932,7.916363e-05,9.7937e-05,disp_p,27230283.0,pu
4144,4,0.9995152,0.00030780068,6.615217e-05,0.000110949295,disp_p,27230283.0,pu
4144,5,0.99972457,0.00018059461,4.081436e-05,5.4092518e-05,disp_p,27230283.0,pu
4144,6,0.99982697,0.00010658072,3.0462217e-05,3.5958423e-05,disp_p,27230283.0,pu
4144,7,0.99921155,0.0004649196,6.952965e-05,0.00025395784,disp_p,27230283.0,pu
4144,8,0.9997521,0.0001815639,2.9500154e-05,3.67623e-05,disp_p,27230283.0,pu
4144,9,0.9995129,0.00035647347,6.828524e-05,6.236583e-05,disp_p,27230283.0,pu
4144,10,0.9997931,0.00013909771,3.4904573e-05,3.286874e-05,disp_p,27230283.0,pu
4739,1,0.9992543,0.00048349815,8.167989e-05,0.00018047454,disp_p,80682484.0,pu
4739,2,0.9997805,0.00018677824,1.7181439e-05,1.5549414e-05,disp_p,80682484.0,pu
4739,3,0.9995409,0.00037645927,4.395676e-05,3.8710696e-05,disp_p,80682484.0,pu
4739,4,0.9994998,0.000398203,5.740093e-05,4.4549528e-05,disp_p,80682484.0,pu
4739,5,0.9997881,0.00015714,2.8857396e-05,2.5914811e-05,disp_p,80682484.0,pu
4739,6,0.99983263,0.00012814753,2.2473772e-05,1.6611197e-05,disp_p,80682484.0,pu
4739,7,0.9989135,0.0008387022,8.190637e-05,0.00016583691,disp_p,80682484.0,pu
4739,8,0.99978906,0.00017670203,1.880046e-05,1.5390626e-05,disp_p,80682484.0,pu
4739,9,0.9996841,0.00026390262,3.5504167e-05,1.6450052e-05,disp_p,80682484.0,pu
4739,10,0.99984646,0.000116112584,2.2802933e-05,1.4640978e-05,disp_p,80682484.0,pu
28130,1,1.8396151e-05,2.652777e-05,4.7272583e-06,0.9999503,disp_j,384749330.0,J
28130,2,3.6344405e-05,1.0652078e-05,1.546597e-06,0.9999515,disp_j,384749330.0,J
28130,3,6.649693e-05,2.6182335e-05,8.324162e-06,0.9998989,disp_j,384749330.0,J
28130,4,1.4831326e-05,2.7340786e-05,3.961813e-06,0.99995387,disp_j,384749330.0,J
28130,5,4.5975466e-05,2.0569638e-05,4.7498906e-06,0.9999286,disp_j,384749330.0,J
28130,6,0.00011024292,1.2565887e-05,4.824572e-06,0.99987245,disp_j,384749330.0,J
28130,7,1.0925818e-05,3.909676e-05,6.0079997e-06,0.999944,disp_j,384749330.0,J
28130,8,5.421413e-05,6.8818867e-06,4.6372447e-06,0.9999342,disp_j,384749330.0,J
28130,9,3.1531566e-05,7.4621826e-06,1.514413e-06,0.99995947,disp_j,384749330.0,J
28130,10,0.00012301812,1.5811793e-05,4.4415715e-06,0.9998567,disp_j,384749330.0,J
1315,1,0.059234686,0.9398864,0.00050678285,0.0003721877,disp_e,367785426.0,eb
1315,2,0.08513229,0.91083014,0.002765251,0.0012722999,disp_e,367785426.0,eb
1315,3,0.10263639,0.893862,0.0019160297,0.0015856158,disp_e,367785426.0,eb
1315,4,0.034036092,0.9644875,0.0010562674,0.00042016676,disp_e,367785426.0,eb
1315,5,0.06393259,0.9334834,0.001620933,0.00096296926,disp_e,367785426.0,eb
1315,6,0.04557802,0.9499959,0.0031031154,0.0013229937,disp_e,367785426.0,eb
1315,7,0.031813882,0.96736586,0.00052865106,0.00029162175,disp_e,367785426.0,eb
1315,8,0.03918667,0.9570479,0.0017186402,0.002046793,disp_e,367785426.0,eb
1315,9,0.067629084,0.929964,0.0014789432,0.0009280671,disp_e,367785426.0,eb
1315,10,0.08441215,0.9122164,0.002150613,0.0012208807,disp_e,367785426.0,eb
9136,1,0.998552,0.0010786849,0.00013241322,0.0002369152,disp_p,457104362.0,pu
9136,2,0.9998673,0.0001253678,4.686786e-06,2.5887632e-06,disp_p,457104362.0,pu
9136,3,0.99974316,0.00024120604,1.0244938e-05,5.331421e-06,disp_p,457104362.0,pu
9136,4,0.999065,0.00084140006,5.608844e-05,3.7557907e-05,disp_p,457104362.0,pu
9136,5,0.9998654,0.00012192701,7.860958e-06,4.731101e-06,disp_p,457104362.0,pu
9136,6,0.99992,7.333718e-05,4.6838736e-06,2.0535795e-06,disp_p,457104362.0,pu
9136,7,0.9982601,0.0014675544,9.937917e-05,0.0001729584,disp_p,457104362.0,pu
9136,8,0.99983656,0.00015265442,6.7032533e-06,4.065248e-06,disp_p,457104362.0,pu
9136,9,0.9997607,0.00022855499,8.747398e-06,2.00672e-06,disp_p,457104362.0,pu
9136,10,0.99987245,0.00011045413,1.2915384e-05,4.2191928e-06,disp_p,457104362.0,pu
28361,1,0.0074703833,0.0039955853,0.0016531107,0.9868809,disp_j,438740715.0,J
28361,2,0.007976609,0.00387644,0.0011789321,0.9869681,disp_j,438740715.0,J
28361,3,0.009113897,0.004557822,0.002381051,0.98394716,disp_j,438740715.0,J
28361,4,0.0038247663,0.0025357937,0.00095676666,0.99268264,disp_j,438740715.0,J
28361,5,0.008188329,0.006299401,0.0023546552,0.9831577,disp_j,438740715.0,J
28361,6,0.012331389,0.0031498221,0.0019722707,0.98254657,disp_j,438740715.0,J
28361,7,0.0058043487,0.0032038835,0.0016590173,0.9893328,disp_j,438740715.0,J
28361,8,0.009647513,0.0030756623,0.002111197,0.9851656,disp_j,438740715.0,J
28361,9,0.0053030923,0.0019800924,0.0007226753,0.99199414,disp_j,438740715.0,J
28361,10,0.012538738,0.004623816,0.0017431197,0.98109424,disp_j,438740715.0,J
8964,1,0.9973272,0.0023079934,0.00016666859,0.00019813988,disp_p,440777904.0,pu
8964,2,0.9988225,0.0011599073,1.3011473e-05,4.627232e-06,disp_p,440777904.0,pu
8964,3,0.99682117,0.003135521,3.1285854e-05,1.2090412e-05,disp_p,440777904.0,pu
8964,4,0.9938677,0.0058198133,0.00019295071,0.00011952714,disp_p,440777904.0,pu
8964,5,0.9983327,0.0016440416,1.717861e-05,6.1954634e-06,disp_p,440777904.0,pu
8964,6,0.9992099,0.00077321747,1.2938302e-05,3.9334927e-06,disp_p,440777904.0,pu
8964,7,0.99694,0.0026830628,0.00014839564,0.00022848274,disp_p,440777904.0,pu
8964,8,0.99794585,0.0020292634,1.6785656e-05,8.143811e-06,disp_p,440777904.0,pu
8964,9,0.9970968,0.002878628,2.1668924e-05,2.9995986e-06,disp_p,440777904.0,pu
8964,10,0.9984464,0.001507576,3.7941987e-05,8.078392e-06,disp_p,440777904.0,pu
26433,1,0.53249484,0.04014358,0.02080289,0.40655872,disp_p,11557963.0,J
26433,2,0.36156136,0.05315738,0.01406875,0.5712125,disp_j,11557963.0,J
26433,3,0.2617723,0.04165797,0.015068053,0.6815017,disp_j,11557963.0,J
26433,4,0.27571398,0.029215863,0.012697574,0.6823726,disp_j,11557963.0,J
26433,5,0.37183243,0.06686617,0.014248659,0.5470528,disp_j,11557963.0,J
26433,6,0.3809887,0.03509103,0.010181561,0.57373875,disp_j,11557963.0,J
26433,7,0.41644645,0.02929189,0.014591984,0.5396697,disp_j,11557963.0,J
26433,8,0.41864917,0.07289785,0.010646083,0.4978069,disp_j,11557963.0,J
26433,9,0.2638047,0.041799825,0.010159895,0.6842356,disp_j,11557963.0,J
26433,10,0.27916324,0.097705565,0.012404764,0.6107264,disp_j,11557963.0,J
3956,1,0.998899,0.0007669663,0.00011617493,0.00021786331,disp_p,9443323.0,pu
3956,2,0.9998361,0.00015716148,4.592193e-06,2.1142619e-06,disp_p,9443323.0,pu
3956,3,0.9997198,0.0002676912,8.288532e-06,4.1306116e-06,disp_p,9443323.0,pu
3956,4,0.99925977,0.00066158903,4.646626e-05,3.218378e-05,disp_p,9443323.0,pu
3956,5,0.99983656,0.00015258136,7.0371398e-06,3.7789935e-06,disp_p,9443323.0,pu
3956,6,0.9998975,9.4768475e-05,5.4925486e-06,2.2326697e-06,disp_p,9443323.0,pu
3956,7,0.99864286,0.0011293533,8.0968486e-05,0.00014687092,disp_p,9443323.0,pu
3956,8,0.99981374,0.0001782512,5.1976936e-06,2.7874282e-06,disp_p,9443323.0,pu
3956,9,0.99972385,0.00026639426,8.108205e-06,1.6097227e-06,disp_p,9443323.0,pu
3956,10,0.99985886,0.00012849183,9.524769e-06,3.0826081e-06,disp_p,9443323.0,pu
2503,1,0.10839423,0.28593698,0.034178063,0.5714907,disp_e,250340193.0,jj
2503,2,0.06229636,0.098551564,0.01672547,0.82242656,disp_j,250340193.0,jj
2503,3,0.074859805,0.098298825,0.02250267,0.8043387,disp_j,250340193.0,jj
2503,4,0.06677009,0.28154823,0.02476463,0.62691706,disp_e,250340193.0,jj
2503,5,0.06857484,0.18770243,0.02506857,0.71865416,disp_j,250340193.0,jj
2503,6,0.059433963,0.098907255,0.019673884,0.8219849,disp_j,250340193.0,jj
2503,7,0.08043527,0.3535386,0.041429836,0.5245963,disp_e,250340193.0,jj
2503,8,0.07954714,0.13620119,0.019465294,0.7647864,disp_j,250340193.0,jj
2503,9,0.056805998,0.14937164,0.01788657,0.7759358,disp_j,250340193.0,jj
2503,10,0.113336146,0.13214402,0.014734172,0.7397857,disp_j,250340193.0,jj
2331,1,0.050027426,0.94055796,0.0038070676,0.005607524,disp_e,217549013.0,eb
2331,2,0.03327013,0.95746285,0.004515668,0.0047513843,disp_e,217549013.0,eb
2331,3,0.035281688,0.9568345,0.0030329458,0.004850907,disp_e,217549013.0,eb
2331,4,0.036647957,0.9567062,0.002935364,0.0037104795,disp_e,217549013.0,eb
2331,5,0.02780723,0.9632074,0.0037513648,0.0052339598,disp_e,217549013.0,eb
2331,6,0.025264712,0.96718115,0.0037338664,0.003820246,disp_e,217549013.0,eb
2331,7,0.036665756,0.9558128,0.0034813536,0.004040028,disp_e,217549013.0,eb
2331,8,0.03518403,0.95226943,0.0042988625,0.008247672,disp_e,217549013.0,eb
2331,9,0.027560402,0.96248806,0.0042080097,0.005743569,disp_e,217549013.0,eb
2331,10,0.03454536,0.9560347,0.0039561717,0.005463734,disp_e,217549013.0,eb
223,1,0.000112265916,0.99983454,1.6595774e-05,3.6612884e-05,disp_e,27731228.0,et
223,2,0.0020178375,0.9960659,0.00061710156,0.001299149,disp_e,27731228.0,et
223,3,0.0019591954,0.99665856,0.000293762,0.0010883878,disp_e,27731228.0,et
223,4,0.00051338377,0.9990019,0.00012795682,0.0003568273,disp_e,27731228.0,et
223,5,0.0022887164,0.99587363,0.0005045388,0.0013331098,disp_e,27731228.0,et
223,6,0.0018791197,0.996154,0.0007741355,0.0011927478,disp_e,27731228.0,et
223,7,0.00021779496,0.999689,3.060123e-05,6.272405e-05,disp_e,27731228.0,et
223,8,0.002273571,0.9947613,0.0007810335,0.0021841293,disp_e,27731228.0,et
223,9,0.0016101105,0.99630785,0.00048399277,0.001598075,disp_e,27731228.0,et
223,10,0.0021582332,0.99617517,0.00046278376,0.0012038107,disp_e,27731228.0,et
6300,1,0.9989183,0.0001707948,0.00010903006,0.00080183963,disp_p,229713401.0,pu
6300,2,0.99938977,0.00032686454,9.3546325e-05,0.00018982057,disp_p,229713401.0,pu
6300,3,0.999106,0.0004754133,0.0001490429,0.00026960348,disp_p,229713401.0,pu
6300,4,0.99897313,0.0003905323,0.00018328319,0.00045311224,disp_p,229713401.0,pu
6300,5,0.9993857,0.00027378372,0.00013687978,0.00020357213,disp_p,229713401.0,pu
6300,6,0.9995763,0.00017444043,0.0001019255,0.00014742672,disp_p,229713401.0,pu
6300,7,0.99830294,0.00039133732,0.00017190842,0.0011337076,disp_p,229713401.0,pu
6300,8,0.9996561,0.00017332585,6.64875e-05,0.000104094186,disp_p,229713401.0,pu
6300,9,0.99925107,0.00040282274,0.00014618486,0.00019997935,disp_p,229713401.0,pu
6300,10,0.9996908,0.00014203049,6.9545014e-05,9.763493e-05,disp_p,229713401.0,pu
27145,1,0.0029850472,0.006303692,0.0011094174,0.9896018,disp_j,220122635.0,
27145,2,0.0030327777,0.009069714,0.00075595337,0.9871416,disp_j,220122635.0,
27145,3,0.0025804888,0.01120862,0.0014280704,0.98478276,disp_j,220122635.0,
27145,4,0.0015870186,0.0055105365,0.0009958259,0.99190664,disp_j,220122635.0,
27145,5,0.0031244603,0.006511838,0.001201708,0.98916197,disp_j,220122635.0,
27145,6,0.0034259686,0.004345917,0.0012002364,0.9910279,disp_j,220122635.0,
27145,7,0.0024869598,0.0071278247,0.0016063128,0.9887788,disp_j,220122635.0,
27145,8,0.0036470168,0.0052829515,0.0017711743,0.9892988,disp_j,220122635.0,
27145,9,0.0015427215,0.007275007,0.0006185605,0.99056363,disp_j,220122635.0,
27145,10,0.004580149,0.008014694,0.0012723791,0.98613274,disp_j,220122635.0,
6593,1,0.9859649,0.012181138,0.00077777746,0.0010762514,disp_p,245728942.0,pu
6593,2,0.9841339,0.014564286,0.00074448733,0.0005572499,disp_p,245728942.0,pu
6593,3,0.9727888,0.025216252,0.0010624862,0.0009324755,disp_p,245728942.0,pu
6593,4,0.9865031,0.012358637,0.00065733574,0.0004808827,disp_p,245728942.0,pu
6593,5,0.9796286,0.018669428,0.0009252792,0.0007767027,disp_p,245728942.0,pu
6593,6,0.9864993,0.012270597,0.0007201336,0.000509953,disp_p,245728942.0,pu
6593,7,0.9810666,0.017193895,0.0007675155,0.00097194297,disp_p,245728942.0,pu
6593,8,0.98474795,0.013935701,0.0007003894,0.00061597803,disp_p,245728942.0,pu
6593,9,0.9789757,0.019803194,0.0008119379,0.0004091505,disp_p,245728942.0,pu
6593,10,0.98399043,0.014263635,0.0010477359,0.00069816905,disp_p,245728942.0,pu
1226,1,0.50151736,0.49783003,0.00038512488,0.00026754691,disp_e,353960119.0,et
1226,2,0.41019043,0.5890771,0.00054573646,0.00018665176,disp_e,353960119.0,et
1226,3,0.16546279,0.8337271,0.0004795309,0.00033055776,disp_e,353960119.0,et
1226,4,0.24277025,0.75590384,0.00089015474,0.00043581804,disp_e,353960119.0,et
1226,5,0.3031868,0.6962429,0.00040360846,0.00016666547,disp_e,353960119.0,et
1226,6,0.38449675,0.61456,0.00072064396,0.00022262591,disp_e,353960119.0,et
1226,7,0.401722,0.5972605,0.00063527824,0.0003822775,disp_e,353960119.0,et
1226,8,0.33484107,0.6643864,0.00043453986,0.00033802044,disp_e,353960119.0,et
1226,9,0.3542484,0.645126,0.00049281184,0.00013280405,disp_e,353960119.0,et
1226,10,0.37119448,0.62796324,0.00066289294,0.00017937897,disp_e,353960119.0,et
5911,1,0.98559743,0.0053206272,0.002010376,0.00707148,disp_p,180575165.0,pu
5911,2,0.98999476,0.0052446965,0.0016457541,0.0031148074,disp_p,180575165.0,pu
5911,3,0.98913074,0.0058694105,0.0018404094,0.0031594364,disp_p,180575165.0,pu
5911,4,0.98883665,0.0050447695,0.001880937,0.004237532,disp_p,180575165.0,pu
5911,5,0.98979175,0.0047834907,0.0020765588,0.0033481983,disp_p,180575165.0,pu
5911,6,0.9950058,0.001992461,0.0011225028,0.0018792776,disp_p,180575165.0,pu
5911,7,0.98250866,0.0074695502,0.0023437503,0.007678001,disp_p,180575165.0,pu
5911,8,0.99303764,0.0030900212,0.0013522612,0.0025200448,disp_p,180575165.0,pu
5911,9,0.98862594,0.0066448534,0.0020716232,0.0026575716,disp_p,180575165.0,pu
5911,10,0.99502075,0.0026519669,0.00094323803,0.0013840809,disp_p,180575165.0,pu
783,1,0.63182783,0.36175382,0.0030856368,0.003332752,disp_e,267489265.0,eb
783,2,0.56201386,0.4267905,0.005803827,0.005391819,disp_e,267489265.0,eb
783,3,0.55839396,0.43210196,0.0043033203,0.005200747,disp_e,267489265.0,eb
783,4,0.7738755,0.22094052,0.0027844973,0.0023995682,disp_e,267489265.0,eb
783,5,0.4905345,0.49953824,0.0050342497,0.0048930245,disp_e,267489265.0,eb
783,6,0.5640169,0.42560256,0.0056669954,0.004713566,disp_e,267489265.0,eb
783,7,0.7304637,0.26355782,0.0029160255,0.0030624948,disp_e,267489265.0,eb
783,8,0.51060003,0.4784567,0.0049616024,0.005981635,disp_e,267489265.0,eb
783,9,0.51948965,0.47214565,0.0049319253,0.0034328012,disp_e,267489265.0,eb
783,10,0.54358566,0.44668454,0.005599917,0.004129946,disp_e,267489265.0,eb
5627,1,0.99861217,0.0007338582,0.00017523681,0.00047874628,disp_p,157088184.0,pu
5627,2,0.99960667,0.0003695627,1.551941e-05,8.325682e-06,disp_p,157088184.0,pu
5627,3,0.9992848,0.00067769823,2.4069579e-05,1.3465085e-05,disp_p,157088184.0,pu
5627,4,0.998334,0.0013547204,0.0001585414,0.00015276452,disp_p,157088184.0,pu
5627,5,0.9995308,0.00042727424,2.5881001e-05,1.6113356e-05,disp_p,157088184.0,pu
5627,6,0.9997508,0.00022577091,1.613348e-05,7.3286706e-06,disp_p,157088184.0,pu
5627,7,0.9977562,0.0014717326,0.00021395135,0.00055809645,disp_p,157088184.0,pu
5627,8,0.99946874,0.0004972006,2.1288299e-05,1.2738557e-05,disp_p,157088184.0,pu
5627,9,0.999361,0.0006123944,2.1351916e-05,5.3434237e-06,disp_p,157088184.0,pu
5627,10,0.9995546,0.00039239824,3.747736e-05,1.5437165e-05,disp_p,157088184.0,pu
10129,1,0.99952817,5.3713808e-05,1.8034665e-05,0.0004001648,disp_p,,
10129,2,0.9997693,2.1501704e-05,1.0206645e-05,0.00019895851,disp_p,,
10129,3,0.99992466,2.3093871e-05,6.239654e-06,4.604865e-05,disp_p,,
10129,4,0.9997422,0.00011853157,1.9302639e-05,0.00011998336,disp_p,,
10129,5,0.9997383,4.2727188e-05,2.4258192e-05,0.00019470984,disp_p,,
10129,6,0.9996061,9.928452e-05,1.9988309e-05,0.00027465436,disp_p,,
10129,7,0.9997105,9.4845855e-05,1.6197037e-05,0.00017838328,disp_p,,
10129,8,0.9996873,5.081744e-05,2.4843514e-05,0.00023705613,disp_p,,
10129,9,0.9998647,3.5125868e-05,8.616317e-06,9.1615286e-05,disp_p,,
10129,10,0.9997453,2.7860586e-05,2.0659973e-05,0.00020615458,disp_p,,
8240,1,0.9924426,0.0041143643,0.0009388267,0.0025043201,disp_p,374158843.0,pu
8240,2,0.9970483,0.0022691856,0.00028937648,0.00039314403,disp_p,374158843.0,pu
8240,3,0.9967919,0.0024461807,0.00035285187,0.00040913088,disp_p,374158843.0,pu
8240,4,0.99724615,0.0021018544,0.0003049097,0.00034706772,disp_p,374158843.0,pu
8240,5,0.99759334,0.0017053393,0.00031988052,0.00038133314,disp_p,374158843.0,pu
8240,6,0.99803156,0.0013523696,0.0003004029,0.0003156553,disp_p,374158843.0,pu
8240,7,0.9935348,0.0039334972,0.0008242392,0.0017075149,disp_p,374158843.0,pu
8240,8,0.99794966,0.0014019748,0.000290144,0.00035828503,disp_p,374158843.0,pu
8240,9,0.997617,0.0018571252,0.00028571667,0.0002401989,disp_p,374158843.0,pu
8240,10,0.99800605,0.0014098327,0.00028820618,0.0002959327,disp_p,374158843.0,pu
1158,1,0.0010725609,0.99889106,2.1936863e-05,1.4402003e-05,disp_e,341077131.0,eb
1158,2,0.0019540847,0.99769247,0.00020708182,0.00014644848,disp_e,341077131.0,eb
1158,3,0.0023909593,0.9973002,0.00013041552,0.00017842426,disp_e,341077131.0,eb
1158,4,0.001030128,0.99884146,7.7535806e-05,5.0793722e-05,disp_e,341077131.0,eb
1158,5,0.0017268587,0.9980415,0.00012513302,0.00010652055,disp_e,341077131.0,eb
1158,6,0.0011164394,0.99859387,0.00019268529,9.7037395e-05,disp_e,341077131.0,eb
1158,7,0.0010391232,0.9989078,3.2174128e-05,2.0796611e-05,disp_e,341077131.0,eb
1158,8,0.001358325,0.9983204,0.00012347836,0.00019779205,disp_e,341077131.0,eb
1158,9,0.0027976467,0.9968399,0.00019317941,0.0001693763,disp_e,341077131.0,eb
1158,10,0.0021127996,0.9975973,0.0001688962,0.00012104195,disp_e,341077131.0,eb
4995,1,0.99798334,0.0014125705,0.00021639898,0.00038772385,disp_p,106402532.0,pu
4995,2,0.9821728,0.014669186,0.0015711824,0.0015868865,disp_p,106402532.0,pu
4995,3,0.9788625,0.016576607,0.0019099175,0.0026508563,disp_p,106402532.0,pu
4995,4,0.99583876,0.0031559782,0.00047716225,0.000528116,disp_p,106402532.0,pu
4995,5,0.98091185,0.014965558,0.0018818999,0.002240665,disp_p,106402532.0,pu
4995,6,0.986547,0.010181381,0.001561625,0.001710093,disp_p,106402532.0,pu
4995,7,0.9966349,0.0025364517,0.000305084,0.0005236185,disp_p,106402532.0,pu
4995,8,0.9865718,0.011253071,0.001022543,0.0011526104,disp_p,106402532.0,pu
4995,9,0.9824028,0.014449601,0.001589143,0.0015585029,disp_p,106402532.0,pu
4995,10,0.9838305,0.013302328,0.0014817052,0.001385454,disp_p,106402532.0,pu
5754,1,0.99425644,0.0053805383,0.00016420602,0.00019886348,disp_p,166836920.0,pu
5754,2,0.9849844,0.014900078,8.3326784e-05,3.2126958e-05,disp_p,166836920.0,pu
5754,3,0.9331483,0.06646397,0.00025269212,0.00013489398,disp_p,166836920.0,pu
5754,4,0.9681943,0.031174367,0.00039522533,0.00023607234,disp_p,166836920.0,pu
5754,5,0.97599083,0.023859704,0.00010591632,4.3589273e-05,disp_p,166836920.0,pu
5754,6,0.988832,0.011038553,9.769202e-05,3.1744006e-05,disp_p,166836920.0,pu
5754,7,0.99107075,0.00836519,0.00024221899,0.00032184517,disp_p,166836920.0,pu
5754,8,0.97772455,0.022118324,9.928921e-05,5.779318e-05,disp_p,166836920.0,pu
5754,9,0.9676312,0.032214224,0.00012895098,2.5579393e-05,disp_p,166836920.0,pu
5754,10,0.97831064,0.021466685,0.00017671232,4.596484e-05,disp_p,166836920.0,pu
3648,1,0.6762902,0.1936172,0.017961819,0.11213075,disp_p,453319778.0,jj
3648,2,0.3081982,0.12627584,0.021982806,0.5435431,disp_j,453319778.0,jj
3648,3,0.44514593,0.1330245,0.029604467,0.39222506,disp_p,453319778.0,jj
3648,4,0.6325586,0.15394492,0.021498354,0.19199814,disp_p,453319778.0,jj
3648,5,0.28279805,0.1816174,0.027556857,0.5080277,disp_j,453319778.0,jj
3648,6,0.37525052,0.22852881,0.027441597,0.36877912,disp_e,453319778.0,jj
3648,7,0.67144066,0.16014886,0.032314595,0.1360958,disp_p,453319778.0,jj
3648,8,0.23226885,0.1527509,0.02483004,0.59015024,disp_j,453319778.0,jj
3648,9,0.42879537,0.18696323,0.020029636,0.36421174,disp_p,453319778.0,jj
3648,10,0.39914083,0.21955572,0.020539748,0.3607637,disp_e,453319778.0,jj
1080,1,0.0031665934,0.9958126,0.0004246604,0.0005961601,disp_e,318210930.0,et
1080,2,0.004469118,0.9926474,0.0011668969,0.001716561,disp_e,318210930.0,et
1080,3,0.00535981,0.99216706,0.00079729804,0.0016758057,disp_e,318210930.0,et
1080,4,0.0031993634,0.9947231,0.00071395497,0.0013636897,disp_e,318210930.0,et
1080,5,0.005632783,0.9910091,0.0012188957,0.0021392417,disp_e,318210930.0,et
1080,6,0.004236869,0.99321294,0.0012411913,0.0013089941,disp_e,318210930.0,et
1080,7,0.003439273,0.9954749,0.0004759718,0.0006098976,disp_e,318210930.0,et
1080,8,0.0053915232,0.9895712,0.0016098308,0.00342741,disp_e,318210930.0,et
1080,9,0.004281456,0.99244,0.00096929615,0.0023092453,disp_e,318210930.0,et
1080,10,0.005533926,0.9918629,0.00089376175,0.0017093886,disp_e,318210930.0,et
9100,1,0.9683774,0.02913728,0.0012977131,0.0011877164,disp_p,453387619.0,pu
9100,2,0.99126124,0.0076561775,0.0006565322,0.00042603613,disp_p,453387619.0,pu
9100,3,0.98696053,0.011297142,0.0010047071,0.0007376901,disp_p,453387619.0,pu
9100,4,0.98943174,0.009575735,0.00065369916,0.00033889795,disp_p,453387619.0,pu
9100,5,0.98714024,0.011194142,0.0009607597,0.0007049037,disp_p,453387619.0,pu
9100,6,0.99021333,0.008482438,0.0007972229,0.00050694204,disp_p,453387619.0,pu
9100,7,0.97478515,0.023766216,0.0007499071,0.0006988071,disp_p,453387619.0,pu
9100,8,0.9895421,0.009190663,0.0007323992,0.00053476077,disp_p,453387619.0,pu
9100,9,0.98747396,0.011218898,0.000924489,0.000382574,disp_p,453387619.0,pu
9100,10,0.9888337,0.009820596,0.0008452777,0.00050028734,disp_p,453387619.0,pu
7451,1,0.99365836,0.0028061576,0.00078910193,0.0027463778,disp_p,307849973.0,pu
7451,2,0.9876852,0.0061213057,0.0021272367,0.004066302,disp_p,307849973.0,pu
7451,3,0.98728496,0.0063826717,0.0021051122,0.0042272448,disp_p,307849973.0,pu
7451,4,0.987766,0.005706533,0.0019172106,0.00461018,disp_p,307849973.0,pu
7451,5,0.9865585,0.0067928783,0.0025712685,0.004077403,disp_p,307849973.0,pu
7451,6,0.99012005,0.004076979,0.0020069021,0.0037960825,disp_p,307849973.0,pu
7451,7,0.9912794,0.0044225664,0.0010714866,0.00322657,disp_p,307849973.0,pu
7451,8,0.98264664,0.0056017665,0.0029884207,0.0087631615,disp_p,307849973.0,pu
7451,9,0.98333806,0.00914005,0.00274107,0.004780887,disp_p,307849973.0,pu
7451,10,0.9918704,0.00448124,0.0014207691,0.002227633,disp_p,307849973.0,pu
961,1,0.99091727,0.008593467,0.00026046857,0.00022881944,disp_p,299780329.0,pt
961,2,0.9976433,0.0021967185,0.000104061684,5.59035e-05,disp_p,299780329.0,pt
961,3,0.99696475,0.0028251482,0.00013385489,7.625281e-05,disp_p,299780329.0,pt
961,4,0.9956495,0.004150142,0.00013730123,6.301427e-05,disp_p,299780329.0,pt
961,5,0.99701846,0.0027340732,0.00015573957,9.1799906e-05,disp_p,299780329.0,pt
961,6,0.99798775,0.0018572547,0.00010554027,4.945653e-05,disp_p,299780329.0,pt
961,7,0.9904891,0.009184266,0.00017092713,0.00015561107,disp_p,299780329.0,pt
961,8,0.996557,0.0032367615,0.00012382,8.246799e-05,disp_p,299780329.0,pt
961,9,0.99714166,0.0027174624,0.000109422595,3.141888e-05,disp_p,299780329.0,pt
961,10,0.9976803,0.0020637705,0.00018309716,7.276096e-05,disp_p,299780329.0,pt
7232,1,0.9942669,0.0047474275,0.00037360165,0.0006120467,disp_p,291857895.0,pu
7232,2,0.9939487,0.0057421993,0.00019899123,0.00011020857,disp_p,291857895.0,pu
7232,3,0.9877601,0.011487563,0.00044170915,0.00031067425,disp_p,291857895.0,pu
7232,4,0.9873657,0.011856674,0.00046976766,0.00030784888,disp_p,291857895.0,pu
7232,5,0.9938991,0.005680511,0.0002518199,0.0001685796,disp_p,291857895.0,pu
7232,6,0.99619126,0.0035210107,0.00018409778,0.00010365755,disp_p,291857895.0,pu
7232,7,0.99294466,0.006085209,0.00040381178,0.00056632224,disp_p,291857895.0,pu
7232,8,0.99416685,0.0052920994,0.0003065393,0.00023444464,disp_p,291857895.0,pu
7232,9,0.99072415,0.008934898,0.00024518528,9.5745454e-05,disp_p,291857895.0,pu
7232,10,0.9938397,0.005611115,0.0003572533,0.00019199446,disp_p,291857895.0,pu
6022,1,0.99684393,0.001719212,0.00028939886,0.0011474773,disp_p,192969211.0,pu
6022,2,0.9973093,0.0018483085,0.00027745942,0.00056483527,disp_p,192969211.0,pu
6022,3,0.99839467,0.0011588098,0.00015512003,0.00029142172,disp_p,192969211.0,pu
6022,4,0.9979346,0.0016069192,0.00020783035,0.00025073983,disp_p,192969211.0,pu
6022,5,0.99545336,0.0029353234,0.0005567247,0.0010546861,disp_p,192969211.0,pu
6022,6,0.9969066,0.0022673348,0.0003522254,0.0004737905,disp_p,192969211.0,pu
6022,7,0.99477357,0.003496987,0.00048761247,0.0012418949,disp_p,192969211.0,pu
6022,8,0.99388534,0.0037997663,0.00074254756,0.0015723936,disp_p,192969211.0,pu
6022,9,0.99702245,0.0021605706,0.0002897832,0.00052716024,disp_p,192969211.0,pu
6022,10,0.99688846,0.0021065427,0.00036641874,0.0006386027,disp_p,192969211.0,pu
2652,1,0.04895483,0.9505522,0.00029290686,0.00020013713,disp_e,282606164.0,eb
2652,2,0.02944534,0.9686394,0.0012119655,0.0007032785,disp_e,282606164.0,eb
2652,3,0.030073829,0.9684029,0.0007289432,0.0007943504,disp_e,282606164.0,eb
2652,4,0.048499852,0.9502767,0.00080941606,0.00041405062,disp_e,282606164.0,eb
2652,5,0.027928032,0.9705034,0.00090312934,0.0006655014,disp_e,282606164.0,eb
2652,6,0.03438535,0.9634207,0.0014890567,0.00070493465,disp_e,282606164.0,eb
2652,7,0.03952765,0.95986855,0.00038160922,0.0002222155,disp_e,282606164.0,eb
2652,8,0.018057754,0.9803131,0.00067413785,0.0009549667,disp_e,282606164.0,eb
2652,9,0.046039242,0.9522823,0.0009816694,0.0006967458,disp_e,282606164.0,eb
2652,10,0.025377676,0.97324604,0.0008005477,0.0005757815,disp_e,282606164.0,eb
7811,1,0.92271644,0.032633737,0.0068392754,0.03781059,disp_p,337648770.0,pu
7811,2,0.97068846,0.020934124,0.0027639212,0.0056134476,disp_p,337648770.0,pu
7811,3,0.9655641,0.023712551,0.003035765,0.007687686,disp_p,337648770.0,pu
7811,4,0.94272864,0.03978829,0.005374424,0.01210855,disp_p,337648770.0,pu
7811,5,0.96929514,0.02103942,0.0033216516,0.0063436865,disp_p,337648770.0,pu
7811,6,0.96827555,0.024642352,0.002896525,0.0041855713,disp_p,337648770.0,pu
7811,7,0.90949935,0.04354356,0.009578824,0.03737826,disp_p,337648770.0,pu
7811,8,0.95458525,0.027821003,0.0041420134,0.013451664,disp_p,337648770.0,pu
7811,9,0.96244335,0.028172411,0.0030779552,0.0063063484,disp_p,337648770.0,pu
7811,10,0.9694037,0.020811042,0.0025801887,0.0072050644,disp_p,337648770.0,pu
10820,1,0.9997607,0.00015088695,1.8117064e-05,7.035837e-05,disp_p,,
10820,2,0.9999293,3.7422753e-05,8.535503e-06,2.472e-05,disp_p,,
10820,3,0.9999387,4.051848e-05,7.323382e-06,1.35146665e-05,disp_p,,
10820,4,0.9997454,0.00021870228,1.6611586e-05,1.9281102e-05,disp_p,,
10820,5,0.9999056,4.5649358e-05,1.2634487e-05,3.6166508e-05,disp_p,,
10820,6,0.99985063,9.906788e-05,1.5849213e-05,3.4394456e-05,disp_p,,
10820,7,0.99968207,0.000275328,1.102261e-05,3.171363e-05,disp_p,,
10820,8,0.999858,8.1012135e-05,1.9171655e-05,4.178009e-05,disp_p,,
10820,9,0.99988854,7.982282e-05,1.1510528e-05,2.0037172e-05,disp_p,,
10820,10,0.9998723,4.884429e-05,2.3977716e-05,5.4827575e-05,disp_p,,
26755,1,0.21309899,0.019464336,0.010010533,0.7574262,disp_j,156882683.0,J
26755,2,0.039838273,0.007529959,0.0025622842,0.9500695,disp_j,156882683.0,J
26755,3,0.04660408,0.007231258,0.0050219013,0.9411428,disp_j,156882683.0,J
26755,4,0.047502436,0.011920625,0.0043574297,0.93621945,disp_j,156882683.0,J
26755,5,0.038486313,0.0069041033,0.0048941467,0.9497155,disp_j,156882683.0,J
26755,6,0.036109265,0.0064473734,0.00332875,0.9541146,disp_j,156882683.0,J
26755,7,0.073758,0.007887426,0.0061640684,0.9121905,disp_j,156882683.0,J
26755,8,0.029551338,0.009679714,0.0042681247,0.9565008,disp_j,156882683.0,J
26755,9,0.029608391,0.006378413,0.002228252,0.961785,disp_j,156882683.0,J
26755,10,0.041093607,0.007182722,0.0025213321,0.94920236,disp_j,156882683.0,J
322,1,0.052569333,0.947241,0.00012304072,6.662511e-05,disp_e,68975924.0,et
322,2,0.030469645,0.96811557,0.0009276486,0.00048713342,disp_e,68975924.0,et
322,3,0.02841183,0.9704052,0.00059488305,0.0005880477,disp_e,68975924.0,et
322,4,0.041127775,0.9581557,0.00051023957,0.00020630794,disp_e,68975924.0,et
322,5,0.028838957,0.97003335,0.0006854383,0.00044218393,disp_e,68975924.0,et
322,6,0.027435487,0.9711992,0.0009698788,0.00039536157,disp_e,68975924.0,et
322,7,0.033564083,0.9662013,0.00016242421,7.220843e-05,disp_e,68975924.0,et
322,8,0.019725148,0.97888684,0.0006094115,0.0007785175,disp_e,68975924.0,et
322,9,0.04732592,0.95149344,0.0007545125,0.00042619268,disp_e,68975924.0,et
322,10,0.02555586,0.9733865,0.00068729336,0.00037042727,disp_e,68975924.0,et
2268,1,0.69715184,0.2417374,0.010006315,0.051104415,disp_e,208710680.0,jj
2268,2,0.082267836,0.13634379,0.019246386,0.76214206,disp_j,208710680.0,jj
2268,3,0.09573069,0.13786922,0.022473669,0.7439264,disp_j,208710680.0,jj
2268,4,0.4097941,0.35008463,0.021844897,0.21827635,disp_e,208710680.0,jj
2268,5,0.12397649,0.1912898,0.026728798,0.65800494,disp_j,208710680.0,jj
2268,6,0.13376036,0.16521722,0.021659791,0.6793626,disp_j,208710680.0,jj
2268,7,0.5040403,0.3393772,0.02159653,0.13498597,disp_e,208710680.0,jj
2268,8,0.100520216,0.20769797,0.02645487,0.6653269,disp_j,208710680.0,jj
2268,9,0.08803517,0.11542777,0.017312547,0.7792245,disp_j,208710680.0,jj
2268,10,0.13838504,0.19726092,0.018340418,0.6460136,disp_j,208710680.0,jj
5959,1,0.99804354,0.001390944,0.00022186569,0.00034365014,disp_p,186707229.0,pu
5959,2,0.9987889,0.0010114266,0.00011295741,8.673813e-05,disp_p,186707229.0,pu
5959,3,0.9983014,0.0013710577,0.00018245493,0.00014510244,disp_p,186707229.0,pu
5959,4,0.9979499,0.0016050555,0.00025346744,0.00019152515,disp_p,186707229.0,pu
5959,5,0.9989367,0.0008007078,0.0001424298,0.000120185694,disp_p,186707229.0,pu
5959,6,0.9989505,0.000794954,0.00015036347,0.00010409802,disp_p,186707229.0,pu
5959,7,0.9972947,0.002117036,0.00022516321,0.0003630374,disp_p,186707229.0,pu
5959,8,0.99911803,0.00073123426,8.326532e-05,6.751408e-05,disp_p,186707229.0,pu
5959,9,0.9980692,0.0016383738,0.0001951798,9.734716e-05,disp_p,186707229.0,pu
5959,10,0.9992212,0.00059948093,0.00011157859,6.7739886e-05,disp_p,186707229.0,pu
564,1,0.18262373,0.81208456,0.0025899662,0.0027017347,disp_e,185340863.0,eb
564,2,0.08462593,0.90084064,0.006952505,0.0075809746,disp_e,185340863.0,eb
564,3,0.097734824,0.8899422,0.005009316,0.0073135775,disp_e,185340863.0,eb
564,4,0.1603024,0.8327573,0.0036626712,0.0032777006,disp_e,185340863.0,eb
564,5,0.06931971,0.9178095,0.0056066457,0.0072642034,disp_e,185340863.0,eb
564,6,0.050711296,0.9389151,0.0054914756,0.00488214,disp_e,185340863.0,eb
564,7,0.116903074,0.87873524,0.002350789,0.002010805,disp_e,185340863.0,eb
564,8,0.04801039,0.93856156,0.004970645,0.008457444,disp_e,185340863.0,eb
564,9,0.09518896,0.8932206,0.00554301,0.006047424,disp_e,185340863.0,eb
564,10,0.08414574,0.90389085,0.0056279693,0.006335394,disp_e,185340863.0,eb
5960,1,0.99472815,0.002545603,0.0006847239,0.0020415662,disp_p,186810676.0,pu
5960,2,0.99880934,0.00111693,4.915643e-05,2.46178e-05,disp_p,186810676.0,pu
5960,3,0.9976624,0.0022001297,8.590582e-05,5.1575626e-05,disp_p,186810676.0,pu
5960,4,0.9943256,0.004866746,0.00044278364,0.0003648309,disp_p,186810676.0,pu
5960,5,0.9982514,0.0016252857,7.636746e-05,4.6888897e-05,disp_p,186810676.0,pu
5960,6,0.9989778,0.00092530885,6.5034044e-05,3.1954496e-05,disp_p,186810676.0,pu
5960,7,0.9933575,0.0043627997,0.00070069416,0.0015790121,disp_p,186810676.0,pu
5960,8,0.99895084,0.00094435725,6.390029e-05,4.0868275e-05,disp_p,186810676.0,pu
5960,9,0.9973219,0.0025764946,7.700505e-05,2.4599924e-05,disp_p,186810676.0,pu
5960,10,0.99850684,0.0013569387,9.471604e-05,4.1479398e-05,disp_p,186810676.0,pu
6473,1,0.7613367,0.0027672085,0.0029436464,0.23295246,disp_p,237201858.0,pu
6473,2,0.20869975,0.018500887,0.008257321,0.76454204,disp_j,237201858.0,pu
6473,3,0.1360588,0.010949279,0.007845762,0.84514606,disp_j,237201858.0,pu
6473,4,0.3076355,0.011266757,0.0071923365,0.67390543,disp_j,237201858.0,pu
6473,5,0.10202055,0.016476119,0.010402806,0.8711006,disp_j,237201858.0,pu
6473,6,0.11923382,0.012442982,0.008269926,0.8600532,disp_j,237201858.0,pu
6473,7,0.36401108,0.00570852,0.0049045556,0.62537587,disp_j,237201858.0,pu
6473,8,0.0896873,0.019534528,0.008932475,0.8818458,disp_j,237201858.0,pu
6473,9,0.07410484,0.011302041,0.0045273122,0.9100658,disp_j,237201858.0,pu
6473,10,0.13704854,0.025122605,0.0065361727,0.8312927,disp_j,237201858.0,pu
5639,1,0.9500823,0.028391711,0.0042375536,0.017288486,disp_p,157667414.0,pu
5639,2,0.9882289,0.009241292,0.0009799252,0.0015498318,disp_p,157667414.0,pu
5639,3,0.9871106,0.01018054,0.0010946096,0.0016142129,disp_p,157667414.0,pu
5639,4,0.9720569,0.02384402,0.0017773544,0.0023217665,disp_p,157667414.0,pu
5639,5,0.9881102,0.008568964,0.001304433,0.0020164242,disp_p,157667414.0,pu
5639,6,0.99310327,0.00530391,0.00075129763,0.0008415774,disp_p,157667414.0,pu
5639,7,0.9367737,0.044314343,0.0055911285,0.013320893,disp_p,157667414.0,pu
5639,8,0.98992693,0.0061406605,0.0014188334,0.0025136534,disp_p,157667414.0,pu
5639,9,0.9825011,0.014195514,0.0015188681,0.0017845059,disp_p,157667414.0,pu
5639,10,0.9901958,0.007101638,0.001138377,0.001564241,disp_p,157667414.0,pu
10683,1,0.9831346,0.0016575656,0.0018030547,0.013404711,disp_p,,
10683,2,0.98628575,0.0018511146,0.001001377,0.010861772,disp_p,,
10683,3,0.97998375,0.005154825,0.0034424586,0.011418976,disp_p,,
10683,4,0.9836088,0.002289276,0.0012066417,0.012895262,disp_p,,
10683,5,0.98351717,0.0021390116,0.0010665256,0.01327717,disp_p,,
10683,6,0.98835784,0.0013308227,0.00087417127,0.009437202,disp_p,,
10683,7,0.9825211,0.0018272502,0.0012940795,0.014357476,disp_p,,
10683,8,0.98576736,0.0018274267,0.0010106423,0.011394644,disp_p,,
10683,9,0.98447996,0.0026213722,0.0014747559,0.011423986,disp_p,,
10683,10,0.98943007,0.0009883629,0.0010690823,0.008512439,disp_p,,
10974,1,0.9832409,0.0016557018,0.0017995551,0.0133038685,disp_p,,
10974,2,0.98633415,0.001855428,0.0010037132,0.010806737,disp_p,,
10974,3,0.9803436,0.00511096,0.00340105,0.01114437,disp_p,,
10974,4,0.9837245,0.0022873748,0.0012036647,0.012784461,disp_p,,
10974,5,0.98354197,0.002149996,0.0010710935,0.013236953,disp_p,,
10974,6,0.988362,0.0013397499,0.0008798758,0.009418382,disp_p,,
10974,7,0.9826119,0.0018283891,0.0012939128,0.014265803,disp_p,,
10974,8,0.9857999,0.0018300324,0.0010157223,0.011354352,disp_p,,
10974,9,0.9845561,0.0026236332,0.0014759422,0.011344363,disp_p,,
10974,10,0.9893941,0.0009964529,0.0010784036,0.008530985,disp_p,,
9530,1,0.98330265,0.0016547702,0.0017976594,0.0132448925,disp_p,,
9530,2,0.9863614,0.0018582602,0.0010053038,0.010775072,disp_p,,
9530,3,0.9805557,0.005084835,0.003376285,0.010983148,disp_p,,
9530,4,0.9837947,0.0022863343,0.001201933,0.012717008,disp_p,,
9530,5,0.98355836,0.0021567235,0.0010738708,0.01321103,disp_p,,
9530,6,0.9883641,0.001345326,0.00088336394,0.009407191,disp_p,,
9530,7,0.98266625,0.0018290544,0.00129384,0.014210884,disp_p,,
9530,8,0.98581785,0.0018317682,0.0010189182,0.011331506,disp_p,,
9530,9,0.98460037,0.0026256498,0.0014769344,0.011297088,disp_p,,
9530,10,0.9893721,0.0010014436,0.0010841537,0.008542359,disp_p,,
28042,1,0.0064116893,0.018065576,0.0034591523,0.97206366,disp_j,367382903.0,
28042,2,0.0060014445,0.01971693,0.0023010988,0.9719805,disp_j,367382903.0,
28042,3,0.0060722292,0.020197501,0.004102982,0.96962726,disp_j,367382903.0,
28042,4,0.0043898895,0.022713576,0.0033777426,0.9695188,disp_j,367382903.0,
28042,5,0.0059604496,0.017279046,0.003089795,0.97367066,disp_j,367382903.0,
28042,6,0.0072518494,0.013348639,0.003906733,0.9754927,disp_j,367382903.0,
28042,7,0.0044574286,0.020311415,0.0042228634,0.97100824,disp_j,367382903.0,
28042,8,0.0077972766,0.015534682,0.004288093,0.9723799,disp_j,367382903.0,
28042,9,0.0037034887,0.013192287,0.0017451167,0.9813592,disp_j,367382903.0,
28042,10,0.008664217,0.016611516,0.0031662616,0.97155803,disp_j,367382903.0,
4327,1,0.9931465,0.0063369013,0.00024967126,0.0002668569,disp_p,41422753.0,pu
4327,2,0.99691844,0.0027994928,0.00016936866,0.00011273609,disp_p,41422753.0,pu
4327,3,0.9943494,0.005146804,0.00029398725,0.0002098373,disp_p,41422753.0,pu
4327,4,0.99607986,0.003651476,0.00017300136,9.570896e-05,disp_p,41422753.0,pu
4327,5,0.99659497,0.0030503117,0.00021155353,0.00014307331,disp_p,41422753.0,pu
4327,6,0.9972832,0.0024212103,0.00018216753,0.000113368704,disp_p,41422753.0,pu
4327,7,0.99275255,0.006827266,0.00019624675,0.00022401995,disp_p,41422753.0,pu
4327,8,0.99658895,0.0031459632,0.00015156089,0.00011349341,disp_p,41422753.0,pu
4327,9,0.9955089,0.004165793,0.00023338514,9.182828e-05,disp_p,41422753.0,pu
4327,10,0.9969778,0.0026733857,0.00023153715,0.00011733675,disp_p,41422753.0,pu
8795,1,0.9821682,0.008713497,0.001987387,0.007130932,disp_p,422884521.0,pu
8795,2,0.9696984,0.026982652,0.0016803402,0.0016386397,disp_p,422884521.0,pu
8795,3,0.9447154,0.049019538,0.0027031326,0.0035620234,disp_p,422884521.0,pu
8795,4,0.97306335,0.02216198,0.0021693564,0.0026052734,disp_p,422884521.0,pu
8795,5,0.9548255,0.040201142,0.002378767,0.0025945243,disp_p,422884521.0,pu
8795,6,0.97359866,0.022734068,0.0019098719,0.001757382,disp_p,422884521.0,pu
8795,7,0.9666426,0.021017944,0.0036538402,0.008685586,disp_p,422884521.0,pu
8795,8,0.948237,0.044851314,0.002969096,0.003942663,disp_p,422884521.0,pu
8795,9,0.95744514,0.038523912,0.0021643871,0.0018666025,disp_p,422884521.0,pu
8795,10,0.96909106,0.025841415,0.002415836,0.002651655,disp_p,422884521.0,pu
10898,1,0.9997515,0.00013789939,3.5179986e-05,7.543137e-05,disp_p,,
10898,2,0.9998072,0.00010021267,3.3280387e-05,5.938826e-05,disp_p,,
10898,3,0.9998111,0.000120973564,3.3824537e-05,3.4145432e-05,disp_p,,
10898,4,0.99954695,0.00030738013,6.959234e-05,7.603404e-05,disp_p,,
10898,5,0.9997663,0.000108647226,4.0477506e-05,8.452632e-05,disp_p,,
10898,6,0.99973434,0.0001438153,4.401838e-05,7.785871e-05,disp_p,,
10898,7,0.9996866,0.00020685892,3.124381e-05,7.538355e-05,disp_p,,
10898,8,0.9997068,0.00017414687,5.0762003e-05,6.828534e-05,disp_p,,
10898,9,0.99972135,0.00019321417,4.504911e-05,4.042014e-05,disp_p,,
10898,10,0.9996489,0.0001252078,8.57426e-05,0.0001401182,disp_p,,
5574,1,0.99882084,0.000880569,0.000101482554,0.00019711914,disp_p,154351773.0,pu
5574,2,0.99932265,0.00060606515,3.7436697e-05,3.3927132e-05,disp_p,154351773.0,pu
5574,3,0.99894446,0.00093664974,6.36007e-05,5.532801e-05,disp_p,154351773.0,pu
5574,4,0.9990281,0.0008171624,7.83005e-05,7.650571e-05,disp_p,154351773.0,pu
5574,5,0.9992505,0.00063464546,6.053418e-05,5.435198e-05,disp_p,154351773.0,pu
5574,6,0.9995753,0.00034883863,4.2396467e-05,3.3383403e-05,disp_p,154351773.0,pu
5574,7,0.9983815,0.0013238804,9.658435e-05,0.00019802897,disp_p,154351773.0,pu
5574,8,0.99934405,0.00059078506,3.4398934e-05,3.0711133e-05,disp_p,154351773.0,pu
5574,9,0.9989792,0.00091071054,7.333822e-05,3.670149e-05,disp_p,154351773.0,pu
5574,10,0.99945015,0.00046162013,5.5367687e-05,3.284412e-05,disp_p,154351773.0,pu
3821,1,0.6581552,0.3403491,0.000848519,0.0006472082,disp_e,469097275.0,eb
3821,2,0.0701918,0.9275307,0.0015092447,0.00076828577,disp_e,469097275.0,eb
3821,3,0.05981949,0.9383234,0.00097955,0.0008776653,disp_e,469097275.0,eb
3821,4,0.39893275,0.59769714,0.00214565,0.0012243736,disp_e,469097275.0,eb
3821,5,0.051247682,0.94714046,0.00097418216,0.0006377268,disp_e,469097275.0,eb
3821,6,0.064512245,0.9332151,0.0015540401,0.00071871455,disp_e,469097275.0,eb
3821,7,0.4686057,0.5295308,0.0011244112,0.0007390093,disp_e,469097275.0,eb
3821,8,0.034421753,0.963843,0.00077608426,0.0009591673,disp_e,469097275.0,eb
3821,9,0.11890119,0.87908536,0.0013509092,0.0006624881,disp_e,469097275.0,eb
3821,10,0.055506643,0.9425968,0.0012431628,0.0006533689,disp_e,469097275.0,eb
3687,1,0.040902577,0.9564568,0.0013265839,0.0013140567,disp_e,459977548.0,eb
3687,2,0.038659204,0.95660436,0.002505761,0.002230692,disp_e,459977548.0,eb
3687,3,0.0331207,0.9631392,0.0016261312,0.0021139628,disp_e,459977548.0,eb
3687,4,0.033768594,0.9634519,0.0014547807,0.0013247197,disp_e,459977548.0,eb
3687,5,0.027237166,0.9691103,0.0018593133,0.0017931575,disp_e,459977548.0,eb
3687,6,0.0222371,0.97423404,0.002085764,0.0014431857,disp_e,459977548.0,eb
3687,7,0.024480438,0.9733315,0.0012129953,0.0009750107,disp_e,459977548.0,eb
3687,8,0.03139425,0.9629731,0.002261855,0.0033707554,disp_e,459977548.0,eb
3687,9,0.03186858,0.96408856,0.002068747,0.001974131,disp_e,459977548.0,eb
3687,10,0.031852365,0.9638576,0.0021972426,0.002092801,disp_e,459977548.0,eb
790,1,0.0034227243,0.9965134,3.9264247e-05,2.4579536e-05,disp_e,268381049.0,et
790,2,0.003929342,0.9952559,0.0004612084,0.00035354475,disp_e,268381049.0,et
790,3,0.0067863544,0.99233997,0.00033698426,0.0005367097,disp_e,268381049.0,et
790,4,0.0034100562,0.9961522,0.0002601451,0.00017755183,disp_e,268381049.0,et
790,5,0.004107182,0.99512523,0.00036748374,0.00040017735,disp_e,268381049.0,et
790,6,0.0042468915,0.99480826,0.0006086725,0.00033625116,disp_e,268381049.0,et
790,7,0.0033564474,0.9965229,7.612421e-05,4.4594854e-05,disp_e,268381049.0,et
790,8,0.0037589562,0.99532926,0.00032008695,0.0005917126,disp_e,268381049.0,et
790,9,0.006335725,0.99275476,0.0004450703,0.00046432906,disp_e,268381049.0,et
790,10,0.0045538405,0.9948297,0.00030772877,0.00030863928,disp_e,268381049.0,et
8871,1,0.9947865,0.0046999864,0.00024159171,0.00027188126,disp_p,431899140.0,pu
8871,2,0.9965982,0.0032095315,0.00012113934,7.109627e-05,disp_p,431899140.0,pu
8871,3,0.9946038,0.00507867,0.0001912113,0.00012625608,disp_p,431899140.0,pu
8871,4,0.99550086,0.0041885637,0.00018707555,0.00012353151,disp_p,431899140.0,pu
8871,5,0.99616253,0.0035813844,0.00015784122,9.825653e-05,disp_p,431899140.0,pu
8871,6,0.9975019,0.0023063822,0.00012276598,6.8973066e-05,disp_p,431899140.0,pu
8871,7,0.9946615,0.004856903,0.00020753864,0.00027410677,disp_p,431899140.0,pu
8871,8,0.99604046,0.0037735945,0.00010889443,7.710035e-05,disp_p,431899140.0,pu
8871,9,0.9944748,0.0052662757,0.00019696947,6.202372e-05,disp_p,431899140.0,pu
8871,10,0.99655485,0.0031915535,0.00017891175,7.466769e-05,disp_p,431899140.0,pu
1801,1,0.19870748,0.79953814,0.001019623,0.0007347971,disp_e,50577045.0,et
1801,2,0.28951183,0.7059062,0.00299411,0.0015878095,disp_e,50577045.0,et
1801,3,0.21571548,0.78065735,0.00213407,0.0014931794,disp_e,50577045.0,et
1801,4,0.19972734,0.7982118,0.00134087,0.0007199955,disp_e,50577045.0,et
1801,5,0.23622139,0.76046187,0.002013073,0.0013037341,disp_e,50577045.0,et
1801,6,0.24958232,0.74626327,0.0028352414,0.0013192254,disp_e,50577045.0,et
1801,7,0.15982234,0.8388123,0.00089019013,0.00047512268,disp_e,50577045.0,et
1801,8,0.29644322,0.6969098,0.0035279815,0.0031191236,disp_e,50577045.0,et
1801,9,0.23128796,0.76554626,0.0020941466,0.0010715917,disp_e,50577045.0,et
1801,10,0.370555,0.62416434,0.0035286245,0.0017519526,disp_e,50577045.0,et
27481,1,0.00021484622,0.00020789322,7.577376e-05,0.99950147,disp_j,268677603.0,
27481,2,0.0003701134,0.00015290645,2.7816763e-05,0.9994492,disp_j,268677603.0,
27481,3,0.00049215625,0.00018290455,0.00010066971,0.9992242,disp_j,268677603.0,
27481,4,0.00015412777,0.00022122171,5.611735e-05,0.9995685,disp_j,268677603.0,
27481,5,0.0003092715,0.00023001854,5.4463973e-05,0.9994062,disp_j,268677603.0,
27481,6,0.00052872446,0.00013458847,5.522288e-05,0.99928147,disp_j,268677603.0,
27481,7,0.0001579917,0.00024044307,9.200733e-05,0.9995096,disp_j,268677603.0,
27481,8,0.0004669823,0.000100433535,6.909789e-05,0.9993635,disp_j,268677603.0,
27481,9,0.00032286948,8.837086e-05,2.5531319e-05,0.99956316,disp_j,268677603.0,
27481,10,0.0007180021,0.00015185954,4.8746202e-05,0.9990814,disp_j,268677603.0,
10964,1,0.9831218,0.0016578174,0.0018035076,0.013416749,disp_p,,
10964,2,0.9862801,0.0018506742,0.001001121,0.01086816,disp_p,,
10964,3,0.97994137,0.005160079,0.0034473345,0.011451215,disp_p,,
10964,4,0.98359513,0.0022895269,0.0012070116,0.012908358,disp_p,,
10964,5,0.9835149,0.0021377595,0.001066003,0.013281318,disp_p,,
10964,6,0.98835725,0.0013298189,0.00087351905,0.009439369,disp_p,,
10964,7,0.98251086,0.0018271117,0.0012940951,0.014367928,disp_p,,
10964,8,0.9857636,0.0018271304,0.0010100651,0.011399241,disp_p,,
10964,9,0.9844711,0.0026211434,0.0014746442,0.011433141,disp_p,,
10964,10,0.9894342,0.0009874447,0.0010680254,0.008510312,disp_p,,
382,1,0.0547369,0.944093,0.00065856567,0.0005115549,disp_e,86826742.0,eb
382,2,0.00992585,0.98874354,0.0008015053,0.000529129,disp_e,86826742.0,eb
382,3,0.012450744,0.98634505,0.0005489237,0.00065527216,disp_e,86826742.0,eb
382,4,0.03938478,0.9579123,0.0015141702,0.001188712,disp_e,86826742.0,eb
382,5,0.0089624105,0.98996747,0.0005752922,0.0004948527,disp_e,86826742.0,eb
382,6,0.009039857,0.9894329,0.0009740671,0.0005531332,disp_e,86826742.0,eb
382,7,0.04210647,0.95635515,0.0008680963,0.0006702901,disp_e,86826742.0,eb
382,8,0.005818447,0.9929079,0.00048330988,0.000790272,disp_e,86826742.0,eb
382,9,0.014563005,0.9840328,0.00075710303,0.0006470926,disp_e,86826742.0,eb
382,10,0.009750918,0.9891861,0.00058107835,0.0004817718,disp_e,86826742.0,eb
8783,1,0.997074,0.0025956063,0.00015179743,0.00017862672,disp_p,422223456.0,pu
8783,2,0.9988752,0.0010295239,5.723915e-05,3.7950245e-05,disp_p,422223456.0,pu
8783,3,0.99836093,0.0014739889,9.7330674e-05,6.775286e-05,disp_p,422223456.0,pu
8783,4,0.99838126,0.0014864358,8.193013e-05,5.042992e-05,disp_p,422223456.0,pu
8783,5,0.9987697,0.0010827029,8.518035e-05,6.245922e-05,disp_p,422223456.0,pu
8783,6,0.99912447,0.00077179517,6.4319545e-05,3.941149e-05,disp_p,422223456.0,pu
8783,7,0.99671966,0.0030230668,0.00010740007,0.00014979993,disp_p,422223456.0,pu
8783,8,0.99867165,0.0012239924,5.8354028e-05,4.608218e-05,disp_p,422223456.0,pu
8783,9,0.9980769,0.0017716204,0.000109427194,4.194731e-05,disp_p,422223456.0,pu
8783,10,0.9990036,0.00086506153,8.8623114e-05,4.27649e-05,disp_p,422223456.0,pu
10535,1,0.999869,8.697896e-05,1.4351439e-05,2.9723633e-05,disp_p,,
10535,2,0.9997708,0.00012075626,3.3855868e-05,7.4589996e-05,disp_p,,
10535,3,0.9997415,0.00019621756,3.433247e-05,2.7934735e-05,disp_p,,
10535,4,0.9995409,0.00038813645,3.8477046e-05,3.2498217e-05,disp_p,,
10535,5,0.9997085,0.00018789027,3.3299133e-05,7.041733e-05,disp_p,,
10535,6,0.9996111,0.00024618173,4.4374352e-05,9.8488985e-05,disp_p,,
10535,7,0.9997675,0.00018186684,1.6210384e-05,3.4491084e-05,disp_p,,
10535,8,0.9996586,0.00026378615,3.2481905e-05,4.514804e-05,disp_p,,
10535,9,0.9996681,0.00026845507,3.552158e-05,2.7960616e-05,disp_p,,
10535,10,0.99953055,0.00018696194,8.497333e-05,0.00019751125,disp_p,,
26894,1,0.14436401,0.00027904005,0.00065321155,0.85470366,disp_j,177178723.0,J
26894,2,0.033921145,0.001309472,0.0007944189,0.963975,disp_j,177178723.0,J
26894,3,0.017417526,0.00037533196,0.0005754324,0.98163176,disp_j,177178723.0,J
26894,4,0.019818703,0.0011694874,0.0009515721,0.9780603,disp_j,177178723.0,J
26894,5,0.026310455,0.0005410897,0.0011678791,0.9719805,disp_j,177178723.0,J
26894,6,0.044345904,0.0010639913,0.0010338367,0.95355624,disp_j,177178723.0,J
26894,7,0.028559886,0.0003633535,0.00049021275,0.9705866,disp_j,177178723.0,J
26894,8,0.010981564,0.00042693142,0.0006360824,0.98795545,disp_j,177178723.0,J
26894,9,0.013393471,0.00070119114,0.00045925652,0.9854461,disp_j,177178723.0,J
26894,10,0.03943189,0.00079029816,0.0007925938,0.9589852,disp_j,177178723.0,J
27106,1,0.0021584695,0.0011116806,0.0006194561,0.9961104,disp_j,214426233.0,
27106,2,0.0030292864,0.0010281226,0.0003732582,0.9955693,disp_j,214426233.0,
27106,3,0.0021292327,0.0011122444,0.0006825472,0.9960759,disp_j,214426233.0,
27106,4,0.0017354798,0.00087810925,0.00047363757,0.9969127,disp_j,214426233.0,
27106,5,0.002475649,0.002096985,0.000768132,0.99465925,disp_j,214426233.0,
27106,6,0.0028850774,0.0007127415,0.00047038766,0.9959318,disp_j,214426233.0,
27106,7,0.0017611919,0.0009292064,0.0006974756,0.99661213,disp_j,214426233.0,
27106,8,0.0025171307,0.0006665342,0.0006441092,0.99617225,disp_j,214426233.0,
27106,9,0.0031998053,0.0007827052,0.0004290875,0.9955884,disp_j,214426233.0,
27106,10,0.0040515144,0.001488997,0.000732106,0.99372745,disp_j,214426233.0,
1782,1,0.5123897,0.4677008,0.0075913095,0.012318193,disp_e,43456108.0,
1782,2,0.16063444,0.81654763,0.009162013,0.013655852,disp_e,43456108.0,
1782,3,0.10678561,0.8726949,0.006086903,0.014432557,disp_e,43456108.0,
1782,4,0.35212937,0.61627835,0.010241174,0.021351086,disp_e,43456108.0,
1782,5,0.13861889,0.8391959,0.0073571103,0.014828163,disp_e,43456108.0,
1782,6,0.18325579,0.78699374,0.011387474,0.018362958,disp_e,43456108.0,
1782,7,0.29586852,0.6745262,0.010819598,0.018785598,disp_e,43456108.0,
1782,8,0.11096983,0.86368436,0.008232947,0.017112803,disp_e,43456108.0,
1782,9,0.12141479,0.86046994,0.006510172,0.011605137,disp_e,43456108.0,
1782,10,0.15521146,0.82318693,0.007244866,0.014356784,disp_e,43456108.0,
2034,1,0.045476783,0.9529752,0.00084943575,0.0006985217,disp_e,138795920.0,eb
2034,2,0.093729205,0.89864784,0.004273299,0.0033496327,disp_e,138795920.0,eb
2034,3,0.07372562,0.9204029,0.0025824553,0.0032891072,disp_e,138795920.0,eb
2034,4,0.048731167,0.9489553,0.0013489561,0.00096464483,disp_e,138795920.0,eb
2034,5,0.06854053,0.92527336,0.0032283184,0.002957743,disp_e,138795920.0,eb
2034,6,0.048589386,0.9468833,0.00276323,0.0017640064,disp_e,138795920.0,eb
2034,7,0.032104373,0.9665005,0.0007811429,0.0006140183,disp_e,138795920.0,eb
2034,8,0.06443352,0.92709535,0.0034156253,0.0050555114,disp_e,138795920.0,eb
2034,9,0.07273905,0.92124367,0.003295589,0.0027216463,disp_e,138795920.0,eb
2034,10,0.08180787,0.9111647,0.0035770359,0.0034503578,disp_e,138795920.0,eb
5992,1,0.989541,0.009816858,0.00033673662,0.00030543236,disp_p,190250689.0,pu
5992,2,0.99766386,0.0021653436,0.00011218768,5.8619094e-05,disp_p,190250689.0,pu
5992,3,0.9964902,0.0032426803,0.00017023136,9.6860036e-05,disp_p,190250689.0,pu
5992,4,0.99519026,0.0045421408,0.00018153159,8.611355e-05,disp_p,190250689.0,pu
5992,5,0.9973935,0.0023795175,0.00014399315,8.3001025e-05,disp_p,190250689.0,pu
5992,6,0.9979474,0.001884901,0.0001130968,5.4555276e-05,disp_p,190250689.0,pu
5992,7,0.98991674,0.009649361,0.00022250938,0.00021137643,disp_p,190250689.0,pu
5992,8,0.99793184,0.0019147466,9.254356e-05,6.089853e-05,disp_p,190250689.0,pu
5992,9,0.9964307,0.003384744,0.00014279975,4.178577e-05,disp_p,190250689.0,pu
5992,10,0.99798596,0.00178475,0.0001661177,6.318112e-05,disp_p,190250689.0,pu
3387,1,0.019106988,0.9800039,0.0005097775,0.00037937643,disp_e,399367577.0,eb
3387,2,0.015241408,0.9830172,0.0010480466,0.0006932777,disp_e,399367577.0,eb
3387,3,0.013694576,0.9851599,0.0005847439,0.00056077575,disp_e,399367577.0,eb
3387,4,0.01747103,0.981206,0.000813641,0.00050925004,disp_e,399367577.0,eb
3387,5,0.013658831,0.9852078,0.00066667324,0.00046672698,disp_e,399367577.0,eb
3387,6,0.01253739,0.9860218,0.00097509625,0.00046570174,disp_e,399367577.0,eb
3387,7,0.013237055,0.9859477,0.0004963075,0.00031885508,disp_e,399367577.0,eb
3387,8,0.015471185,0.9827253,0.0007978538,0.0010056188,disp_e,399367577.0,eb
3387,9,0.016010217,0.982567,0.00089067966,0.0005321395,disp_e,399367577.0,eb
3387,10,0.018552119,0.9796169,0.001112989,0.00071810937,disp_e,399367577.0,eb
4728,1,0.9923522,0.0065042125,0.00048416265,0.000659411,disp_p,79930628.0,pu
4728,2,0.99612844,0.0035021727,0.00020853903,0.00016081965,disp_p,79930628.0,pu
4728,3,0.99221987,0.006906662,0.00048589127,0.0003875764,disp_p,79930628.0,pu
4728,4,0.9954091,0.004027635,0.00030651048,0.00025679954,disp_p,79930628.0,pu
4728,5,0.9957997,0.0036563058,0.0003130136,0.00023092415,disp_p,79930628.0,pu
4728,6,0.9974917,0.0021423057,0.00020990563,0.00015612408,disp_p,79930628.0,pu
4728,7,0.9923673,0.0065575046,0.00044142385,0.00063380384,disp_p,79930628.0,pu
4728,8,0.9950112,0.0045474325,0.00024345028,0.00019803373,disp_p,79930628.0,pu
4728,9,0.9915193,0.0077424147,0.00052614836,0.00021224038,disp_p,79930628.0,pu
4728,10,0.9961845,0.003358192,0.00030828838,0.00014898072,disp_p,79930628.0,pu
709,1,0.0011050368,0.9988734,1.3476574e-05,8.050508e-06,disp_e,252741805.0,et
709,2,0.0041562044,0.994896,0.00050375133,0.00044409922,disp_e,252741805.0,et
709,3,0.0047026193,0.9946331,0.00026484038,0.00039946576,disp_e,252741805.0,et
709,4,0.0029788855,0.9967693,0.00015583642,9.596794e-05,disp_e,252741805.0,et
709,5,0.0039445534,0.9954129,0.00030821472,0.00033433872,disp_e,252741805.0,et
709,6,0.0038893572,0.9951742,0.00058472145,0.00035169366,disp_e,252741805.0,et
709,7,0.0011481051,0.998811,2.6019607e-05,1.484195e-05,disp_e,252741805.0,et
709,8,0.0028541076,0.9963791,0.000279843,0.00048703665,disp_e,252741805.0,et
709,9,0.0047252676,0.99444526,0.00041806378,0.00041149082,disp_e,252741805.0,et
709,10,0.0041208244,0.9952041,0.00035518393,0.0003199356,disp_e,252741805.0,et
9623,1,0.99903584,2.112742e-05,9.79686e-06,0.0009332997,disp_p,,
9623,2,0.98060006,5.557737e-05,6.858982e-05,0.019275784,disp_p,,
9623,3,0.98494464,0.00016247868,0.00020327969,0.014689662,disp_p,,
9623,4,0.96648407,0.00017884032,0.00011331954,0.033223744,disp_p,,
9623,5,0.99248564,0.00010693088,0.00018238978,0.007224991,disp_p,,
9623,6,0.9135395,2.9670276e-05,4.4912133e-05,0.08638595,disp_p,,
9623,7,0.99629444,6.1169834e-05,4.0763563e-05,0.0036036347,disp_p,,
9623,8,0.8987029,5.9489746e-05,0.00014227934,0.1010953,disp_p,,
9623,9,0.9875503,7.496911e-05,0.000111366666,0.012263286,disp_p,,
9623,10,0.97774374,0.00019470473,0.00028278705,0.02177876,disp_p,,
4032,1,0.9905121,0.006195064,0.0008392976,0.0024535253,disp_p,17416749.0,nu
4032,2,0.9740096,0.015449167,0.0030495645,0.00749168,disp_p,17416749.0,nu
4032,3,0.9657668,0.020241117,0.0040253657,0.009966687,disp_p,17416749.0,nu
4032,4,0.9837818,0.011125941,0.0016919404,0.003400345,disp_p,17416749.0,nu
4032,5,0.95484537,0.026488528,0.0061154515,0.0125506595,disp_p,17416749.0,nu
4032,6,0.9719572,0.01636279,0.003634759,0.008045211,disp_p,17416749.0,nu
4032,7,0.98532015,0.009422689,0.0014763791,0.0037807524,disp_p,17416749.0,nu
4032,8,0.9492639,0.0334424,0.005262843,0.012030803,disp_p,17416749.0,nu
4032,9,0.9530926,0.026906407,0.0051135924,0.014887435,disp_p,17416749.0,nu
4032,10,0.9798101,0.011790132,0.0025158208,0.0058839563,disp_p,17416749.0,nu
1282,1,0.9508375,0.04833992,0.00039046613,0.00043209043,disp_p,1969274810.0,et
1282,2,0.9179754,0.08167029,0.0002655034,8.8828834e-05,disp_p,1969274810.0,et
1282,3,0.74180144,0.25743943,0.000469987,0.00028915706,disp_e,1969274810.0,et
1282,4,0.807269,0.19114375,0.001024269,0.0005630035,disp_p,1969274810.0,et
1282,5,0.8842316,0.115388736,0.0002596478,0.00012005139,disp_p,1969274810.0,et
1282,6,0.9067196,0.092779204,0.00038271843,0.00011845333,disp_p,1969274810.0,et
1282,7,0.92396253,0.074849464,0.0006117812,0.0005761794,disp_p,1969274810.0,et
1282,8,0.8946277,0.10494047,0.00026188855,0.00016996845,disp_p,1969274810.0,et
1282,9,0.8609785,0.13868138,0.00027329396,6.679573e-05,disp_p,1969274810.0,et
1282,10,0.8970432,0.10250288,0.0003490555,0.00010486396,disp_p,1969274810.0,et
4,1,0.0047082943,0.99525577,2.4073843e-05,1.1903945e-05,disp_e,101427335.0,et
4,2,0.0060213096,0.9932935,0.00042562396,0.00025957127,disp_e,101427335.0,et
4,3,0.0071676737,0.9922351,0.0002673129,0.0003299294,disp_e,101427335.0,et
4,4,0.0058275783,0.9938612,0.00020530411,0.00010593589,disp_e,101427335.0,et
4,5,0.006251823,0.99321574,0.00029453528,0.00023791446,disp_e,101427335.0,et
4,6,0.0077404017,0.99144346,0.0005570382,0.0002590216,disp_e,101427335.0,et
4,7,0.004282349,0.99565375,4.3486063e-05,2.0425543e-05,disp_e,101427335.0,et
4,8,0.00541274,0.9938962,0.00028325047,0.00040783692,disp_e,101427335.0,et
4,9,0.0077991723,0.99156636,0.0003569821,0.00027744498,disp_e,101427335.0,et
4,10,0.005329726,0.9942028,0.00027615685,0.00019124452,disp_e,101427335.0,et
28073,1,0.030565405,0.0077369073,0.0033317574,0.958366,disp_j,375225651.0,J
28073,2,0.019028407,0.0050168335,0.0015093519,0.9744454,disp_j,375225651.0,J
28073,3,0.03377069,0.007259896,0.0047349813,0.9542344,disp_j,375225651.0,J
28073,4,0.015011694,0.007748504,0.001931554,0.9753082,disp_j,375225651.0,J
28073,5,0.024192844,0.005050289,0.0025148357,0.96824205,disp_j,375225651.0,J
28073,6,0.021577366,0.006640711,0.0024926052,0.96928936,disp_j,375225651.0,J
28073,7,0.019383973,0.006920561,0.00367145,0.97002393,disp_j,375225651.0,J
28073,8,0.01451139,0.003281038,0.0023985663,0.979809,disp_j,375225651.0,J
28073,9,0.014749283,0.0054856734,0.0015684897,0.97819656,disp_j,375225651.0,J
28073,10,0.02640026,0.0050271475,0.0024488163,0.9661239,disp_j,375225651.0,J
9411,1,0.6325696,0.0054711136,0.0030472833,0.35891196,disp_p,,
9411,2,0.7669927,0.0026439752,0.0024913868,0.227872,disp_p,,
9411,3,0.8277426,0.002218656,0.002051485,0.16798733,disp_p,,
9411,4,0.88611096,0.007143185,0.0024648453,0.104280986,disp_p,,
9411,5,0.80366045,0.0029705577,0.0039971797,0.18937175,disp_p,,
9411,6,0.6990872,0.004605769,0.0038563467,0.2924507,disp_p,,
9411,7,0.8130999,0.008788785,0.0034890557,0.17462222,disp_p,,
9411,8,0.6919588,0.003353326,0.0042189574,0.30046898,disp_p,,
9411,9,0.84675545,0.0025987306,0.0021029424,0.1485429,disp_p,,
9411,10,0.7358684,0.003084057,0.0031861716,0.2578614,disp_p,,
26666,1,0.050877813,0.0029995518,0.0022865331,0.94383615,disp_j,147203257.0,
26666,2,0.015237842,0.004228114,0.001738999,0.9787951,disp_j,147203257.0,
26666,3,0.023883099,0.0045354064,0.0027704935,0.968811,disp_j,147203257.0,
26666,4,0.036828052,0.0035677105,0.0026526363,0.9569517,disp_j,147203257.0,
26666,5,0.018499488,0.0045529753,0.0033450988,0.9736024,disp_j,147203257.0,
26666,6,0.016692568,0.0018508,0.0013080729,0.9801485,disp_j,147203257.0,
26666,7,0.036788967,0.002063563,0.0020539456,0.9590935,disp_j,147203257.0,
26666,8,0.025911551,0.008584009,0.00405753,0.96144694,disp_j,147203257.0,
26666,9,0.020612042,0.005312507,0.0021584316,0.97191703,disp_j,147203257.0,
26666,10,0.011664692,0.0033217126,0.0006305058,0.98438305,disp_j,147203257.0,
1522,1,0.0032079986,0.99675936,2.1857466e-05,1.082539e-05,disp_e,407580995.0,et
1522,2,0.005809064,0.99338067,0.00049079134,0.00031955415,disp_e,407580995.0,et
1522,3,0.0068628816,0.9924476,0.00030760295,0.00038191082,disp_e,407580995.0,et
1522,4,0.005435912,0.9942345,0.00021556986,0.00011399269,disp_e,407580995.0,et
1522,5,0.005702136,0.99367285,0.00033837947,0.00028667803,disp_e,407580995.0,et
1522,6,0.0068442663,0.9922436,0.000617748,0.00029446257,disp_e,407580995.0,et
1522,7,0.0033976235,0.9965342,4.5409488e-05,2.270155e-05,disp_e,407580995.0,et
1522,8,0.0055444166,0.99359953,0.0003571508,0.00049894204,disp_e,407580995.0,et
1522,9,0.007059824,0.9922593,0.0003770581,0.00030374745,disp_e,407580995.0,et
1522,10,0.005316013,0.99413186,0.00032130996,0.00023080334,disp_e,407580995.0,et
10508,1,0.9998778,5.921583e-05,1.570403e-05,4.7234484e-05,disp_p,,
10508,2,0.9999739,1.537315e-05,3.92476e-06,6.7493756e-06,disp_p,,
10508,3,0.9999796,1.3387017e-05,3.2976056e-06,3.7156226e-06,disp_p,,
10508,4,0.99986863,9.650394e-05,1.7711787e-05,1.7076802e-05,disp_p,,
10508,5,0.9999722,1.2027431e-05,5.1070247e-06,1.0584938e-05,disp_p,,
10508,6,0.99996364,2.2116243e-05,6.580358e-06,7.693673e-06,disp_p,,
10508,7,0.99986124,9.6639174e-05,1.1364329e-05,3.0833406e-05,disp_p,,
10508,8,0.9999701,1.5355537e-05,5.6713784e-06,8.87445e-06,disp_p,,
10508,9,0.99996567,2.49045e-05,5.147831e-06,4.3014193e-06,disp_p,,
10508,10,0.9999591,1.5103345e-05,1.128472e-05,1.4505406e-05,disp_p,,
28010,1,1.5042644e-08,3.0238151e-12,1.8173093e-11,1.0,disp_j,35862651.0,J
28010,2,4.2982413e-07,3.3918413e-10,5.9467126e-11,0.9999995,disp_j,35862651.0,J
28010,3,1.1689983e-07,2.2966016e-11,3.836634e-10,0.9999999,disp_j,35862651.0,J
28010,4,2.736729e-07,7.535629e-10,8.57607e-10,0.99999976,disp_j,35862651.0,J
28010,5,1.8965558e-07,2.5076743e-10,8.819138e-10,0.99999976,disp_j,35862651.0,J
28010,6,1.9798333e-06,1.1092403e-12,4.7367756e-12,0.999998,disp_j,35862651.0,J
28010,7,1.7846885e-09,3.164916e-11,1.5700885e-11,1.0,disp_j,35862651.0,J
28010,8,2.3058615e-06,5.062598e-10,2.452077e-09,0.99999774,disp_j,35862651.0,J
28010,9,2.263059e-06,1.0046465e-09,2.4381606e-09,0.99999774,disp_j,35862651.0,J
28010,10,6.2530326e-08,8.893566e-10,2.7063896e-10,0.9999999,disp_j,35862651.0,J
10250,1,0.9978015,0.0016488596,0.00013690843,0.00041267707,disp_p,,
10250,2,0.97698975,0.0027888229,0.00044642866,0.019775018,disp_p,,
10250,3,0.9690354,0.02375852,0.0014012526,0.005804863,disp_p,,
10250,4,0.9903713,0.0076132207,0.00045189916,0.00156356,disp_p,,
10250,5,0.980057,0.0037507578,0.0005287769,0.015663378,disp_p,,
10250,6,0.9802043,0.0016782971,0.0003101722,0.017807333,disp_p,,
10250,7,0.99516714,0.0037403316,0.00032955644,0.0007630094,disp_p,,
10250,8,0.9643127,0.01021581,0.0013067141,0.024164818,disp_p,,
10250,9,0.9774784,0.012843975,0.00090336596,0.008774251,disp_p,,
10250,10,0.98308736,0.0015740709,0.000522344,0.014816236,disp_p,,
909,1,0.008039845,0.99173236,0.0001368542,9.087474e-05,disp_e,292127642.0,et
909,2,0.007763808,0.9900857,0.0011089146,0.0010416028,disp_e,292127642.0,et
909,3,0.009318151,0.9889443,0.0006756738,0.0010619571,disp_e,292127642.0,et
909,4,0.014977189,0.9832895,0.00097432826,0.0007589552,disp_e,292127642.0,et
909,5,0.007539755,0.990716,0.00082072,0.0009236051,disp_e,292127642.0,et
909,6,0.008479596,0.98917294,0.0013756322,0.00097179844,disp_e,292127642.0,et
909,7,0.011221141,0.98820937,0.00033187206,0.00023765033,disp_e,292127642.0,et
909,8,0.0057521393,0.99230266,0.0007142389,0.0012309639,disp_e,292127642.0,et
909,9,0.0102597745,0.9875761,0.0010718692,0.0010921836,disp_e,292127642.0,et
909,10,0.007512873,0.9907285,0.0008874406,0.0008712226,disp_e,292127642.0,et
2846,1,0.08172916,0.90696126,0.004365208,0.0069443895,disp_e,312250032.0,eb
2846,2,0.02275549,0.9718525,0.0025576835,0.002834349,disp_e,312250032.0,eb
2846,3,0.022921914,0.9725558,0.001567987,0.0029542877,disp_e,312250032.0,eb
2846,4,0.04310288,0.9455731,0.0042335484,0.00709053,disp_e,312250032.0,eb
2846,5,0.02313747,0.97228754,0.0019768171,0.002598134,disp_e,312250032.0,eb
2846,6,0.016810866,0.9785766,0.0024523116,0.002160263,disp_e,312250032.0,eb
2846,7,0.0510453,0.9385956,0.0043846294,0.0059743943,disp_e,312250032.0,eb
2846,8,0.017197471,0.9771805,0.0018151519,0.003806856,disp_e,312250032.0,eb
2846,9,0.021644482,0.9737222,0.001861568,0.0027717848,disp_e,312250032.0,eb
2846,10,0.024995418,0.97039616,0.0018587024,0.0027497062,disp_e,312250032.0,eb
669,1,0.0019350047,0.9980039,3.5903508e-05,2.5184658e-05,disp_e,239022536.0,et
669,2,0.0038463434,0.99462754,0.0007407297,0.0007854367,disp_e,239022536.0,et
669,3,0.004574089,0.99423593,0.00040987926,0.0007800602,disp_e,239022536.0,et
669,4,0.0036851887,0.995713,0.00033366986,0.0002681626,disp_e,239022536.0,et
669,5,0.0041149133,0.99461573,0.0005379908,0.00073131354,disp_e,239022536.0,et
669,6,0.0038717324,0.9945267,0.00090902625,0.00069247856,disp_e,239022536.0,et
669,7,0.0018807172,0.99800974,6.606823e-05,4.349702e-05,disp_e,239022536.0,et
669,8,0.0024473947,0.996382,0.00038456847,0.0007861261,disp_e,239022536.0,et
669,9,0.0054102074,0.99297875,0.00069744483,0.00091354904,disp_e,239022536.0,et
669,10,0.0037760395,0.9951704,0.0004745053,0.0005790945,disp_e,239022536.0,et
10169,1,0.99962544,1.46436205e-05,5.289057e-06,0.0003546191,disp_p,,
10169,2,0.99980456,4.9552027e-06,3.2772912e-06,0.00018731217,disp_p,,
10169,3,0.99996483,5.167531e-06,2.050114e-06,2.7940523e-05,disp_p,,
10169,4,0.9999093,2.1139058e-05,5.2674804e-06,6.435417e-05,disp_p,,
10169,5,0.9998629,4.3410105e-06,4.640236e-06,0.00012809764,disp_p,,
10169,6,0.99987614,8.491418e-06,4.1472053e-06,0.00011113946,disp_p,,
10169,7,0.9998528,2.0272948e-05,4.988581e-06,0.00012192513,disp_p,,
10169,8,0.9997687,9.385836e-06,9.09958e-06,0.00021293193,disp_p,,
10169,9,0.9998746,7.318849e-06,4.2029733e-06,0.000113876915,disp_p,,
10169,10,0.9998173,5.147053e-06,5.365538e-06,0.00017219762,disp_p,,
10372,1,0.9997315,9.038318e-05,3.1361702e-05,0.00014673645,disp_p,,
10372,2,0.99991894,4.1199914e-05,1.2561559e-05,2.7384636e-05,disp_p,,
10372,3,0.9999269,4.446519e-05,1.1107712e-05,1.7467168e-05,disp_p,,
10372,4,0.99964,0.00026010288,4.518265e-05,5.473741e-05,disp_p,,
10372,5,0.99988604,4.8912458e-05,1.8171959e-05,4.687176e-05,disp_p,,
10372,6,0.9998652,7.5884e-05,2.118743e-05,3.7736147e-05,disp_p,,
10372,7,0.99964666,0.00021366178,3.468174e-05,0.000104964565,disp_p,,
10372,8,0.99988425,6.392994e-05,1.9105157e-05,3.2775635e-05,disp_p,,
10372,9,0.999907,6.2138824e-05,1.4132106e-05,1.6619404e-05,disp_p,,
10372,10,0.99984896,4.6479472e-05,3.776452e-05,6.67116e-05,disp_p,,
6462,1,0.99886703,0.00030028357,0.000121765785,0.00071091874,disp_p,236934268.0,pu
6462,2,0.99948287,0.00033217715,7.013051e-05,0.00011475902,disp_p,236934268.0,pu
6462,3,0.99936825,0.0003961946,9.633036e-05,0.00013915866,disp_p,236934268.0,pu
6462,4,0.9988506,0.00058937067,0.0002016383,0.00035848675,disp_p,236934268.0,pu
6462,5,0.9995396,0.00023681797,9.698721e-05,0.00012664388,disp_p,236934268.0,pu
6462,6,0.99957687,0.00022242323,9.233922e-05,0.00010832757,disp_p,236934268.0,pu
6462,7,0.9978908,0.00076453784,0.00023182477,0.0011128411,disp_p,236934268.0,pu
6462,8,0.99966633,0.0001828379,6.5424174e-05,8.541112e-05,disp_p,236934268.0,pu
6462,9,0.99933904,0.0004165016,0.00011285839,0.00013159183,disp_p,236934268.0,pu
6462,10,0.9997197,0.00015597754,5.833404e-05,6.607592e-05,disp_p,236934268.0,pu
10167,1,0.9907851,0.00044899952,0.00043588429,0.00833006,disp_p,,
10167,2,0.96443707,0.00064338464,0.0006592685,0.034260347,disp_p,,
10167,3,0.93509144,0.0015019481,0.002104135,0.061302483,disp_p,,
10167,4,0.9745116,0.0011990024,0.0012205751,0.023068719,disp_p,,
10167,5,0.97036284,0.00075355056,0.0012365826,0.027647063,disp_p,,
10167,6,0.97216177,0.00057889736,0.0007199063,0.026539467,disp_p,,
10167,7,0.9849235,0.0010331924,0.0008189629,0.013224339,disp_p,,
10167,8,0.9442521,0.0017914133,0.0025502904,0.051406287,disp_p,,
10167,9,0.93952847,0.0014199334,0.0018545475,0.057197157,disp_p,,
10167,10,0.9608467,0.0011260915,0.0013091931,0.03671793,disp_p,,
6278,1,0.60980165,0.38878915,0.0007662889,0.0006430228,disp_e,229047362.0,pu
6278,2,0.45361954,0.5446857,0.001210188,0.0004846099,disp_e,229047362.0,pu
6278,3,0.28857675,0.7097644,0.00095797825,0.00070084,disp_e,229047362.0,pu
6278,4,0.40042514,0.5972372,0.0015798807,0.0007577611,disp_e,229047362.0,pu
6278,5,0.45343947,0.5450677,0.0010003053,0.0004924842,disp_e,229047362.0,pu
6278,6,0.49494302,0.502904,0.001582668,0.0005702777,disp_e,229047362.0,pu
6278,7,0.50580895,0.49233884,0.0010998215,0.00075242255,disp_e,229047362.0,pu
6278,8,0.3884023,0.609894,0.00094123965,0.0007624616,disp_e,229047362.0,pu
6278,9,0.42520794,0.5735557,0.00089847634,0.00033791037,disp_e,229047362.0,pu
6278,10,0.402473,0.5958424,0.0012259657,0.0004586684,disp_e,229047362.0,pu
5002,1,0.99615425,0.0033266658,0.00022656228,0.00029254536,disp_p,107090327.0,pu
5002,2,0.99366534,0.0059012836,0.00025069906,0.00018280903,disp_p,107090327.0,pu
5002,3,0.9906123,0.008748052,0.00034930345,0.00029028932,disp_p,107090327.0,pu
5002,4,0.9963176,0.003292534,0.00022402099,0.00016585329,disp_p,107090327.0,pu
5002,5,0.9919773,0.007397076,0.00034452128,0.00028117828,disp_p,107090327.0,pu
5002,6,0.9936644,0.0057906476,0.00032270004,0.00022230369,disp_p,107090327.0,pu
5002,7,0.99513006,0.004275521,0.00023431577,0.00036012704,disp_p,107090327.0,pu
5002,8,0.99360526,0.006006994,0.00021303708,0.00017459514,disp_p,107090327.0,pu
5002,9,0.98797685,0.01142629,0.00040976238,0.00018716278,disp_p,107090327.0,pu
5002,10,0.99314135,0.0063717584,0.0003081346,0.0001786889,disp_p,107090327.0,pu
8049,1,0.99957854,0.00030048916,4.0695264e-05,8.018767e-05,disp_p,358557578.0,pu
8049,2,0.99991274,8.126342e-05,3.870085e-06,2.2064016e-06,disp_p,358557578.0,pu
8049,3,0.9998646,0.00012321223,7.4473132e-06,4.815148e-06,disp_p,358557578.0,pu
8049,4,0.999775,0.00019114724,1.9041663e-05,1.48305535e-05,disp_p,358557578.0,pu
8049,5,0.9999304,5.997851e-05,5.7792076e-06,3.91015e-06,disp_p,358557578.0,pu
8049,6,0.99994254,5.0205177e-05,4.6895216e-06,2.5606291e-06,disp_p,358557578.0,pu
8049,7,0.99949956,0.00040285164,3.0587613e-05,6.694105e-05,disp_p,358557578.0,pu
8049,8,0.9999161,7.802601e-05,3.5417117e-06,2.295018e-06,disp_p,358557578.0,pu
8049,9,0.9998529,0.00013565588,8.816078e-06,2.6425294e-06,disp_p,358557578.0,pu
8049,10,0.99993527,5.6074216e-05,6.0644015e-06,2.5291135e-06,disp_p,358557578.0,pu
5970,1,0.9942907,0.0030098585,0.0006951164,0.0020042553,disp_p,188001223.0,pu
5970,2,0.9961427,0.0024731455,0.0005447402,0.0008394495,disp_p,188001223.0,pu
5970,3,0.9943849,0.003520913,0.0008064028,0.0012877455,disp_p,188001223.0,pu
5970,4,0.9947574,0.0034404031,0.0008018734,0.0010003478,disp_p,188001223.0,pu
5970,5,0.99623054,0.0020523195,0.0007293912,0.0009877385,disp_p,188001223.0,pu
5970,6,0.99685127,0.0018778016,0.00059566327,0.0006751945,disp_p,188001223.0,pu
5970,7,0.99212706,0.0050104246,0.00091596576,0.0019465293,disp_p,188001223.0,pu
5970,8,0.99686545,0.0019633207,0.0005219461,0.0006493229,disp_p,188001223.0,pu
5970,9,0.9947918,0.003429198,0.0008080167,0.0009708873,disp_p,188001223.0,pu
5970,10,0.9970149,0.0018587641,0.00051006256,0.00061626174,disp_p,188001223.0,pu
9671,1,0.9983896,0.0006697021,0.00025269797,0.0006879958,disp_p,,
9671,2,0.99519956,0.0012978314,0.0005002569,0.0030022403,disp_p,,
9671,3,0.9958016,0.002375244,0.0006258573,0.0011973459,disp_p,,
9671,4,0.99445516,0.0032540506,0.000705799,0.0015849354,disp_p,,
9671,5,0.9942609,0.0019082071,0.00059072865,0.0032401998,disp_p,,
9671,6,0.9918011,0.0025754084,0.00075275113,0.00487075,disp_p,,
9671,7,0.9962967,0.0017077752,0.00055327197,0.0014423229,disp_p,,
9671,8,0.9928669,0.0030188574,0.0009614554,0.0031529102,disp_p,,
9671,9,0.99242413,0.0033775945,0.00089176407,0.0033064177,disp_p,,
9671,10,0.9934782,0.0014967063,0.00066208356,0.0043630158,disp_p,,
7110,1,0.99926895,0.00022358398,9.400324e-05,0.00041345332,disp_p,284454822.0,pu
7110,2,0.9997396,0.00017718533,3.439962e-05,4.8746508e-05,disp_p,284454822.0,pu
7110,3,0.99969065,0.00019403418,4.8530153e-05,6.677881e-05,disp_p,284454822.0,pu
7110,4,0.9994319,0.0002815339,0.000104691106,0.0001818625,disp_p,284454822.0,pu
7110,5,0.9997552,0.00012781599,4.826926e-05,6.867298e-05,disp_p,284454822.0,pu
7110,6,0.99980825,9.944136e-05,4.3875272e-05,4.842832e-05,disp_p,284454822.0,pu
7110,7,0.9989305,0.0004315167,0.00012487844,0.00051303365,disp_p,284454822.0,pu
7110,8,0.9997664,0.00013463708,4.480909e-05,5.4103704e-05,disp_p,284454822.0,pu
7110,9,0.99963677,0.00023454694,6.38219e-05,6.478721e-05,disp_p,284454822.0,pu
7110,10,0.99979013,0.0001198161,4.0080507e-05,5.0042374e-05,disp_p,284454822.0,pu
27052,1,0.25607213,0.001578803,0.0029160546,0.739433,disp_j,206462567.0,J
27052,2,0.0850663,0.0031683384,0.0016360275,0.91012937,disp_j,206462567.0,J
27052,3,0.0467718,0.002334136,0.002810368,0.94808376,disp_j,206462567.0,J
27052,4,0.084004536,0.0017482743,0.0023327973,0.91191447,disp_j,206462567.0,J
27052,5,0.098010704,0.002291752,0.0026867846,0.8970108,disp_j,206462567.0,J
27052,6,0.08289057,0.0011035701,0.0014929586,0.9145129,disp_j,206462567.0,J
27052,7,0.09443876,0.0013794131,0.0017830277,0.90239877,disp_j,206462567.0,J
27052,8,0.05262081,0.002249782,0.0020190112,0.9431104,disp_j,206462567.0,J
27052,9,0.06743596,0.002449592,0.0019652655,0.9281492,disp_j,206462567.0,J
27052,10,0.08830825,0.0032298842,0.0019978716,0.906464,disp_j,206462567.0,J
26449,1,0.056348052,0.005503434,0.0059731603,0.9321754,disp_j,118327621.0,J
26449,2,0.061194837,0.0068289274,0.0035400384,0.92843616,disp_j,118327621.0,J
26449,3,0.036643356,0.0043057813,0.0040045716,0.9550463,disp_j,118327621.0,J
26449,4,0.038372353,0.0072679725,0.0054107085,0.9489489,disp_j,118327621.0,J
26449,5,0.03433898,0.0051363674,0.0040386827,0.956486,disp_j,118327621.0,J
26449,6,0.04344842,0.0045508193,0.0036618547,0.94833887,disp_j,118327621.0,J
26449,7,0.027410975,0.0046159737,0.002977453,0.9649957,disp_j,118327621.0,J
26449,8,0.033882566,0.004745358,0.003107722,0.9582643,disp_j,118327621.0,J
26449,9,0.036995515,0.0052997186,0.0027112935,0.95499355,disp_j,118327621.0,J
26449,10,0.040577896,0.005785905,0.0029775584,0.9506586,disp_j,118327621.0,J
2054,1,0.3932422,0.019218562,0.01355941,0.5739798,disp_j,141714083.0,jj
2054,2,0.10111934,0.035163824,0.017396057,0.8463208,disp_j,141714083.0,jj
2054,3,0.09851941,0.026227046,0.017528808,0.8577247,disp_j,141714083.0,jj
2054,4,0.15013283,0.03160797,0.016694652,0.8015645,disp_j,141714083.0,jj
2054,5,0.13222109,0.07612261,0.029064642,0.76259166,disp_j,141714083.0,jj
2054,6,0.13255267,0.023784146,0.017005425,0.8266578,disp_j,141714083.0,jj
2054,7,0.1906668,0.015831284,0.01521288,0.7782891,disp_j,141714083.0,jj
2054,8,0.11038241,0.04541287,0.027036076,0.81716865,disp_j,141714083.0,jj
2054,9,0.1294257,0.024472017,0.016536318,0.829566,disp_j,141714083.0,jj
2054,10,0.13974275,0.033655003,0.014182119,0.8124202,disp_j,141714083.0,jj
1936,1,0.44031292,0.5576575,0.0011979619,0.0008316762,disp_e,120315082.0,eb
1936,2,0.649264,0.34311306,0.0048472905,0.0027756481,disp_e,120315082.0,eb
1936,3,0.47915515,0.5116261,0.0054069627,0.0038116595,disp_e,120315082.0,eb
1936,4,0.6174792,0.378695,0.0025436378,0.0012822137,disp_e,120315082.0,eb
1936,5,0.58384037,0.4095822,0.0038703112,0.002707141,disp_e,120315082.0,eb
1936,6,0.69510233,0.2981491,0.0045899353,0.0021586507,disp_e,120315082.0,eb
1936,7,0.5446666,0.45338824,0.0012798754,0.00066536147,disp_e,120315082.0,eb
1936,8,0.564949,0.42479083,0.0055899317,0.004670233,disp_e,120315082.0,eb
1936,9,0.5066754,0.48694968,0.0042556804,0.002119282,disp_e,120315082.0,eb
1936,10,0.6478867,0.34468645,0.005047248,0.0023796149,disp_e,120315082.0,eb
512,1,0.0073101246,0.9919092,0.00039517513,0.00038545494,disp_e,166074503.0,et
512,2,0.012092494,0.9854455,0.0013150091,0.0011470575,disp_e,166074503.0,et
512,3,0.00933051,0.9892371,0.00064042624,0.00079194485,disp_e,166074503.0,et
512,4,0.008623581,0.9901022,0.0006453575,0.00062889274,disp_e,166074503.0,et
512,5,0.010049202,0.98814607,0.00091822445,0.0008865433,disp_e,166074503.0,et
512,6,0.00998351,0.98787373,0.0013047148,0.0008379638,disp_e,166074503.0,et
512,7,0.0065744487,0.99262047,0.0004655323,0.0003394695,disp_e,166074503.0,et
512,8,0.012946505,0.984109,0.0012005736,0.0017439139,disp_e,166074503.0,et
512,9,0.008615658,0.9894881,0.0009886717,0.0009075693,disp_e,166074503.0,et
512,10,0.012554442,0.9848402,0.0013607191,0.0012445363,disp_e,166074503.0,et
677,1,0.07743412,0.9099055,0.005515888,0.007144593,disp_e,240460949.0,eb
677,2,0.17337902,0.79822236,0.012534409,0.015864195,disp_e,240460949.0,eb
677,3,0.11245593,0.86297053,0.007785964,0.016787522,disp_e,240460949.0,eb
677,4,0.08939015,0.89534986,0.0068209986,0.008439082,disp_e,240460949.0,eb
677,5,0.14842027,0.82819515,0.0095487,0.013835889,disp_e,240460949.0,eb
677,6,0.115087695,0.8650082,0.010368077,0.009536083,disp_e,240460949.0,eb
677,7,0.06935254,0.91563654,0.006255416,0.008755447,disp_e,240460949.0,eb
677,8,0.16154107,0.79995394,0.01340697,0.025098024,disp_e,240460949.0,eb
677,9,0.115116835,0.85954136,0.010873726,0.014468143,disp_e,240460949.0,eb
677,10,0.18747225,0.78798395,0.010511291,0.014032515,disp_e,240460949.0,eb
5127,1,0.9672665,0.031090239,0.0008267879,0.0008164876,disp_p,121194926.0,pu
5127,2,0.99173295,0.0072126095,0.0005792375,0.00047508662,disp_p,121194926.0,pu
5127,3,0.98397416,0.014155889,0.000999332,0.0008705634,disp_p,121194926.0,pu
5127,4,0.98414814,0.014865339,0.0006276664,0.00035893059,disp_p,121194926.0,pu
5127,5,0.9895176,0.009063621,0.00076302636,0.0006556237,disp_p,121194926.0,pu
5127,6,0.9916215,0.0072276695,0.0006719191,0.00047893293,disp_p,121194926.0,pu
5127,7,0.9724026,0.026072558,0.0007794026,0.0007454023,disp_p,121194926.0,pu
5127,8,0.99246466,0.0065373667,0.00052987144,0.00046811794,disp_p,121194926.0,pu
5127,9,0.98584634,0.012961163,0.0007848294,0.00040771917,disp_p,121194926.0,pu
5127,10,0.9915325,0.0072031063,0.0007503322,0.0005140199,disp_p,121194926.0,pu
8988,1,0.99900395,0.00075864355,9.890482e-05,0.00013841187,disp_p,441763252.0,pu
8988,2,0.99984336,0.0001518428,3.4089317e-06,1.2978716e-06,disp_p,441763252.0,pu
8988,3,0.99968076,0.00030885916,7.526691e-06,2.947315e-06,disp_p,441763252.0,pu
8988,4,0.9988927,0.0010040026,6.5206805e-05,3.8073442e-05,disp_p,441763252.0,pu
8988,5,0.9998062,0.00018589008,5.48855e-06,2.41869e-06,disp_p,441763252.0,pu
8988,6,0.9998933,0.00010194227,3.5300545e-06,1.1040314e-06,disp_p,441763252.0,pu
8988,7,0.99878865,0.0010047677,7.558386e-05,0.00013101636,disp_p,441763252.0,pu
8988,8,0.99974924,0.00024359989,4.887334e-06,2.2623824e-06,disp_p,441763252.0,pu
8988,9,0.9996469,0.00034563494,6.5496097e-06,9.2991615e-07,disp_p,441763252.0,pu
8988,10,0.99979,0.00019502116,1.2114597e-05,2.772529e-06,disp_p,441763252.0,pu
7429,1,0.9967982,0.0029366273,0.000120529105,0.00014472363,disp_p,306604742.0,pu
7429,2,0.99910885,0.0008293513,3.6066147e-05,2.5721782e-05,disp_p,306604742.0,pu
7429,3,0.99853456,0.0013563198,6.4737804e-05,4.431824e-05,disp_p,306604742.0,pu
7429,4,0.99846125,0.0014510661,5.4793392e-05,3.2967164e-05,disp_p,306604742.0,pu
7429,5,0.99898845,0.00091744564,5.5459404e-05,3.864335e-05,disp_p,306604742.0,pu
7429,6,0.9994578,0.000486781,3.481223e-05,2.0691843e-05,disp_p,306604742.0,pu
7429,7,0.996765,0.0030229117,8.8937544e-05,0.00012320488,disp_p,306604742.0,pu
7429,8,0.99895394,0.00097040273,4.2661308e-05,3.2948974e-05,disp_p,306604742.0,pu
7429,9,0.99847394,0.0014398999,6.455146e-05,2.158548e-05,disp_p,306604742.0,pu
7429,10,0.9991353,0.0007629518,6.824448e-05,3.3507265e-05,disp_p,306604742.0,pu
1737,1,0.76041114,0.23668282,0.001554352,0.001351729,disp_e,27397406.0,eb
1737,2,0.4942024,0.49976844,0.0037852614,0.0022439572,disp_e,27397406.0,eb
1737,3,0.49758804,0.49701014,0.0030698061,0.0023319644,disp_e,27397406.0,eb
1737,4,0.78156656,0.21525243,0.0019836691,0.0011973373,disp_e,27397406.0,eb
1737,5,0.36563507,0.6292693,0.002960626,0.0021349923,disp_e,27397406.0,eb
1737,6,0.4116732,0.58266556,0.0036277473,0.0020335442,disp_e,27397406.0,eb
1737,7,0.69699925,0.30047938,0.0014617443,0.0010595518,disp_e,27397406.0,eb
1737,8,0.34426644,0.64970535,0.0029758867,0.003052379,disp_e,27397406.0,eb
1737,9,0.5034938,0.49256966,0.002614075,0.0013224981,disp_e,27397406.0,eb
1737,10,0.43002963,0.5642126,0.003748997,0.0020087922,disp_e,27397406.0,eb
2896,1,0.2206385,0.7742713,0.0026096278,0.0024805593,disp_e,316321015.0,et
2896,2,0.2312687,0.75952876,0.0054599536,0.0037424893,disp_e,316321015.0,et
2896,3,0.14651747,0.8444196,0.00456902,0.004493845,disp_e,316321015.0,et
2896,4,0.1533324,0.84053564,0.0035535283,0.0025784757,disp_e,316321015.0,et
2896,5,0.18210869,0.81122816,0.00374552,0.0029176164,disp_e,316321015.0,et
2896,6,0.20285238,0.78655916,0.006407696,0.004180692,disp_e,316321015.0,et
2896,7,0.12575957,0.8694722,0.0027830908,0.001985096,disp_e,316321015.0,et
2896,8,0.19299178,0.7937479,0.006250143,0.0070101325,disp_e,316321015.0,et
2896,9,0.13211536,0.86035234,0.0039024637,0.0036298863,disp_e,316321015.0,et
2896,10,0.27555072,0.71550196,0.0053796074,0.0035677261,disp_e,316321015.0,et
7055,1,0.9079205,0.09019417,0.00096930854,0.00091599347,disp_p,281118572.0,pu
7055,2,0.977476,0.022114856,0.00029339985,0.00011570203,disp_p,281118572.0,pu
7055,3,0.94644254,0.052895203,0.00042543004,0.00023675496,disp_p,281118572.0,pu
7055,4,0.8721673,0.12644474,0.00096639636,0.000421579,disp_p,281118572.0,pu
7055,5,0.97120553,0.028358338,0.0002867464,0.0001493486,disp_p,281118572.0,pu
7055,6,0.9665527,0.032911845,0.00039538578,0.00014010727,disp_p,281118572.0,pu
7055,7,0.89359623,0.10470937,0.0009796886,0.0007146161,disp_p,281118572.0,pu
7055,8,0.97844404,0.02111857,0.0002694083,0.00016792085,disp_p,281118572.0,pu
7055,9,0.9603733,0.039279908,0.00027088993,7.596641e-05,disp_p,281118572.0,pu
7055,10,0.9710715,0.028283253,0.00046730108,0.00017788543,disp_p,281118572.0,pu
26811,1,0.059355773,0.00068669737,0.00097077014,0.9389867,disp_j,16452702.0,
26811,2,0.028422697,0.00041040484,0.00036184478,0.97080505,disp_j,16452702.0,
26811,3,0.020869456,0.00019967175,0.00041255317,0.97851825,disp_j,16452702.0,
26811,4,0.026572911,0.0009442143,0.0006982058,0.9717846,disp_j,16452702.0,
26811,5,0.024367176,0.00039666993,0.00065385917,0.9745823,disp_j,16452702.0,
26811,6,0.037512466,0.00042947746,0.0007352228,0.9613227,disp_j,16452702.0,
26811,7,0.02656953,0.0009737009,0.0007482999,0.9717084,disp_j,16452702.0,
26811,8,0.03108936,0.000105989944,0.0003428803,0.9684618,disp_j,16452702.0,
26811,9,0.025423205,0.00035217073,0.00039995206,0.9738246,disp_j,16452702.0,
26811,10,0.060064077,0.00053026894,0.0007018411,0.9387038,disp_j,16452702.0,
2436,1,0.013618559,0.96462315,0.0040385067,0.017719796,disp_e,236290312.0,eb
2436,2,0.008477367,0.9745632,0.0031124898,0.013847069,disp_e,236290312.0,eb
2436,3,0.009833911,0.9738168,0.002560109,0.013789146,disp_e,236290312.0,eb
2436,4,0.007160027,0.98003125,0.0022577925,0.010550924,disp_e,236290312.0,eb
2436,5,0.0077143735,0.98052007,0.0024241735,0.009341401,disp_e,236290312.0,eb
2436,6,0.0046779783,0.9825768,0.0028193654,0.009925875,disp_e,236290312.0,eb
2436,7,0.012627969,0.9725362,0.003951328,0.010884474,disp_e,236290312.0,eb
2436,8,0.005829152,0.9715837,0.0036180206,0.018969133,disp_e,236290312.0,eb
2436,9,0.008025747,0.97308964,0.002769597,0.01611503,disp_e,236290312.0,eb
2436,10,0.0083399145,0.9723963,0.0028826417,0.016381113,disp_e,236290312.0,eb
3862,1,0.97822,0.020958973,0.00043053742,0.00039047006,disp_p,17361.0,pt
3862,2,0.9863452,0.013337099,0.00022551324,9.224451e-05,disp_p,17361.0,pt
3862,3,0.96294814,0.036467373,0.00039091927,0.00019367454,disp_p,17361.0,pt
3862,4,0.96498525,0.03411714,0.00060746365,0.00029011007,disp_p,17361.0,pt
3862,5,0.9738497,0.025690475,0.0003084516,0.00015138501,disp_p,17361.0,pt
3862,6,0.9837149,0.015900997,0.00028403988,0.000100138284,disp_p,17361.0,pt
3862,7,0.97610235,0.023146316,0.0004009776,0.0003503261,disp_p,17361.0,pt
3862,8,0.9732144,0.026274167,0.00031772486,0.00019364813,disp_p,17361.0,pt
3862,9,0.97514635,0.024561392,0.0002364462,5.583183e-05,disp_p,17361.0,pt
3862,10,0.97717834,0.022143729,0.00051253,0.00016538745,disp_p,17361.0,pt
8758,1,0.9988154,0.00069262856,0.00014147157,0.00035053512,disp_p,420112217.0,pu
8758,2,0.99963665,0.0003297818,2.0252335e-05,1.3248002e-05,disp_p,420112217.0,pu
8758,3,0.99947494,0.000471965,3.1099895e-05,2.1978321e-05,disp_p,420112217.0,pu
8758,4,0.99923456,0.0006263417,7.614378e-05,6.298217e-05,disp_p,420112217.0,pu
8758,5,0.9996275,0.0003164047,3.1567753e-05,2.4524037e-05,disp_p,420112217.0,pu
8758,6,0.99979764,0.00016552133,2.2309438e-05,1.4551207e-05,disp_p,420112217.0,pu
8758,7,0.9985702,0.0010093172,0.00012767328,0.00029267598,disp_p,420112217.0,pu
8758,8,0.99972254,0.00024487678,1.851358e-05,1.4048652e-05,disp_p,420112217.0,pu
8758,9,0.9995154,0.0004430336,2.9980198e-05,1.1554573e-05,disp_p,420112217.0,pu
8758,10,0.99971706,0.00024038681,2.693803e-05,1.5561987e-05,disp_p,420112217.0,pu
27836,1,0.0001396342,0.0005666238,0.000103577586,0.99919015,disp_j,321298673.0,
27836,2,0.00012785823,0.00019854697,1.7024742e-05,0.99965656,disp_j,321298673.0,
27836,3,0.00016359102,0.00047209018,9.223758e-05,0.99927205,disp_j,321298673.0,
27836,4,0.00015367212,0.0013174419,9.842831e-05,0.99843043,disp_j,321298673.0,
27836,5,0.00013698092,0.00032725232,4.564527e-05,0.99949,disp_j,321298673.0,
27836,6,0.00012915245,0.0003860394,4.879393e-05,0.99943596,disp_j,321298673.0,
27836,7,8.647178e-05,0.001140513,0.00013448404,0.9986386,disp_j,321298673.0,
27836,8,8.5931744e-05,0.00022359405,5.161712e-05,0.9996389,disp_j,321298673.0,
27836,9,0.00014357085,0.00019824305,2.5629284e-05,0.9996325,disp_j,321298673.0,
27836,10,0.0001553308,0.00023957682,3.024279e-05,0.99957484,disp_j,321298673.0,
3693,1,0.011188832,0.9850653,0.0014278563,0.0023180735,disp_e,460298963.0,eb
3693,2,0.019150293,0.9699634,0.0041891243,0.006697203,disp_e,460298963.0,eb
3693,3,0.017464902,0.97505194,0.0021722552,0.005310951,disp_e,460298963.0,eb
3693,4,0.0133225545,0.9820973,0.0016672167,0.0029129859,disp_e,460298963.0,eb
3693,5,0.018031865,0.974531,0.0028635287,0.0045736255,disp_e,460298963.0,eb
3693,6,0.015030806,0.9772257,0.0033890067,0.004354489,disp_e,460298963.0,eb
3693,7,0.011533795,0.985159,0.0015607781,0.001746489,disp_e,460298963.0,eb
3693,8,0.01583807,0.97037345,0.0038343726,0.009954005,disp_e,460298963.0,eb
3693,9,0.015600263,0.974476,0.0034565239,0.006467245,disp_e,460298963.0,eb
3693,10,0.018353779,0.97209024,0.0032457341,0.0063102217,disp_e,460298963.0,eb
26779,1,0.005472012,0.19605479,0.003927797,0.79454535,disp_j,159988460.0,B
26779,2,0.007626117,0.31007677,0.002891041,0.6794061,disp_e,159988460.0,B
26779,3,0.007025627,0.31360248,0.0033672166,0.67600465,disp_e,159988460.0,B
26779,4,0.003606029,0.30650482,0.0031308809,0.6867583,disp_e,159988460.0,B
26779,5,0.011000139,0.30697036,0.0054581184,0.6765714,disp_e,159988460.0,B
26779,6,0.010858763,0.2729377,0.0074668145,0.70873666,disp_e,159988460.0,B
26779,7,0.0037164642,0.30656344,0.003155623,0.68656445,disp_e,159988460.0,B
26779,8,0.009311883,0.33036712,0.00819364,0.6521274,disp_e,159988460.0,B
26779,9,0.003404567,0.3353568,0.0022581082,0.65898055,disp_e,159988460.0,B
26779,10,0.01079553,0.416167,0.0042335833,0.5688039,disp_e,159988460.0,B
27111,1,0.12669607,0.0031052511,0.0037944508,0.8664043,disp_j,214913775.0,J
27111,2,0.18919367,0.0040681614,0.0019122282,0.804826,disp_j,214913775.0,J
27111,3,0.08765815,0.004158372,0.0036068321,0.90457666,disp_j,214913775.0,J
27111,4,0.106501244,0.00231236,0.0017668367,0.8894196,disp_j,214913775.0,J
27111,5,0.18340588,0.0045406185,0.0019596457,0.8100938,disp_j,214913775.0,J
27111,6,0.13525805,0.0016913667,0.0010625382,0.861988,disp_j,214913775.0,J
27111,7,0.1685076,0.0023373165,0.0021133302,0.8270417,disp_j,214913775.0,J
27111,8,0.09988023,0.00418461,0.0013825936,0.8945526,disp_j,214913775.0,J
27111,9,0.11938561,0.0029279266,0.0014903061,0.87619615,disp_j,214913775.0,J
27111,10,0.17788893,0.005850882,0.002262756,0.8139974,disp_j,214913775.0,J
9917,1,0.99994946,2.415128e-05,5.9475187e-06,2.046107e-05,disp_p,,
9917,2,0.9999671,2.322191e-05,4.046635e-06,5.574646e-06,disp_p,,
9917,3,0.99996626,2.63713e-05,4.184233e-06,3.2419207e-06,disp_p,,
9917,4,0.9998902,8.2550556e-05,1.2093508e-05,1.51657505e-05,disp_p,,
9917,5,0.99995375,3.071689e-05,5.283876e-06,1.0253069e-05,disp_p,,
9917,6,0.99993813,4.3849806e-05,7.025201e-06,1.101361e-05,disp_p,,
9917,7,0.9999269,4.3904925e-05,6.4118676e-06,2.2740374e-05,disp_p,,
9917,8,0.99992585,5.795665e-05,7.132812e-06,9.049756e-06,disp_p,,
9917,9,0.99993753,5.165564e-05,6.413128e-06,4.3311866e-06,disp_p,,
9917,10,0.99992704,3.639322e-05,1.5895761e-05,2.072214e-05,disp_p,,
1550,1,0.0548263,0.94329506,0.00096811965,0.000910543,disp_e,411868625.0,eb
1550,2,0.036205545,0.95305437,0.0047584577,0.0059816623,disp_e,411868625.0,eb
1550,3,0.04165663,0.9480937,0.0033049171,0.0069446815,disp_e,411868625.0,eb
1550,4,0.045562472,0.948748,0.0029326247,0.0027568648,disp_e,411868625.0,eb
1550,5,0.03035303,0.96093345,0.0034047177,0.005308853,disp_e,411868625.0,eb
1550,6,0.0444188,0.94404465,0.0057224673,0.005814044,disp_e,411868625.0,eb
1550,7,0.033491846,0.9640213,0.0013958446,0.0010909825,disp_e,411868625.0,eb
1550,8,0.031394,0.9565547,0.0034970418,0.008554188,disp_e,411868625.0,eb
1550,9,0.03407494,0.9568734,0.003540582,0.0055110706,disp_e,411868625.0,eb
1550,10,0.028468823,0.9627472,0.0030006706,0.005783266,disp_e,411868625.0,eb
3183,1,0.0049289493,0.99502254,3.21976e-05,1.6338188e-05,disp_e,360943695.0,eb
3183,2,0.006252196,0.99244034,0.00079185073,0.00051560655,disp_e,360943695.0,eb
3183,3,0.009552916,0.98921585,0.0005381626,0.0006929804,disp_e,360943695.0,eb
3183,4,0.008916696,0.990584,0.000345772,0.00015355901,disp_e,360943695.0,eb
3183,5,0.006615509,0.9922621,0.0006061855,0.00051616307,disp_e,360943695.0,eb
3183,6,0.0069013345,0.99157315,0.0010054247,0.0005200634,disp_e,360943695.0,eb
3183,7,0.004333601,0.99558496,5.4237156e-05,2.7142887e-05,disp_e,360943695.0,eb
3183,8,0.0042980476,0.9945956,0.0004191956,0.0006872362,disp_e,360943695.0,eb
3183,9,0.012063666,0.9866117,0.000737678,0.0005868412,disp_e,360943695.0,eb
3183,10,0.0067203194,0.99235064,0.00052034116,0.00040869648,disp_e,360943695.0,eb
10311,1,0.9952553,4.2495768e-13,2.7985554e-15,0.004744641,disp_p,,
10311,2,0.9993124,4.6545315e-10,9.884852e-14,0.0006876519,disp_p,,
10311,3,0.9999995,4.4713582e-14,1.4057293e-16,4.2616128e-07,disp_p,,
10311,4,0.9999999,9.505451e-15,1.3877567e-18,8.380116e-08,disp_p,,
10311,5,0.99999976,8.03626e-10,4.2018433e-16,1.9872758e-07,disp_p,,
10311,6,0.9999777,7.1191876e-12,8.21678e-16,2.226019e-05,disp_p,,
10311,7,0.99991107,1.00310165e-14,2.3814189e-17,8.8915185e-05,disp_p,,
10311,8,0.9999677,1.6770293e-10,1.4223689e-15,3.2270465e-05,disp_p,,
10311,9,0.9727606,1.4777221e-12,3.2961355e-14,0.027239418,disp_p,,
10311,10,0.82804203,1.3676874e-10,6.573384e-15,0.171958,disp_p,,
1190,1,0.002610226,0.99735886,2.0290516e-05,1.0536232e-05,disp_e,348517784.0,et
1190,2,0.005045507,0.9939557,0.0005739728,0.00042494698,disp_e,348517784.0,et
1190,3,0.007168939,0.9919476,0.0003708508,0.0005125548,disp_e,348517784.0,et
1190,4,0.0048894626,0.994762,0.00022983017,0.00011872757,disp_e,348517784.0,et
1190,5,0.0051116804,0.9940883,0.00041406063,0.00038598283,disp_e,348517784.0,et
1190,6,0.0057025435,0.99310535,0.0007631388,0.00042890548,disp_e,348517784.0,et
1190,7,0.0023229052,0.99762064,3.7101938e-05,1.9406843e-05,disp_e,348517784.0,et
1190,8,0.0037350303,0.9953425,0.000350269,0.00057227025,disp_e,348517784.0,et
1190,9,0.007085452,0.9919504,0.00051424274,0.00044991533,disp_e,348517784.0,et
1190,10,0.005425637,0.9938672,0.00040061935,0.00030653668,disp_e,348517784.0,et
969,1,0.035705235,0.9639544,0.00021756983,0.00012267166,disp_e,300446210.0,eb
969,2,0.031454846,0.9667427,0.001162867,0.00063966564,disp_e,300446210.0,eb
969,3,0.027030734,0.9717611,0.00060090225,0.00060723745,disp_e,300446210.0,eb
969,4,0.031129235,0.9675116,0.0008987946,0.00046045127,disp_e,300446210.0,eb
969,5,0.021827953,0.9766614,0.0008689725,0.00064169016,disp_e,300446210.0,eb
969,6,0.024928313,0.9733372,0.0012223808,0.00051216205,disp_e,300446210.0,eb
969,7,0.030435456,0.968977,0.00037883088,0.00020871517,disp_e,300446210.0,eb
969,8,0.021655858,0.9762927,0.00089782994,0.0011536326,disp_e,300446210.0,eb
969,9,0.035977673,0.96268123,0.00082631776,0.00051482214,disp_e,300446210.0,eb
969,10,0.02807612,0.9703369,0.0010064775,0.00058060326,disp_e,300446210.0,eb
8396,1,0.9975598,0.0014979445,0.00027059647,0.0006716789,disp_p,387544178.0,pu
8396,2,0.9959116,0.0038996981,0.00012284175,6.5880246e-05,disp_p,387544178.0,pu
8396,3,0.98764217,0.011769488,0.00033494257,0.00025338237,disp_p,387544178.0,pu
8396,4,0.9906849,0.008619396,0.00039232633,0.00030331843,disp_p,387544178.0,pu
8396,5,0.9961624,0.003610802,0.00013729338,8.955861e-05,disp_p,387544178.0,pu
8396,6,0.99803334,0.0018150273,9.8411125e-05,5.326042e-05,disp_p,387544178.0,pu
8396,7,0.9957516,0.0030865688,0.00038717515,0.00077457627,disp_p,387544178.0,pu
8396,8,0.9959617,0.0037102045,0.00018371653,0.00014439851,disp_p,387544178.0,pu
8396,9,0.9933421,0.006433665,0.00016205653,6.214954e-05,disp_p,387544178.0,pu
8396,10,0.99657166,0.0031748484,0.00016278867,9.0763635e-05,disp_p,387544178.0,pu
7897,1,0.9957931,0.002806205,0.00038532386,0.0010154124,disp_p,348501452.0,pu
7897,2,0.98998195,0.006761921,0.0011207704,0.002135321,disp_p,348501452.0,pu
7897,3,0.9897927,0.006996403,0.0011911098,0.0020198151,disp_p,348501452.0,pu
7897,4,0.99310774,0.004836191,0.00082212134,0.0012339833,disp_p,348501452.0,pu
7897,5,0.99167085,0.005093859,0.0011576117,0.0020777767,disp_p,348501452.0,pu
7897,6,0.9931538,0.004510651,0.0009182609,0.001417316,disp_p,348501452.0,pu
7897,7,0.99305046,0.0050168745,0.0005842033,0.0013484237,disp_p,348501452.0,pu
7897,8,0.9911646,0.0061460985,0.0010177827,0.001671501,disp_p,348501452.0,pu
7897,9,0.9894293,0.007663401,0.001212418,0.001694875,disp_p,348501452.0,pu
7897,10,0.9926587,0.0053096795,0.000855957,0.0011757164,disp_p,348501452.0,pu
249,1,0.019804325,0.78933233,0.01184731,0.17901607,disp_e,31496366.0,et
249,2,0.029145408,0.627195,0.017492548,0.32616714,disp_e,31496366.0,et
249,3,0.029844537,0.62644535,0.01655465,0.32715544,disp_e,31496366.0,et
249,4,0.030245727,0.677725,0.01535232,0.27667692,disp_e,31496366.0,et
249,5,0.027178919,0.6356739,0.019581132,0.31756616,disp_e,31496366.0,et
249,6,0.025931414,0.5416858,0.021824151,0.4105586,disp_e,31496366.0,et
249,7,0.024782753,0.7244119,0.0183817,0.23242366,disp_e,31496366.0,et
249,8,0.02024341,0.6889936,0.018239416,0.27252352,disp_e,31496366.0,et
249,9,0.028653868,0.52205896,0.018004978,0.4312822,disp_e,31496366.0,et
249,10,0.025920464,0.6920461,0.014687731,0.2673456,disp_e,31496366.0,et
3070,1,0.34723803,0.6444305,0.0037534905,0.0045780167,disp_e,336366871.0,eb
3070,2,0.28046268,0.694913,0.009408513,0.015215705,disp_e,336366871.0,eb
3070,3,0.19281821,0.78740025,0.006189302,0.0135923,disp_e,336366871.0,eb
3070,4,0.35866886,0.6299141,0.0050805802,0.0063364273,disp_e,336366871.0,eb
3070,5,0.24870092,0.7328172,0.0070618642,0.011420081,disp_e,336366871.0,eb
3070,6,0.23264363,0.7504021,0.00736595,0.0095883,disp_e,336366871.0,eb
3070,7,0.3296288,0.65678966,0.005664648,0.007916931,disp_e,336366871.0,eb
3070,8,0.22729607,0.742308,0.009638364,0.020757515,disp_e,336366871.0,eb
3070,9,0.2019684,0.7781454,0.007952565,0.011933683,disp_e,336366871.0,eb
3070,10,0.27021143,0.7101482,0.0070979716,0.012542399,disp_e,336366871.0,eb
28624,1,0.0048404103,0.045477863,0.003160417,0.9465212,disp_j,56649881.0,
28624,2,0.01089518,0.084775776,0.0035724512,0.90075654,disp_j,56649881.0,
28624,3,0.009073977,0.06939351,0.0055597285,0.9159727,disp_j,56649881.0,
28624,4,0.0050568567,0.040415313,0.0028645,0.9516634,disp_j,56649881.0,
28624,5,0.011642196,0.0750215,0.005959355,0.90737695,disp_j,56649881.0,
28624,6,0.008686516,0.043014497,0.005863016,0.94243604,disp_j,56649881.0,
28624,7,0.0043152045,0.044463325,0.004951809,0.9462697,disp_j,56649881.0,
28624,8,0.008288952,0.042862803,0.004783196,0.94406503,disp_j,56649881.0,
28624,9,0.0064361338,0.10917449,0.0042596674,0.88012975,disp_j,56649881.0,
28624,10,0.012059658,0.085289255,0.005807682,0.8968433,disp_j,56649881.0,
81,1,0.001691648,0.9943469,0.00035245597,0.0036089423,disp_e,119727544.0,eb
81,2,0.0020807518,0.9947784,0.00041010798,0.0027306487,disp_e,119727544.0,eb
81,3,0.0023017323,0.9947254,0.0002976279,0.002675197,disp_e,119727544.0,eb
81,4,0.0016575163,0.99579597,0.00017486865,0.0023716216,disp_e,119727544.0,eb
81,5,0.0026835098,0.99426174,0.00024011722,0.0028146056,disp_e,119727544.0,eb
81,6,0.001140049,0.9972921,0.00022036707,0.0013474554,disp_e,119727544.0,eb
81,7,0.002012857,0.99427515,0.00038976065,0.003322147,disp_e,119727544.0,eb
81,8,0.0016808372,0.9943942,0.00035658933,0.0035683643,disp_e,119727544.0,eb
81,9,0.0018327637,0.99474454,0.0003158504,0.0031068458,disp_e,119727544.0,eb
81,10,0.0015360981,0.9954235,0.00023951265,0.0028009117,disp_e,119727544.0,eb
10548,1,0.99001396,3.806512e-05,3.8343194e-05,0.009909576,disp_p,,
10548,2,0.98852473,3.734344e-06,4.8116854e-06,0.011466738,disp_p,,
10548,3,0.99543923,1.9223426e-05,3.1509295e-05,0.004509994,disp_p,,
10548,4,0.9942365,9.399938e-05,5.1516003e-05,0.0056179,disp_p,,
10548,5,0.9965031,2.7314222e-06,9.227398e-06,0.003484879,disp_p,,
10548,6,0.98956853,9.276071e-06,1.2440272e-05,0.010409759,disp_p,,
10548,7,0.99791783,3.665173e-05,1.7016246e-05,0.0020285032,disp_p,,
10548,8,0.9939522,8.338457e-06,2.1551965e-05,0.006017854,disp_p,,
10548,9,0.990666,2.249082e-05,2.4325098e-05,0.009287232,disp_p,,
10548,10,0.99299,4.643257e-06,8.76046e-06,0.0069965813,disp_p,,
27795,1,1.8439969e-05,5.1571864e-05,1.05591225e-05,0.9999194,disp_j,312704395.0,J
27795,2,3.4679768e-05,4.1286872e-05,3.3237425e-06,0.9999207,disp_j,312704395.0,J
27795,3,4.3004227e-05,0.00012288736,1.673436e-05,0.99981743,disp_j,312704395.0,J
27795,4,2.038914e-05,0.00020087368,1.1214012e-05,0.9997676,disp_j,312704395.0,J
27795,5,3.4178745e-05,3.9362614e-05,6.197538e-06,0.99992025,disp_j,312704395.0,J
27795,6,2.1431135e-05,4.6040303e-05,6.127739e-06,0.99992645,disp_j,312704395.0,J
27795,7,9.948066e-06,0.00015927275,1.8009288e-05,0.9998128,disp_j,312704395.0,J
27795,8,1.8553199e-05,5.2718085e-05,1.3028883e-05,0.9999157,disp_j,312704395.0,J
27795,9,1.410376e-05,2.8749231e-05,2.8397594e-06,0.99995434,disp_j,312704395.0,J
27795,10,3.910894e-05,5.707567e-05,5.9766007e-06,0.99989784,disp_j,312704395.0,J
3697,1,0.22475183,0.77259547,0.0014921473,0.0011605328,disp_e,460468898.0,eb
3697,2,0.29618728,0.69744295,0.0039191977,0.0024505625,disp_e,460468898.0,eb
3697,3,0.23938784,0.75494313,0.0030219674,0.0026471012,disp_e,460468898.0,eb
3697,4,0.29309553,0.70338976,0.002232534,0.0012821497,disp_e,460468898.0,eb
3697,5,0.23678935,0.7582147,0.0028567372,0.0021391916,disp_e,460468898.0,eb
3697,6,0.24364288,0.7511074,0.0033509207,0.0018987339,disp_e,460468898.0,eb
3697,7,0.2701524,0.7271212,0.0016075309,0.001118899,disp_e,460468898.0,eb
3697,8,0.27186772,0.72122496,0.003374789,0.0035325417,disp_e,460468898.0,eb
3697,9,0.2781793,0.71691024,0.0032053967,0.001705103,disp_e,460468898.0,eb
3697,10,0.31943724,0.67445815,0.0038379254,0.0022666822,disp_e,460468898.0,eb
2924,1,0.91765976,0.07679805,0.0024070654,0.0031350155,disp_p,319127832.0,eb
2924,2,0.056594778,0.92349964,0.009100756,0.01080488,disp_e,319127832.0,eb
2924,3,0.09774292,0.8746884,0.008411342,0.01915739,disp_e,319127832.0,eb
2924,4,0.5586289,0.42058536,0.009592159,0.011193463,disp_e,319127832.0,eb
2924,5,0.04417159,0.93978107,0.0066831512,0.009364234,disp_e,319127832.0,eb
2924,6,0.030752746,0.95562965,0.006407523,0.0072101005,disp_e,319127832.0,eb
2924,7,0.8383929,0.15215465,0.0039739227,0.0054785735,disp_p,319127832.0,eb
2924,8,0.03321427,0.95404613,0.0044347546,0.008304831,disp_e,319127832.0,eb
2924,9,0.094575435,0.8746953,0.011168211,0.019561062,disp_e,319127832.0,eb
2924,10,0.048825707,0.9397841,0.004678858,0.006711346,disp_e,319127832.0,eb
7323,1,0.9816197,0.016904952,0.00073471415,0.0007405945,disp_p,299023386.0,pu
7323,2,0.9761044,0.02187032,0.0012330975,0.00079225056,disp_p,299023386.0,pu
7323,3,0.9767115,0.021372886,0.0011112422,0.0008043703,disp_p,299023386.0,pu
7323,4,0.9781109,0.020338472,0.0010193753,0.00053121505,disp_p,299023386.0,pu
7323,5,0.9756143,0.022044564,0.0013591236,0.0009820496,disp_p,299023386.0,pu
7323,6,0.97501194,0.022638747,0.0014639817,0.0008852622,disp_p,299023386.0,pu
7323,7,0.96746504,0.0305852,0.0009987245,0.0009509954,disp_p,299023386.0,pu
7323,8,0.97506726,0.02277409,0.0012055122,0.00095311814,disp_p,299023386.0,pu
7323,9,0.9644934,0.03357182,0.0012883504,0.0006465059,disp_p,299023386.0,pu
7323,10,0.9847511,0.013745059,0.000956402,0.0005474795,disp_p,299023386.0,pu
5308,1,0.77687484,0.22037132,0.0013496004,0.001404226,disp_e,139375960.0,pu
5308,2,0.5352881,0.4631081,0.0011293683,0.00047441985,disp_e,139375960.0,pu
5308,3,0.21766575,0.7807411,0.0009024457,0.0006906597,disp_e,139375960.0,pu
5308,4,0.47344053,0.52319336,0.0019933716,0.0013727617,disp_e,139375960.0,pu
5308,5,0.51096684,0.48787424,0.00075334735,0.0004055902,disp_e,139375960.0,pu
5308,6,0.5869375,0.41125795,0.0012949909,0.0005096233,disp_e,139375960.0,pu
5308,7,0.65435714,0.34201637,0.0019710553,0.0016554312,disp_e,139375960.0,pu
5308,8,0.48584688,0.5123397,0.0009875568,0.000825886,disp_e,139375960.0,pu
5308,9,0.38159233,0.617137,0.0008980314,0.00037260843,disp_e,139375960.0,pu
5308,10,0.56556904,0.4327569,0.0011979726,0.000476015,disp_e,139375960.0,pu
6876,1,0.9991861,0.0005017854,0.00010298167,0.00020907146,disp_p,270075071.0,pu
6876,2,0.9995351,0.0003744414,4.6721176e-05,4.3799704e-05,disp_p,270075071.0,pu
6876,3,0.9991099,0.0006713886,0.00011737269,0.000101403755,disp_p,270075071.0,pu
6876,4,0.99926597,0.0005508479,9.278737e-05,9.042634e-05,disp_p,270075071.0,pu
6876,5,0.999629,0.0002516806,6.0054175e-05,5.9241986e-05,disp_p,270075071.0,pu
6876,6,0.99969494,0.00021457141,5.043126e-05,4.015087e-05,disp_p,270075071.0,pu
6876,7,0.99880755,0.0008604894,0.00010733732,0.00022463933,disp_p,270075071.0,pu
6876,8,0.999706,0.00022938557,3.354028e-05,3.113424e-05,disp_p,270075071.0,pu
6876,9,0.9993654,0.00050548883,7.9833946e-05,4.928912e-05,disp_p,270075071.0,pu
6876,10,0.99974567,0.00018119844,4.321125e-05,2.9853109e-05,disp_p,270075071.0,pu
27898,1,3.1936988e-06,4.5837616e-05,1.8973758e-06,0.999949,disp_j,33396780.0,
27898,2,5.812658e-06,6.156807e-05,6.024012e-07,0.99993193,disp_j,33396780.0,
27898,3,5.264758e-06,5.753237e-05,3.2389419e-06,0.99993396,disp_j,33396780.0,
27898,4,3.2707214e-06,0.0002413423,2.3943812e-06,0.99975294,disp_j,33396780.0,
27898,5,3.6692038e-06,2.0020712e-05,7.4372974e-07,0.99997556,disp_j,33396780.0,
27898,6,3.8811545e-06,7.231769e-05,7.244298e-07,0.999923,disp_j,33396780.0,
27898,7,1.0092422e-06,6.157019e-05,1.4548855e-06,0.99993587,disp_j,33396780.0,
27898,8,7.403971e-06,0.00010046863,4.057885e-06,0.99988806,disp_j,33396780.0,
27898,9,6.943689e-06,0.00014894067,1.7401059e-06,0.9998423,disp_j,33396780.0,
27898,10,3.3032518e-06,4.530057e-05,5.609712e-07,0.9999509,disp_j,33396780.0,
8913,1,0.9981852,0.0008745558,0.00024405992,0.0006961053,disp_p,436637677.0,pu
8913,2,0.9996302,0.00035283202,1.1650044e-05,5.208185e-06,disp_p,436637677.0,pu
8913,3,0.99878114,0.0011625127,3.5590696e-05,2.0708503e-05,disp_p,436637677.0,pu
8913,4,0.99790025,0.0017283061,0.00018513044,0.00018637221,disp_p,436637677.0,pu
8913,5,0.99947923,0.0004891418,1.9829484e-05,1.1842566e-05,disp_p,436637677.0,pu
8913,6,0.9997098,0.00026998957,1.4179899e-05,5.9972e-06,disp_p,436637677.0,pu
8913,7,0.9977361,0.001385103,0.00023696624,0.00064189726,disp_p,436637677.0,pu
8913,8,0.99965024,0.0003289658,1.3278869e-05,7.59996e-06,disp_p,436637677.0,pu
8913,9,0.99909353,0.0008741445,2.6037318e-05,6.3082825e-06,disp_p,436637677.0,pu
8913,10,0.99960345,0.0003587431,2.7611317e-05,1.0231087e-05,disp_p,436637677.0,pu
26386,1,0.05594996,0.35362872,0.02297838,0.567443,disp_e,101232323.0,B
26386,2,0.042205483,0.22395703,0.014957808,0.71887964,disp_e,101232323.0,B
26386,3,0.039908435,0.19947778,0.017968906,0.7426449,disp_j,101232323.0,B
26386,4,0.049876165,0.21721156,0.017155232,0.715757,disp_e,101232323.0,B
26386,5,0.05431257,0.24628977,0.02310077,0.6762969,disp_e,101232323.0,B
26386,6,0.042034514,0.17245503,0.021254687,0.76425576,disp_j,101232323.0,B
26386,7,0.05600391,0.34778902,0.0306994,0.5655077,disp_e,101232323.0,B
26386,8,0.05393532,0.21143354,0.026842095,0.707789,disp_j,101232323.0,B
26386,9,0.028574573,0.17534791,0.015647877,0.78042966,disp_j,101232323.0,B
26386,10,0.049223386,0.2339827,0.017370366,0.6994235,disp_e,101232323.0,B
2745,1,0.4969559,0.50030243,0.0015257649,0.0012159505,disp_e,303937677.0,eb
2745,2,0.21499905,0.7791306,0.0037135337,0.0021568255,disp_e,303937677.0,eb
2745,3,0.19090925,0.80271864,0.003379331,0.0029927797,disp_e,303937677.0,eb
2745,4,0.42494187,0.5711624,0.0025405055,0.0013552511,disp_e,303937677.0,eb
2745,5,0.20857498,0.78654444,0.0028840813,0.0019965223,disp_e,303937677.0,eb
2745,6,0.12688704,0.8678257,0.00339515,0.0018921017,disp_e,303937677.0,eb
2745,7,0.39522818,0.60184413,0.0017403375,0.0011873639,disp_e,303937677.0,eb
2745,8,0.16498299,0.82902485,0.002919605,0.0030725845,disp_e,303937677.0,eb
2745,9,0.22904383,0.76581633,0.0030293216,0.0021105024,disp_e,303937677.0,eb
2745,10,0.2181527,0.77671015,0.0033144462,0.0018226239,disp_e,303937677.0,eb
8536,1,0.9954091,0.0003248087,0.00026574938,0.0040003355,disp_p,400093502.0,pu
8536,2,0.9964233,0.0011243148,0.00046853314,0.0019838773,disp_p,400093502.0,pu
8536,3,0.99525404,0.0012284591,0.00059672655,0.0029207864,disp_p,400093502.0,pu
8536,4,0.9928018,0.000988669,0.0007649425,0.0054446203,disp_p,400093502.0,pu
8536,5,0.99667656,0.00091751484,0.000678673,0.0017272432,disp_p,400093502.0,pu
8536,6,0.99709713,0.00076461857,0.00055425504,0.0015840447,disp_p,400093502.0,pu
8536,7,0.99183697,0.00081133645,0.00048117706,0.006870502,disp_p,400093502.0,pu
8536,8,0.996745,0.0011195204,0.0006161648,0.0015192175,disp_p,400093502.0,pu
8536,9,0.9935818,0.0014948401,0.00080882874,0.0041145654,disp_p,400093502.0,pu
8536,10,0.9978528,0.00072520366,0.00033106058,0.0010909584,disp_p,400093502.0,pu
8359,1,0.46004915,0.0062659285,0.0063067703,0.5273782,disp_j,384513078.0,pu
8359,2,0.08610336,0.008188796,0.0038557574,0.90185213,disp_j,384513078.0,pu
8359,3,0.042685136,0.0049436335,0.004253153,0.94811815,disp_j,384513078.0,pu
8359,4,0.09244984,0.008289371,0.0044848816,0.89477587,disp_j,384513078.0,pu
8359,5,0.06017336,0.0064399107,0.00430837,0.9290783,disp_j,384513078.0,pu
8359,6,0.054285064,0.0044153817,0.0029700773,0.9383296,disp_j,384513078.0,pu
8359,7,0.15368566,0.005563016,0.0048139933,0.83593726,disp_j,384513078.0,pu
8359,8,0.052036032,0.009906533,0.004589794,0.9334676,disp_j,384513078.0,pu
8359,9,0.036581077,0.0050969413,0.0029287895,0.95539314,disp_j,384513078.0,pu
8359,10,0.08833053,0.009600747,0.0033765167,0.89869213,disp_j,384513078.0,pu
8852,1,0.43343097,0.56459445,0.0010601305,0.00091446406,disp_e,429302040.0,pu
8852,2,0.3977968,0.5999725,0.001558169,0.00067253824,disp_e,429302040.0,pu
8852,3,0.18388383,0.8143527,0.0009362894,0.00082719023,disp_e,429302040.0,pu
8852,4,0.19168094,0.80553,0.0017677762,0.0010213022,disp_e,429302040.0,pu
8852,5,0.40137696,0.5967224,0.0012147645,0.00068590645,disp_e,429302040.0,pu
8852,6,0.3409059,0.65662706,0.0018004684,0.00066650537,disp_e,429302040.0,pu
8852,7,0.26345062,0.73430705,0.0013325264,0.000909795,disp_e,429302040.0,pu
8852,8,0.39060923,0.60726404,0.0011496661,0.0009771261,disp_e,429302040.0,pu
8852,9,0.24286072,0.75562954,0.0010490711,0.00046061553,disp_e,429302040.0,pu
8852,10,0.43682083,0.5611338,0.0013923344,0.0006529998,disp_e,429302040.0,pu
9789,1,0.983245,0.0016556385,0.001799428,0.013299897,disp_p,,
9789,2,0.986336,0.0018556225,0.0010038223,0.010804645,disp_p,,
9789,3,0.9803578,0.0051092166,0.0033993938,0.011133548,disp_p,,
9789,4,0.9837292,0.0022872996,0.0012035454,0.012779957,disp_p,,
9789,5,0.98354304,0.0021504455,0.0010712786,0.013235212,disp_p,,
9789,6,0.98836213,0.0013401244,0.00088011,0.009417652,disp_p,,
9789,7,0.9826156,0.0018284317,0.0012939065,0.014262116,disp_p,,
9789,8,0.98580116,0.0018301421,0.0010159329,0.011352732,disp_p,,
9789,9,0.984559,0.0026237622,0.0014760043,0.011341178,disp_p,,
9789,10,0.98939264,0.000996785,0.0010787852,0.00853174,disp_p,,
4672,1,0.998806,0.00085784146,0.00012170459,0.00021445219,disp_p,74712191.0,pu
4672,2,0.9997918,0.00019980993,5.8542205e-06,2.5908028e-06,disp_p,74712191.0,pu
4672,3,0.9994573,0.00052104826,1.4838826e-05,6.7738933e-06,disp_p,74712191.0,pu
4672,4,0.99877614,0.0010769697,8.5271444e-05,6.169239e-05,disp_p,74712191.0,pu
4672,5,0.9997601,0.0002262938,8.956864e-06,4.6387013e-06,disp_p,74712191.0,pu
4672,6,0.9998487,0.0001428711,6.064119e-06,2.2771567e-06,disp_p,74712191.0,pu
4672,7,0.9986375,0.0010521832,0.00010554202,0.00020475197,disp_p,74712191.0,pu
4672,8,0.9997447,0.00024333828,7.831665e-06,4.1028943e-06,disp_p,74712191.0,pu
4672,9,0.99958056,0.00040608676,1.13352735e-05,2.086599e-06,disp_p,74712191.0,pu
4672,10,0.9997751,0.00020379561,1.6307496e-05,4.7642266e-06,disp_p,74712191.0,pu
8643,1,0.99761665,0.0016373668,0.00026374488,0.00048219945,disp_p,407966340.0,pu
8643,2,0.9996331,0.0003417703,1.6355672e-05,8.793955e-06,disp_p,407966340.0,pu
8643,3,0.99930847,0.00064785517,2.7624e-05,1.6063901e-05,disp_p,407966340.0,pu
8643,4,0.99829453,0.0014666131,0.0001387297,0.00010009818,disp_p,407966340.0,pu
8643,5,0.9996376,0.00032362787,2.3883093e-05,1.4943691e-05,disp_p,407966340.0,pu
8643,6,0.9997317,0.00023836178,2.0278343e-05,9.648839e-06,disp_p,407966340.0,pu
8643,7,0.9968258,0.0025572616,0.00023385686,0.00038306552,disp_p,407966340.0,pu
8643,8,0.99966717,0.00030475698,1.710834e-05,1.0921617e-05,disp_p,407966340.0,pu
8643,9,0.99943906,0.00052852544,2.5624227e-05,6.8044137e-06,disp_p,407966340.0,pu
8643,10,0.9996908,0.00026602444,3.043774e-05,1.2830179e-05,disp_p,407966340.0,pu
2066,1,0.019477367,0.9790637,0.00064273935,0.0008161501,disp_e,145511545.0,eb
2066,2,0.0030613935,0.9941327,0.0007725083,0.0020333987,disp_e,145511545.0,eb
2066,3,0.0040463335,0.9916971,0.0006338607,0.003622718,disp_e,145511545.0,eb
2066,4,0.0057714507,0.9906455,0.0011431847,0.002439842,disp_e,145511545.0,eb
2066,5,0.0026177652,0.9943404,0.00045981072,0.0025819652,disp_e,145511545.0,eb
2066,6,0.0033832479,0.9936606,0.0010328045,0.0019232775,disp_e,145511545.0,eb
2066,7,0.0067818523,0.9912793,0.0006897753,0.0012490789,disp_e,145511545.0,eb
2066,8,0.0013719805,0.99646616,0.00028941417,0.0018724177,disp_e,145511545.0,eb
2066,9,0.004964292,0.9912453,0.0009649483,0.0028255126,disp_e,145511545.0,eb
2066,10,0.002200016,0.9963406,0.0003163095,0.0011430132,disp_e,145511545.0,eb
2082,1,0.28822318,0.7094548,0.0012331331,0.0010890076,disp_e,150252899.0,et
2082,2,0.504454,0.48850074,0.004437455,0.002607841,disp_e,150252899.0,et
2082,3,0.38830042,0.6052277,0.0035079962,0.002963898,disp_e,150252899.0,et
2082,4,0.477415,0.51805043,0.0030726027,0.0014619483,disp_e,150252899.0,et
2082,5,0.41937724,0.57449514,0.0034897137,0.002637903,disp_e,150252899.0,et
2082,6,0.5060565,0.48572665,0.0054041706,0.0028127187,disp_e,150252899.0,et
2082,7,0.35428658,0.6428371,0.0017816669,0.0010946305,disp_e,150252899.0,et
2082,8,0.34224913,0.6489525,0.0041526537,0.0046457024,disp_e,150252899.0,et
2082,9,0.45686078,0.5379486,0.0032320332,0.001958562,disp_e,150252899.0,et
2082,10,0.45016822,0.54258054,0.004398011,0.0028532005,disp_e,150252899.0,et
3797,1,0.7766338,0.19904546,0.0070176325,0.017303128,disp_p,467273161.0,eb
3797,2,0.11547444,0.75429356,0.02391379,0.10631819,disp_e,467273161.0,eb
3797,3,0.118459985,0.66197234,0.023821635,0.19574602,disp_e,467273161.0,eb
3797,4,0.37504232,0.54040986,0.016538117,0.06800969,disp_e,467273161.0,eb
3797,5,0.067452565,0.80868036,0.016453642,0.10741345,disp_e,467273161.0,eb
3797,6,0.08307784,0.7677706,0.021649985,0.12750153,disp_e,467273161.0,eb
3797,7,0.5622128,0.38109928,0.01403127,0.04265664,disp_e,467273161.0,eb
3797,8,0.040436488,0.83959824,0.015191063,0.10477418,disp_e,467273161.0,eb
3797,9,0.12020298,0.65553916,0.024963375,0.19929446,disp_e,467273161.0,eb
3797,10,0.0882869,0.8431682,0.010354799,0.05819008,disp_e,467273161.0,eb
8787,1,0.99914825,0.00066210155,7.82699e-05,0.00011138131,disp_p,422514153.0,pu
8787,2,0.99946755,0.0004928762,2.4529678e-05,1.5079171e-05,disp_p,422514153.0,pu
8787,3,0.9992065,0.0007153709,4.9163827e-05,2.8938553e-05,disp_p,422514153.0,pu
8787,4,0.9992793,0.00059536303,6.9675494e-05,5.5641656e-05,disp_p,422514153.0,pu
8787,5,0.99949026,0.00045057703,3.560676e-05,2.3550578e-05,disp_p,422514153.0,pu
8787,6,0.9996088,0.00033910692,3.2486914e-05,1.953051e-05,disp_p,422514153.0,pu
8787,7,0.999015,0.0008143005,6.0399696e-05,0.00011032269,disp_p,422514153.0,pu
8787,8,0.9994105,0.0005513113,2.1917902e-05,1.6260776e-05,disp_p,422514153.0,pu
8787,9,0.9989579,0.0009599241,6.193579e-05,2.0212872e-05,disp_p,422514153.0,pu
8787,10,0.9994223,0.0005136755,4.6273653e-05,1.776492e-05,disp_p,422514153.0,pu
9845,1,0.98256797,0.0017350442,0.0018670275,0.013829978,disp_p,,
9845,2,0.98610675,0.001922636,0.0010327353,0.010937911,disp_p,,
9845,3,0.9795593,0.0053243875,0.0035341433,0.0115821995,disp_p,,
9845,4,0.9831818,0.0023748905,0.001249084,0.013194251,disp_p,,
9845,5,0.98301536,0.002185047,0.0011016184,0.013697893,disp_p,,
9845,6,0.98809993,0.0013862972,0.00090367155,0.0096100895,disp_p,,
9845,7,0.9821216,0.0018956505,0.0013310991,0.01465163,disp_p,,
9845,8,0.9853533,0.0018933176,0.0010537627,0.011699697,disp_p,,
9845,9,0.98407507,0.002716811,0.0015331666,0.011675008,disp_p,,
9845,10,0.9892519,0.0010241163,0.0011045804,0.008619344,disp_p,,
2866,1,0.07935434,0.91910756,0.00080901704,0.0007291956,disp_e,313684759.0,eb
2866,2,0.13080332,0.8655476,0.0022772534,0.001371806,disp_e,313684759.0,eb
2866,3,0.13220079,0.86457217,0.0016145718,0.0016124477,disp_e,313684759.0,eb
2866,4,0.08429761,0.91362315,0.0012228282,0.00085640774,disp_e,313684759.0,eb
2866,5,0.1243897,0.8726007,0.0016760724,0.0013335551,disp_e,313684759.0,eb
2866,6,0.10857532,0.8885107,0.0018759958,0.0010380275,disp_e,313684759.0,eb
2866,7,0.057928815,0.9403993,0.0009319404,0.0007400012,disp_e,313684759.0,eb
2866,8,0.10091137,0.894351,0.0020858245,0.0026518577,disp_e,313684759.0,eb
2866,9,0.14665163,0.85049677,0.0017290345,0.0011225578,disp_e,313684759.0,eb
2866,10,0.13034894,0.86628747,0.002013389,0.0013502,disp_e,313684759.0,eb
2031,1,0.061529115,0.92733496,0.0045801303,0.006555777,disp_e,138287408.0,eb
2031,2,0.042413957,0.9159916,0.012519385,0.029075067,disp_e,138287408.0,eb
2031,3,0.040958814,0.91266966,0.010159358,0.036212128,disp_e,138287408.0,eb
2031,4,0.034647144,0.9524555,0.0047456366,0.008151726,disp_e,138287408.0,eb
2031,5,0.03260168,0.9275024,0.01057977,0.0293161,disp_e,138287408.0,eb
2031,6,0.033761553,0.91934437,0.012476787,0.03441734,disp_e,138287408.0,eb
2031,7,0.035199262,0.95503616,0.0042932606,0.0054712305,disp_e,138287408.0,eb
2031,8,0.02754188,0.93191,0.010381549,0.030166524,disp_e,138287408.0,eb
2031,9,0.029337147,0.9209749,0.010515211,0.03917271,disp_e,138287408.0,eb
2031,10,0.037940793,0.93143624,0.007876689,0.02274627,disp_e,138287408.0,eb
9740,1,0.99989104,7.596257e-05,1.1283833e-05,2.168876e-05,disp_p,,
9740,2,0.9997943,0.00015639943,2.2576902e-05,2.6752445e-05,disp_p,,
9740,3,0.99977916,0.00018048807,2.3380726e-05,1.703882e-05,disp_p,,
9740,4,0.99968326,0.00026430236,2.779755e-05,2.464947e-05,disp_p,,
9740,5,0.99962664,0.00029099072,3.052698e-05,5.1788866e-05,disp_p,,
9740,6,0.9995646,0.00034196876,3.779016e-05,5.5697845e-05,disp_p,,
9740,7,0.99982005,0.00014130046,1.227891e-05,2.6362643e-05,disp_p,,
9740,8,0.9997172,0.00024449325,1.8631406e-05,1.9727226e-05,disp_p,,
9740,9,0.9996964,0.00026408155,2.4917012e-05,1.4701277e-05,disp_p,,
9740,10,0.99957496,0.00027390633,7.168446e-05,7.935996e-05,disp_p,,
8920,1,0.98602235,0.010897219,0.001108918,0.0019714625,disp_p,437156845.0,pu
8920,2,0.99184144,0.006776383,0.0006808247,0.00070136006,disp_p,437156845.0,pu
8920,3,0.9924505,0.006177908,0.000712101,0.00065955997,disp_p,437156845.0,pu
8920,4,0.9932683,0.00551373,0.00064516626,0.0005727134,disp_p,437156845.0,pu
8920,5,0.9932974,0.005029585,0.00084366114,0.0008293565,disp_p,437156845.0,pu
8920,6,0.99506515,0.0036838711,0.0006650475,0.0005859613,disp_p,437156845.0,pu
8920,7,0.98521185,0.011366484,0.0012835145,0.0021381257,disp_p,437156845.0,pu
8920,8,0.99432313,0.004476122,0.0006096985,0.00059100345,disp_p,437156845.0,pu
8920,9,0.9932793,0.00569483,0.0006092847,0.00041662253,disp_p,437156845.0,pu
8920,10,0.99500835,0.0037400185,0.000674551,0.00057705404,disp_p,437156845.0,pu
26763,1,2.0187163e-05,3.246704e-05,6.3748807e-06,0.999941,disp_j,157774965.0,J
26763,2,4.1365245e-05,1.7115266e-05,2.075866e-06,0.99993944,disp_j,157774965.0,J
26763,3,6.189684e-05,3.0011504e-05,9.03388e-06,0.999899,disp_j,157774965.0,J
26763,4,1.2557129e-05,2.466173e-05,3.633767e-06,0.9999591,disp_j,157774965.0,J
26763,5,5.1206407e-05,3.2888318e-05,6.0379384e-06,0.9999099,disp_j,157774965.0,J
26763,6,8.769357e-05,1.5087555e-05,5.5096875e-06,0.99989164,disp_j,157774965.0,J
26763,7,1.0054619e-05,4.4849286e-05,6.8385775e-06,0.99993825,disp_j,157774965.0,J
26763,8,5.193649e-05,9.179626e-06,5.570063e-06,0.99993336,disp_j,157774965.0,J
26763,9,2.6440977e-05,7.0882143e-06,1.3888676e-06,0.9999652,disp_j,157774965.0,J
26763,10,9.3083276e-05,1.511325e-05,3.7203417e-06,0.99988806,disp_j,157774965.0,J
7415,1,0.99842215,0.0012360206,0.00013125812,0.0002105923,disp_p,305948428.0,pu
7415,2,0.99975806,0.00022775303,8.936769e-06,5.2636915e-06,disp_p,305948428.0,pu
7415,3,0.99957365,0.00040134988,1.5653104e-05,9.349622e-06,disp_p,305948428.0,pu
7415,4,0.9989649,0.00094298547,5.4633452e-05,3.7499245e-05,disp_p,305948428.0,pu
7415,5,0.99970883,0.0002681786,1.3855517e-05,9.107413e-06,disp_p,305948428.0,pu
7415,6,0.9998492,0.00013832183,8.521473e-06,4.0454706e-06,disp_p,305948428.0,pu
7415,7,0.9982456,0.0014906981,9.613015e-05,0.00016754832,disp_p,305948428.0,pu
7415,8,0.99976,0.000222887,1.0319439e-05,6.7576816e-06,disp_p,305948428.0,pu
7415,9,0.9995141,0.00046500363,1.6584681e-05,4.299555e-06,disp_p,305948428.0,pu
7415,10,0.99977285,0.00019934554,2.0374397e-05,7.4524633e-06,disp_p,305948428.0,pu
2138,1,0.096031524,0.8990177,0.0021593014,0.0027915135,disp_e,162410627.0,eb
2138,2,0.020397285,0.9732881,0.0030114432,0.003303158,disp_e,162410627.0,eb
2138,3,0.021678574,0.9732871,0.0015923757,0.003441917,disp_e,162410627.0,eb
2138,4,0.03616843,0.9603789,0.0016641051,0.001788587,disp_e,162410627.0,eb
2138,5,0.020199139,0.97467333,0.00193864,0.003188796,disp_e,162410627.0,eb
2138,6,0.018102085,0.9763935,0.0028334372,0.002670942,disp_e,162410627.0,eb
2138,7,0.041388538,0.9557856,0.0015020564,0.0013238444,disp_e,162410627.0,eb
2138,8,0.017457837,0.9766743,0.0020543374,0.0038134663,disp_e,162410627.0,eb
2138,9,0.025272097,0.96995103,0.0022144637,0.0025624062,disp_e,162410627.0,eb
2138,10,0.019625206,0.9748174,0.0024979205,0.0030595483,disp_e,162410627.0,eb
973,1,0.02437134,0.97543144,0.00012683959,7.031425e-05,disp_e,300969635.0,et
973,2,0.021795126,0.9754632,0.0016648474,0.001076847,disp_e,300969635.0,et
973,3,0.021728331,0.9760887,0.0010001855,0.0011827586,disp_e,300969635.0,et
973,4,0.02482228,0.974007,0.00076839793,0.00040226572,disp_e,300969635.0,et
973,5,0.019709708,0.9781758,0.0011356925,0.0009788144,disp_e,300969635.0,et
973,6,0.026501061,0.9707841,0.0017901325,0.0009246318,disp_e,300969635.0,et
973,7,0.018816195,0.9808899,0.00019790401,9.605069e-05,disp_e,300969635.0,et
973,8,0.014768392,0.9827171,0.0010231409,0.001491256,disp_e,300969635.0,et
973,9,0.02275714,0.97500914,0.0012358127,0.0009979513,disp_e,300969635.0,et
973,10,0.016876332,0.9811927,0.0011125162,0.000818368,disp_e,300969635.0,et
7374,1,0.9967327,0.0028554583,0.00018483943,0.00022698005,disp_p,302895184.0,pu
7374,2,0.99812216,0.001733946,8.87606e-05,5.505964e-05,disp_p,302895184.0,pu
7374,3,0.99779546,0.0020361277,0.00010342512,6.4924e-05,disp_p,302895184.0,pu
7374,4,0.9976659,0.0021345024,0.0001243415,7.537696e-05,disp_p,302895184.0,pu
7374,5,0.998221,0.0016140925,9.857843e-05,6.6381916e-05,disp_p,302895184.0,pu
7374,6,0.99878436,0.0010980158,7.61391e-05,4.150569e-05,disp_p,302895184.0,pu
7374,7,0.99650747,0.0032140573,0.00012049153,0.00015802542,disp_p,302895184.0,pu
7374,8,0.9980743,0.001777483,8.5840205e-05,6.244782e-05,disp_p,302895184.0,pu
7374,9,0.997719,0.002153918,9.550555e-05,3.150289e-05,disp_p,302895184.0,pu
7374,10,0.9983164,0.0014867751,0.00013577034,6.099833e-05,disp_p,302895184.0,pu
5136,1,0.99040717,0.008714377,0.00040653686,0.0004719836,disp_p,122612091.0,pu
5136,2,0.98550004,0.014398239,7.446808e-05,2.7164515e-05,disp_p,122612091.0,pu
5136,3,0.96578205,0.034004297,0.00014959152,6.414105e-05,disp_p,122612091.0,pu
5136,4,0.95957977,0.039404,0.00061723916,0.00039900816,disp_p,122612091.0,pu
5136,5,0.9818702,0.018014243,8.578442e-05,2.976594e-05,disp_p,122612091.0,pu
5136,6,0.991232,0.00867638,7.050517e-05,2.114153e-05,disp_p,122612091.0,pu
5136,7,0.9870179,0.012049903,0.00041843532,0.0005137197,disp_p,122612091.0,pu
5136,8,0.98115647,0.018716903,8.048843e-05,4.6212994e-05,disp_p,122612091.0,pu
5136,9,0.966754,0.0331093,0.00011979421,1.6930295e-05,disp_p,122612091.0,pu
5136,10,0.9842269,0.015571104,0.0001647528,3.72518e-05,disp_p,122612091.0,pu
9915,1,0.9999088,1.9125824e-05,7.297702e-06,6.483611e-05,disp_p,,
9915,2,0.9999583,5.6004565e-06,3.2168073e-06,3.2882323e-05,disp_p,,
9915,3,0.99997604,9.565411e-06,3.1363877e-06,1.1308364e-05,disp_p,,
9915,4,0.9998932,6.0204246e-05,1.2346106e-05,3.4185217e-05,disp_p,,
9915,5,0.99996054,5.992689e-06,4.432993e-06,2.9033507e-05,disp_p,,
9915,6,0.99996173,1.082522e-05,4.3737505e-06,2.2991157e-05,disp_p,,
9915,7,0.9999229,3.5096637e-05,5.84207e-06,3.6138415e-05,disp_p,,
9915,8,0.99996734,8.033027e-06,4.4810245e-06,2.0130425e-05,disp_p,,
9915,9,0.99995995,1.4385606e-05,4.162527e-06,2.1482827e-05,disp_p,,
9915,10,0.9999291,7.849262e-06,9.719453e-06,5.3264885e-05,disp_p,,
136,1,0.0023147552,0.9975974,5.1106985e-05,3.6758818e-05,disp_e,138505004.0,et
136,2,0.0053109457,0.9927245,0.0009584737,0.0010061414,disp_e,138505004.0,et
136,3,0.0059290985,0.9924595,0.0005670107,0.0010444191,disp_e,138505004.0,et
136,4,0.0033503314,0.9961087,0.0003041611,0.00023673817,disp_e,138505004.0,et
136,5,0.00549148,0.9929147,0.00069561467,0.0008983158,disp_e,138505004.0,et
136,6,0.0050180606,0.99306023,0.0010798075,0.00084193755,disp_e,138505004.0,et
136,7,0.0016617925,0.99824405,5.6478937e-05,3.773912e-05,disp_e,138505004.0,et
136,8,0.0038141052,0.994468,0.000586597,0.0011312772,disp_e,138505004.0,et
136,9,0.006077004,0.99214876,0.0007867708,0.0009874346,disp_e,138505004.0,et
136,10,0.005107359,0.99342126,0.00068793434,0.00078346697,disp_e,138505004.0,et
3779,1,0.04389302,0.8990246,0.010012018,0.047070317,disp_e,466500542.0,eb
3779,2,0.042344112,0.84806573,0.013512708,0.096077405,disp_e,466500542.0,eb
3779,3,0.037257124,0.86696297,0.009351773,0.0864281,disp_e,466500542.0,eb
3779,4,0.033752084,0.9020251,0.008207069,0.056015674,disp_e,466500542.0,eb
3779,5,0.03357073,0.89432675,0.010738867,0.061363686,disp_e,466500542.0,eb
3779,6,0.03366331,0.8690978,0.014803546,0.08243534,disp_e,466500542.0,eb
3779,7,0.03535093,0.90357554,0.011767269,0.04930624,disp_e,466500542.0,eb
3779,8,0.03371672,0.86712515,0.013792058,0.08536606,disp_e,466500542.0,eb
3779,9,0.022436235,0.88211715,0.009753498,0.08569315,disp_e,466500542.0,eb
3779,10,0.036324628,0.88626444,0.009038569,0.06837236,disp_e,466500542.0,eb
3758,1,0.39067897,0.5849493,0.009792227,0.014579464,disp_e,465933345.0,et
3758,2,0.24792479,0.659338,0.02635676,0.066380486,disp_e,465933345.0,et
3758,3,0.17680287,0.73517305,0.017702905,0.07032117,disp_e,465933345.0,et
3758,4,0.47220254,0.48964882,0.012756163,0.025392422,disp_e,465933345.0,et
3758,5,0.185506,0.72278124,0.020772707,0.07094004,disp_e,465933345.0,et
3758,6,0.27429664,0.6508856,0.022109617,0.052708197,disp_e,465933345.0,et
3758,7,0.3054638,0.6679251,0.010148942,0.016462104,disp_e,465933345.0,et
3758,8,0.24157308,0.65158033,0.027076706,0.079769835,disp_e,465933345.0,et
3758,9,0.1512733,0.7681929,0.01878725,0.061746556,disp_e,465933345.0,et
3758,10,0.23025393,0.7004467,0.016557239,0.05274213,disp_e,465933345.0,et
9381,1,0.9770166,0.0028313505,0.0020581856,0.018093847,disp_p,,
9381,2,0.8822747,0.018118514,0.006009204,0.09359754,disp_p,,
9381,3,0.94233775,0.017041128,0.0050751944,0.035545852,disp_p,,
9381,4,0.94447863,0.012496107,0.004479232,0.038546123,disp_p,,
9381,5,0.859337,0.02867337,0.009001198,0.10298849,disp_p,,
9381,6,0.81740576,0.023440707,0.008685243,0.1504683,disp_p,,
9381,7,0.9456256,0.0060330094,0.0041507627,0.044190675,disp_p,,
9381,8,0.8982209,0.037060875,0.0076115537,0.057106704,disp_p,,
9381,9,0.82620054,0.032588825,0.009780666,0.13143001,disp_p,,
9381,10,0.777634,0.02684644,0.007978007,0.18754151,disp_p,,
6065,1,0.99388874,0.00042555056,0.00028784527,0.005397905,disp_p,198161914.0,pu
6065,2,0.9973961,0.0008071164,0.00030167334,0.0014950772,disp_p,198161914.0,pu
6065,3,0.9975241,0.0007582248,0.00021776147,0.0014999193,disp_p,198161914.0,pu
6065,4,0.99842525,0.0004579213,0.00019942914,0.00091732986,disp_p,198161914.0,pu
6065,5,0.9968341,0.0008547451,0.00044622392,0.0018649659,disp_p,198161914.0,pu
6065,6,0.99790215,0.0007403653,0.00026936494,0.0010882108,disp_p,198161914.0,pu
6065,7,0.9947802,0.0007871163,0.00038102918,0.004051672,disp_p,198161914.0,pu
6065,8,0.9964226,0.0011792417,0.00051320356,0.0018848714,disp_p,198161914.0,pu
6065,9,0.9961403,0.0009943102,0.00037481944,0.0024906679,disp_p,198161914.0,pu
6065,10,0.99782455,0.0007019053,0.00024542675,0.0012282226,disp_p,198161914.0,pu
8724,1,0.9979851,0.0015588796,0.0001791675,0.00027676078,disp_p,417129824.0,pu
8724,2,0.9992675,0.0007123985,1.379371e-05,6.2574695e-06,disp_p,417129824.0,pu
8724,3,0.9980732,0.0018751371,3.4919143e-05,1.675236e-05,disp_p,417129824.0,pu
8724,4,0.99748397,0.0023034688,0.000120180186,9.2285976e-05,disp_p,417129824.0,pu
8724,5,0.9990426,0.0009279467,2.0200188e-05,9.230371e-06,disp_p,417129824.0,pu
8724,6,0.99950206,0.00047982272,1.3064281e-05,4.95974e-06,disp_p,417129824.0,pu
8724,7,0.9974721,0.0021514143,0.00014164663,0.00023480722,disp_p,417129824.0,pu
8724,8,0.9988085,0.0011607542,1.9615592e-05,1.10515475e-05,disp_p,417129824.0,pu
8724,9,0.9981096,0.0018570572,2.8277635e-05,5.0570898e-06,disp_p,417129824.0,pu
8724,10,0.999151,0.0007936598,4.3503012e-05,1.1828102e-05,disp_p,417129824.0,pu
593,1,0.0030298117,0.9733623,0.0019267785,0.02168101,disp_e,198410480.0,et
593,2,0.01478493,0.83822435,0.008543877,0.13844685,disp_e,198410480.0,et
593,3,0.01619837,0.84306145,0.0077813542,0.13295884,disp_e,198410480.0,et
593,4,0.009087164,0.9053718,0.0048335334,0.080707595,disp_e,198410480.0,et
593,5,0.01638311,0.8462974,0.009756815,0.12756278,disp_e,198410480.0,et
593,6,0.014983492,0.8072395,0.013604813,0.16417225,disp_e,198410480.0,et
593,7,0.004594687,0.9544636,0.0031736686,0.037768014,disp_e,198410480.0,et
593,8,0.012547759,0.8058745,0.010931712,0.17064603,disp_e,198410480.0,et
593,9,0.008201572,0.8826714,0.0059378827,0.103189126,disp_e,198410480.0,et
593,10,0.012919647,0.8755826,0.008343794,0.10315398,disp_e,198410480.0,et
3617,1,0.05017496,0.9464455,0.0016721693,0.0017073955,disp_e,450649506.0,et
3617,2,0.036955316,0.9571395,0.0029769172,0.002928253,disp_e,450649506.0,et
3617,3,0.03424159,0.9607449,0.0021469602,0.002866511,disp_e,450649506.0,et
3617,4,0.03712202,0.9599044,0.0015137353,0.0014598581,disp_e,450649506.0,et
3617,5,0.035241734,0.9600463,0.0022945306,0.0024175032,disp_e,450649506.0,et
3617,6,0.03670881,0.9583882,0.0027280455,0.0021749309,disp_e,450649506.0,et
3617,7,0.03380469,0.9632063,0.0015827477,0.0014062223,disp_e,450649506.0,et
3617,8,0.039213896,0.95156133,0.0033986168,0.0058261626,disp_e,450649506.0,et
3617,9,0.026267873,0.96898144,0.0023182037,0.0024324092,disp_e,450649506.0,et
3617,10,0.040563717,0.95344126,0.0028492254,0.0031457287,disp_e,450649506.0,et
4090,1,0.9992041,0.00035541775,9.3130555e-05,0.0003473706,disp_p,22384839.0,pu
4090,2,0.9998951,8.501827e-05,8.834461e-06,1.10749825e-05,disp_p,22384839.0,pu
4090,3,0.99981326,0.00015217629,1.6641858e-05,1.7950808e-05,disp_p,22384839.0,pu
4090,4,0.99963284,0.00027846682,4.0011422e-05,4.865209e-05,disp_p,22384839.0,pu
4090,5,0.9998901,7.841254e-05,1.4219917e-05,1.725408e-05,disp_p,22384839.0,pu
4090,6,0.99994886,3.4485365e-05,8.430316e-06,8.146642e-06,disp_p,22384839.0,pu
4090,7,0.99902177,0.00058112474,9.065073e-05,0.00030647914,disp_p,22384839.0,pu
4090,8,0.9998995,7.991533e-05,9.418521e-06,1.1188922e-05,disp_p,22384839.0,pu
4090,9,0.99979,0.00017115592,2.2474122e-05,1.6271544e-05,disp_p,22384839.0,pu
4090,10,0.9999238,5.3078304e-05,1.2568235e-05,1.0582921e-05,disp_p,22384839.0,pu
26743,1,0.09435741,0.008464535,0.008257106,0.888921,disp_j,155314241.0,J
26743,2,0.12401661,0.0068885763,0.00342665,0.8656681,disp_j,155314241.0,J
26743,3,0.06795052,0.009358488,0.0050596297,0.9176314,disp_j,155314241.0,J
26743,4,0.069945246,0.005370193,0.0034721247,0.9212125,disp_j,155314241.0,J
26743,5,0.114487275,0.008625122,0.00403527,0.8728524,disp_j,155314241.0,J
26743,6,0.09350386,0.004229551,0.0023574238,0.8999092,disp_j,155314241.0,J
26743,7,0.07586852,0.0051007746,0.0037678464,0.9152628,disp_j,155314241.0,J
26743,8,0.09617767,0.006918488,0.003201532,0.8937024,disp_j,155314241.0,J
26743,9,0.07027729,0.0055921655,0.002554122,0.92157644,disp_j,155314241.0,J
26743,10,0.09833781,0.011111375,0.0037787498,0.8867721,disp_j,155314241.0,J
27417,1,1.0,0.0,0.0,1.8948325e-21,disp_p,261871340.0,J
27417,2,1.0,0.0,0.0,6.126101e-20,disp_p,261871340.0,J
27417,3,1.0,0.0,0.0,2.2872853e-23,disp_p,261871340.0,J
27417,4,1.0,0.0,0.0,0.0,disp_p,261871340.0,J
27417,5,1.0,0.0,0.0,4.334588e-20,disp_p,261871340.0,J
27417,6,1.0,0.0,0.0,2.9593708e-37,disp_p,261871340.0,J
27417,7,1.0,0.0,0.0,8.243873e-23,disp_p,261871340.0,J
27417,8,1.0,0.0,0.0,4.0129538e-28,disp_p,261871340.0,J
27417,9,1.0,0.0,0.0,1.0020081e-16,disp_p,261871340.0,J
27417,10,1.0,0.0,0.0,7.237342e-26,disp_p,261871340.0,J
3995,1,0.0816956,0.9179325,0.00023174718,0.0001402126,disp_e,14091633.0,
3995,2,0.21673748,0.7774466,0.003765647,0.0020501986,disp_e,14091633.0,
3995,3,0.1445031,0.85051656,0.0028283857,0.0021520378,disp_e,14091633.0,
3995,4,0.258729,0.7395628,0.0012462536,0.00046195046,disp_e,14091633.0,
3995,5,0.1795395,0.81588167,0.0027714982,0.0018074067,disp_e,14091633.0,
3995,6,0.22858472,0.76491034,0.004382258,0.0021227242,disp_e,14091633.0,
3995,7,0.09771356,0.901746,0.00038214706,0.00015836582,disp_e,14091633.0,
3995,8,0.1231517,0.8707815,0.0030182211,0.003048634,disp_e,14091633.0,
3995,9,0.2257063,0.7699793,0.0028347466,0.0014796422,disp_e,14091633.0,
3995,10,0.18103194,0.8136551,0.0035521758,0.0017608627,disp_e,14091633.0,
2433,1,0.10561258,0.892904,0.0008406166,0.0006427698,disp_e,235533032.0,eb
2433,2,0.023102796,0.97445595,0.0014323903,0.0010089014,disp_e,235533032.0,eb
2433,3,0.023307605,0.97440624,0.0010632484,0.0012229481,disp_e,235533032.0,eb
2433,4,0.055896267,0.9418482,0.0013435442,0.00091189553,disp_e,235533032.0,eb
2433,5,0.024229478,0.9737378,0.0010557678,0.000976894,disp_e,235533032.0,eb
2433,6,0.02860955,0.96872544,0.0016730308,0.0009919757,disp_e,235533032.0,eb
2433,7,0.06563029,0.93288976,0.00087433646,0.0006056664,disp_e,235533032.0,eb
2433,8,0.023893135,0.97335863,0.0011544772,0.0015937173,disp_e,235533032.0,eb
2433,9,0.022757081,0.9748266,0.001273153,0.0011431584,disp_e,235533032.0,eb
2433,10,0.024046564,0.97390175,0.0011341927,0.0009174932,disp_e,235533032.0,eb
26708,1,0.0018612916,0.0051803878,0.00096357765,0.99199474,disp_j,151138637.0,
26708,2,0.0016867593,0.004397408,0.0004018485,0.99351394,disp_j,151138637.0,
26708,3,0.0014684416,0.0053730905,0.0007851932,0.9923733,disp_j,151138637.0,
26708,4,0.0012600288,0.0038808787,0.0005442508,0.99431485,disp_j,151138637.0,
26708,5,0.0017282073,0.0040283203,0.00071272935,0.9935308,disp_j,151138637.0,
26708,6,0.0014150606,0.0027732688,0.0006204199,0.99519134,disp_j,151138637.0,
26708,7,0.0011183519,0.0043337788,0.0010594368,0.99348843,disp_j,151138637.0,
26708,8,0.0025826613,0.0049188067,0.0010366444,0.991462,disp_j,151138637.0,
26708,9,0.0010148685,0.0040430753,0.00046839076,0.99447364,disp_j,151138637.0,
26708,10,0.0015798397,0.0052455924,0.0006035915,0.99257094,disp_j,151138637.0,
120,1,0.37079975,0.6216296,0.0034448921,0.004125769,disp_e,129539786.0,pb
120,2,0.17944354,0.81319016,0.0038289744,0.0035373492,disp_e,129539786.0,pb
120,3,0.107582055,0.88609225,0.0026743393,0.0036512944,disp_e,129539786.0,pb
120,4,0.29095525,0.6971194,0.0051743076,0.006751077,disp_e,129539786.0,pb
120,5,0.13777821,0.8563271,0.0026860037,0.0032086933,disp_e,129539786.0,pb
120,6,0.20212315,0.7904149,0.0040652906,0.0033966005,disp_e,129539786.0,pb
120,7,0.4356872,0.55225396,0.005225796,0.0068330183,disp_e,129539786.0,pb
120,8,0.139385,0.8506012,0.0040239235,0.005989922,disp_e,129539786.0,pb
120,9,0.13662669,0.85754746,0.0030644725,0.0027614045,disp_e,129539786.0,pb
120,10,0.14921989,0.8441305,0.0034462828,0.003203298,disp_e,129539786.0,pb
331,1,0.034992225,0.96473634,0.00016435054,0.00010708077,disp_e,71062411.0,et
331,2,0.04251644,0.95647883,0.0006984001,0.00030641785,disp_e,71062411.0,et
331,3,0.022412378,0.9767453,0.00042235508,0.00042000454,disp_e,71062411.0,et
331,4,0.027759394,0.9715768,0.0004502302,0.00021352897,disp_e,71062411.0,et
331,5,0.02938293,0.969957,0.0004243346,0.00023571898,disp_e,71062411.0,et
331,6,0.044284202,0.9544251,0.0009571983,0.00033354302,disp_e,71062411.0,et
331,7,0.027986104,0.97167397,0.00022987295,0.00011006234,disp_e,71062411.0,et
331,8,0.03152137,0.96743876,0.000483825,0.00055609446,disp_e,71062411.0,et
331,9,0.0411227,0.95810163,0.00051024894,0.00026548325,disp_e,71062411.0,et
331,10,0.04283678,0.95638067,0.00052346766,0.0002591852,disp_e,71062411.0,et
28351,1,0.00053468056,0.00021159432,9.400606e-05,0.9991598,disp_j,43720271.0,
28351,2,0.0007483246,7.135147e-05,3.1558742e-05,0.9991487,disp_j,43720271.0,
28351,3,0.0009857783,0.00011614072,0.000107625776,0.99879056,disp_j,43720271.0,
28351,4,0.0003911165,0.00010111158,4.7750258e-05,0.99946004,disp_j,43720271.0,
28351,5,0.0006096779,0.0001512704,7.367018e-05,0.9991654,disp_j,43720271.0,
28351,6,0.0017165897,8.995497e-05,5.9330796e-05,0.9981342,disp_j,43720271.0,
28351,7,0.00025457158,0.00016561878,7.372615e-05,0.9995061,disp_j,43720271.0,
28351,8,0.00069864705,3.0427133e-05,3.6283076e-05,0.9992347,disp_j,43720271.0,
28351,9,0.00086081785,4.4827793e-05,2.0335492e-05,0.999074,disp_j,43720271.0,
28351,10,0.0015620309,0.00013203445,6.4152315e-05,0.9982418,disp_j,43720271.0,
9477,1,0.98326325,0.0016553693,0.0017988659,0.013282467,disp_p,,
9477,2,0.986344,0.0018564704,0.0010042924,0.010795329,disp_p,,
9477,3,0.9804206,0.0051014954,0.00339208,0.011085866,disp_p,,
9477,4,0.98374975,0.002287008,0.0012030328,0.012760287,disp_p,,
9477,5,0.98354787,0.0021524339,0.0010721019,0.013227586,disp_p,,
9477,6,0.9883627,0.001341766,0.00088113773,0.009414339,disp_p,,
9477,7,0.9826315,0.0018286306,0.0012938874,0.014245919,disp_p,,
9477,8,0.9858068,0.0018306265,0.0010168576,0.01134561,disp_p,,
9477,9,0.9845723,0.0026243383,0.0014762761,0.011327129,disp_p,,
9477,10,0.9893861,0.0009982587,0.001080483,0.008535118,disp_p,,
10538,1,0.983114,0.001657979,0.0018037934,0.0134242205,disp_p,,
10538,2,0.9862765,0.0018504019,0.0010009614,0.010872091,disp_p,,
10538,3,0.9799151,0.0051633515,0.0034503634,0.011471192,disp_p,,
10538,4,0.9835866,0.0022896829,0.0012072418,0.0129164355,disp_p,,
10538,5,0.98351353,0.002136988,0.0010656797,0.0132838525,disp_p,,
10538,6,0.9883569,0.0013292073,0.0008731215,0.009440748,disp_p,,
10538,7,0.98250455,0.0018270276,0.0012941064,0.014374379,disp_p,,
10538,8,0.98576176,0.0018268934,0.0010096905,0.011401693,disp_p,,
10538,9,0.98446566,0.0026210102,0.0014745756,0.0114387935,disp_p,,
10538,10,0.98943675,0.000986881,0.0010673775,0.008509016,disp_p,,
28435,1,0.3994182,0.020430611,0.020002654,0.5601485,disp_j,452931298.0,
28435,2,0.08579061,0.043467734,0.013057537,0.8576841,disp_j,452931298.0,
28435,3,0.08193911,0.023123454,0.011576922,0.8833605,disp_j,452931298.0,
28435,4,0.1225104,0.015588211,0.00999894,0.8519024,disp_j,452931298.0,
28435,5,0.078215785,0.027766727,0.010681055,0.8833364,disp_j,452931298.0,
28435,6,0.09910752,0.018249663,0.0096451435,0.8729977,disp_j,452931298.0,
28435,7,0.14394009,0.013938721,0.012628954,0.8294922,disp_j,452931298.0,
28435,8,0.080523714,0.03632336,0.009316346,0.8738365,disp_j,452931298.0,
28435,9,0.069897056,0.020537335,0.007986798,0.9015788,disp_j,452931298.0,
28435,10,0.09021589,0.046294127,0.008335928,0.85515404,disp_j,452931298.0,
10557,1,0.9526458,0.0012227934,0.0020755816,0.04405586,disp_p,,
10557,2,0.9641931,0.00046205585,0.0004379353,0.034906913,disp_p,,
10557,3,0.9505773,0.001641671,0.002000456,0.045780525,disp_p,,
10557,4,0.9411041,0.0014623291,0.0014778819,0.05595562,disp_p,,
10557,5,0.9631971,0.00051647576,0.000642962,0.035643406,disp_p,,
10557,6,0.9694327,0.0003479549,0.00035865576,0.029860722,disp_p,,
10557,7,0.9048026,0.0015982408,0.002028659,0.09157047,disp_p,,
10557,8,0.9358268,0.0010196845,0.0013200847,0.061833505,disp_p,,
10557,9,0.94733906,0.0014503329,0.0014589985,0.049751617,disp_p,,
10557,10,0.9837547,0.00029711294,0.00048073233,0.015467477,disp_p,,
2121,1,0.008538726,0.98746234,0.0014346386,0.0025643143,disp_e,160486013.0,eb
2121,2,0.012460947,0.9786957,0.0032568877,0.005586514,disp_e,160486013.0,eb
2121,3,0.011786798,0.9821671,0.0018441776,0.004201834,disp_e,160486013.0,eb
2121,4,0.00828949,0.98734426,0.0014819595,0.0028842473,disp_e,160486013.0,eb
2121,5,0.013588984,0.9778901,0.002862478,0.005658493,disp_e,160486013.0,eb
2121,6,0.009263964,0.983276,0.002934059,0.004525882,disp_e,160486013.0,eb
2121,7,0.0074905856,0.9887639,0.0015431397,0.002202293,disp_e,160486013.0,eb
2121,8,0.01099316,0.97614247,0.003510716,0.009353618,disp_e,160486013.0,eb
2121,9,0.00978518,0.98127156,0.0027479567,0.0061953417,disp_e,160486013.0,eb
2121,10,0.011205299,0.9814447,0.0022922317,0.0050577936,disp_e,160486013.0,eb
2780,1,0.44891012,0.5438775,0.0037476611,0.0034647475,disp_e,306385060.0,eb
2780,2,0.121906295,0.86437964,0.007185465,0.0065286104,disp_e,306385060.0,eb
2780,3,0.1335967,0.8535045,0.005618115,0.0072807544,disp_e,306385060.0,eb
2780,4,0.451414,0.538271,0.0055662645,0.004748775,disp_e,306385060.0,eb
2780,5,0.08377425,0.9050254,0.00550928,0.0056910706,disp_e,306385060.0,eb
2780,6,0.0991631,0.88795614,0.007220626,0.0056602038,disp_e,306385060.0,eb
2780,7,0.42032805,0.5726521,0.003810111,0.0032097024,disp_e,306385060.0,eb
2780,8,0.07669367,0.9105275,0.005175949,0.0076028816,disp_e,306385060.0,eb
2780,9,0.107375816,0.8799813,0.0063693793,0.006273565,disp_e,306385060.0,eb
2780,10,0.093301214,0.89638734,0.005259508,0.005051887,disp_e,306385060.0,eb
544,1,0.84616095,0.15271316,0.00059945544,0.0005264455,disp_p,177239203.0,eb
544,2,0.44454467,0.5515582,0.0025307864,0.0013662702,disp_e,177239203.0,eb
544,3,0.38463613,0.6116753,0.0019765748,0.0017119785,disp_e,177239203.0,eb
544,4,0.78936714,0.2071218,0.0021738918,0.0013370906,disp_p,177239203.0,eb
544,5,0.36285692,0.63336986,0.0021376791,0.0016355057,disp_e,177239203.0,eb
544,6,0.43068737,0.5650768,0.002750303,0.0014854684,disp_e,177239203.0,eb
544,7,0.8470253,0.15065221,0.0011720688,0.0011503607,disp_p,177239203.0,eb
544,8,0.1834661,0.8123035,0.0019624177,0.0022679393,disp_e,177239203.0,eb
544,9,0.5543772,0.4430247,0.0017994343,0.00079870905,disp_e,177239203.0,eb
544,10,0.31137392,0.68476826,0.0024294176,0.0014283947,disp_e,177239203.0,eb
1610,1,0.12854795,0.7325682,0.018426606,0.1204572,disp_e,431307905.0,et
1610,2,0.058807995,0.91832614,0.0071934867,0.015672322,disp_e,431307905.0,et
1610,3,0.045502063,0.941718,0.0031190764,0.0096608875,disp_e,431307905.0,et
1610,4,0.16068533,0.7634604,0.012037326,0.06381692,disp_e,431307905.0,et
1610,5,0.05492728,0.9270723,0.0052967486,0.012703656,disp_e,431307905.0,et
1610,6,0.105379336,0.8687468,0.009231817,0.016642049,disp_e,431307905.0,et
1610,7,0.12780803,0.7930956,0.017973533,0.061122872,disp_e,431307905.0,et
1610,8,0.064925455,0.90863574,0.0071491413,0.019289628,disp_e,431307905.0,et
1610,9,0.041592292,0.93944573,0.0058170795,0.013144907,disp_e,431307905.0,et
1610,10,0.05021513,0.9265469,0.0068519204,0.016386019,disp_e,431307905.0,et
27994,1,0.06978783,0.0191617,0.009103321,0.9019472,disp_j,356455000.0,J
27994,2,0.070622005,0.033911973,0.00962069,0.8858453,disp_j,356455000.0,J
27994,3,0.050302047,0.01816263,0.010576766,0.9209585,disp_j,356455000.0,J
27994,4,0.029067907,0.01917077,0.005484845,0.94627655,disp_j,356455000.0,J
27994,5,0.07586539,0.026654987,0.011341437,0.8861382,disp_j,356455000.0,J
27994,6,0.06552321,0.031036513,0.010609526,0.8928308,disp_j,356455000.0,J
27994,7,0.033579834,0.020177206,0.008513105,0.9377299,disp_j,356455000.0,J
27994,8,0.05571653,0.018114131,0.011165278,0.91500413,disp_j,356455000.0,J
27994,9,0.038632445,0.020964239,0.005520885,0.9348824,disp_j,356455000.0,J
27994,10,0.10463805,0.026534284,0.008770864,0.8600569,disp_j,356455000.0,J
4986,1,0.9974189,0.0021598667,0.00018937487,0.00023181041,disp_p,105135774.0,pu
4986,2,0.9989411,0.00092313316,7.777758e-05,5.7944704e-05,disp_p,105135774.0,pu
4986,3,0.99807763,0.0016697239,0.00014013685,0.00011250126,disp_p,105135774.0,pu
4986,4,0.9986135,0.0011913402,0.00011572734,7.940477e-05,disp_p,105135774.0,pu
4986,5,0.99866724,0.0011168681,0.00011320655,0.00010265929,disp_p,105135774.0,pu
4986,6,0.9990915,0.00073723844,0.00010283325,6.850204e-05,disp_p,105135774.0,pu
4986,7,0.997528,0.00211967,0.00013147794,0.00022085328,disp_p,105135774.0,pu
4986,8,0.9986313,0.0012116458,8.528908e-05,7.184123e-05,disp_p,105135774.0,pu
4986,9,0.9977685,0.0020072963,0.00015212817,7.2083945e-05,disp_p,105135774.0,pu
4986,10,0.9989654,0.0008706821,0.00010221421,6.176596e-05,disp_p,105135774.0,pu
9699,1,0.99912983,1.3506336e-05,1.2011008e-05,0.00084463524,disp_p,,
9699,2,0.99968946,3.5394908e-06,4.1060807e-06,0.00030292664,disp_p,,
9699,3,0.99994016,1.0142551e-06,1.7174623e-06,5.7209098e-05,disp_p,,
9699,4,0.9998511,1.3940705e-05,8.380076e-06,0.00012653557,disp_p,,
9699,5,0.99987745,1.4695003e-06,3.7285035e-06,0.00011734719,disp_p,,
9699,6,0.9999255,1.1029556e-06,2.5090005e-06,7.0870236e-05,disp_p,,
9699,7,0.9997464,1.2431481e-05,6.44794e-06,0.00023469284,disp_p,,
9699,8,0.9997683,1.0905572e-06,3.3616268e-06,0.00022721062,disp_p,,
9699,9,0.99987483,3.2403107e-06,3.9911274e-06,0.00011797661,disp_p,,
9699,10,0.99966633,1.87488e-06,8.086527e-06,0.0003237026,disp_p,,
8953,1,0.99845254,0.0012702784,0.00011184675,0.00016525686,disp_p,439618305.0,pu
8953,2,0.9998267,0.00016351831,6.1866185e-06,3.6016024e-06,disp_p,439618305.0,pu
8953,3,0.9996309,0.0003461014,1.4390943e-05,8.5838865e-06,disp_p,439618305.0,pu
8953,4,0.9993926,0.00056200335,2.8854345e-05,1.6545653e-05,disp_p,439618305.0,pu
8953,5,0.9998136,0.00016894066,1.1077006e-05,6.3927882e-06,disp_p,439618305.0,pu
8953,6,0.99990284,8.809901e-05,6.1146757e-06,2.9642981e-06,disp_p,439618305.0,pu
8953,7,0.9983563,0.0014986902,5.821461e-05,8.676772e-05,disp_p,439618305.0,pu
8953,8,0.99979466,0.00019357711,7.3824667e-06,4.4404023e-06,disp_p,439618305.0,pu
8953,9,0.99973065,0.00025453846,1.1881341e-05,2.9123507e-06,disp_p,439618305.0,pu
8953,10,0.99983895,0.00013963068,1.6174467e-05,5.1617244e-06,disp_p,439618305.0,pu
3046,1,0.0024986384,0.99522567,0.00065971987,0.0016159405,disp_e,334234984.0,eb
3046,2,0.0014813694,0.9962721,0.0006469199,0.0015996833,disp_e,334234984.0,eb
3046,3,0.0022665502,0.9951133,0.0005147113,0.00210553,disp_e,334234984.0,eb
3046,4,0.0011800828,0.9972108,0.0004658138,0.0011434046,disp_e,334234984.0,eb
3046,5,0.0018628084,0.9955745,0.00061820395,0.0019444702,disp_e,334234984.0,eb
3046,6,0.0012002388,0.9969584,0.00068415335,0.0011572608,disp_e,334234984.0,eb
3046,7,0.0017868638,0.9964222,0.0005576358,0.0012333735,disp_e,334234984.0,eb
3046,8,0.000889469,0.9966893,0.0004866654,0.001934547,disp_e,334234984.0,eb
3046,9,0.0021069003,0.9945373,0.00074160675,0.002614245,disp_e,334234984.0,eb
3046,10,0.0013748665,0.99664426,0.00040617012,0.0015746779,disp_e,334234984.0,eb
3857,1,0.013945916,0.9725653,0.0036278027,0.009860987,disp_e,2020355003.0,jj
3857,2,0.020931495,0.9463959,0.008110801,0.024561893,disp_e,2020355003.0,jj
3857,3,0.021809,0.94719476,0.00589687,0.025099296,disp_e,2020355003.0,jj
3857,4,0.01727119,0.9506534,0.005516979,0.02655851,disp_e,2020355003.0,jj
3857,5,0.018004384,0.95136255,0.0073047047,0.023328347,disp_e,2020355003.0,jj
3857,6,0.014430994,0.9580679,0.007638401,0.01986272,disp_e,2020355003.0,jj
3857,7,0.009682945,0.9790916,0.0031446787,0.008080761,disp_e,2020355003.0,jj
3857,8,0.01543638,0.95388186,0.006875036,0.02380661,disp_e,2020355003.0,jj
3857,9,0.011184,0.9643385,0.0045545823,0.01992289,disp_e,2020355003.0,jj
3857,10,0.017351298,0.95996904,0.0048871743,0.017792434,disp_e,2020355003.0,jj
1398,1,0.019678505,0.26492766,0.010352769,0.7050411,disp_e,383716793.0,eb
1398,2,0.01822091,0.22688016,0.009121801,0.7457771,disp_e,383716793.0,eb
1398,3,0.018611554,0.22833617,0.007104375,0.7459479,disp_e,383716793.0,eb
1398,4,0.011631896,0.21421686,0.0067841806,0.767367,disp_j,383716793.0,eb
1398,5,0.030545697,0.18631141,0.0083868075,0.77475613,disp_j,383716793.0,eb
1398,6,0.018832974,0.40333807,0.012308971,0.56552,disp_e,383716793.0,eb
1398,7,0.009142134,0.23057339,0.0065462706,0.7537382,disp_e,383716793.0,eb
1398,8,0.02054555,0.2650994,0.0102372,0.7041178,disp_e,383716793.0,eb
1398,9,0.011349653,0.2985797,0.004644911,0.68542576,disp_e,383716793.0,eb
1398,10,0.017100828,0.25089514,0.0057296697,0.7262743,disp_e,383716793.0,eb
27594,1,0.3217656,0.018905891,0.0136454385,0.64568305,disp_j,281563494.0,J
27594,2,0.17166433,0.054610595,0.010342919,0.76338214,disp_j,281563494.0,J
27594,3,0.11375991,0.060548976,0.010551784,0.81513935,disp_j,281563494.0,J
27594,4,0.13205524,0.028883334,0.01007343,0.8289881,disp_j,281563494.0,J
27594,5,0.13185313,0.058384296,0.011482845,0.7982797,disp_j,281563494.0,J
27594,6,0.11231768,0.036934346,0.0083438745,0.8424041,disp_j,281563494.0,J
27594,7,0.19187847,0.01786825,0.011113154,0.7791402,disp_j,281563494.0,J
27594,8,0.15754391,0.058866158,0.00832667,0.77526325,disp_j,281563494.0,J
27594,9,0.104993396,0.041548908,0.00807496,0.8453827,disp_j,281563494.0,J
27594,10,0.09886364,0.07184645,0.008053724,0.8212362,disp_j,281563494.0,J
8089,1,0.9978967,0.0017145926,0.00015955561,0.00022918406,disp_p,362370757.0,pu
8089,2,0.998206,0.0016040112,0.00010737011,8.261115e-05,disp_p,362370757.0,pu
8089,3,0.9972517,0.0024628933,0.0001614512,0.00012393207,disp_p,362370757.0,pu
8089,4,0.99734974,0.0023805741,0.0001596048,0.00011012272,disp_p,362370757.0,pu
8089,5,0.9982343,0.0015021493,0.00014972313,0.00011381105,disp_p,362370757.0,pu
8089,6,0.9985045,0.0012860509,0.0001264915,8.292321e-05,disp_p,362370757.0,pu
8089,7,0.99647456,0.003120916,0.00016285946,0.0002416691,disp_p,362370757.0,pu
8089,8,0.9979449,0.0018521243,0.00011271158,9.028604e-05,disp_p,362370757.0,pu
8089,9,0.9976931,0.0021028325,0.00014423352,5.9716327e-05,disp_p,362370757.0,pu
8089,10,0.99846727,0.0012659729,0.0001727526,9.396707e-05,disp_p,362370757.0,pu
1494,1,0.8875826,0.108131774,0.0019103822,0.0023752374,disp_p,404774891.0,et
1494,2,0.7268201,0.26879165,0.0028575119,0.0015307488,disp_e,404774891.0,et
1494,3,0.534706,0.46063468,0.002562046,0.0020972262,disp_e,404774891.0,et
1494,4,0.64076203,0.3525063,0.003957415,0.00277424,disp_e,404774891.0,et
1494,5,0.5955113,0.40072614,0.0021697828,0.0015927858,disp_e,404774891.0,et
1494,6,0.769982,0.22522457,0.0031517784,0.0016416843,disp_e,404774891.0,et
1494,7,0.81437594,0.18058148,0.0026236754,0.0024189146,disp_p,404774891.0,et
1494,8,0.5341408,0.45979828,0.003047878,0.0030129466,disp_e,404774891.0,et
1494,9,0.6704242,0.32652694,0.002040752,0.0010080229,disp_e,404774891.0,et
1494,10,0.62272614,0.37185296,0.0035186647,0.0019022381,disp_e,404774891.0,et
10945,1,0.99991286,4.5909503e-05,1.1957708e-05,2.9257926e-05,disp_p,,
10945,2,0.99996376,2.689867e-05,4.6569753e-06,4.685303e-06,disp_p,,
10945,3,0.9999695,2.276278e-05,4.4051885e-06,3.3013578e-06,disp_p,,
10945,4,0.9998386,0.00012306448,2.052924e-05,1.7801189e-05,disp_p,,
10945,5,0.9999603,2.5032808e-05,5.9483887e-06,8.7217195e-06,disp_p,,
10945,6,0.99994636,3.9281254e-05,7.561229e-06,6.8994045e-06,disp_p,,
10945,7,0.9998734,8.552712e-05,1.1444855e-05,2.9653518e-05,disp_p,,
10945,8,0.99995506,3.3215452e-05,5.897532e-06,5.8348082e-06,disp_p,,
10945,9,0.9999504,4.058508e-05,6.0860866e-06,2.933319e-06,disp_p,,
10945,10,0.9999398,3.0233468e-05,1.5926556e-05,1.3950521e-05,disp_p,,
2592,1,0.9363706,0.012722013,0.0061390903,0.04476834,disp_p,271697430.0,jj
2592,2,0.232647,0.06445369,0.020517567,0.6823817,disp_j,271697430.0,jj
2592,3,0.15802146,0.049247246,0.02466012,0.76807123,disp_j,271697430.0,jj
2592,4,0.5206771,0.08752271,0.022945374,0.36885476,disp_p,271697430.0,jj
2592,5,0.16575642,0.0908367,0.030344607,0.7130623,disp_j,271697430.0,jj
2592,6,0.23650977,0.07108224,0.025540773,0.6668672,disp_j,271697430.0,jj
2592,7,0.73645496,0.040272642,0.020040618,0.20323177,disp_p,271697430.0,jj
2592,8,0.24405123,0.14005747,0.031804036,0.5840873,disp_j,271697430.0,jj
2592,9,0.13861881,0.055443764,0.018622499,0.7873149,disp_j,271697430.0,jj
2592,10,0.2939998,0.097729355,0.018725889,0.589545,disp_j,271697430.0,jj
5631,1,0.9886001,0.009924783,0.0006295994,0.0008455161,disp_p,157225097.0,pu
5631,2,0.9963018,0.0035511258,9.647346e-05,5.0661816e-05,disp_p,157225097.0,pu
5631,3,0.9905901,0.009095142,0.00019751438,0.00011723319,disp_p,157225097.0,pu
5631,4,0.9865449,0.012801909,0.00039685608,0.00025635064,disp_p,157225097.0,pu
5631,5,0.99437225,0.005392585,0.00014985917,8.53075e-05,disp_p,157225097.0,pu
5631,6,0.99675,0.0031039133,0.000100381374,4.575067e-05,disp_p,157225097.0,pu
5631,7,0.98463076,0.014108879,0.00055668544,0.0007036778,disp_p,157225097.0,pu
5631,8,0.9947443,0.0050238147,0.00013832984,9.3471725e-05,disp_p,157225097.0,pu
5631,9,0.99178314,0.00803419,0.0001423126,4.036492e-05,disp_p,157225097.0,pu
5631,10,0.99582905,0.0038667074,0.00021701175,8.7248605e-05,disp_p,157225097.0,pu
9907,1,0.9832327,0.0016558269,0.0017998103,0.013311753,disp_p,,
9907,2,0.9863302,0.0018550782,0.0010035244,0.010811229,disp_p,,
9907,3,0.9803153,0.0051144306,0.0034043381,0.011165921,disp_p,,
9907,4,0.98371536,0.0022875052,0.0012038951,0.012793331,disp_p,,
9907,5,0.9835398,0.0021490976,0.0010707214,0.013240376,disp_p,,
9907,6,0.98836166,0.0013390137,0.00087941496,0.009419897,disp_p,,
9907,7,0.9826047,0.001828299,0.0012939206,0.014273115,disp_p,,
9907,8,0.98579735,0.0018298095,0.0010153041,0.011357561,disp_p,,
9907,9,0.9845502,0.0026233734,0.0014758179,0.011350696,disp_p,,
9907,10,0.98939705,0.0009957923,0.0010776408,0.008529477,disp_p,,
27464,1,0.35416484,0.0002526958,0.0010082633,0.64457417,disp_j,266749369.0,J
27464,2,0.1128987,0.0013294662,0.00079382525,0.884978,disp_j,266749369.0,J
27464,3,0.06132577,0.0009497906,0.0018480252,0.9358765,disp_j,266749369.0,J
27464,4,0.11492063,0.00013953733,0.0003485197,0.88459134,disp_j,266749369.0,J
27464,5,0.07461677,0.00057992246,0.0008836911,0.9239196,disp_j,266749369.0,J
27464,6,0.1836464,8.7669345e-05,0.00022534438,0.81604064,disp_j,266749369.0,J
27464,7,0.13137923,0.00025970055,0.0005792751,0.8677818,disp_j,266749369.0,J
27464,8,0.10139865,0.0009259358,0.0014894921,0.89618593,disp_j,266749369.0,J
27464,9,0.055157565,0.0008362055,0.00072179805,0.94328445,disp_j,266749369.0,J
27464,10,0.08284696,0.0011123717,0.0007096139,0.9153311,disp_j,266749369.0,J
3969,1,0.9906018,0.0019226597,0.00066833803,0.006807205,disp_p,10792081.0,pu
3969,2,0.92808676,0.04049434,0.0059968713,0.025421998,disp_p,10792081.0,pu
3969,3,0.92950565,0.03418158,0.005923208,0.030389605,disp_p,10792081.0,pu
3969,4,0.9739155,0.008367061,0.0028621706,0.014855169,disp_p,10792081.0,pu
3969,5,0.92333406,0.041306313,0.007979671,0.027380016,disp_p,10792081.0,pu
3969,6,0.91832656,0.03938707,0.0078020566,0.034484316,disp_p,10792081.0,pu
3969,7,0.98035437,0.005319689,0.0016686775,0.012657293,disp_p,10792081.0,pu
3969,8,0.9411975,0.03919168,0.0055593075,0.014051627,disp_p,10792081.0,pu
3969,9,0.91558367,0.037949074,0.0073101847,0.039157085,disp_p,10792081.0,pu
3969,10,0.94323504,0.037135508,0.004293751,0.015335758,disp_p,10792081.0,pu
1377,1,0.34197336,0.6546036,0.001788417,0.0016347073,disp_e,380783252.0,et
1377,2,0.6101246,0.37955424,0.005785822,0.0045353514,disp_e,380783252.0,et
1377,3,0.55030394,0.4394259,0.0053584096,0.0049117324,disp_e,380783252.0,et
1377,4,0.67618346,0.3182618,0.0036169786,0.0019377786,disp_e,380783252.0,et
1377,5,0.58027947,0.4102797,0.004900798,0.0045400076,disp_e,380783252.0,et
1377,6,0.65295213,0.33577383,0.0069235815,0.004350395,disp_e,380783252.0,et
1377,7,0.43020692,0.56591886,0.0023992832,0.0014749697,disp_e,380783252.0,et
1377,8,0.6114669,0.37301853,0.007060765,0.008453804,disp_e,380783252.0,et
1377,9,0.5991607,0.39416978,0.0038239423,0.0028456626,disp_e,380783252.0,et
1377,10,0.66637486,0.32210785,0.005932402,0.005584846,disp_e,380783252.0,et
8551,1,0.4667868,0.52821064,0.0024188224,0.0025837352,disp_e,401028336.0,pu
8551,2,0.83810574,0.15840238,0.0019143125,0.0015775483,disp_p,401028336.0,pu
8551,3,0.78780305,0.20780702,0.0021575007,0.0022324512,disp_p,401028336.0,pu
8551,4,0.8114186,0.18595237,0.0014950333,0.0011339438,disp_p,401028336.0,pu
8551,5,0.7667315,0.22928278,0.0021133996,0.0018723103,disp_e,401028336.0,pu
8551,6,0.8834308,0.113711655,0.0016780533,0.0011795106,disp_p,401028336.0,pu
8551,7,0.6367412,0.35890052,0.0022957444,0.002062464,disp_e,401028336.0,pu
8551,8,0.8488577,0.14717542,0.00200634,0.0019605083,disp_p,401028336.0,pu
8551,9,0.7326167,0.26381528,0.002315185,0.001252886,disp_e,401028336.0,pu
8551,10,0.88295746,0.11397657,0.0018515392,0.0012143635,disp_p,401028336.0,pu
2317,1,0.019864297,0.9741562,0.0019759631,0.004003541,disp_e,216165538.0,eb
2317,2,0.021904537,0.9746098,0.0018599866,0.0016256069,disp_e,216165538.0,eb
2317,3,0.021540478,0.97624546,0.0009211793,0.0012928699,disp_e,216165538.0,eb
2317,4,0.014560145,0.9823887,0.0013236123,0.0017276325,disp_e,216165538.0,eb
2317,5,0.02302945,0.97383696,0.0015169814,0.0016167274,disp_e,216165538.0,eb
2317,6,0.01860109,0.9783198,0.0017586788,0.0013203912,disp_e,216165538.0,eb
2317,7,0.015051472,0.9806826,0.0020074619,0.002258471,disp_e,216165538.0,eb
2317,8,0.024946934,0.9702084,0.0019047229,0.0029399453,disp_e,216165538.0,eb
2317,9,0.0150047345,0.9818186,0.00161987,0.0015567935,disp_e,216165538.0,eb
2317,10,0.030113218,0.965202,0.0023131697,0.0023716537,disp_e,216165538.0,eb
2923,1,0.45286873,0.53798324,0.004729335,0.0044187144,disp_e,319127604.0,eb
2923,2,0.4713397,0.51802075,0.006092735,0.0045468677,disp_e,319127604.0,eb
2923,3,0.36036345,0.6309378,0.0040853294,0.0046133986,disp_e,319127604.0,eb
2923,4,0.28561413,0.7073329,0.0040684273,0.0029845543,disp_e,319127604.0,eb
2923,5,0.34932172,0.64149785,0.0044106864,0.004769719,disp_e,319127604.0,eb
2923,6,0.26289406,0.72817755,0.005261418,0.0036670435,disp_e,319127604.0,eb
2923,7,0.34205776,0.64948046,0.0044042603,0.004057453,disp_e,319127604.0,eb
2923,8,0.37606654,0.6097216,0.006767484,0.007444431,disp_e,319127604.0,eb
2923,9,0.27610883,0.7143873,0.00530471,0.0041991635,disp_e,319127604.0,eb
2923,10,0.4487605,0.54256225,0.005098765,0.0035785567,disp_e,319127604.0,eb
648,1,0.78926647,0.20900643,0.0010057898,0.0007212732,disp_p,233625787.0,eb
648,2,0.47021723,0.5250988,0.003381567,0.0013023758,disp_e,233625787.0,eb
648,3,0.45386985,0.5428838,0.0020262506,0.0012200704,disp_e,233625787.0,eb
648,4,0.4032053,0.59072655,0.004370637,0.0016974831,disp_e,233625787.0,eb
648,5,0.53109455,0.46520892,0.0024684058,0.0012281765,disp_e,233625787.0,eb
648,6,0.2658026,0.72888446,0.003884643,0.001428305,disp_e,233625787.0,eb
648,7,0.66692764,0.32964155,0.0020087573,0.0014220407,disp_e,233625787.0,eb
648,8,0.32313466,0.6719819,0.0026145559,0.0022688417,disp_e,233625787.0,eb
648,9,0.507113,0.4901486,0.002073048,0.000665328,disp_e,233625787.0,eb
648,10,0.428643,0.56683004,0.0033000312,0.001226937,disp_e,233625787.0,eb
3038,1,0.0064820144,0.99271303,0.00040316448,0.00040181912,disp_e,332759920.0,eb
3038,2,0.009129065,0.9863332,0.0019575781,0.0025801212,disp_e,332759920.0,eb
3038,3,0.009187399,0.98745835,0.0011594953,0.002194769,disp_e,332759920.0,eb
3038,4,0.007834388,0.9901805,0.00091913005,0.0010659898,disp_e,332759920.0,eb
3038,5,0.008891041,0.98721176,0.001568442,0.00232874,disp_e,332759920.0,eb
3038,6,0.006901052,0.9891016,0.001934825,0.002062616,disp_e,332759920.0,eb
3038,7,0.0063108723,0.9925808,0.00059005694,0.0005182402,disp_e,332759920.0,eb
3038,8,0.006086433,0.9891936,0.0013735072,0.003346494,disp_e,332759920.0,eb
3038,9,0.007894362,0.9882085,0.0014613385,0.0024358495,disp_e,332759920.0,eb
3038,10,0.008521354,0.9879766,0.0014070491,0.0020949708,disp_e,332759920.0,eb
746,1,0.33118728,0.6268863,0.010633645,0.03129283,disp_e,260695792.0,eb
746,2,0.21049097,0.73965096,0.018040452,0.03181756,disp_e,260695792.0,eb
746,3,0.31390694,0.64788324,0.011116606,0.0270932,disp_e,260695792.0,eb
746,4,0.39136568,0.57045555,0.012052596,0.026126204,disp_e,260695792.0,eb
746,5,0.22632173,0.72486246,0.015242785,0.033572998,disp_e,260695792.0,eb
746,6,0.23922801,0.7086813,0.01790781,0.034182902,disp_e,260695792.0,eb
746,7,0.27378944,0.6885445,0.014334702,0.02333133,disp_e,260695792.0,eb
746,8,0.3383608,0.59400195,0.020195581,0.047441717,disp_e,260695792.0,eb
746,9,0.21957698,0.73051184,0.0173259,0.03258529,disp_e,260695792.0,eb
746,10,0.25713506,0.6925209,0.015757231,0.03458682,disp_e,260695792.0,eb
6981,1,0.9982383,0.0015013963,0.00011463864,0.00014564324,disp_p,276704866.0,pu
6981,2,0.9996094,0.00036165648,1.8732266e-05,1.0303155e-05,disp_p,276704866.0,pu
6981,3,0.9994604,0.00049159164,3.058102e-05,1.7348e-05,disp_p,276704866.0,pu
6981,4,0.99894315,0.0009485511,6.902142e-05,3.9266553e-05,disp_p,276704866.0,pu
6981,5,0.99960667,0.00034519937,2.9454259e-05,1.8700584e-05,disp_p,276704866.0,pu
6981,6,0.99970883,0.00026146285,2.0071206e-05,9.677019e-06,disp_p,276704866.0,pu
6981,7,0.9980469,0.0017473463,8.2272505e-05,0.00012349516,disp_p,276704866.0,pu
6981,8,0.99951553,0.00044385978,2.4477667e-05,1.615128e-05,disp_p,276704866.0,pu
6981,9,0.9994066,0.0005547489,3.0115274e-05,8.500439e-06,disp_p,276704866.0,pu
6981,10,0.9996107,0.00033492967,3.830078e-05,1.6084457e-05,disp_p,276704866.0,pu
10562,1,0.98318267,0.001656609,0.0018013484,0.013359434,disp_p,,
10562,2,0.98630667,0.0018529386,0.0010023782,0.010838136,disp_p,,
10562,3,0.98014015,0.0051356675,0.0034244994,0.011299675,disp_p,,
10562,4,0.9836594,0.00228831,0.001205292,0.012846917,disp_p,,
10562,5,0.98352665,0.0021437386,0.0010685017,0.013261157,disp_p,,
10562,6,0.9883598,0.0013346007,0.0008766287,0.0094289575,disp_p,,
10562,7,0.9825602,0.0018277429,0.0012940052,0.014317949,disp_p,,
10562,8,0.9857815,0.0018285215,0.0010128102,0.011377184,disp_p,,
10562,9,0.98451287,0.002622236,0.0014752146,0.011389589,disp_p,,
10562,10,0.9894147,0.000991826,0.0010730717,0.0085204085,disp_p,,
3777,1,0.12957118,0.79811996,0.016545124,0.055763673,disp_e,466458872.0,eb
3777,2,0.08208624,0.82230103,0.018996378,0.07661632,disp_e,466458872.0,eb
3777,3,0.07160883,0.8164784,0.0146176675,0.09729521,disp_e,466458872.0,eb
3777,4,0.088056885,0.81185156,0.014706985,0.0853846,disp_e,466458872.0,eb
3777,5,0.075268656,0.8357282,0.016482132,0.07252092,disp_e,466458872.0,eb
3777,6,0.061575774,0.85122174,0.018801883,0.06840059,disp_e,466458872.0,eb
3777,7,0.11014531,0.7779919,0.023738327,0.08812445,disp_e,466458872.0,eb
3777,8,0.07157248,0.81649137,0.019340519,0.09259557,disp_e,466458872.0,eb
3777,9,0.050405346,0.85466546,0.016313588,0.07861565,disp_e,466458872.0,eb
3777,10,0.08903126,0.84800434,0.011997867,0.050966594,disp_e,466458872.0,eb
27568,1,0.00014866634,0.00018316365,5.2791635e-05,0.9996153,disp_j,279157040.0,
27568,2,0.00026337896,0.00019636679,3.029888e-05,0.99950993,disp_j,279157040.0,
27568,3,0.00021680027,0.00023699438,8.028285e-05,0.999466,disp_j,279157040.0,
27568,4,8.762963e-05,0.00014540821,2.8548515e-05,0.9997384,disp_j,279157040.0,
27568,5,0.00024444776,0.0002697918,6.616944e-05,0.9994197,disp_j,279157040.0,
27568,6,0.00023961267,0.00013093466,3.4682023e-05,0.99959475,disp_j,279157040.0,
27568,7,8.033065e-05,0.00020752176,6.5042754e-05,0.99964714,disp_j,279157040.0,
27568,8,0.00035062784,0.00016194757,7.0856055e-05,0.9994166,disp_j,279157040.0,
27568,9,0.00017338103,0.00013137357,2.5102177e-05,0.99967015,disp_j,279157040.0,
27568,10,0.0001930522,0.00013785572,2.9032228e-05,0.99964,disp_j,279157040.0,
27519,1,0.11732833,0.011078776,0.009942808,0.86165005,disp_j,271627611.0,J
27519,2,0.06483138,0.008212068,0.004527169,0.9224294,disp_j,271627611.0,J
27519,3,0.044253413,0.010212728,0.0087212995,0.9368125,disp_j,271627611.0,J
27519,4,0.04732006,0.008298833,0.005974051,0.938407,disp_j,271627611.0,J
27519,5,0.052860867,0.0070159254,0.006662256,0.933461,disp_j,271627611.0,J
27519,6,0.051449183,0.007010103,0.0055316915,0.9360091,disp_j,271627611.0,J
27519,7,0.04396982,0.00811705,0.0062580425,0.94165504,disp_j,271627611.0,J
27519,8,0.039406866,0.008227378,0.0051071635,0.94725865,disp_j,271627611.0,J
27519,9,0.03239555,0.008124512,0.0038248284,0.95565516,disp_j,271627611.0,J
27519,10,0.05552576,0.007986931,0.0043263542,0.932161,disp_j,271627611.0,J
8630,1,0.99351245,0.0027175108,0.0008792836,0.0028907608,disp_p,407243316.0,pu
8630,2,0.9923888,0.004304038,0.0010577507,0.002249414,disp_p,407243316.0,pu
8630,3,0.9907872,0.005522684,0.0013186581,0.0023713498,disp_p,407243316.0,pu
8630,4,0.9929126,0.0037770905,0.0011659804,0.0021442706,disp_p,407243316.0,pu
8630,5,0.993193,0.0035732938,0.0011747158,0.002058969,disp_p,407243316.0,pu
8630,6,0.99439937,0.0030633304,0.0010109507,0.0015263458,disp_p,407243316.0,pu
8630,7,0.9879673,0.005327618,0.001605649,0.0050994763,disp_p,407243316.0,pu
8630,8,0.9954592,0.002495313,0.000789143,0.001256344,disp_p,407243316.0,pu
8630,9,0.9878556,0.007454734,0.0018700225,0.0028196096,disp_p,407243316.0,pu
8630,10,0.99634105,0.0021160527,0.00062728184,0.0009156398,disp_p,407243316.0,pu
213,1,0.028327746,0.8838974,0.009904928,0.077869974,disp_e,23826331.0,eb
213,2,0.019758817,0.9113211,0.006955826,0.06196431,disp_e,23826331.0,eb
213,3,0.019488394,0.9017527,0.005816583,0.07294234,disp_e,23826331.0,eb
213,4,0.026677383,0.8721339,0.008087983,0.09310076,disp_e,23826331.0,eb
213,5,0.017225405,0.92798966,0.0061298353,0.04865509,disp_e,23826331.0,eb
213,6,0.018821875,0.90871423,0.0102923,0.062171623,disp_e,23826331.0,eb
213,7,0.026341824,0.8792626,0.010704637,0.083690874,disp_e,23826331.0,eb
213,8,0.015031041,0.92794335,0.0076056668,0.049419887,disp_e,23826331.0,eb
213,9,0.012804862,0.9141253,0.0057441476,0.067325704,disp_e,23826331.0,eb
213,10,0.014125257,0.9427001,0.0042586722,0.038916007,disp_e,23826331.0,eb
10938,1,0.99996436,1.7886801e-05,4.5522756e-06,1.3188121e-05,disp_p,,
10938,2,0.99996746,2.4415838e-05,3.6874044e-06,4.4007916e-06,disp_p,,
10938,3,0.9999558,3.6378377e-05,4.7186495e-06,3.0471615e-06,disp_p,,
10938,4,0.9998878,8.712464e-05,1.0940344e-05,1.4090064e-05,disp_p,,
10938,5,0.9999436,4.361977e-05,4.5817415e-06,8.259996e-06,disp_p,,
10938,6,0.99992156,6.162106e-05,6.457846e-06,1.0410989e-05,disp_p,,
10938,7,0.99993885,3.7839476e-05,5.0921863e-06,1.8165936e-05,disp_p,,
10938,8,0.9998894,9.422896e-05,7.634595e-06,8.814315e-06,disp_p,,
10938,9,0.9999262,6.4960775e-05,5.820163e-06,3.0146382e-06,disp_p,,
10938,10,0.99992836,3.838375e-05,1.5302812e-05,1.803547e-05,disp_p,,
4756,1,0.9960043,0.0030966834,0.0003405663,0.00055853266,disp_p,81808065.0,pu
4756,2,0.99896693,0.0009680666,4.252023e-05,2.2469994e-05,disp_p,81808065.0,pu
4756,3,0.99748623,0.0023733769,8.770004e-05,5.2675325e-05,disp_p,81808065.0,pu
4756,4,0.9967272,0.00290841,0.0002081552,0.00015620957,disp_p,81808065.0,pu
4756,5,0.99892944,0.0009845239,5.384843e-05,3.2149706e-05,disp_p,81808065.0,pu
4756,6,0.9992028,0.0007364962,4.1439645e-05,1.9258254e-05,disp_p,81808065.0,pu
4756,7,0.99623305,0.0030661242,0.00025833267,0.0004424901,disp_p,81808065.0,pu
4756,8,0.9991605,0.0007815044,3.5659337e-05,2.2412192e-05,disp_p,81808065.0,pu
4756,9,0.99786097,0.0020483066,7.069114e-05,2.0031966e-05,disp_p,81808065.0,pu
4756,10,0.99918896,0.0007169719,6.5981345e-05,2.811319e-05,disp_p,81808065.0,pu
3603,1,0.05400111,0.93752676,0.0034114204,0.0050606485,disp_e,449637973.0,eb
3603,2,0.063395225,0.92658037,0.004482483,0.0055419444,disp_e,449637973.0,eb
3603,3,0.047160726,0.9468782,0.002199053,0.0037620165,disp_e,449637973.0,eb
3603,4,0.046058957,0.94778115,0.0025162224,0.0036436329,disp_e,449637973.0,eb
3603,5,0.06845004,0.92268455,0.0035787895,0.005286529,disp_e,449637973.0,eb
3603,6,0.07116343,0.9211082,0.0037778937,0.003950418,disp_e,449637973.0,eb
3603,7,0.033411637,0.9604839,0.0026597513,0.0034446917,disp_e,449637973.0,eb
3603,8,0.11246941,0.8700437,0.0064670956,0.011019748,disp_e,449637973.0,eb
3603,9,0.038964015,0.9540113,0.0030170043,0.0040076985,disp_e,449637973.0,eb
3603,10,0.08576097,0.90321815,0.004503229,0.006517649,disp_e,449637973.0,eb
26849,1,0.00010049823,0.00022439302,3.6922294e-05,0.9996382,disp_j,167719897.0,J
26849,2,0.00022548855,0.00018647844,2.0420863e-05,0.99956757,disp_j,167719897.0,J
26849,3,0.00031744232,0.00015018269,5.8324214e-05,0.9994741,disp_j,167719897.0,J
26849,4,5.0755043e-05,0.00018180002,2.1348314e-05,0.99974614,disp_j,167719897.0,J
26849,5,0.00019620261,0.00019812709,3.472008e-05,0.9995709,disp_j,167719897.0,J
26849,6,0.00036511102,0.00010794183,3.723911e-05,0.99948967,disp_j,167719897.0,J
26849,7,5.3255335e-05,0.00029035067,4.1898536e-05,0.99961436,disp_j,167719897.0,J
26849,8,0.0002631278,7.015091e-05,4.6547426e-05,0.9996201,disp_j,167719897.0,J
26849,9,0.00011465166,4.5752044e-05,8.257044e-06,0.9998313,disp_j,167719897.0,J
26849,10,0.00052551547,0.00017891296,4.4491193e-05,0.99925107,disp_j,167719897.0,J
6353,1,0.9987546,0.0002961188,0.00013756756,0.0008117087,disp_p,231721006.0,pu
6353,2,0.99951017,0.00032953953,6.8372705e-05,9.192109e-05,disp_p,231721006.0,pu
6353,3,0.999411,0.0003693572,9.028496e-05,0.00012933437,disp_p,231721006.0,pu
6353,4,0.9990107,0.00055034313,0.00016994715,0.00026899634,disp_p,231721006.0,pu
6353,5,0.9995999,0.0002180821,7.7412034e-05,0.00010455294,disp_p,231721006.0,pu
6353,6,0.99952626,0.000254024,0.00010055168,0.00011919613,disp_p,231721006.0,pu
6353,7,0.9982547,0.0006956523,0.00021051543,0.00083916564,disp_p,231721006.0,pu
6353,8,0.9996176,0.000235577,6.691124e-05,7.979898e-05,disp_p,231721006.0,pu
6353,9,0.9993543,0.00040589768,0.000105993044,0.00013377197,disp_p,231721006.0,pu
6353,10,0.9996513,0.00020086601,6.7192304e-05,8.065285e-05,disp_p,231721006.0,pu
2265,1,0.85794413,0.13348968,0.0035725194,0.004993627,disp_p,208295586.0,eb
2265,2,0.3467571,0.63680184,0.007930978,0.0085100075,disp_e,208295586.0,eb
2265,3,0.3356982,0.64910185,0.0058926023,0.009307394,disp_e,208295586.0,eb
2265,4,0.6901276,0.29829416,0.0054828958,0.006095409,disp_e,208295586.0,eb
2265,5,0.2531784,0.7309608,0.006861373,0.008999502,disp_e,208295586.0,eb
2265,6,0.42053914,0.562001,0.008489166,0.00897076,disp_e,208295586.0,eb
2265,7,0.760425,0.22632858,0.0057520634,0.007494368,disp_e,208295586.0,eb
2265,8,0.31055948,0.6736262,0.0065468815,0.009267506,disp_e,208295586.0,eb
2265,9,0.28920093,0.69612336,0.007459537,0.007216247,disp_e,208295586.0,eb
2265,10,0.40645528,0.58025914,0.0061896285,0.0070959497,disp_e,208295586.0,eb
2873,1,0.01771112,0.97685754,0.0019106414,0.0035206885,disp_e,314626096.0,eb
2873,2,0.017134925,0.96773714,0.00428065,0.010847271,disp_e,314626096.0,eb
2873,3,0.0139398165,0.9724125,0.0027944813,0.010853177,disp_e,314626096.0,eb
2873,4,0.01003707,0.98427385,0.0016999533,0.0039891475,disp_e,314626096.0,eb
2873,5,0.015077999,0.96890646,0.0038968083,0.012118747,disp_e,314626096.0,eb
2873,6,0.007727555,0.98443395,0.0028264727,0.0050119017,disp_e,314626096.0,eb
2873,7,0.010569394,0.98444563,0.0019327659,0.0030521606,disp_e,314626096.0,eb
2873,8,0.010335354,0.9713885,0.0037729836,0.014503187,disp_e,314626096.0,eb
2873,9,0.010429535,0.9773835,0.0028029145,0.0093841385,disp_e,314626096.0,eb
2873,10,0.014983056,0.9740999,0.002409541,0.008507567,disp_e,314626096.0,eb
1149,1,0.4886317,0.51055557,0.0004946943,0.00031804573,disp_e,339666347.0,eb
1149,2,0.5213453,0.47718328,0.0010700187,0.0004013778,disp_e,339666347.0,eb
1149,3,0.37667957,0.62183917,0.00091625465,0.0005650116,disp_e,339666347.0,eb
1149,4,0.2916288,0.70688933,0.0010709749,0.0004108746,disp_e,339666347.0,eb
1149,5,0.49501085,0.5038129,0.0008246388,0.00035164898,disp_e,339666347.0,eb
1149,6,0.39849526,0.60000366,0.0011509407,0.00035021405,disp_e,339666347.0,eb
1149,7,0.41786307,0.5810939,0.0006654479,0.00037758035,disp_e,339666347.0,eb
1149,8,0.35934633,0.6391302,0.0008773264,0.0006460679,disp_e,339666347.0,eb
1149,9,0.5044469,0.49454546,0.00077175215,0.00023588345,disp_e,339666347.0,eb
1149,10,0.46360713,0.5347849,0.0012309498,0.00037703794,disp_e,339666347.0,eb
10030,1,0.18358533,0.02721853,0.013183299,0.77601284,disp_j,,
10030,2,0.09388176,0.013345911,0.0053185266,0.88745385,disp_j,,
10030,3,0.10098354,0.032369994,0.015855992,0.8507905,disp_j,,
10030,4,0.19648704,0.050061624,0.014572985,0.73887837,disp_j,,
10030,5,0.10669983,0.024564238,0.008227691,0.86050826,disp_j,,
10030,6,0.12081799,0.016565468,0.0074509345,0.85516566,disp_j,,
10030,7,0.17939278,0.05383523,0.014890695,0.75188136,disp_j,,
10030,8,0.11262941,0.013685803,0.00609772,0.86758703,disp_j,,
10030,9,0.11741376,0.012987417,0.005675449,0.8639234,disp_j,,
10030,10,0.0786475,0.019467318,0.0067134933,0.89517176,disp_j,,
27503,1,0.07897822,0.03656854,0.018780857,0.8656724,disp_j,270300576.0,
27503,2,0.07269452,0.016616663,0.0062624062,0.9044264,disp_j,270300576.0,
27503,3,0.045138862,0.017774245,0.007669584,0.9294174,disp_j,270300576.0,
27503,4,0.04006942,0.012724958,0.006125889,0.94107974,disp_j,270300576.0,
27503,5,0.06277271,0.023264255,0.0073172655,0.90664583,disp_j,270300576.0,
27503,6,0.05550849,0.011803762,0.0051697553,0.92751795,disp_j,270300576.0,
27503,7,0.050323874,0.016515955,0.009021432,0.9241387,disp_j,270300576.0,
27503,8,0.057584897,0.018735569,0.0051928908,0.9184867,disp_j,270300576.0,
27503,9,0.048962522,0.014557117,0.0048719146,0.9316084,disp_j,270300576.0,
27503,10,0.043100927,0.029370813,0.005842466,0.9216858,disp_j,270300576.0,
8583,1,0.9070093,0.025274675,0.006784581,0.060931507,disp_p,404421005.0,pu
8583,2,0.9227598,0.030936873,0.006202656,0.040100694,disp_p,404421005.0,pu
8583,3,0.91725963,0.034254994,0.007004065,0.041481353,disp_p,404421005.0,pu
8583,4,0.94292235,0.033839732,0.005126284,0.018111605,disp_p,404421005.0,pu
8583,5,0.9043364,0.033706367,0.01015052,0.05180669,disp_p,404421005.0,pu
8583,6,0.9138933,0.034271125,0.008787811,0.0430478,disp_p,404421005.0,pu
8583,7,0.86312366,0.055774596,0.011303857,0.06979793,disp_p,404421005.0,pu
8583,8,0.85791105,0.03556497,0.013747393,0.09277656,disp_p,404421005.0,pu
8583,9,0.87141275,0.04703447,0.009651548,0.07190123,disp_p,404421005.0,pu
8583,10,0.93621415,0.023158276,0.0052637043,0.03536376,disp_p,404421005.0,pu
2093,1,0.11611891,0.8816879,0.0011586072,0.0010345984,disp_e,154741899.0,eb
2093,2,0.17965947,0.8021069,0.009246689,0.008986945,disp_e,154741899.0,eb
2093,3,0.18542103,0.79752994,0.0074636913,0.009585384,disp_e,154741899.0,eb
2093,4,0.23987657,0.7540752,0.003749103,0.002299055,disp_e,154741899.0,eb
2093,5,0.18345602,0.7999907,0.008148372,0.008404934,disp_e,154741899.0,eb
2093,6,0.21313025,0.77070767,0.009214825,0.006947275,disp_e,154741899.0,eb
2093,7,0.10691148,0.8902634,0.001692081,0.0011330838,disp_e,154741899.0,eb
2093,8,0.08357332,0.8944121,0.0077651823,0.014249424,disp_e,154741899.0,eb
2093,9,0.19618852,0.7909505,0.0064671645,0.006393774,disp_e,154741899.0,eb
2093,10,0.17764492,0.8063029,0.007341635,0.008710484,disp_e,154741899.0,eb
9304,1,0.99819297,0.0015812,0.00010296245,0.0001228705,disp_p,627323667.0,pu
9304,2,0.9992188,0.0007377797,2.8305902e-05,1.5072947e-05,disp_p,627323667.0,pu
9304,3,0.9988495,0.0010783279,4.5679404e-05,2.6389447e-05,disp_p,627323667.0,pu
9304,4,0.99880993,0.0010962511,5.851252e-05,3.536375e-05,disp_p,627323667.0,pu
9304,5,0.9991272,0.0008024395,4.4142853e-05,2.6163101e-05,disp_p,627323667.0,pu
9304,6,0.9994474,0.000507889,2.9789151e-05,1.4965718e-05,disp_p,627323667.0,pu
9304,7,0.9978003,0.0020088071,7.853454e-05,0.00011233503,disp_p,627323667.0,pu
9304,8,0.9990067,0.0009438009,2.929261e-05,2.018098e-05,disp_p,627323667.0,pu
9304,9,0.9986702,0.0012674407,4.8795893e-05,1.3586076e-05,disp_p,627323667.0,pu
9304,10,0.9991059,0.0008126077,5.998858e-05,2.1527003e-05,disp_p,627323667.0,pu
872,1,0.6840928,0.20822024,0.022950673,0.08473627,disp_p,282755773.0,eb
872,2,0.3480375,0.5374096,0.038026404,0.07652644,disp_e,282755773.0,eb
872,3,0.30601627,0.5224842,0.0392467,0.13225286,disp_e,282755773.0,eb
872,4,0.3896004,0.42855537,0.034299318,0.14754486,disp_e,282755773.0,eb
872,5,0.28532976,0.58757794,0.03795902,0.08913331,disp_e,282755773.0,eb
872,6,0.31230146,0.56435466,0.03819533,0.08514851,disp_e,282755773.0,eb
872,7,0.5687226,0.25743654,0.036242306,0.13759859,disp_e,282755773.0,eb
872,8,0.27359796,0.5856256,0.039040398,0.1017361,disp_e,282755773.0,eb
872,9,0.24213178,0.58394,0.040691994,0.13323614,disp_e,282755773.0,eb
872,10,0.49088702,0.4373003,0.025700701,0.046111986,disp_e,282755773.0,eb
510,1,0.0026649989,0.9936388,0.00083422655,0.0028618518,disp_e,165837238.0,eb
510,2,0.0041040094,0.99187976,0.0011911731,0.0028250243,disp_e,165837238.0,eb
510,3,0.0035578285,0.99397546,0.000496406,0.0019702967,disp_e,165837238.0,eb
510,4,0.0028878434,0.99360967,0.0007880037,0.002714483,disp_e,165837238.0,eb
510,5,0.0041842223,0.99254054,0.00092874427,0.0023465373,disp_e,165837238.0,eb
510,6,0.0034014033,0.99293536,0.0014208467,0.0022423605,disp_e,165837238.0,eb
510,7,0.0029065532,0.99356055,0.00094394136,0.002588845,disp_e,165837238.0,eb
510,8,0.0040382543,0.99051815,0.001368555,0.004074966,disp_e,165837238.0,eb
510,9,0.002914304,0.992987,0.0009504642,0.0031482957,disp_e,165837238.0,eb
510,10,0.0042101736,0.99198115,0.000991973,0.0028166517,disp_e,165837238.0,eb
766,1,0.010774482,0.9891767,3.2808894e-05,1.6071845e-05,disp_e,264831542.0,et
766,2,0.013656389,0.9856838,0.0004432716,0.00021658598,disp_e,264831542.0,et
766,3,0.014202869,0.98526174,0.00026755585,0.000267769,disp_e,264831542.0,et
766,4,0.015787711,0.9838291,0.00027109805,0.00011214516,disp_e,264831542.0,et
766,5,0.015355128,0.984143,0.00031337803,0.00018842917,disp_e,264831542.0,et
766,6,0.015456874,0.98381376,0.00052652747,0.00020290479,disp_e,264831542.0,et
766,7,0.010620931,0.9892869,6.437424e-05,2.7736754e-05,disp_e,264831542.0,et
766,8,0.013735465,0.9857041,0.00025085427,0.00030960687,disp_e,264831542.0,et
766,9,0.022333674,0.9770833,0.0003828912,0.0002001593,disp_e,264831542.0,et
766,10,0.012818782,0.9867007,0.00032118722,0.00015928742,disp_e,264831542.0,et
3478,1,0.3644467,0.63224036,0.0017477995,0.0015651702,disp_e,422322476.0,eb
3478,2,0.63620585,0.35758346,0.003488661,0.002722011,disp_e,422322476.0,eb
3478,3,0.37233385,0.62021244,0.003697818,0.0037559015,disp_e,422322476.0,eb
3478,4,0.63606787,0.35683122,0.0038380127,0.0032628225,disp_e,422322476.0,eb
3478,5,0.49263296,0.4995703,0.004108113,0.003688643,disp_e,422322476.0,eb
3478,6,0.50005096,0.49205455,0.004662209,0.0032323112,disp_e,422322476.0,eb
3478,7,0.40534657,0.59036887,0.0022343216,0.0020502151,disp_e,422322476.0,eb
3478,8,0.5744418,0.41714603,0.00408876,0.0043234783,disp_e,422322476.0,eb
3478,9,0.49554062,0.49876133,0.003417608,0.002280426,disp_e,422322476.0,eb
3478,10,0.58569527,0.40777662,0.0038562524,0.0026718958,disp_e,422322476.0,eb
28326,1,0.120458834,0.004087944,0.003965772,0.87148744,disp_j,427501376.0,J
28326,2,0.033935923,0.0038354709,0.0013148019,0.9609138,disp_j,427501376.0,J
28326,3,0.03185854,0.0024800922,0.0023859127,0.96327543,disp_j,427501376.0,J
28326,4,0.047004055,0.0026939365,0.0016302597,0.94867176,disp_j,427501376.0,J
28326,5,0.028725164,0.0036107716,0.0023625013,0.9653016,disp_j,427501376.0,J
28326,6,0.03971371,0.003449554,0.0018816126,0.95495504,disp_j,427501376.0,J
28326,7,0.043450467,0.0020703448,0.002168175,0.95231104,disp_j,427501376.0,J
28326,8,0.028568404,0.004330626,0.0025977371,0.9645033,disp_j,427501376.0,J
28326,9,0.018259184,0.0021321436,0.00092009973,0.9786886,disp_j,427501376.0,J
28326,10,0.046810564,0.004659186,0.0017401308,0.94679004,disp_j,427501376.0,J
5886,1,0.99357337,0.002391595,0.0007454466,0.0032895,disp_p,178266267.0,pu
5886,2,0.9912875,0.005558448,0.0010850402,0.0020690262,disp_p,178266267.0,pu
5886,3,0.9893121,0.006633131,0.0014388079,0.0026159259,disp_p,178266267.0,pu
5886,4,0.9947501,0.0032819142,0.0006911116,0.0012769257,disp_p,178266267.0,pu
5886,5,0.9929047,0.003964204,0.0012191471,0.0019119746,disp_p,178266267.0,pu
5886,6,0.9931932,0.003625719,0.0012059319,0.001975192,disp_p,178266267.0,pu
5886,7,0.99178547,0.004011825,0.0010437277,0.0031589002,disp_p,178266267.0,pu
5886,8,0.9957819,0.0026542677,0.0006446455,0.00091917516,disp_p,178266267.0,pu
5886,9,0.9906545,0.0060056644,0.0012926111,0.0020472251,disp_p,178266267.0,pu
5886,10,0.9940049,0.0034328927,0.00091818394,0.0016440558,disp_p,178266267.0,pu
9937,1,0.99994695,2.8529781e-05,3.6552403e-06,2.0765145e-05,disp_p,,
9937,2,0.9999796,9.775853e-06,2.2982522e-06,8.366842e-06,disp_p,,
9937,3,0.99998343,1.0228879e-05,2.1610228e-06,4.250814e-06,disp_p,,
9937,4,0.99989116,9.07002e-05,6.795006e-06,1.1359468e-05,disp_p,,
9937,5,0.99997735,1.2904403e-05,2.641878e-06,7.0680294e-06,disp_p,,
9937,6,0.9999721,1.7784152e-05,3.255665e-06,6.868241e-06,disp_p,,
9937,7,0.99993837,5.015888e-05,2.810096e-06,8.667062e-06,disp_p,,
9937,8,0.9999615,1.001425e-05,5.6082563e-06,2.2838813e-05,disp_p,,
9937,9,0.99998116,1.3297562e-05,1.8850083e-06,3.576885e-06,disp_p,,
9937,10,0.9999598,1.0952155e-05,7.04774e-06,2.215946e-05,disp_p,,
829,1,0.00041520986,0.99941564,6.0321432e-05,0.000108924665,disp_e,275119073.0,eb
829,2,0.0033243685,0.9939831,0.0009912297,0.0017013195,disp_e,275119073.0,eb
829,3,0.0029650475,0.99531084,0.00043919627,0.0012849655,disp_e,275119073.0,eb
829,4,0.0010987762,0.9981268,0.00025435362,0.0005201049,disp_e,275119073.0,eb
829,5,0.0035043196,0.9941645,0.0007716778,0.0015594863,disp_e,275119073.0,eb
829,6,0.002675734,0.99485,0.001095484,0.001378792,disp_e,275119073.0,eb
829,7,0.00064570986,0.9991055,9.8387274e-05,0.00015031942,disp_e,275119073.0,eb
829,8,0.0029699365,0.99347067,0.0009593561,0.0026000564,disp_e,275119073.0,eb
829,9,0.0027743191,0.9945529,0.0007949345,0.0018778241,disp_e,275119073.0,eb
829,10,0.0035219537,0.9939084,0.0008486532,0.0017209304,disp_e,275119073.0,eb
2482,1,0.00040189517,0.99927884,8.553628e-05,0.00023376638,disp_e,243551138.0,eb
2482,2,0.0020591156,0.9967699,0.00041936885,0.0007516985,disp_e,243551138.0,eb
2482,3,0.0018649298,0.9973591,0.0001864373,0.00058944494,disp_e,243551138.0,eb
2482,4,0.0004862264,0.9991339,0.000105887026,0.0002741092,disp_e,243551138.0,eb
2482,5,0.0016164276,0.9975352,0.00025311433,0.0005951464,disp_e,243551138.0,eb
2482,6,0.0008076616,0.9986273,0.00025221513,0.00031287578,disp_e,243551138.0,eb
2482,7,0.0005805523,0.9990514,0.00011516975,0.00025285655,disp_e,243551138.0,eb
2482,8,0.001200711,0.997638,0.00027079222,0.00089049945,disp_e,243551138.0,eb
2482,9,0.0015370643,0.99728763,0.0003275842,0.00084783096,disp_e,243551138.0,eb
2482,10,0.0017237507,0.9970304,0.00037218072,0.000873676,disp_e,243551138.0,eb
9112,1,0.95815593,0.03347489,0.0026111817,0.0057580518,disp_p,454918388.0,pu
9112,2,0.8991665,0.09252768,0.00414369,0.0041620927,disp_p,454918388.0,pu
9112,3,0.8899721,0.09952372,0.0049211322,0.0055830358,disp_p,454918388.0,pu
9112,4,0.9328895,0.062571324,0.0024934546,0.0020457322,disp_p,454918388.0,pu
9112,5,0.8456579,0.14296208,0.004925999,0.006454055,disp_p,454918388.0,pu
9112,6,0.9083752,0.08268749,0.0042479737,0.004689357,disp_p,454918388.0,pu
9112,7,0.9280002,0.063829675,0.0037622703,0.0044077775,disp_p,454918388.0,pu
9112,8,0.86207795,0.12413556,0.006115237,0.0076712677,disp_p,454918388.0,pu
9112,9,0.86472213,0.1243798,0.0048223445,0.0060757184,disp_p,454918388.0,pu
9112,10,0.8913091,0.100257225,0.004148054,0.0042856354,disp_p,454918388.0,pu
6280,1,0.906025,0.086271554,0.0031205674,0.004582989,disp_p,229111835.0,pu
6280,2,0.9865676,0.012964846,0.00029249795,0.00017497396,disp_p,229111835.0,pu
6280,3,0.9536047,0.045280445,0.0006358656,0.00047896916,disp_p,229111835.0,pu
6280,4,0.9195644,0.07705345,0.0018342418,0.0015478296,disp_p,229111835.0,pu
6280,5,0.9811039,0.018243881,0.00037227725,0.00027999733,disp_p,229111835.0,pu
6280,6,0.9844838,0.014833694,0.00043030689,0.00025221054,disp_p,229111835.0,pu
6280,7,0.89735615,0.09539057,0.0032104463,0.004042799,disp_p,229111835.0,pu
6280,8,0.98982215,0.009603223,0.00031919443,0.00025542398,disp_p,229111835.0,pu
6280,9,0.95454776,0.044699743,0.0005224853,0.00022988205,disp_p,229111835.0,pu
6280,10,0.9885994,0.010751714,0.0004052184,0.00024367285,disp_p,229111835.0,pu
104,1,0.024779141,0.9734441,0.0010065417,0.00077021914,disp_e,126449150.0,eb
104,2,0.015558119,0.98177135,0.0015233753,0.0011472318,disp_e,126449150.0,eb
104,3,0.016317803,0.98136693,0.0010400114,0.0012752133,disp_e,126449150.0,eb
104,4,0.012422822,0.98541033,0.0011889961,0.0009777898,disp_e,126449150.0,eb
104,5,0.01639018,0.9816643,0.0010668787,0.00087859086,disp_e,126449150.0,eb
104,6,0.012533828,0.9853441,0.0013380093,0.0007841038,disp_e,126449150.0,eb
104,7,0.022827616,0.97508186,0.0011477787,0.0009427542,disp_e,126449150.0,eb
104,8,0.014054142,0.98278457,0.0012820305,0.0018792266,disp_e,126449150.0,eb
104,9,0.016140241,0.9815803,0.0012428631,0.0010366455,disp_e,126449150.0,eb
104,10,0.019058708,0.9786925,0.0012659552,0.0009827918,disp_e,126449150.0,eb
9857,1,0.90042967,4.6072214e-06,5.7793723e-06,0.09955993,disp_p,,
9857,2,0.97955555,4.373343e-06,2.033051e-06,0.020438163,disp_p,,
9857,3,0.9930143,3.2601642e-07,3.409008e-06,0.0069819684,disp_p,,
9857,4,0.9708194,4.690973e-05,1.7448243e-05,0.029116215,disp_p,,
9857,5,0.9964259,3.8459035e-07,8.136414e-07,0.0035728344,disp_p,,
9857,6,0.9913681,8.2176075e-07,1.004713e-06,0.008630014,disp_p,,
9857,7,0.9708719,1.2416555e-05,6.7041533e-06,0.029108912,disp_p,,
9857,8,0.9980781,4.4115872e-08,2.9991466e-07,0.0019215097,disp_p,,
9857,9,0.99847275,5.150054e-07,1.249831e-06,0.0015254155,disp_p,,
9857,10,0.9376603,1.3262936e-06,1.0817014e-05,0.06232754,disp_p,,
3110,1,0.28996736,0.70903563,0.00059044076,0.00040659096,disp_e,342474010.0,eu
3110,2,0.20654982,0.7896479,0.0025418298,0.0012604704,disp_e,342474010.0,eu
3110,3,0.21245871,0.7843711,0.001853283,0.0013169515,disp_e,342474010.0,eu
3110,4,0.41248617,0.585117,0.0016355724,0.00076133694,disp_e,342474010.0,eu
3110,5,0.17694086,0.81983835,0.0019634971,0.0012573071,disp_e,342474010.0,eu
3110,6,0.19552903,0.80058974,0.0026310764,0.0012501682,disp_e,342474010.0,eu
3110,7,0.23567672,0.7630799,0.0008018562,0.00044157708,disp_e,342474010.0,eu
3110,8,0.14231186,0.85389787,0.0018578474,0.0019324627,disp_e,342474010.0,eu
3110,9,0.25588003,0.74156666,0.0016806547,0.00087266177,disp_e,342474010.0,eu
3110,10,0.23479566,0.7617878,0.002340292,0.0010763486,disp_e,342474010.0,eu
28770,1,0.0005098916,0.0020351599,0.00023979688,0.99721515,disp_j,73444008.0,
28770,2,0.0007911222,0.001187436,0.000106594416,0.99791485,disp_j,73444008.0,
28770,3,0.00076175085,0.0024819314,0.00031716606,0.99643916,disp_j,73444008.0,
28770,4,0.00039471913,0.001785682,0.00021376881,0.9976058,disp_j,73444008.0,
28770,5,0.00096003513,0.0015081775,0.00023612527,0.9972957,disp_j,73444008.0,
28770,6,0.0010380456,0.0008612124,0.00022165467,0.997879,disp_j,73444008.0,
28770,7,0.00054782204,0.0028291,0.0005253775,0.9960977,disp_j,73444008.0,
28770,8,0.0010429833,0.0013598158,0.00031181326,0.99728537,disp_j,73444008.0,
28770,9,0.00041776543,0.0014044583,0.00014163808,0.9980361,disp_j,73444008.0,
28770,10,0.0015839668,0.0019305998,0.00026234117,0.9962231,disp_j,73444008.0,
10611,1,0.9818376,0.0058472077,0.0026764888,0.0096388385,disp_p,,
10611,2,0.9231477,0.03235894,0.005306632,0.039186794,disp_p,,
10611,3,0.9159331,0.053490672,0.0066755665,0.023900775,disp_p,,
10611,4,0.9453828,0.020919025,0.005036145,0.028662082,disp_p,,
10611,5,0.8959763,0.051504534,0.0052813273,0.047237743,disp_p,,
10611,6,0.9308409,0.019772746,0.004849235,0.04453702,disp_p,,
10611,7,0.9620453,0.010643021,0.003951942,0.023359783,disp_p,,
10611,8,0.86744577,0.08665261,0.006299299,0.039602403,disp_p,,
10611,9,0.9166142,0.03933034,0.0056871,0.03836842,disp_p,,
10611,10,0.90494585,0.03252642,0.006163218,0.056364622,disp_p,,
5169,1,0.9985318,0.0011525056,0.000116697884,0.00019901058,disp_p,124573851.0,pu
5169,2,0.9992908,0.0005802201,6.950904e-05,5.943264e-05,disp_p,124573851.0,pu
5169,3,0.9989644,0.0008208758,0.00010541379,0.00010932945,disp_p,124573851.0,pu
5169,4,0.9986395,0.0011560008,0.00012195802,8.2606595e-05,disp_p,124573851.0,pu
5169,5,0.99932003,0.00049409055,9.419291e-05,9.1672504e-05,disp_p,124573851.0,pu
5169,6,0.99936515,0.00048014263,8.9860594e-05,6.492012e-05,disp_p,124573851.0,pu
5169,7,0.9976568,0.0019909625,0.00013560976,0.00021657423,disp_p,124573851.0,pu
5169,8,0.9993351,0.00054108974,6.396213e-05,5.9742717e-05,disp_p,124573851.0,pu
5169,9,0.99901044,0.00081199873,0.0001095892,6.798094e-05,disp_p,124573851.0,pu
5169,10,0.9995714,0.0003176698,6.415462e-05,4.67977e-05,disp_p,124573851.0,pu
10066,1,1.0,4.6285378e-32,4.5328586e-30,8.3221716e-15,disp_p,,
10066,2,1.0,6.937623e-21,3.078042e-24,3.637011e-12,disp_p,,
10066,3,1.0,7.734987e-22,4.225327e-24,6.998081e-13,disp_p,,
10066,4,1.0,4.945297e-25,7.89544e-28,3.4559148e-12,disp_p,,
10066,5,0.9999993,1.08951254e-16,7.9080995e-19,6.871131e-07,disp_p,,
10066,6,1.0,8.848473e-37,2.007016e-35,1.9568553e-12,disp_p,,
10066,7,1.0,1.1854291e-23,8.9005204e-26,3.6018327e-11,disp_p,,
10066,8,1.0,0.0,9.259546e-37,3.5167438e-20,disp_p,,
10066,9,1.0,6.8819474e-23,4.481926e-24,7.241394e-13,disp_p,,
10066,10,1.0,5.575089e-21,1.746609e-19,1.0886474e-08,disp_p,,
2305,1,0.018091513,0.9814218,0.00027752013,0.00020910315,disp_e,214315111.0,et
2305,2,0.014503726,0.9791351,0.003076399,0.003284842,disp_e,214315111.0,et
2305,3,0.02112755,0.97301054,0.0020751925,0.003786725,disp_e,214315111.0,et
2305,4,0.017638782,0.97939897,0.001610167,0.0013521415,disp_e,214315111.0,et
2305,5,0.013718719,0.97998774,0.0026136732,0.0036798636,disp_e,214315111.0,et
2305,6,0.016334519,0.97741663,0.0035415655,0.002707301,disp_e,214315111.0,et
2305,7,0.01506879,0.9841574,0.0004525386,0.00032136485,disp_e,214315111.0,et
2305,8,0.009883186,0.9848031,0.0017050558,0.0036087206,disp_e,214315111.0,et
2305,9,0.020606972,0.9729116,0.0027574252,0.0037239941,disp_e,214315111.0,et
2305,10,0.015947977,0.9792986,0.0018546515,0.0028987601,disp_e,214315111.0,et
6200,1,0.997656,0.0019648308,0.00016444112,0.00021464431,disp_p,219187649.0,pu
6200,2,0.9984725,0.0012725359,0.00014161815,0.0001132808,disp_p,219187649.0,pu
6200,3,0.9976457,0.0019144211,0.00023714348,0.00020272081,disp_p,219187649.0,pu
6200,4,0.9980142,0.0016995347,0.00017387244,0.0001123618,disp_p,219187649.0,pu
6200,5,0.9983681,0.0012361895,0.0002097341,0.00018605086,disp_p,219187649.0,pu
6200,6,0.9987557,0.0009671173,0.00016214745,0.00011503283,disp_p,219187649.0,pu
6200,7,0.99676836,0.0028573559,0.00016023994,0.0002139749,disp_p,219187649.0,pu
6200,8,0.9987544,0.0010365903,0.000114442126,9.4575305e-05,disp_p,219187649.0,pu
6200,9,0.9977285,0.0019285018,0.00022514067,0.00011783356,disp_p,219187649.0,pu
6200,10,0.9987826,0.0009421262,0.00016790947,0.000107409796,disp_p,219187649.0,pu
9472,1,0.9997652,3.1493644e-05,1.9854046e-05,0.00018341086,disp_p,,
9472,2,0.99964154,5.1189785e-05,2.9961942e-05,0.00027732088,disp_p,,
9472,3,0.9998665,4.955001e-05,1.87514e-05,6.523203e-05,disp_p,,
9472,4,0.9996681,0.00012922054,5.0799168e-05,0.00015185832,disp_p,,
9472,5,0.99949634,8.750813e-05,5.4389984e-05,0.00036178858,disp_p,,
9472,6,0.9995049,0.000118686774,5.3674208e-05,0.00032279216,disp_p,,
9472,7,0.999648,8.1222686e-05,3.1536776e-05,0.00023925779,disp_p,,
9472,8,0.99960953,0.000119464166,5.268591e-05,0.00021839722,disp_p,,
9472,9,0.99971896,0.000102498634,3.7420265e-05,0.00014106875,disp_p,,
9472,10,0.99932957,7.5366755e-05,6.6082575e-05,0.0005290177,disp_p,,
5961,1,0.90373284,0.09490242,0.0007738193,0.0005909365,disp_p,186812530.0,pu
5961,2,0.9425825,0.056283846,0.0007967364,0.00033689183,disp_p,186812530.0,pu
5961,3,0.87767476,0.12065976,0.0010897955,0.0005757532,disp_p,186812530.0,pu
5961,4,0.8957911,0.10242675,0.0012587648,0.0005233142,disp_p,186812530.0,pu
5961,5,0.89921737,0.099409625,0.00090984826,0.0004631006,disp_p,186812530.0,pu
5961,6,0.9364611,0.062304806,0.00091130374,0.00032281014,disp_p,186812530.0,pu
5961,7,0.92028606,0.078453764,0.00073905877,0.0005211033,disp_p,186812530.0,pu
5961,8,0.9026593,0.09583074,0.0009111377,0.0005988271,disp_p,186812530.0,pu
5961,9,0.9240481,0.07511633,0.0006585874,0.00017693017,disp_p,186812530.0,pu
5961,10,0.9081423,0.08999994,0.0013854847,0.00047218357,disp_p,186812530.0,pu
6647,1,0.9624781,0.033652045,0.0015796338,0.0022900987,disp_p,252474634.0,pu
6647,2,0.9285229,0.06312001,0.0040156962,0.0043415064,disp_p,252474634.0,pu
6647,3,0.90903366,0.083384335,0.0036707527,0.003911256,disp_p,252474634.0,pu
6647,4,0.9662656,0.031208243,0.0014720019,0.0010541037,disp_p,252474634.0,pu
6647,5,0.9116592,0.07912784,0.004368452,0.0048445454,disp_p,252474634.0,pu
6647,6,0.9266702,0.06532056,0.0043016556,0.0037075693,disp_p,252474634.0,pu
6647,7,0.9641176,0.031766474,0.0017829126,0.002332931,disp_p,252474634.0,pu
6647,8,0.90698224,0.08262268,0.0047782506,0.0056167636,disp_p,252474634.0,pu
6647,9,0.9179346,0.0755794,0.0036301552,0.0028558637,disp_p,252474634.0,pu
6647,10,0.93085754,0.06118573,0.0040408713,0.0039158785,disp_p,252474634.0,pu
972,1,0.28379163,0.71555424,0.00041076358,0.0002433376,disp_e,300871545.0,et
972,2,0.2970078,0.6996549,0.0022747417,0.0010626257,disp_e,300871545.0,et
972,3,0.17576697,0.8213763,0.0016427612,0.0012139705,disp_e,300871545.0,et
972,4,0.32962018,0.66814405,0.0015804353,0.00065537187,disp_e,300871545.0,et
972,5,0.2591467,0.73839235,0.0015567607,0.00090423273,disp_e,300871545.0,et
972,6,0.33210745,0.6643534,0.0025147276,0.0010243976,disp_e,300871545.0,et
972,7,0.28415635,0.71492887,0.0006172903,0.0002974128,disp_e,300871545.0,et
972,8,0.17436142,0.82276,0.0014843381,0.0013942668,disp_e,300871545.0,et
972,9,0.24837798,0.74934566,0.001602341,0.00067402906,disp_e,300871545.0,et
972,10,0.22584765,0.7710164,0.002247419,0.0008885203,disp_e,300871545.0,et
27737,1,0.0023492177,0.009115538,0.0011559913,0.98737925,disp_j,302924377.0,
27737,2,0.0040414426,0.0056210165,0.00077964424,0.9895579,disp_j,302924377.0,
27737,3,0.0060037756,0.007566274,0.0019764986,0.9844534,disp_j,302924377.0,
27737,4,0.0019029006,0.006020205,0.0007898357,0.99128705,disp_j,302924377.0,
27737,5,0.004000263,0.0070497445,0.0013988693,0.98755115,disp_j,302924377.0,
27737,6,0.004381938,0.003598676,0.0014169881,0.9906025,disp_j,302924377.0,
27737,7,0.0019153112,0.0069246916,0.0018379238,0.9893222,disp_j,302924377.0,
27737,8,0.0046876897,0.0043284884,0.0016728083,0.9893111,disp_j,302924377.0,
27737,9,0.0027610941,0.0039433585,0.000744591,0.99255085,disp_j,302924377.0,
27737,10,0.0066779656,0.007186446,0.0015739842,0.9845615,disp_j,302924377.0,
6412,1,0.95807874,0.04008531,0.0009934751,0.0008423991,disp_p,233654042.0,pu
6412,2,0.978225,0.020335821,0.00089266273,0.0005465422,disp_p,233654042.0,pu
6412,3,0.968575,0.029699594,0.001012981,0.00071243686,disp_p,233654042.0,pu
6412,4,0.97393465,0.025167394,0.0005928166,0.0003051301,disp_p,233654042.0,pu
6412,5,0.9624548,0.035464685,0.0012189401,0.0008615548,disp_p,233654042.0,pu
6412,6,0.97808266,0.020527132,0.0008832545,0.0005069633,disp_p,233654042.0,pu
6412,7,0.95337343,0.04506443,0.0008577476,0.00070441264,disp_p,233654042.0,pu
6412,8,0.96105844,0.03660582,0.0012893687,0.0010464289,disp_p,233654042.0,pu
6412,9,0.96245176,0.036103617,0.0010332863,0.00041133797,disp_p,233654042.0,pu
6412,10,0.9766897,0.02170131,0.0010745225,0.000534434,disp_p,233654042.0,pu
7271,1,0.97131395,0.027476644,0.00058694533,0.0006224884,disp_p,294500964.0,pu
7271,2,0.99110025,0.008225576,0.00041597465,0.00025814984,disp_p,294500964.0,pu
7271,3,0.98363036,0.015252711,0.0006963034,0.00042069622,disp_p,294500964.0,pu
7271,4,0.9769433,0.02236261,0.0004910723,0.00020289756,disp_p,294500964.0,pu
7271,5,0.9892937,0.009929232,0.00045933912,0.00031775664,disp_p,294500964.0,pu
7271,6,0.9873741,0.0116658695,0.0006126773,0.00034731248,disp_p,294500964.0,pu
7271,7,0.96223754,0.03683069,0.000530959,0.00040075523,disp_p,294500964.0,pu
7271,8,0.9813308,0.016957281,0.0009684232,0.00074352033,disp_p,294500964.0,pu
7271,9,0.9839618,0.015378897,0.0004825935,0.00017677025,disp_p,294500964.0,pu
7271,10,0.99063957,0.008265121,0.0007205809,0.00037473245,disp_p,294500964.0,pu
1922,1,0.0022939057,0.9974523,0.00013014962,0.0001237017,disp_e,105296763.0,eb
1922,2,0.0062049357,0.9916074,0.0011328275,0.001054763,disp_e,105296763.0,eb
1922,3,0.005420325,0.99309725,0.0005871829,0.0008951864,disp_e,105296763.0,eb
1922,4,0.003752283,0.9952807,0.00051779405,0.00044922568,disp_e,105296763.0,eb
1922,5,0.0051236446,0.99338657,0.00067739,0.00081240066,disp_e,105296763.0,eb
1922,6,0.0035076814,0.99485683,0.00096241175,0.00067303533,disp_e,105296763.0,eb
1922,7,0.0024642737,0.99719465,0.0001877765,0.00015328049,disp_e,105296763.0,eb
1922,8,0.0035771031,0.99472636,0.0006050396,0.0010915812,disp_e,105296763.0,eb
1922,9,0.0063366205,0.9916426,0.00093317224,0.001087708,disp_e,105296763.0,eb
1922,10,0.005513765,0.9927296,0.00086491794,0.0008917188,disp_e,105296763.0,eb
10056,1,0.5718544,0.014775946,0.007916155,0.40545347,disp_p,,
10056,2,0.8061479,0.0007600476,0.0004482972,0.19264373,disp_p,,
10056,3,0.6116998,0.0074977907,0.0051149824,0.3756874,disp_p,,
10056,4,0.6701306,0.010858677,0.0047557997,0.31425497,disp_p,,
10056,5,0.76802194,0.0020582767,0.0018160084,0.22810382,disp_p,,
10056,6,0.7214448,0.0034280308,0.0023595295,0.2727677,disp_p,,
10056,7,0.5057905,0.014900214,0.011414814,0.4678945,disp_p,,
10056,8,0.67651206,0.0028113257,0.0015609676,0.31911567,disp_p,,
10056,9,0.71757865,0.0032899322,0.0019780516,0.27715337,disp_p,,
10056,10,0.83032876,0.0013260676,0.000784344,0.16756086,disp_p,,
4176,1,0.9990652,0.0003546198,9.920762e-05,0.0004809562,disp_p,29781207.0,pu
4176,2,0.99931955,0.00037167716,9.137169e-05,0.00021736303,disp_p,29781207.0,pu
4176,3,0.99894625,0.0005658214,0.00017131213,0.00031661935,disp_p,29781207.0,pu
4176,4,0.9991295,0.00047375754,0.00013071703,0.0002661239,disp_p,29781207.0,pu
4176,5,0.99934536,0.00030649302,0.00012684238,0.00022124089,disp_p,29781207.0,pu
4176,6,0.99947125,0.00021353936,0.0001179173,0.00019723471,disp_p,29781207.0,pu
4176,7,0.99886876,0.00056635216,0.00010668319,0.00045816772,disp_p,29781207.0,pu
4176,8,0.99926025,0.000318788,0.00013165186,0.0002892958,disp_p,29781207.0,pu
4176,9,0.99922144,0.00046168378,0.00013064384,0.00018619729,disp_p,29781207.0,pu
4176,10,0.9995603,0.00022661159,8.1699225e-05,0.00013128486,disp_p,29781207.0,pu
1949,1,0.32832623,0.61251915,0.015584983,0.04356959,disp_e,121623269.0,eb
1949,2,0.13049696,0.8069519,0.017483847,0.045067355,disp_e,121623269.0,eb
1949,3,0.11085154,0.8201942,0.014445372,0.054508902,disp_e,121623269.0,eb
1949,4,0.27474523,0.662682,0.014113833,0.048458856,disp_e,121623269.0,eb
1949,5,0.09845766,0.85270864,0.011713471,0.037120175,disp_e,121623269.0,eb
1949,6,0.1776341,0.74509877,0.018378682,0.05888848,disp_e,121623269.0,eb
1949,7,0.3294685,0.6174756,0.015881905,0.03717404,disp_e,121623269.0,eb
1949,8,0.10581222,0.84324384,0.011726935,0.03921705,disp_e,121623269.0,eb
1949,9,0.082502045,0.8391989,0.017644199,0.060654838,disp_e,121623269.0,eb
1949,10,0.12132079,0.83478415,0.0108007295,0.033094343,disp_e,121623269.0,eb
1048,1,0.00082803523,0.9988637,9.792523e-05,0.00021042499,disp_e,311427289.0,et
1048,2,0.0049410933,0.9920846,0.0010559849,0.0019182357,disp_e,311427289.0,et
1048,3,0.0046006306,0.99333125,0.00048444,0.0015836515,disp_e,311427289.0,et
1048,4,0.0022160166,0.99662006,0.00034610918,0.0008177451,disp_e,311427289.0,et
1048,5,0.0049888664,0.99190384,0.0009490658,0.002158196,disp_e,311427289.0,et
1048,6,0.0037369528,0.9937344,0.0010506101,0.0014780238,disp_e,311427289.0,et
1048,7,0.0010623155,0.99857104,0.00015477117,0.00021184287,disp_e,311427289.0,et
1048,8,0.003719234,0.992636,0.000930263,0.002714575,disp_e,311427289.0,et
1048,9,0.00347389,0.993602,0.0008150713,0.0021090794,disp_e,311427289.0,et
1048,10,0.00529576,0.9910619,0.001068674,0.0025736594,disp_e,311427289.0,et
4517,1,0.99491644,0.0031518498,0.00063212245,0.0012995513,disp_p,61145589.0,pu
4517,2,0.9883463,0.0075338357,0.0016420434,0.0024778114,disp_p,61145589.0,pu
4517,3,0.9853006,0.009236668,0.0022164471,0.0032462957,disp_p,61145589.0,pu
4517,4,0.9953193,0.0030957344,0.0007295345,0.0008553965,disp_p,61145589.0,pu
4517,5,0.98860675,0.0063977484,0.0021332905,0.0028622032,disp_p,61145589.0,pu
4517,6,0.9899996,0.0058482606,0.0017985147,0.002353722,disp_p,61145589.0,pu
4517,7,0.9941381,0.003927704,0.0006508997,0.0012833285,disp_p,61145589.0,pu
4517,8,0.99024385,0.006026472,0.0016437335,0.0020860205,disp_p,61145589.0,pu
4517,9,0.9839326,0.010860693,0.0021993008,0.0030074816,disp_p,61145589.0,pu
4517,10,0.99048436,0.0061486578,0.0015327386,0.0018343141,disp_p,61145589.0,pu
4783,1,0.99848574,0.0013184897,9.198937e-05,0.0001037462,disp_p,85791385.0,pu
4783,2,0.9997863,0.00020185875,8.178212e-06,3.6595497e-06,disp_p,85791385.0,pu
4783,3,0.9996357,0.00034176026,1.5167849e-05,7.4409522e-06,disp_p,85791385.0,pu
4783,4,0.9990207,0.0009100963,4.643862e-05,2.2747168e-05,disp_p,85791385.0,pu
4783,5,0.99977523,0.00020508164,1.2779021e-05,6.89416e-06,disp_p,85791385.0,pu
4783,6,0.9998487,0.00014038564,7.921951e-06,3.0150775e-06,disp_p,85791385.0,pu
4783,7,0.99830437,0.0015618749,5.832589e-05,7.537415e-05,disp_p,85791385.0,pu
4783,8,0.99974376,0.00024093511,9.875466e-06,5.4003476e-06,disp_p,85791385.0,pu
4783,9,0.99963605,0.00034696146,1.410699e-05,2.8678028e-06,disp_p,85791385.0,pu
4783,10,0.9998054,0.00017103746,1.7991937e-05,5.547631e-06,disp_p,85791385.0,pu
5471,1,0.9565809,0.005169647,0.0026139794,0.035635505,disp_p,147923561.0,pu
5471,2,0.96941704,0.006794575,0.0028070936,0.020981345,disp_p,147923561.0,pu
5471,3,0.9559805,0.0094922865,0.0036360924,0.03089121,disp_p,147923561.0,pu
5471,4,0.94772243,0.0138847055,0.0047542355,0.033638667,disp_p,147923561.0,pu
5471,5,0.96562093,0.008303288,0.0055816425,0.020494133,disp_p,147923561.0,pu
5471,6,0.9646056,0.012328971,0.004618691,0.018446753,disp_p,147923561.0,pu
5471,7,0.8943342,0.011018636,0.00553897,0.08910816,disp_p,147923561.0,pu
5471,8,0.9598051,0.00924892,0.004735108,0.026210977,disp_p,147923561.0,pu
5471,9,0.9418397,0.014302049,0.005222257,0.038636044,disp_p,147923561.0,pu
5471,10,0.98661244,0.0040218327,0.0015105522,0.007855289,disp_p,147923561.0,pu
10405,1,0.99991703,5.7535402e-05,8.016155e-06,1.7477127e-05,disp_p,,
10405,2,0.99995637,3.3136148e-05,4.983349e-06,5.455805e-06,disp_p,,
10405,3,0.99995136,3.902515e-05,5.514301e-06,4.174203e-06,disp_p,,
10405,4,0.9997956,0.00018257333,1.3110685e-05,8.7595745e-06,disp_p,,
10405,5,0.99995184,3.4458284e-05,5.1422644e-06,8.589312e-06,disp_p,,
10405,6,0.999928,5.4993383e-05,7.3516367e-06,9.652316e-06,disp_p,,
10405,7,0.9998635,0.000117958065,6.1858846e-06,1.2286214e-05,disp_p,,
10405,8,0.9999181,6.6262204e-05,7.6223882e-06,7.953774e-06,disp_p,,
10405,9,0.9999361,5.3842174e-05,6.6508624e-06,3.384947e-06,disp_p,,
10405,10,0.9999175,4.1794134e-05,1.9202313e-05,2.1449714e-05,disp_p,,
10781,1,0.99990296,1.8978468e-09,6.354578e-10,9.699434e-05,disp_p,,
10781,2,0.99910337,2.5757086e-07,1.04170255e-08,0.0008963701,disp_p,,
10781,3,0.99979955,1.7367414e-09,1.4761843e-09,0.00020051988,disp_p,,
10781,4,0.99992263,4.0965357e-08,7.6002754e-10,7.727554e-05,disp_p,,
10781,5,0.9964611,8.699761e-09,4.4656208e-09,0.0035389047,disp_p,,
10781,6,0.9996499,3.935343e-11,4.689416e-11,0.00035011536,disp_p,,
10781,7,0.99874276,3.708083e-08,1.3950999e-09,0.0012572514,disp_p,,
10781,8,0.9999969,7.439048e-12,2.1634983e-13,3.0972708e-06,disp_p,,
10781,9,0.99987304,1.0528375e-09,1.6707001e-09,0.00012693623,disp_p,,
10781,10,0.99917465,6.505895e-09,2.9622663e-08,0.0008252798,disp_p,,
9734,1,0.9999999,3.520145e-24,1.1536667e-28,1.4528923e-07,disp_p,,
9734,2,0.99469095,1.2092827e-23,7.8467547e-28,0.005309042,disp_p,,
9734,3,0.5726854,1.1707872e-16,2.64542e-19,0.4273146,disp_p,,
9734,4,0.6665061,1.4556873e-17,2.192955e-23,0.3334939,disp_p,,
9734,5,0.99999976,5.494171e-26,8.6005955e-32,2.410622e-07,disp_p,,
9734,6,1.0,2.2689065e-30,2.6349946e-35,1.5022932e-10,disp_p,,
9734,7,0.9999999,1.0805304e-18,2.9205048e-26,1.0434833e-07,disp_p,,
9734,8,1.0,1.0958591e-28,3.9370623e-36,2.4714182e-09,disp_p,,
9734,9,0.9999982,3.8263564e-31,7.174449e-30,1.844071e-06,disp_p,,
9734,10,1.0,7.0564926e-32,4.1421623e-32,2.7567666e-09,disp_p,,
5570,1,0.98068786,0.018407144,0.000483657,0.00042138848,disp_p,154126149.0,pu
5570,2,0.9925513,0.0070431037,0.00027446225,0.00013112451,disp_p,154126149.0,pu
5570,3,0.9882302,0.011263214,0.00033105307,0.000175505,disp_p,154126149.0,pu
5570,4,0.98665476,0.012899286,0.00031820824,0.00012780492,disp_p,154126149.0,pu
5570,5,0.987374,0.012030059,0.0003770206,0.0002189722,disp_p,154126149.0,pu
5570,6,0.9903003,0.00924417,0.00031829815,0.00013725112,disp_p,154126149.0,pu
5570,7,0.98160136,0.017743053,0.00035104487,0.000304562,disp_p,154126149.0,pu
5570,8,0.9866426,0.0127649605,0.0003680057,0.00022441374,disp_p,154126149.0,pu
5570,9,0.987571,0.01210486,0.00025366945,7.037653e-05,disp_p,154126149.0,pu
5570,10,0.9894735,0.009849648,0.0004868044,0.00019007864,disp_p,154126149.0,pu
3337,1,0.036654513,0.9600562,0.001597784,0.001691506,disp_e,390673262.0,eb
3337,2,0.022214333,0.97147465,0.0029878255,0.0033231112,disp_e,390673262.0,eb
3337,3,0.022275347,0.97338337,0.0017312374,0.0026101384,disp_e,390673262.0,eb
3337,4,0.025034975,0.97220075,0.0013674246,0.0013968371,disp_e,390673262.0,eb
3337,5,0.022095177,0.9731077,0.0020683566,0.0027287367,disp_e,390673262.0,eb
3337,6,0.023316815,0.971142,0.0029081712,0.0026330815,disp_e,390673262.0,eb
3337,7,0.022124976,0.97536963,0.0013172049,0.0011882472,disp_e,390673262.0,eb
3337,8,0.019659346,0.9725114,0.0026406634,0.005188583,disp_e,390673262.0,eb
3337,9,0.018685896,0.9764815,0.002199191,0.0026334128,disp_e,390673262.0,eb
3337,10,0.020543495,0.97419864,0.0021843945,0.0030734167,disp_e,390673262.0,eb
6669,1,0.9626441,0.0362575,0.00059179205,0.00050654996,disp_p,255768108.0,pu
6669,2,0.9762365,0.02336557,0.00027860078,0.00011929453,disp_p,255768108.0,pu
6669,3,0.97041905,0.029114008,0.0003126045,0.00015432217,disp_p,255768108.0,pu
6669,4,0.96038437,0.03883782,0.00052507076,0.0002528042,disp_p,255768108.0,pu
6669,5,0.96536106,0.034118216,0.0003586305,0.0001621326,disp_p,255768108.0,pu
6669,6,0.9772373,0.022354454,0.00030093678,0.00010731367,disp_p,255768108.0,pu
6669,7,0.9535455,0.045485515,0.00053614296,0.00043276514,disp_p,255768108.0,pu
6669,8,0.9669307,0.032567035,0.00030823413,0.00019412236,disp_p,255768108.0,pu
6669,9,0.9613901,0.03823781,0.0003075706,6.4492364e-05,disp_p,255768108.0,pu
6669,10,0.9755445,0.02384985,0.00046399733,0.00014154143,disp_p,255768108.0,pu
9236,1,0.95589393,0.0061035967,0.0034908587,0.034511514,disp_p,467006627.0,pu
9236,2,0.9117264,0.049003385,0.0072067836,0.032063365,disp_p,467006627.0,pu
9236,3,0.8865064,0.06561525,0.009534673,0.038343772,disp_p,467006627.0,pu
9236,4,0.93965167,0.028963057,0.005719391,0.025665848,disp_p,467006627.0,pu
9236,5,0.8654757,0.08729456,0.010774281,0.036455348,disp_p,467006627.0,pu
9236,6,0.9132765,0.05519061,0.008216846,0.023316046,disp_p,467006627.0,pu
9236,7,0.9121682,0.015497314,0.0073150117,0.065019466,disp_p,467006627.0,pu
9236,8,0.8465688,0.07671503,0.011314953,0.0654013,disp_p,467006627.0,pu
9236,9,0.88851416,0.06330004,0.008094161,0.040091634,disp_p,467006627.0,pu
9236,10,0.86507463,0.08071582,0.010341484,0.043868035,disp_p,467006627.0,pu
5977,1,0.9995204,0.00033163,5.303807e-05,9.4941744e-05,disp_p,188768068.0,pu
5977,2,0.9996495,0.00031163424,2.3051083e-05,1.5792091e-05,disp_p,188768068.0,pu
5977,3,0.9994881,0.0004430048,4.2085576e-05,2.6855841e-05,disp_p,188768068.0,pu
5977,4,0.99947923,0.00040549802,6.1640814e-05,5.3715637e-05,disp_p,188768068.0,pu
5977,5,0.99967957,0.00026529204,3.207061e-05,2.3046348e-05,disp_p,188768068.0,pu
5977,6,0.9997632,0.00019113094,2.7492148e-05,1.8101808e-05,disp_p,188768068.0,pu
5977,7,0.9993042,0.0005409197,5.2394276e-05,0.00010251611,disp_p,188768068.0,pu
5977,8,0.9996915,0.00027939316,1.6909318e-05,1.22297e-05,disp_p,188768068.0,pu
5977,9,0.9994591,0.0004790961,4.5747223e-05,1.6028214e-05,disp_p,188768068.0,pu
5977,10,0.9997129,0.00023922176,3.3812605e-05,1.406294e-05,disp_p,188768068.0,pu
8719,1,0.9945786,0.0034455995,0.0004234239,0.0015524196,disp_p,416534875.0,pu
8719,2,0.9918527,0.0032683662,0.0010557399,0.0038232398,disp_p,416534875.0,pu
8719,3,0.99289495,0.0031846697,0.00087118265,0.003049264,disp_p,416534875.0,pu
8719,4,0.99690956,0.001977042,0.0004379559,0.00067553256,disp_p,416534875.0,pu
8719,5,0.98986816,0.0031854706,0.0016323316,0.00531408,disp_p,416534875.0,pu
8719,6,0.9941227,0.0024553237,0.0010098813,0.0024120808,disp_p,416534875.0,pu
8719,7,0.99385464,0.0043478394,0.00053916615,0.0012583982,disp_p,416534875.0,pu
8719,8,0.9893496,0.0042832335,0.0017550951,0.004612074,disp_p,416534875.0,pu
8719,9,0.9899803,0.0045960397,0.0012361029,0.0041875527,disp_p,416534875.0,pu
8719,10,0.9930132,0.0031466696,0.00082884484,0.0030112334,disp_p,416534875.0,pu
5698,1,0.99640924,0.0029564484,0.00027091976,0.000363319,disp_p,161479081.0,pu
5698,2,0.9991203,0.0008083123,4.5210007e-05,2.6121186e-05,disp_p,161479081.0,pu
5698,3,0.9984055,0.0014574234,8.6668624e-05,5.037236e-05,disp_p,161479081.0,pu
5698,4,0.99773115,0.0019870996,0.0001705261,0.000111172965,disp_p,161479081.0,pu
5698,5,0.99906343,0.00082801405,6.661323e-05,4.195563e-05,disp_p,161479081.0,pu
5698,6,0.999286,0.0006434274,4.711127e-05,2.3589435e-05,disp_p,161479081.0,pu
5698,7,0.9964657,0.0030427664,0.00019604353,0.00029557795,disp_p,161479081.0,pu
5698,8,0.9988877,0.0010094946,6.148184e-05,4.140987e-05,disp_p,161479081.0,pu
5698,9,0.9985954,0.001317515,6.7467816e-05,1.9530033e-05,disp_p,161479081.0,pu
5698,10,0.99911374,0.0007532067,9.309824e-05,3.98926e-05,disp_p,161479081.0,pu
4558,1,0.9945182,0.0048721028,0.00028556003,0.0003240872,disp_p,65981892.0,pu
4558,2,0.9977443,0.0020845465,0.000109262066,6.183224e-05,disp_p,65981892.0,pu
4558,3,0.996497,0.003254708,0.00015123648,9.706885e-05,disp_p,65981892.0,pu
4558,4,0.9963755,0.0033574475,0.00017046403,9.664664e-05,disp_p,65981892.0,pu
4558,5,0.997647,0.0021236995,0.00013990897,8.945733e-05,disp_p,65981892.0,pu
4558,6,0.99805754,0.0017790762,0.00010898308,5.434423e-05,disp_p,65981892.0,pu
4558,7,0.9942198,0.0053315046,0.00020613226,0.00024261975,disp_p,65981892.0,pu
4558,8,0.9974039,0.0023874072,0.00012210848,8.653554e-05,disp_p,65981892.0,pu
4558,9,0.9967781,0.0030461669,0.00013344393,4.230896e-05,disp_p,65981892.0,pu
4558,10,0.997752,0.0019838929,0.00017852859,8.557108e-05,disp_p,65981892.0,pu
2237,1,0.32596317,0.6706049,0.0019460332,0.0014859065,disp_e,193871389.0,et
2237,2,0.35278395,0.64458454,0.0018268358,0.0008046184,disp_e,193871389.0,et
2237,3,0.23891576,0.75882393,0.0013841038,0.0008761401,disp_e,193871389.0,et
2237,4,0.2599228,0.7371058,0.0019285275,0.0010429558,disp_e,193871389.0,et
2237,5,0.2686264,0.7293072,0.0014083392,0.00065806805,disp_e,193871389.0,et
2237,6,0.3199818,0.6772248,0.002002414,0.0007909095,disp_e,193871389.0,et
2237,7,0.22419246,0.7731473,0.0016447578,0.0010155132,disp_e,193871389.0,et
2237,8,0.36535227,0.63197285,0.0014548339,0.0012201029,disp_e,193871389.0,et
2237,9,0.2619113,0.7360635,0.0015714286,0.00045370933,disp_e,193871389.0,et
2237,10,0.36298984,0.6336186,0.002506537,0.0008851294,disp_e,193871389.0,et
5908,1,0.9539702,0.039462384,0.002980287,0.0035871244,disp_p,179987678.0,pu
5908,2,0.9750328,0.021927012,0.0017089132,0.0013313683,disp_p,179987678.0,pu
5908,3,0.9532376,0.041083857,0.0029626335,0.0027158954,disp_p,179987678.0,pu
5908,4,0.9523939,0.04214188,0.002886123,0.0025780674,disp_p,179987678.0,pu
5908,5,0.9688487,0.027422864,0.0021093164,0.0016191585,disp_p,179987678.0,pu
5908,6,0.9799438,0.01651096,0.0019417261,0.0016034462,disp_p,179987678.0,pu
5908,7,0.96056145,0.033639908,0.0026656052,0.0031329913,disp_p,179987678.0,pu
5908,8,0.9753939,0.021789907,0.0015013844,0.001314863,disp_p,179987678.0,pu
5908,9,0.94334006,0.051443435,0.0035349587,0.0016816388,disp_p,179987678.0,pu
5908,10,0.9798803,0.017504474,0.0016472512,0.0009680026,disp_p,179987678.0,pu
27266,1,0.013552233,0.070557244,0.006203649,0.9096869,disp_j,235382434.0,J
27266,2,0.030540384,0.14134899,0.008728239,0.8193824,disp_j,235382434.0,J
27266,3,0.035088446,0.25440854,0.011675428,0.69882756,disp_e,235382434.0,J
27266,4,0.018611828,0.10131304,0.0058808895,0.87419426,disp_j,235382434.0,J
27266,5,0.030480431,0.1855083,0.012315195,0.77169603,disp_j,235382434.0,J
27266,6,0.024622684,0.096633255,0.013715699,0.86502844,disp_j,235382434.0,J
27266,7,0.013969426,0.054528367,0.010309725,0.92119247,disp_j,235382434.0,J
27266,8,0.026923077,0.13055044,0.011099321,0.8314273,disp_j,235382434.0,J
27266,9,0.021832883,0.20790266,0.008262606,0.7620019,disp_j,235382434.0,J
27266,10,0.040491458,0.17279069,0.011349633,0.7753682,disp_j,235382434.0,J
1884,1,0.63382846,0.30883572,0.013715459,0.04362034,disp_e,84356562.0,pb
1884,2,0.106928825,0.7731564,0.020669011,0.09924578,disp_e,84356562.0,pb
1884,3,0.13092843,0.7105578,0.019230483,0.1392833,disp_e,84356562.0,pb
1884,4,0.33255175,0.49690765,0.026703697,0.14383689,disp_e,84356562.0,pb
1884,5,0.085898206,0.8161748,0.018155094,0.07977188,disp_e,84356562.0,pb
1884,6,0.111581825,0.8096062,0.01899164,0.05982044,disp_e,84356562.0,pb
1884,7,0.5896059,0.2692275,0.02813819,0.11302836,disp_e,84356562.0,pb
1884,8,0.07124165,0.82697475,0.014037026,0.087746516,disp_e,84356562.0,pb
1884,9,0.12671189,0.73648,0.019158544,0.117649615,disp_e,84356562.0,pb
1884,10,0.09382991,0.8185477,0.012254352,0.075368054,disp_e,84356562.0,pb
4236,1,0.9987638,0.000111196685,6.5954526e-05,0.0010590072,disp_p,33840683.0,pu
4236,2,0.999747,0.00014586015,3.4254947e-05,7.299677e-05,disp_p,33840683.0,pu
4236,3,0.9996984,0.00016771216,4.0786566e-05,9.314251e-05,disp_p,33840683.0,pu
4236,4,0.99926406,0.00026874786,0.00010297291,0.00036425606,disp_p,33840683.0,pu
4236,5,0.99975437,0.00010873726,4.7850943e-05,8.9018075e-05,disp_p,33840683.0,pu
4236,6,0.99980694,9.057717e-05,3.9812378e-05,6.27202e-05,disp_p,33840683.0,pu
4236,7,0.9985644,0.00028928329,0.00010241395,0.0010439097,disp_p,33840683.0,pu
4236,8,0.99980336,9.52727e-05,3.5005105e-05,6.62898e-05,disp_p,33840683.0,pu
4236,9,0.9997527,0.00014363303,3.6068817e-05,6.754878e-05,disp_p,33840683.0,pu
4236,10,0.999856,7.517224e-05,2.7151373e-05,4.16413e-05,disp_p,33840683.0,pu
26614,1,0.46274123,0.00048292198,0.0008166546,0.5359592,disp_j,142083564.0,J
26614,2,0.36959395,0.0021001028,0.001340842,0.6269651,disp_j,142083564.0,J
26614,3,0.20447019,0.0010156445,0.0012314058,0.79328275,disp_j,142083564.0,J
26614,4,0.22200127,0.0016523656,0.0014130279,0.7749333,disp_j,142083564.0,J
26614,5,0.3322074,0.0016963596,0.0028648828,0.6632313,disp_j,142083564.0,J
26614,6,0.476686,0.0016726988,0.0015210633,0.52012026,disp_j,142083564.0,J
26614,7,0.21465279,0.00093060045,0.0011030375,0.78331363,disp_j,142083564.0,J
26614,8,0.16809145,0.0019367466,0.0026988254,0.82727295,disp_j,142083564.0,J
26614,9,0.07847138,0.0012089437,0.0007901791,0.91952944,disp_j,142083564.0,J
26614,10,0.44791,0.0020121506,0.001238884,0.54883903,disp_j,142083564.0,J
9687,1,0.9831844,0.0016565764,0.0018012905,0.013357705,disp_p,,
9687,2,0.9863073,0.0018530122,0.0010024157,0.010837141,disp_p,,
9687,3,0.9801466,0.005134905,0.003423771,0.011294843,disp_p,,
9687,4,0.9836615,0.002288278,0.0012052387,0.012844978,disp_p,,
9687,5,0.9835271,0.0021439267,0.0010685811,0.013260411,disp_p,,
9687,6,0.9883599,0.0013347567,0.00087672996,0.009428631,disp_p,,
9687,7,0.9825618,0.0018277633,0.0012940036,0.014316361,disp_p,,
9687,8,0.98578215,0.0018285611,0.0010128969,0.011376448,disp_p,,
9687,9,0.9845143,0.002622275,0.0014752357,0.011388199,disp_p,,
9687,10,0.9894141,0.0009919626,0.0010732288,0.008520696,disp_p,,
2502,1,0.24764241,0.74784416,0.0023191422,0.0021943732,disp_e,250125954.0,eb
2502,2,0.045353174,0.9465944,0.00408468,0.0039678128,disp_e,250125954.0,eb
2502,3,0.058854,0.93317646,0.0032088156,0.0047606593,disp_e,250125954.0,eb
2502,4,0.18328546,0.80827147,0.0047077388,0.0037353707,disp_e,250125954.0,eb
2502,5,0.04519566,0.947138,0.0033281373,0.0043381993,disp_e,250125954.0,eb
2502,6,0.039139558,0.9521803,0.0045766803,0.0041034273,disp_e,250125954.0,eb
2502,7,0.14148381,0.8542042,0.0023335745,0.0019783948,disp_e,250125954.0,eb
2502,8,0.026728315,0.965988,0.0027109,0.0045728274,disp_e,250125954.0,eb
2502,9,0.039978433,0.9533998,0.0028836934,0.0037380278,disp_e,250125954.0,eb
2502,10,0.049224086,0.9447369,0.002653135,0.003385842,disp_e,250125954.0,eb
2423,1,0.09263748,0.89665633,0.004866978,0.005839271,disp_e,233943166.0,eb
2423,2,0.105626136,0.8778789,0.007326975,0.009167949,disp_e,233943166.0,eb
2423,3,0.070083454,0.91548526,0.005040516,0.009390813,disp_e,233943166.0,eb
2423,4,0.11443503,0.8749623,0.0049313507,0.0056714527,disp_e,233943166.0,eb
2423,5,0.08506603,0.8989901,0.006541726,0.009402163,disp_e,233943166.0,eb
2423,6,0.06272964,0.92589575,0.005923251,0.005451336,disp_e,233943166.0,eb
2423,7,0.06675319,0.92658323,0.0032914667,0.0033721626,disp_e,233943166.0,eb
2423,8,0.083010085,0.88958436,0.009772175,0.01763331,disp_e,233943166.0,eb
2423,9,0.068415165,0.91491187,0.007034273,0.009638674,disp_e,233943166.0,eb
2423,10,0.11802586,0.8675847,0.0062547224,0.008134719,disp_e,233943166.0,eb
1970,1,0.011515397,0.9883001,0.00011528377,6.9311536e-05,disp_e,122707747.0,eb
1970,2,0.02267948,0.9752946,0.0013182496,0.0007076913,disp_e,122707747.0,eb
1970,3,0.025361834,0.9728627,0.0009045469,0.00087088987,disp_e,122707747.0,eb
1970,4,0.011173637,0.9881179,0.0004760119,0.00023256241,disp_e,122707747.0,eb
1970,5,0.02213651,0.9763496,0.00095032994,0.00056353986,disp_e,122707747.0,eb
1970,6,0.018062554,0.980121,0.0012760563,0.0005403837,disp_e,122707747.0,eb
1970,7,0.00936915,0.9904028,0.00015160628,7.637469e-05,disp_e,122707747.0,eb
1970,8,0.01552703,0.9819073,0.001094698,0.0014709483,disp_e,122707747.0,eb
1970,9,0.033047874,0.965106,0.0011122494,0.00073393487,disp_e,122707747.0,eb
1970,10,0.027652811,0.9707243,0.0010169842,0.00060588046,disp_e,122707747.0,eb
2627,1,0.0018807243,0.99802965,5.2447354e-05,3.7109963e-05,disp_e,277237632.0,eb
2627,2,0.0046193567,0.9943145,0.00059103494,0.00047512577,disp_e,277237632.0,eb
2627,3,0.0046545863,0.99455124,0.00033338927,0.00046082208,disp_e,277237632.0,eb
2627,4,0.002615769,0.99699163,0.00022173798,0.00017081591,disp_e,277237632.0,eb
2627,5,0.004175748,0.9950637,0.0003903822,0.00037016365,disp_e,277237632.0,eb
2627,6,0.0031386637,0.9960485,0.0005101891,0.00030260556,disp_e,277237632.0,eb
2627,7,0.0022052214,0.99765176,8.617543e-05,5.685841e-05,disp_e,277237632.0,eb
2627,8,0.0035324944,0.9952767,0.00044972924,0.00074107037,disp_e,277237632.0,eb
2627,9,0.0046823327,0.9944465,0.00043956988,0.00043151592,disp_e,277237632.0,eb
2627,10,0.00455912,0.99459815,0.0004415771,0.00040109144,disp_e,277237632.0,eb
1155,1,0.97405165,0.022720056,0.0011741905,0.0020540827,disp_p,340064696.0,eb
1155,2,0.11307584,0.8690876,0.009030805,0.0088057825,disp_e,340064696.0,eb
1155,3,0.28866974,0.6892142,0.008932778,0.013183254,disp_e,340064696.0,eb
1155,4,0.7899748,0.19531082,0.0056519927,0.00906232,disp_p,340064696.0,eb
1155,5,0.08335558,0.90452653,0.0055155796,0.006602298,disp_e,340064696.0,eb
1155,6,0.099669434,0.88326275,0.008370139,0.008697622,disp_e,340064696.0,eb
1155,7,0.936598,0.05631485,0.002589891,0.004497351,disp_p,340064696.0,eb
1155,8,0.06898753,0.92176336,0.003532774,0.0057162973,disp_e,340064696.0,eb
1155,9,0.37511757,0.60126716,0.011497561,0.012117735,disp_e,340064696.0,eb
1155,10,0.12153433,0.8687,0.005304421,0.0044612167,disp_e,340064696.0,eb
5182,1,0.9975067,0.0021194678,0.0001628465,0.00021104407,disp_p,126125073.0,pu
5182,2,0.99935764,0.0006270473,1.1006271e-05,4.3762216e-06,disp_p,126125073.0,pu
5182,3,0.9978961,0.0020544739,3.4229015e-05,1.5181969e-05,disp_p,126125073.0,pu
5182,4,0.9963857,0.0034062997,0.00012936434,7.870725e-05,disp_p,126125073.0,pu
5182,5,0.99902666,0.0009470102,1.8310142e-05,8.023152e-06,disp_p,126125073.0,pu
5182,6,0.9992873,0.0006911738,1.6135908e-05,5.431095e-06,disp_p,126125073.0,pu
5182,7,0.9970349,0.002634955,0.00013702118,0.00019307299,disp_p,126125073.0,pu
5182,8,0.9988707,0.0011000468,1.9027126e-05,1.0226075e-05,disp_p,126125073.0,pu
5182,9,0.99831945,0.0016540233,2.2545748e-05,3.969811e-06,disp_p,126125073.0,pu
5182,10,0.99916434,0.00079512957,3.2209136e-05,8.403537e-06,disp_p,126125073.0,pu
10532,1,1.0,5.19552e-30,0.0,8.325659e-24,disp_p,,
10532,2,0.98020786,8.462942e-26,1.6398212e-34,0.01979219,disp_p,,
10532,3,1.0,2.5658457e-29,3.0341029e-32,2.9714287e-11,disp_p,,
10532,4,1.0,9.582366e-25,1.5063722e-34,9.295058e-11,disp_p,,
10532,5,0.21779338,3.825611e-19,3.5235426e-32,0.78220665,disp_j,,
10532,6,1.0,0.0,0.0,7.0011576e-15,disp_p,,
10532,7,1.0,6.6546307e-16,2.3489747e-27,1.4844115e-10,disp_p,,
10532,8,1.0,1.6685875e-24,0.0,9.450477e-11,disp_p,,
10532,9,1.0,0.0,0.0,1.2878676e-21,disp_p,,
10532,10,0.0013452632,7.1362796e-22,1.4331958e-28,0.9986547,disp_j,,
1164,1,0.6507767,0.34807447,0.00059856515,0.0005502646,disp_e,343340931.0,et
1164,2,0.08762751,0.91168255,0.0004838359,0.00020614832,disp_e,343340931.0,et
1164,3,0.046752725,0.95263994,0.0003219354,0.00028535037,disp_e,343340931.0,et
1164,4,0.20497608,0.793249,0.0010949711,0.0006799712,disp_e,343340931.0,et
1164,5,0.09224144,0.90722895,0.0003488932,0.00018072328,disp_e,343340931.0,et
1164,6,0.12555625,0.8734238,0.0007215614,0.00029827975,disp_e,343340931.0,et
1164,7,0.4069114,0.5913173,0.0009869536,0.00078434596,disp_e,343340931.0,et
1164,8,0.091270894,0.90801346,0.00036330562,0.0003523679,disp_e,343340931.0,et
1164,9,0.058586746,0.94082844,0.0003992416,0.00018560448,disp_e,343340931.0,et
1164,10,0.0973013,0.901917,0.0005719666,0.00020974055,disp_e,343340931.0,et
7756,1,0.8143432,0.13195491,0.01393046,0.039771426,disp_p,332880327.0,pu
7756,2,0.76834494,0.17380914,0.018612647,0.03923331,disp_p,332880327.0,pu
7756,3,0.67951226,0.24520954,0.020564359,0.05471386,disp_e,332880327.0,pu
7756,4,0.7756765,0.16113731,0.014377315,0.048808884,disp_p,332880327.0,pu
7756,5,0.7018035,0.23254293,0.020572094,0.045081474,disp_e,332880327.0,pu
7756,6,0.8249445,0.120782204,0.016473258,0.03780001,disp_p,332880327.0,pu
7756,7,0.7972675,0.134858,0.017611982,0.05026252,disp_p,332880327.0,pu
7756,8,0.8192956,0.13882682,0.013422837,0.028454727,disp_p,332880327.0,pu
7756,9,0.65211725,0.27247697,0.024107808,0.051298045,disp_e,332880327.0,pu
7756,10,0.83326966,0.13030225,0.012893569,0.023534495,disp_p,332880327.0,pu
654,1,0.99137914,0.0055538053,0.00076584273,0.0023012925,disp_p,234345288.0,pt
654,2,0.9959734,0.0035427602,0.00024864962,0.00023520555,disp_p,234345288.0,pt
654,3,0.9919384,0.007175268,0.00045006906,0.00043623874,disp_p,234345288.0,pt
654,4,0.99277335,0.005900818,0.00064770115,0.0006781586,disp_p,234345288.0,pt
654,5,0.9961384,0.0032955399,0.00028534545,0.00028066745,disp_p,234345288.0,pt
654,6,0.9961003,0.0032846394,0.00034251984,0.00027246005,disp_p,234345288.0,pt
654,7,0.9893066,0.0069032623,0.0011506979,0.002639452,disp_p,234345288.0,pt
654,8,0.99615186,0.0031525525,0.00033323962,0.0003623172,disp_p,234345288.0,pt
654,9,0.9933795,0.006022141,0.00038038127,0.0002179562,disp_p,234345288.0,pt
654,10,0.9962714,0.0030785732,0.00036241405,0.000287536,disp_p,234345288.0,pt
4836,1,0.9315842,0.010351339,0.005200195,0.052864313,disp_p,91287873.0,pu
4836,2,0.9919435,0.0069688647,0.0004708445,0.0006167619,disp_p,91287873.0,pu
4836,3,0.97950226,0.018193847,0.0009973653,0.0013064627,disp_p,91287873.0,pu
4836,4,0.97409105,0.014977969,0.0027463161,0.008184676,disp_p,91287873.0,pu
4836,5,0.98734134,0.011002405,0.0006908142,0.000965498,disp_p,91287873.0,pu
4836,6,0.9927857,0.0058093374,0.0006500784,0.000754905,disp_p,91287873.0,pu
4836,7,0.9386364,0.0161079,0.0062941653,0.038961466,disp_p,91287873.0,pu
4836,8,0.992763,0.0053281393,0.0007436525,0.0011652083,disp_p,91287873.0,pu
4836,9,0.97921145,0.018766396,0.0010115168,0.0010106133,disp_p,91287873.0,pu
4836,10,0.9902326,0.0078052483,0.0008868158,0.0010752834,disp_p,91287873.0,pu
9450,1,0.99925107,8.0751444e-05,3.8312784e-05,0.00062977785,disp_p,,
9450,2,0.9997366,3.29669e-05,2.2492646e-05,0.00020793418,disp_p,,
9450,3,0.9999057,2.5249934e-05,1.1458297e-05,5.7564055e-05,disp_p,,
9450,4,0.99950063,0.0002335887,5.3259228e-05,0.00021245745,disp_p,,
9450,5,0.99981076,3.236084e-05,2.8136668e-05,0.00012877773,disp_p,,
9450,6,0.99977726,5.067624e-05,3.0493604e-05,0.00014155541,disp_p,,
9450,7,0.99963105,0.00011366269,2.8327682e-05,0.00022692651,disp_p,,
9450,8,0.99973255,3.3502234e-05,3.2302596e-05,0.0002016851,disp_p,,
9450,9,0.9997894,4.7999198e-05,2.2679491e-05,0.00013992262,disp_p,,
9450,10,0.9997359,3.255652e-05,3.6231584e-05,0.00019526145,disp_p,,
27302,1,0.14864238,0.002883291,0.003863845,0.8446105,disp_j,238854223.0,J
27302,2,0.07763716,0.0069440543,0.0034178055,0.9120009,disp_j,238854223.0,J
27302,3,0.053874455,0.006751093,0.004564021,0.9348104,disp_j,238854223.0,J
27302,4,0.077517554,0.0028067967,0.0020398546,0.9176358,disp_j,238854223.0,J
27302,5,0.055373795,0.005639239,0.0030426546,0.9359443,disp_j,238854223.0,J
27302,6,0.058887057,0.0035135772,0.002314499,0.9352849,disp_j,238854223.0,J
27302,7,0.08731348,0.0021839142,0.0021604314,0.9083422,disp_j,238854223.0,J
27302,8,0.051409114,0.006763927,0.0028341352,0.93899286,disp_j,238854223.0,J
27302,9,0.054303862,0.00512582,0.0025131644,0.9380572,disp_j,238854223.0,J
27302,10,0.055073675,0.009139952,0.0026537133,0.9331326,disp_j,238854223.0,J
4066,1,0.9894711,0.00933663,0.0005527838,0.00063957175,disp_p,20182780.0,pu
4066,2,0.99857473,0.0013554988,4.7656213e-05,2.2158012e-05,disp_p,20182780.0,pu
4066,3,0.9967212,0.003150108,8.6656524e-05,4.206231e-05,disp_p,20182780.0,pu
4066,4,0.99223024,0.007284683,0.0003129705,0.00017209264,disp_p,20182780.0,pu
4066,5,0.99822253,0.0016793675,6.4520376e-05,3.3542772e-05,disp_p,20182780.0,pu
4066,6,0.99867094,0.0012588508,5.0647926e-05,1.9584406e-05,disp_p,20182780.0,pu
4066,7,0.9888341,0.010218902,0.0004273763,0.0005195875,disp_p,20182780.0,pu
4066,8,0.99800855,0.0018806952,7.0629685e-05,4.0141094e-05,disp_p,20182780.0,pu
4066,9,0.99682236,0.0030991177,6.354426e-05,1.4933159e-05,disp_p,20182780.0,pu
4066,10,0.99858284,0.0012782433,0.00010313221,3.5837762e-05,disp_p,20182780.0,pu
6073,1,0.9995913,0.00015515451,5.3948792e-05,0.00019961483,disp_p,198360694.0,pu
6073,2,0.99980265,0.00015399931,2.1252501e-05,2.221094e-05,disp_p,198360694.0,pu
6073,3,0.99974304,0.00018792579,3.4345227e-05,3.4675988e-05,disp_p,198360694.0,pu
6073,4,0.99958986,0.0002401381,6.7818866e-05,0.00010219172,disp_p,198360694.0,pu
6073,5,0.9998572,9.027712e-05,2.5098494e-05,2.7424654e-05,disp_p,198360694.0,pu
6073,6,0.99986863,8.476262e-05,2.500403e-05,2.1560496e-05,disp_p,198360694.0,pu
6073,7,0.9992913,0.00031648084,7.711143e-05,0.0003151108,disp_p,198360694.0,pu
6073,8,0.99990416,6.9203816e-05,1.3485644e-05,1.3149301e-05,disp_p,198360694.0,pu
6073,9,0.9997274,0.00020495296,4.083274e-05,2.6755888e-05,disp_p,198360694.0,pu
6073,10,0.99991024,6.272543e-05,1.5443984e-05,1.1553571e-05,disp_p,198360694.0,pu
475,1,0.010569847,0.98936987,4.0851693e-05,1.9451829e-05,disp_e,157332634.0,et
475,2,0.012803822,0.98566204,0.00094750733,0.0005865923,disp_e,157332634.0,et
475,3,0.015542933,0.98305213,0.00065779506,0.0007470319,disp_e,157332634.0,et
475,4,0.027212474,0.9720839,0.00048838835,0.00021514915,disp_e,157332634.0,et
475,5,0.011625197,0.9872289,0.000626816,0.00051906717,disp_e,157332634.0,et
475,6,0.01583389,0.9823131,0.0012325543,0.00062047073,disp_e,157332634.0,et
475,7,0.008480084,0.9914281,6.348274e-05,2.8406566e-05,disp_e,157332634.0,et
475,8,0.008692109,0.9901164,0.000490911,0.000700556,disp_e,157332634.0,et
475,9,0.018477699,0.9801846,0.00078042445,0.0005572707,disp_e,157332634.0,et
475,10,0.009989404,0.9889874,0.00061046385,0.00041270372,disp_e,157332634.0,et
10689,1,0.9558652,0.002083772,0.0016744867,0.040376578,disp_p,,
10689,2,0.95384264,0.0032189898,0.0020462521,0.04089218,disp_p,,
10689,3,0.98919976,0.0018818099,0.00090590725,0.008012526,disp_p,,
10689,4,0.9719811,0.003853783,0.0022084315,0.02195662,disp_p,,
10689,5,0.9589156,0.0038172954,0.003102489,0.034164585,disp_p,,
10689,6,0.97063744,0.003920039,0.0023853735,0.023057157,disp_p,,
10689,7,0.9569826,0.0030054236,0.0023172332,0.03769477,disp_p,,
10689,8,0.976937,0.003254263,0.0019826223,0.017826168,disp_p,,
10689,9,0.973231,0.00366112,0.001880063,0.021227792,disp_p,,
10689,10,0.92294353,0.006272137,0.0032604886,0.067523904,disp_p,,
3414,1,0.02738885,0.9722573,0.00022576099,0.00012806103,disp_e,407066449.0,et
3414,2,0.021416714,0.9762744,0.0014521447,0.00085679104,disp_e,407066449.0,et
3414,3,0.02505707,0.97283214,0.0011049254,0.0010058513,disp_e,407066449.0,et
3414,4,0.03130079,0.96753013,0.00075722055,0.00041188314,disp_e,407066449.0,et
3414,5,0.023145257,0.97500247,0.0010804778,0.0007718948,disp_e,407066449.0,et
3414,6,0.028056657,0.9695276,0.0016298095,0.00078589376,disp_e,407066449.0,et
3414,7,0.02805474,0.9715135,0.0002940593,0.00013764758,disp_e,407066449.0,et
3414,8,0.031838115,0.965398,0.0013307208,0.0014331363,disp_e,407066449.0,et
3414,9,0.024651943,0.9734191,0.001203148,0.00072583195,disp_e,407066449.0,et
3414,10,0.02383302,0.97428757,0.0011450307,0.0007343935,disp_e,407066449.0,et
2404,1,0.00799409,0.9919191,5.5541357e-05,3.129996e-05,disp_e,233105417.0,eb
2404,2,0.0061009955,0.99346393,0.00028573157,0.00014928913,disp_e,233105417.0,eb
2404,3,0.006799809,0.9928548,0.00016506766,0.00018039436,disp_e,233105417.0,eb
2404,4,0.0064793127,0.9931821,0.00022183417,0.000116686104,disp_e,233105417.0,eb
2404,5,0.007462251,0.992155,0.00023490634,0.00014784376,disp_e,233105417.0,eb
2404,6,0.006414267,0.9930529,0.00038043433,0.00015233237,disp_e,233105417.0,eb
2404,7,0.006786275,0.993071,9.330826e-05,4.9326583e-05,disp_e,233105417.0,eb
2404,8,0.0060607996,0.993483,0.00019399874,0.00026223733,disp_e,233105417.0,eb
2404,9,0.007750758,0.9918743,0.00022621987,0.00014876282,disp_e,233105417.0,eb
2404,10,0.0059838817,0.99371594,0.0001874871,0.00011266828,disp_e,233105417.0,eb
4171,1,0.9824858,0.011522404,0.0019715573,0.0040202835,disp_p,29336129.0,pu
4171,2,0.9727428,0.019807108,0.0030919714,0.0043581934,disp_p,29336129.0,pu
4171,3,0.96478504,0.026444651,0.003657506,0.0051128445,disp_p,29336129.0,pu
4171,4,0.9708844,0.021650294,0.003059799,0.0044055283,disp_p,29336129.0,pu
4171,5,0.9772555,0.015658986,0.0029649409,0.004120491,disp_p,29336129.0,pu
4171,6,0.9844737,0.009948191,0.002430865,0.0031472612,disp_p,29336129.0,pu
4171,7,0.9768712,0.014811781,0.0026585949,0.0056584193,disp_p,29336129.0,pu
4171,8,0.9728124,0.01929938,0.003158991,0.0047292775,disp_p,29336129.0,pu
4171,9,0.96850914,0.024621285,0.003724889,0.0031446978,disp_p,29336129.0,pu
4171,10,0.98204696,0.013352665,0.0021773006,0.002423048,disp_p,29336129.0,pu
6936,1,0.99895704,0.0008053965,9.7976146e-05,0.00013949555,disp_p,272785423.0,pu
6936,2,0.9998122,0.0001823531,3.9387137e-06,1.515863e-06,disp_p,272785423.0,pu
6936,3,0.99963236,0.00035630533,8.082559e-06,3.1799977e-06,disp_p,272785423.0,pu
6936,4,0.998767,0.0011294016,6.6250584e-05,3.7354093e-05,disp_p,272785423.0,pu
6936,5,0.99977535,0.00021605073,6.003327e-06,2.6299379e-06,disp_p,272785423.0,pu
6936,6,0.99987483,0.00012001117,3.903342e-06,1.2182983e-06,disp_p,272785423.0,pu
6936,7,0.9986755,0.001117304,7.6439916e-05,0.00013066674,disp_p,272785423.0,pu
6936,8,0.9996824,0.0003093602,5.6561375e-06,2.6322075e-06,disp_p,272785423.0,pu
6936,9,0.99960846,0.00038387888,6.696198e-06,9.615312e-07,disp_p,272785423.0,pu
6936,10,0.99975604,0.00022784511,1.31156685e-05,3.007409e-06,disp_p,272785423.0,pu
6930,1,0.99643445,0.003256896,0.00015907253,0.0001495865,disp_p,272645619.0,pu
6930,2,0.9987368,0.0011968513,4.5752415e-05,2.0648384e-05,disp_p,272645619.0,pu
6930,3,0.9984365,0.0014766676,5.7267996e-05,2.9611554e-05,disp_p,272645619.0,pu
6930,4,0.9975013,0.0023508745,0.00010365053,4.410066e-05,disp_p,272645619.0,pu
6930,5,0.9985821,0.0013242867,6.1028357e-05,3.2548145e-05,disp_p,272645619.0,pu
6930,6,0.99882585,0.0010997172,5.2745865e-05,2.1689099e-05,disp_p,272645619.0,pu
6930,7,0.99595547,0.0038270683,0.00010205581,0.000115398165,disp_p,272645619.0,pu
6930,8,0.99797815,0.0019300847,5.7440433e-05,3.4375054e-05,disp_p,272645619.0,pu
6930,9,0.9980628,0.0018670866,5.6053555e-05,1.4136354e-05,disp_p,272645619.0,pu
6930,10,0.99858344,0.0013025443,8.4388164e-05,2.9669398e-05,disp_p,272645619.0,pu
2334,1,0.034848824,0.96487325,0.00016768956,0.00011014438,disp_e,217784119.0,et
2334,2,0.017317427,0.98223156,0.00030776297,0.00014336294,disp_e,217784119.0,et
2334,3,0.012519258,0.9871198,0.00018827735,0.00017276428,disp_e,217784119.0,et
2334,4,0.016593266,0.9829601,0.00028365524,0.00016303951,disp_e,217784119.0,et
2334,5,0.02191202,0.9777451,0.00022099567,0.00012194511,disp_e,217784119.0,et
2334,6,0.024870444,0.97454697,0.00042093478,0.00016155312,disp_e,217784119.0,et
2334,7,0.01963513,0.9800734,0.00018583046,0.00010556006,disp_e,217784119.0,et
2334,8,0.025042119,0.97441703,0.00026168252,0.00027918376,disp_e,217784119.0,et
2334,9,0.015997024,0.9836288,0.0002515804,0.00012257298,disp_e,217784119.0,et
2334,10,0.028132755,0.9713253,0.00037059517,0.0001713341,disp_e,217784119.0,et
2538,1,0.72437114,0.27454877,0.00062952726,0.00045062494,disp_e,258827113.0,et
2538,2,0.58477193,0.4141508,0.0007706423,0.00030668738,disp_e,258827113.0,et
2538,3,0.3713658,0.62734926,0.0008117794,0.00047317403,disp_e,258827113.0,et
2538,4,0.5076843,0.49048162,0.0012233417,0.0006106465,disp_e,258827113.0,et
2538,5,0.60932434,0.38987517,0.000563675,0.00023685218,disp_e,258827113.0,et
2538,6,0.66999775,0.32880396,0.0008979671,0.0003002575,disp_e,258827113.0,et
2538,7,0.68721426,0.3114883,0.00078276836,0.000514671,disp_e,258827113.0,et
2538,8,0.5345572,0.46433768,0.0006237891,0.00048131737,disp_e,258827113.0,et
2538,9,0.47294393,0.5261906,0.00068841525,0.00017699949,disp_e,258827113.0,et
2538,10,0.5808894,0.41781262,0.0009978705,0.0003000912,disp_e,258827113.0,et
8604,1,0.9989272,0.0006802311,0.000113548864,0.00027894776,disp_p,405932063.0,pu
8604,2,0.99934894,0.00053004356,6.0835315e-05,6.0131264e-05,disp_p,405932063.0,pu
8604,3,0.9988458,0.00091813086,0.00011452248,0.00012151309,disp_p,405932063.0,pu
8604,4,0.9989937,0.00079963397,0.00010392645,0.00010276378,disp_p,405932063.0,pu
8604,5,0.99938846,0.00043490512,8.4509535e-05,9.220294e-05,disp_p,405932063.0,pu
8604,6,0.99953735,0.0003341882,6.7350215e-05,6.11129e-05,disp_p,405932063.0,pu
8604,7,0.9984505,0.0011543516,0.00011982708,0.00027524173,disp_p,405932063.0,pu
8604,8,0.9993987,0.0004871177,5.8455684e-05,5.5659293e-05,disp_p,405932063.0,pu
8604,9,0.99915195,0.0006835961,9.228201e-05,7.219043e-05,disp_p,405932063.0,pu
8604,10,0.9994842,0.00037841543,7.4124764e-05,6.332456e-05,disp_p,405932063.0,pu
7184,1,0.99860495,0.00076307566,0.00018135505,0.000450742,disp_p,288631580.0,pu
7184,2,0.9979752,0.0014668208,0.00022867766,0.00032941427,disp_p,288631580.0,pu
7184,3,0.9976145,0.0016222602,0.00033601196,0.00042731653,disp_p,288631580.0,pu
7184,4,0.99846834,0.0009299291,0.00025101728,0.0003506951,disp_p,288631580.0,pu
7184,5,0.9974872,0.0016519519,0.00035677638,0.0005040997,disp_p,288631580.0,pu
7184,6,0.9983473,0.0011134808,0.00026120662,0.00027801772,disp_p,288631580.0,pu
7184,7,0.99812967,0.0011924369,0.00020590113,0.00047200514,disp_p,288631580.0,pu
7184,8,0.9977519,0.0015166521,0.00033006028,0.00040141502,disp_p,288631580.0,pu
7184,9,0.99791545,0.0015478444,0.00027806128,0.0002586742,disp_p,288631580.0,pu
7184,10,0.9984207,0.0010880508,0.00021453819,0.00027663136,disp_p,288631580.0,pu
1157,1,0.36462763,0.63375545,0.00090244843,0.000714477,disp_e,341001796.0,et
1157,2,0.39478624,0.6028423,0.0016374234,0.00073399936,disp_e,341001796.0,et
1157,3,0.2013233,0.79668397,0.0011012522,0.0008915371,disp_e,341001796.0,et
1157,4,0.21720347,0.7801233,0.0017188041,0.0009544711,disp_e,341001796.0,et
1157,5,0.33530584,0.66265976,0.0012853512,0.0007490657,disp_e,341001796.0,et
1157,6,0.3486925,0.6484756,0.0020477648,0.0007841591,disp_e,341001796.0,et
1157,7,0.26180023,0.7362125,0.0012297302,0.0007575451,disp_e,341001796.0,et
1157,8,0.26602075,0.7316094,0.0012534803,0.001116317,disp_e,341001796.0,et
1157,9,0.3380075,0.6604033,0.0011137335,0.0004754056,disp_e,341001796.0,et
1157,10,0.35274133,0.64507866,0.0014903167,0.00068969006,disp_e,341001796.0,et
1945,1,0.12951422,0.81519157,0.004035464,0.05125879,disp_e,121196411.0,eb
1945,2,0.016338937,0.971421,0.0012045652,0.011035465,disp_e,121196411.0,eb
1945,3,0.013248144,0.96488255,0.0013613553,0.020507852,disp_e,121196411.0,eb
1945,4,0.036245286,0.9141924,0.0013358258,0.048226558,disp_e,121196411.0,eb
1945,5,0.016360154,0.96604586,0.00069549796,0.016898502,disp_e,121196411.0,eb
1945,6,0.011587335,0.97443414,0.0009314991,0.013047074,disp_e,121196411.0,eb
1945,7,0.074107744,0.8218897,0.0040948894,0.0999077,disp_e,121196411.0,eb
1945,8,0.0076999553,0.9799922,0.000738032,0.011569744,disp_e,121196411.0,eb
1945,9,0.014447681,0.95851326,0.0010402463,0.025998892,disp_e,121196411.0,eb
1945,10,0.010955234,0.979765,0.0005221288,0.008757573,disp_e,121196411.0,eb
6346,1,0.9962406,0.0031220035,0.00028039314,0.00035703194,disp_p,231559817.0,pu
6346,2,0.9988985,0.0010382874,4.2040698e-05,2.1149413e-05,disp_p,231559817.0,pu
6346,3,0.9971107,0.0027354334,9.618886e-05,5.7635734e-05,disp_p,231559817.0,pu
6346,4,0.9954111,0.0042752363,0.00019660534,0.00011701502,disp_p,231559817.0,pu
6346,5,0.9987159,0.0011853479,6.149566e-05,3.7287795e-05,disp_p,231559817.0,pu
6346,6,0.9990671,0.0008620462,4.874718e-05,2.2100017e-05,disp_p,231559817.0,pu
6346,7,0.9939752,0.0054683206,0.00024625345,0.000310295,disp_p,231559817.0,pu
6346,8,0.9986156,0.001285921,5.936349e-05,3.9013892e-05,disp_p,231559817.0,pu
6346,9,0.9978302,0.0020784915,7.132958e-05,1.9947984e-05,disp_p,231559817.0,pu
6346,10,0.99890125,0.0009778809,8.671596e-05,3.4120538e-05,disp_p,231559817.0,pu
4188,1,0.95409477,0.028953826,0.0034940194,0.013457419,disp_p,30122649.0,pu
4188,2,0.96981555,0.021978868,0.0027518847,0.005453699,disp_p,30122649.0,pu
4188,3,0.95418364,0.036206752,0.0034926976,0.0061168433,disp_p,30122649.0,pu
4188,4,0.96853405,0.020757442,0.003638621,0.007069864,disp_p,30122649.0,pu
4188,5,0.96642596,0.025155991,0.0031167034,0.0053014304,disp_p,30122649.0,pu
4188,6,0.96563315,0.023605485,0.003721422,0.0070399186,disp_p,30122649.0,pu
4188,7,0.9369636,0.038011674,0.0056653903,0.019359346,disp_p,30122649.0,pu
4188,8,0.96871066,0.023448031,0.0027273258,0.005114024,disp_p,30122649.0,pu
4188,9,0.92658794,0.06167472,0.0039602807,0.007777118,disp_p,30122649.0,pu
4188,10,0.9698434,0.023321848,0.0025082568,0.004326507,disp_p,30122649.0,pu
3726,1,0.024566632,0.9742198,0.00066250155,0.0005510746,disp_e,463734469.0,eb
3726,2,0.020933751,0.9745855,0.0023831993,0.0020975803,disp_e,463734469.0,eb
3726,3,0.019026538,0.97774655,0.0013058421,0.0019210494,disp_e,463734469.0,eb
3726,4,0.017737418,0.9802286,0.0010973196,0.00093665323,disp_e,463734469.0,eb
3726,5,0.01764203,0.9786653,0.001755579,0.0019370903,disp_e,463734469.0,eb
3726,6,0.013592034,0.98351836,0.0016991831,0.0011903868,disp_e,463734469.0,eb
3726,7,0.017122317,0.98151326,0.0007330902,0.00063134584,disp_e,463734469.0,eb
3726,8,0.015341809,0.9802459,0.0016282941,0.0027840445,disp_e,463734469.0,eb
3726,9,0.022771541,0.9729339,0.002056377,0.0022380708,disp_e,463734469.0,eb
3726,10,0.017574871,0.9787667,0.0016909578,0.0019673756,disp_e,463734469.0,eb
6911,1,0.99852186,0.0012020861,0.00011649446,0.00015950552,disp_p,271747067.0,pu
6911,2,0.9995352,0.00041229074,3.1592455e-05,2.0903895e-05,disp_p,271747067.0,pu
6911,3,0.9993563,0.0005544832,5.351214e-05,3.5758072e-05,disp_p,271747067.0,pu
6911,4,0.99908864,0.0007867896,7.54253e-05,4.918884e-05,disp_p,271747067.0,pu
6911,5,0.99957615,0.0003469837,4.480458e-05,3.2054697e-05,disp_p,271747067.0,pu
6911,6,0.9996296,0.00031149638,3.6611804e-05,2.2329928e-05,disp_p,271747067.0,pu
6911,7,0.9982223,0.0015704388,8.105226e-05,0.00012618363,disp_p,271747067.0,pu
6911,8,0.99956864,0.00038367766,2.7560976e-05,2.011572e-05,disp_p,271747067.0,pu
6911,9,0.9992473,0.0006714863,5.83285e-05,2.2821436e-05,disp_p,271747067.0,pu
6911,10,0.9996196,0.00031048013,4.747452e-05,2.2464934e-05,disp_p,271747067.0,pu
10490,1,0.9988544,0.00043403337,0.00010517495,0.00060637767,disp_p,,
10490,2,0.99811256,0.00014477894,8.167937e-05,0.0016610825,disp_p,,
10490,3,0.9977818,0.0009917727,0.00029726533,0.00092918775,disp_p,,
10490,4,0.99469405,0.004233051,0.0003230893,0.0007498015,disp_p,,
10490,5,0.99877053,0.00021032934,8.636452e-05,0.0009328481,disp_p,,
10490,6,0.9976427,0.0004618163,0.00012722836,0.001768239,disp_p,,
10490,7,0.9989649,0.00069926825,8.087596e-05,0.00025491705,disp_p,,
10490,8,0.9987311,0.00035109566,0.00015489152,0.00076293485,disp_p,,
10490,9,0.9981645,0.00065985246,0.00014893511,0.0010267647,disp_p,,
10490,10,0.9968959,0.00014505467,0.00013756321,0.002821418,disp_p,,
1177,1,0.039032355,0.96052855,0.0002626506,0.00017647895,disp_e,344031627.0,et
1177,2,0.0917984,0.90230286,0.003628846,0.0022698531,disp_e,344031627.0,et
1177,3,0.07458293,0.9210398,0.0023458388,0.0020313044,disp_e,344031627.0,et
1177,4,0.055361226,0.94328254,0.000891361,0.00046485016,disp_e,344031627.0,et
1177,5,0.0658823,0.9303064,0.002152803,0.0016585633,disp_e,344031627.0,et
1177,6,0.08091831,0.9148847,0.00275361,0.0014433835,disp_e,344031627.0,et
1177,7,0.028309729,0.97124434,0.00030236907,0.00014353826,disp_e,344031627.0,et
1177,8,0.044598486,0.9486726,0.002850664,0.0038782468,disp_e,344031627.0,et
1177,9,0.07683534,0.9192625,0.0023045398,0.0015976108,disp_e,344031627.0,et
1177,10,0.06956021,0.9258933,0.0027542876,0.0017923097,disp_e,344031627.0,et
7210,1,0.99888283,0.0008216553,0.000116470575,0.00017905064,disp_p,290302097.0,pu
7210,2,0.9991266,0.0007574845,6.9227535e-05,4.667964e-05,disp_p,290302097.0,pu
7210,3,0.99880135,0.0009932634,0.0001202718,8.517127e-05,disp_p,290302097.0,pu
7210,4,0.9988493,0.00091209874,0.00013176275,0.00010685247,disp_p,290302097.0,pu
7210,5,0.9992698,0.00058005407,8.5598826e-05,6.455721e-05,disp_p,290302097.0,pu
7210,6,0.99933547,0.00053312595,7.877525e-05,5.2633954e-05,disp_p,290302097.0,pu
7210,7,0.99842155,0.0012533627,0.000119454606,0.00020563534,disp_p,290302097.0,pu
7210,8,0.9993481,0.00056331174,4.9677725e-05,3.887583e-05,disp_p,290302097.0,pu
7210,9,0.99879175,0.0010424027,0.00011617465,4.968583e-05,disp_p,290302097.0,pu
7210,10,0.9994386,0.00045883324,6.972588e-05,3.2829397e-05,disp_p,290302097.0,pu
4014,1,0.9625897,0.036059204,0.00067207887,0.0006790093,disp_p,15692883.0,pu
4014,2,0.54416484,0.45376614,0.0014620181,0.0006069829,disp_e,15692883.0,pu
4014,3,0.44527143,0.5527063,0.0012445139,0.00077779713,disp_e,15692883.0,pu
4014,4,0.7930548,0.20455,0.0015840393,0.00081116305,disp_p,15692883.0,pu
4014,5,0.443098,0.55499417,0.0012947797,0.0006130638,disp_e,15692883.0,pu
4014,6,0.50151026,0.49591216,0.0018995613,0.00067800446,disp_e,15692883.0,pu
4014,7,0.8944423,0.10370733,0.0009944466,0.0008557848,disp_p,15692883.0,pu
4014,8,0.53656954,0.46164617,0.0010037482,0.00078051724,disp_e,15692883.0,pu
4014,9,0.56904685,0.4293745,0.0012093788,0.00036924804,disp_e,15692883.0,pu
4014,10,0.5303442,0.46753323,0.0015577079,0.0005647958,disp_e,15692883.0,pu
27859,1,0.82533205,0.05158393,0.008858719,0.114225306,disp_p,32449778.0,J
27859,2,0.15274863,0.81918055,0.0071956795,0.020875081,disp_e,32449778.0,J
27859,3,0.1567208,0.8208634,0.004559082,0.017856706,disp_e,32449778.0,J
27859,4,0.66760415,0.20355216,0.010785095,0.11805864,disp_p,32449778.0,J
27859,5,0.10194131,0.87472796,0.004852474,0.018478282,disp_e,32449778.0,J
27859,6,0.17153089,0.79403913,0.008596097,0.025833981,disp_e,32449778.0,J
27859,7,0.7031787,0.12526917,0.014658285,0.1568939,disp_p,32449778.0,J
27859,8,0.095984995,0.8586904,0.0072627333,0.03806199,disp_e,32449778.0,J
27859,9,0.16094024,0.8080092,0.0067059495,0.024344562,disp_e,32449778.0,J
27859,10,0.10071413,0.8741976,0.0047112,0.02037707,disp_e,32449778.0,J
4816,1,0.99825114,0.0010152465,0.00021012033,0.00052340043,disp_p,89062142.0,pu
4816,2,0.99976104,0.00021651214,1.3067978e-05,9.282293e-06,disp_p,89062142.0,pu
4816,3,0.9995364,0.0004170941,2.6740825e-05,1.9887739e-05,disp_p,89062142.0,pu
4816,4,0.99910295,0.0007827728,6.381275e-05,5.0431445e-05,disp_p,89062142.0,pu
4816,5,0.99978524,0.00017934422,2.0781894e-05,1.4720682e-05,disp_p,89062142.0,pu
4816,6,0.9998722,0.00010985741,1.1039004e-05,6.8005625e-06,disp_p,89062142.0,pu
4816,7,0.99777347,0.0016692007,0.00018253313,0.00037477305,disp_p,89062142.0,pu
4816,8,0.99976903,0.00020351373,1.5425525e-05,1.2086128e-05,disp_p,89062142.0,pu
4816,9,0.9996457,0.00032582303,2.1075663e-05,7.314362e-06,disp_p,89062142.0,pu
4816,10,0.99979824,0.00016313781,2.519166e-05,1.35119435e-05,disp_p,89062142.0,pu
6446,1,0.9976756,0.0015448359,0.0002637484,0.00051572453,disp_p,235684392.0,pu
6446,2,0.99724364,0.0025417467,0.00014392058,7.061945e-05,disp_p,235684392.0,pu
6446,3,0.99580765,0.003933985,0.00015649812,0.00010184351,disp_p,235684392.0,pu
6446,4,0.99596196,0.0035682195,0.00027389853,0.00019587361,disp_p,235684392.0,pu
6446,5,0.9964373,0.0032569456,0.00018056885,0.00012517268,disp_p,235684392.0,pu
6446,6,0.99731463,0.00242677,0.0001685147,9.0087575e-05,disp_p,235684392.0,pu
6446,7,0.9963372,0.0026912305,0.00034200374,0.000629672,disp_p,235684392.0,pu
6446,8,0.9971,0.0026602724,0.00013972908,0.00010002714,disp_p,235684392.0,pu
6446,9,0.99661213,0.003198721,0.00014183014,4.7236408e-05,disp_p,235684392.0,pu
6446,10,0.99705863,0.0026024194,0.00022478298,0.00011423442,disp_p,235684392.0,pu
9023,1,0.99444324,0.0027424952,0.00066170393,0.0021525465,disp_p,445805961.0,pu
9023,2,0.9988777,0.0010797197,2.9237757e-05,1.3251105e-05,disp_p,445805961.0,pu
9023,3,0.99652547,0.003367537,6.6463785e-05,4.0573872e-05,disp_p,445805961.0,pu
9023,4,0.9897559,0.0090042865,0.00060729834,0.000632515,disp_p,445805961.0,pu
9023,5,0.9983278,0.001600882,4.4085962e-05,2.7330292e-05,disp_p,445805961.0,pu
9023,6,0.9985482,0.0013730979,5.2744534e-05,2.5943515e-05,disp_p,445805961.0,pu
9023,7,0.9916775,0.0047269515,0.0008307664,0.0027648068,disp_p,445805961.0,pu
9023,8,0.9988017,0.0011273909,4.4124095e-05,2.6746002e-05,disp_p,445805961.0,pu
9023,9,0.99769163,0.0022521887,4.4768072e-05,1.152765e-05,disp_p,445805961.0,pu
9023,10,0.998662,0.0012389283,6.857035e-05,3.051931e-05,disp_p,445805961.0,pu
1615,1,0.01714175,0.96744186,0.0044034636,0.011012903,disp_e,435859871.0,eb
1615,2,0.04144254,0.87804145,0.014740558,0.06577546,disp_e,435859871.0,eb
1615,3,0.043225184,0.89404637,0.010680902,0.052047543,disp_e,435859871.0,eb
1615,4,0.024682466,0.9463867,0.007749842,0.021181026,disp_e,435859871.0,eb
1615,5,0.04464991,0.88527125,0.016104765,0.05397405,disp_e,435859871.0,eb
1615,6,0.03422873,0.911772,0.016035704,0.037963502,disp_e,435859871.0,eb
1615,7,0.020313874,0.958055,0.0071131345,0.014518026,disp_e,435859871.0,eb
1615,8,0.04400408,0.8548549,0.018273495,0.08286749,disp_e,435859871.0,eb
1615,9,0.026728017,0.8948292,0.013674777,0.06476806,disp_e,435859871.0,eb
1615,10,0.038850263,0.90741795,0.010902394,0.042829417,disp_e,435859871.0,eb
2125,1,0.0104258675,0.9886015,0.00026238145,0.00071028835,disp_e,160547233.0,eb
2125,2,0.0045171864,0.9925063,0.00068007945,0.0022964145,disp_e,160547233.0,eb
2125,3,0.005336712,0.99096596,0.0005834361,0.0031138842,disp_e,160547233.0,eb
2125,4,0.005321396,0.9934918,0.00020622232,0.0009804808,disp_e,160547233.0,eb
2125,5,0.003977437,0.99353796,0.0003335206,0.002151075,disp_e,160547233.0,eb
2125,6,0.0020251465,0.99679834,0.00027490922,0.0009016145,disp_e,160547233.0,eb
2125,7,0.007807264,0.9908365,0.00036181475,0.0009944332,disp_e,160547233.0,eb
2125,8,0.0022256745,0.9950707,0.00038744835,0.0023162055,disp_e,160547233.0,eb
2125,9,0.0048969816,0.991418,0.00058265193,0.0031023321,disp_e,160547233.0,eb
2125,10,0.0027714365,0.9951652,0.0002897821,0.0017736185,disp_e,160547233.0,eb
4365,1,0.13955225,0.8600621,0.00024125635,0.00014434902,disp_e,46096489.0,pu
4365,2,0.07255598,0.9255196,0.0012944642,0.0006299513,disp_e,46096489.0,pu
4365,3,0.06978082,0.9284315,0.0009416802,0.00084598473,disp_e,46096489.0,pu
4365,4,0.20848408,0.79003036,0.0010638932,0.00042164954,disp_e,46096489.0,pu
4365,5,0.06577702,0.9326431,0.0009745919,0.00060525077,disp_e,46096489.0,pu
4365,6,0.089135,0.90847105,0.0016672584,0.0007267327,disp_e,46096489.0,pu
4365,7,0.144469,0.8549883,0.00036893718,0.0001737568,disp_e,46096489.0,pu
4365,8,0.054950096,0.94326335,0.00083845615,0.00094814383,disp_e,46096489.0,pu
4365,9,0.11738765,0.8809704,0.001072824,0.0005691519,disp_e,46096489.0,pu
4365,10,0.054068204,0.944535,0.00092907797,0.0004677301,disp_e,46096489.0,pu
2690,1,0.004119214,0.9912724,0.0010588202,0.0035495898,disp_e,293165927.0,et
2690,2,0.004686724,0.9922501,0.0009827118,0.0020805434,disp_e,293165927.0,et
2690,3,0.0038400767,0.99427587,0.00045691387,0.0014272339,disp_e,293165927.0,et
2690,4,0.0063621113,0.9883266,0.0011167519,0.004194549,disp_e,293165927.0,et
2690,5,0.0046745464,0.9927711,0.0007347726,0.0018196178,disp_e,293165927.0,et
2690,6,0.0042008134,0.9922752,0.0012523722,0.0022715838,disp_e,293165927.0,et
2690,7,0.0049658255,0.98985183,0.0014444274,0.0037379742,disp_e,293165927.0,et
2690,8,0.0043454603,0.9911657,0.0010565079,0.0034323696,disp_e,293165927.0,et
2690,9,0.0032483854,0.9938956,0.00073799817,0.002117977,disp_e,293165927.0,et
2690,10,0.0048810607,0.99188316,0.00091637654,0.002319484,disp_e,293165927.0,et
2755,1,0.049874075,0.9091402,0.008724974,0.032260608,disp_e,304349901.0,eb
2755,2,0.012964999,0.97512895,0.0041756267,0.007730497,disp_e,304349901.0,eb
2755,3,0.0155431,0.97100943,0.0030971796,0.010350339,disp_e,304349901.0,eb
2755,4,0.021235812,0.95973325,0.0056401114,0.013390792,disp_e,304349901.0,eb
2755,5,0.013179668,0.97525984,0.0033145596,0.008245821,disp_e,304349901.0,eb
2755,6,0.011821175,0.9739792,0.005307947,0.00889176,disp_e,304349901.0,eb
2755,7,0.03271738,0.9413174,0.009093058,0.016872205,disp_e,304349901.0,eb
2755,8,0.0076822466,0.9821383,0.0025472578,0.0076321554,disp_e,304349901.0,eb
2755,9,0.018117124,0.96068686,0.006201926,0.014994071,disp_e,304349901.0,eb
2755,10,0.01145624,0.98044205,0.0026316878,0.0054700286,disp_e,304349901.0,eb
2795,1,0.87714523,0.11207908,0.004020505,0.0067551928,disp_p,306919011.0,eb
2795,2,0.81249106,0.15994361,0.010325561,0.017239781,disp_p,306919011.0,eb
2795,3,0.81530213,0.15646254,0.009361893,0.01887342,disp_p,306919011.0,eb
2795,4,0.9038017,0.08973478,0.0029173638,0.0035462899,disp_p,306919011.0,eb
2795,5,0.7313859,0.2339628,0.012373486,0.022277813,disp_e,306919011.0,eb
2795,6,0.8595125,0.1207868,0.007937676,0.011763024,disp_p,306919011.0,eb
2795,7,0.8733295,0.11369981,0.0046033063,0.008367328,disp_p,306919011.0,eb
2795,8,0.78953487,0.18068524,0.010705443,0.019074433,disp_p,306919011.0,eb
2795,9,0.7048567,0.264821,0.011655528,0.018666837,disp_e,306919011.0,eb
2795,10,0.8848849,0.09644163,0.00749907,0.0111744655,disp_p,306919011.0,eb
5800,1,0.900845,0.09860554,0.00031745248,0.00023201709,disp_p,170634116.0,pu
5800,2,0.934119,0.0655118,0.00026918852,0.00010005779,disp_p,170634116.0,pu
5800,3,0.79992884,0.1992909,0.0005133319,0.00026693096,disp_p,170634116.0,pu
5800,4,0.80951107,0.18942,0.00074962515,0.0003193161,disp_p,170634116.0,pu
5800,5,0.9111199,0.088520885,0.0002565505,0.000102671154,disp_p,170634116.0,pu
5800,6,0.9423469,0.057242237,0.00031627688,9.467037e-05,disp_p,170634116.0,pu
5800,7,0.8856825,0.11364838,0.00040171616,0.00026742514,disp_p,170634116.0,pu
5800,8,0.899296,0.10026232,0.0002724796,0.00016916433,disp_p,170634116.0,pu
5800,9,0.8695039,0.13009024,0.00033392146,7.187168e-05,disp_p,170634116.0,pu
5800,10,0.8978074,0.101580895,0.00048513044,0.00012648692,disp_p,170634116.0,pu
624,1,0.0011059879,0.9982522,0.00022941052,0.0004123799,disp_e,219977016.0,eb
624,2,0.0018330523,0.9969574,0.00048603347,0.0007235075,disp_e,219977016.0,eb
624,3,0.0017526087,0.997382,0.00023144133,0.0006339522,disp_e,219977016.0,eb
624,4,0.00093402516,0.9983689,0.00024439648,0.0004527596,disp_e,219977016.0,eb
624,5,0.0018505402,0.9971589,0.00034888805,0.00064170395,disp_e,219977016.0,eb
624,6,0.0011016843,0.9979583,0.0004823103,0.00045770887,disp_e,219977016.0,eb
624,7,0.0012707185,0.99805355,0.0002621048,0.00041367413,disp_e,219977016.0,eb
624,8,0.0016015058,0.99687356,0.00045921822,0.001065785,disp_e,219977016.0,eb
624,9,0.0020376837,0.996385,0.00050752185,0.0010698608,disp_e,219977016.0,eb
624,10,0.0015903753,0.99741936,0.00035310868,0.00063715596,disp_e,219977016.0,eb
10439,1,0.99989593,5.7762893e-05,1.2915466e-05,3.3367847e-05,disp_p,,
10439,2,0.99993026,5.2538417e-05,8.57671e-06,8.5558695e-06,disp_p,,
10439,3,0.9999498,4.0221552e-05,5.6714853e-06,4.1979497e-06,disp_p,,
10439,4,0.9998087,0.00014913194,2.1386659e-05,2.0816004e-05,disp_p,,
10439,5,0.99993,4.8786587e-05,8.562789e-06,1.2576886e-05,disp_p,,
10439,6,0.9999076,7.008749e-05,1.0782936e-05,1.1573203e-05,disp_p,,
10439,7,0.9998344,0.00012192022,1.2693925e-05,3.0857052e-05,disp_p,,
10439,8,0.99992764,5.633117e-05,7.932329e-06,8.091765e-06,disp_p,,
10439,9,0.999938,5.2270694e-05,6.380013e-06,3.3259084e-06,disp_p,,
10439,10,0.9999026,5.911725e-05,2.0362162e-05,1.7849776e-05,disp_p,,
1625,1,0.001692744,0.9980136,0.00013058337,0.0001630253,disp_e,441702645.0,eb
1625,2,0.0069138072,0.9908112,0.0011050039,0.0011699937,disp_e,441702645.0,eb
1625,3,0.006049334,0.9925332,0.00048230233,0.000935087,disp_e,441702645.0,eb
1625,4,0.0035137646,0.99551827,0.00044155782,0.00052649045,disp_e,441702645.0,eb
1625,5,0.006031327,0.99205434,0.00077807583,0.0011362487,disp_e,441702645.0,eb
1625,6,0.0045335027,0.9935393,0.0010582218,0.0008689359,disp_e,441702645.0,eb
1625,7,0.0019160791,0.9977329,0.00018198429,0.00016906645,disp_e,441702645.0,eb
1625,8,0.005804528,0.9918801,0.0008196326,0.0014957836,disp_e,441702645.0,eb
1625,9,0.0053043426,0.99259055,0.0008932377,0.0012118652,disp_e,441702645.0,eb
1625,10,0.006999209,0.9906572,0.0010524135,0.0012910906,disp_e,441702645.0,eb
28631,1,0.22874928,0.019259715,0.018394517,0.73359644,disp_j,5911553.0,J
28631,2,0.092449196,0.058867097,0.017068112,0.8316156,disp_j,5911553.0,J
28631,3,0.06394293,0.031716134,0.014233798,0.8901072,disp_j,5911553.0,J
28631,4,0.076420754,0.020129228,0.012475442,0.8909745,disp_j,5911553.0,J
28631,5,0.07529533,0.05719122,0.01831877,0.84919477,disp_j,5911553.0,J
28631,6,0.073543,0.025751648,0.010671418,0.890034,disp_j,5911553.0,J
28631,7,0.10783659,0.017033448,0.014360488,0.86076945,disp_j,5911553.0,J
28631,8,0.08255045,0.074390076,0.015649509,0.8274099,disp_j,5911553.0,J
28631,9,0.071874924,0.03578151,0.01207156,0.88027203,disp_j,5911553.0,J
28631,10,0.08746929,0.08421183,0.013307268,0.8150116,disp_j,5911553.0,J
9659,1,0.9752203,0.002330919,0.002160844,0.02028799,disp_p,,
9659,2,0.98429674,0.0010040898,0.00037722915,0.014321869,disp_p,,
9659,3,0.9688052,0.004442701,0.002182779,0.02456937,disp_p,,
9659,4,0.9809893,0.0020525532,0.0008362784,0.016121903,disp_p,,
9659,5,0.9866541,0.0008262098,0.00029464054,0.012225102,disp_p,,
9659,6,0.98780465,0.00047681067,0.00020475515,0.01151373,disp_p,,
9659,7,0.9719986,0.0019936517,0.001233641,0.024774075,disp_p,,
9659,8,0.97636175,0.0016215545,0.000598035,0.021418724,disp_p,,
9659,9,0.98033774,0.0020188857,0.00078272,0.01686055,disp_p,,
9659,10,0.9913954,0.0005418572,0.0003345101,0.0077282437,disp_p,,
5429,1,0.99690396,0.0026614787,0.00019391892,0.00024060844,disp_p,145910571.0,pu
5429,2,0.99935895,0.000601245,2.491138e-05,1.4906594e-05,disp_p,145910571.0,pu
5429,3,0.99839836,0.0014973811,6.4556545e-05,3.970256e-05,disp_p,145910571.0,pu
5429,4,0.99832934,0.0015212428,8.927877e-05,6.0159233e-05,disp_p,145910571.0,pu
5429,5,0.9990564,0.0008670937,4.760423e-05,2.8831217e-05,disp_p,145910571.0,pu
5429,6,0.9996043,0.0003566205,2.5576042e-05,1.3524894e-05,disp_p,145910571.0,pu
5429,7,0.9967411,0.0029109756,0.00013856363,0.00020937255,disp_p,145910571.0,pu
5429,8,0.9992655,0.00069058844,2.6575748e-05,1.7307555e-05,disp_p,145910571.0,pu
5429,9,0.9982868,0.0016294343,6.4671825e-05,1.9149235e-05,disp_p,145910571.0,pu
5429,10,0.99927753,0.00064851757,5.397323e-05,2.0053478e-05,disp_p,145910571.0,pu
2719,1,0.23520352,0.7606129,0.002102851,0.002080705,disp_e,299676849.0,eb
2719,2,0.19139586,0.7762846,0.0141022345,0.01821735,disp_e,299676849.0,eb
2719,3,0.1961831,0.7730538,0.011259521,0.019503526,disp_e,299676849.0,eb
2719,4,0.27719074,0.7156731,0.0038304352,0.0033058207,disp_e,299676849.0,eb
2719,5,0.13785197,0.83666855,0.010387622,0.0150918495,disp_e,299676849.0,eb
2719,6,0.11848828,0.8596533,0.009933332,0.011925062,disp_e,299676849.0,eb
2719,7,0.23416142,0.7606119,0.0027989594,0.002427761,disp_e,299676849.0,eb
2719,8,0.15597497,0.8142576,0.010245324,0.01952214,disp_e,299676849.0,eb
2719,9,0.18627499,0.7910139,0.010014755,0.012696417,disp_e,299676849.0,eb
2719,10,0.14836955,0.82841754,0.009566497,0.013646486,disp_e,299676849.0,eb
9317,1,0.99351656,0.0058639147,0.0002959898,0.0003235518,disp_p,900240532.0,pu
9317,2,0.9937512,0.0058253836,0.0002598006,0.00016364043,disp_p,900240532.0,pu
9317,3,0.99169284,0.007813521,0.00028865642,0.00020493905,disp_p,900240532.0,pu
9317,4,0.99449533,0.005109644,0.00024581386,0.00014919761,disp_p,900240532.0,pu
9317,5,0.99217415,0.0072624595,0.0003288775,0.00023451376,disp_p,900240532.0,pu
9317,6,0.9942729,0.0052407845,0.0003118462,0.00017450597,disp_p,900240532.0,pu
9317,7,0.9913726,0.008049885,0.00026530476,0.000312186,disp_p,900240532.0,pu
9317,8,0.9931938,0.0063909064,0.00023456031,0.0001807691,disp_p,900240532.0,pu
9317,9,0.99081516,0.0087828655,0.00028554976,0.000116325224,disp_p,900240532.0,pu
9317,10,0.9936054,0.005877339,0.00033777536,0.00017948305,disp_p,900240532.0,pu
9077,1,0.99928457,0.00043445802,8.243638e-05,0.00019859502,disp_p,452464529.0,pu
9077,2,0.99980634,0.00017659474,1.0144905e-05,6.9408843e-06,disp_p,452464529.0,pu
9077,3,0.9996698,0.00029323,2.2438247e-05,1.4639537e-05,disp_p,452464529.0,pu
9077,4,0.9995497,0.0003555383,4.7071422e-05,4.7704103e-05,disp_p,452464529.0,pu
9077,5,0.99983525,0.00013833931,1.5371417e-05,1.0980355e-05,disp_p,452464529.0,pu
9077,6,0.9998865,9.4308074e-05,1.1617013e-05,7.638666e-06,disp_p,452464529.0,pu
9077,7,0.99898356,0.00073781284,8.185167e-05,0.00019673824,disp_p,452464529.0,pu
9077,8,0.9998491,0.00013763047,7.790051e-06,5.5473397e-06,disp_p,452464529.0,pu
9077,9,0.99963033,0.0003344648,2.5740583e-05,9.493303e-06,disp_p,452464529.0,pu
9077,10,0.99985325,0.00012298838,1.6452741e-05,7.2708435e-06,disp_p,452464529.0,pu
8710,1,0.29517666,0.0009855701,0.0018325791,0.70200515,disp_j,415399713.0,pu
8710,2,0.39935434,0.0017855649,0.001195215,0.59766483,disp_j,415399713.0,pu
8710,3,0.20973271,0.00248059,0.0029389046,0.7848478,disp_j,415399713.0,pu
8710,4,0.2281293,0.0014107524,0.0016411643,0.7688188,disp_j,415399713.0,pu
8710,5,0.34322932,0.0014166805,0.0018143554,0.65353966,disp_j,415399713.0,pu
8710,6,0.2407696,0.00080604124,0.00089934596,0.757525,disp_j,415399713.0,pu
8710,7,0.22606815,0.0009764506,0.001494825,0.77146053,disp_j,415399713.0,pu
8710,8,0.15197691,0.0019299047,0.0019914277,0.84410185,disp_j,415399713.0,pu
8710,9,0.281348,0.0019442433,0.0017176936,0.7149901,disp_j,415399713.0,pu
8710,10,0.4104569,0.002139101,0.0022913516,0.58511263,disp_j,415399713.0,pu
20,1,0.06590378,0.9328055,0.0007275831,0.0005631167,disp_e,110310815.0,et
20,2,0.013973642,0.98456293,0.00090347405,0.00055998686,disp_e,110310815.0,et
20,3,0.018143136,0.9799944,0.0007873758,0.0010751267,disp_e,110310815.0,et
20,4,0.13035986,0.86281204,0.003543358,0.00328481,disp_e,110310815.0,et
20,5,0.015232621,0.9833649,0.0007944021,0.0006080078,disp_e,110310815.0,et
20,6,0.017612377,0.98029524,0.0014137727,0.00067863567,disp_e,110310815.0,et
20,7,0.07586707,0.92117393,0.0016345241,0.0013244963,disp_e,110310815.0,et
20,8,0.013144046,0.98553574,0.0005300123,0.0007902584,disp_e,110310815.0,et
20,9,0.023700645,0.97407985,0.0012107963,0.0010087038,disp_e,110310815.0,et
20,10,0.015898243,0.98302495,0.00062760455,0.00044916864,disp_e,110310815.0,et
9238,1,0.99885035,0.00048960943,0.00013886533,0.0005212126,disp_p,467158766.0,pu
9238,2,0.9993007,0.00047902155,8.750327e-05,0.00013264893,disp_p,467158766.0,pu
9238,3,0.9994937,0.00033750723,7.933316e-05,8.944054e-05,disp_p,467158766.0,pu
9238,4,0.9991844,0.00050525274,0.00013514026,0.00017516626,disp_p,467158766.0,pu
9238,5,0.9994092,0.00035030473,0.00010337754,0.00013704863,disp_p,467158766.0,pu
9238,6,0.9995166,0.00026817157,0.00010357645,0.00011162946,disp_p,467158766.0,pu
9238,7,0.9982743,0.0008349046,0.00021394061,0.00067683996,disp_p,467158766.0,pu
9238,8,0.9993297,0.0003857542,0.000120299155,0.00016421368,disp_p,467158766.0,pu
9238,9,0.999398,0.00044200063,8.0782265e-05,7.917289e-05,disp_p,467158766.0,pu
9238,10,0.99935323,0.00039243035,0.000116750896,0.00013754124,disp_p,467158766.0,pu
7725,1,0.9882387,0.011034875,0.00036601207,0.0003604324,disp_p,330795142.0,pu
7725,2,0.9844683,0.015381268,0.00011024952,4.0196883e-05,disp_p,330795142.0,pu
7725,3,0.9682989,0.031431764,0.0001877533,8.145818e-05,disp_p,330795142.0,pu
7725,4,0.9668015,0.032463137,0.00047874937,0.0002565672,disp_p,330795142.0,pu
7725,5,0.9763849,0.023426143,0.00013817797,5.0782543e-05,disp_p,330795142.0,pu
7725,6,0.98614025,0.013695105,0.00012662532,3.8067163e-05,disp_p,330795142.0,pu
7725,7,0.98357475,0.015725441,0.00034773315,0.00035203501,disp_p,330795142.0,pu
7725,8,0.9801026,0.019722708,0.000110606816,6.4019376e-05,disp_p,330795142.0,pu
7725,9,0.9683329,0.031493288,0.00014953074,2.4269506e-05,disp_p,330795142.0,pu
7725,10,0.9797696,0.019929793,0.00024210314,5.8435788e-05,disp_p,330795142.0,pu
27118,1,0.17683035,0.015134123,0.012682581,0.79535294,disp_j,218972787.0,J
27118,2,0.09083799,0.01773296,0.005167149,0.8862619,disp_j,218972787.0,J
27118,3,0.066867344,0.01766437,0.0064384746,0.9090298,disp_j,218972787.0,J
27118,4,0.08285565,0.008819577,0.0042478587,0.90407693,disp_j,218972787.0,J
27118,5,0.082872584,0.017104667,0.0051635816,0.89485914,disp_j,218972787.0,J
27118,6,0.06874622,0.0075574904,0.0027866603,0.9209096,disp_j,218972787.0,J
27118,7,0.08796847,0.00841359,0.006293644,0.8973243,disp_j,218972787.0,J
27118,8,0.074037,0.021247255,0.003883184,0.9008325,disp_j,218972787.0,J
27118,9,0.05601598,0.0111441165,0.0035371995,0.92930275,disp_j,218972787.0,J
27118,10,0.0860102,0.025805347,0.0043259594,0.8838585,disp_j,218972787.0,J
9063,1,0.9980934,0.0009700487,0.00023776498,0.00069880113,disp_p,450308346.0,pu
9063,2,0.99958366,0.00038691735,1.8305609e-05,1.1126394e-05,disp_p,450308346.0,pu
9063,3,0.9992866,0.00065011083,3.6577712e-05,2.6723335e-05,disp_p,450308346.0,pu
9063,4,0.99819857,0.0015149851,0.00014541273,0.0001411141,disp_p,450308346.0,pu
9063,5,0.99958056,0.00037461863,2.663544e-05,1.816821e-05,disp_p,450308346.0,pu
9063,6,0.99967456,0.00028841916,2.3880513e-05,1.3257263e-05,disp_p,450308346.0,pu
9063,7,0.9977005,0.0015758717,0.00022772452,0.00049583556,disp_p,450308346.0,pu
9063,8,0.9996315,0.00033324704,2.0440253e-05,1.4752539e-05,disp_p,450308346.0,pu
9063,9,0.9995005,0.00046844414,2.298566e-05,8.077587e-06,disp_p,450308346.0,pu
9063,10,0.9997286,0.00023661982,2.2900225e-05,1.1844143e-05,disp_p,450308346.0,pu
8704,1,0.99365497,0.005939666,0.00020745005,0.0001979591,disp_p,413372087.0,pu
8704,2,0.9988667,0.0010503953,5.536234e-05,2.7617582e-05,disp_p,413372087.0,pu
8704,3,0.99838567,0.0014961375,7.401054e-05,4.418731e-05,disp_p,413372087.0,pu
8704,4,0.9970497,0.0028206774,9.415214e-05,3.547439e-05,disp_p,413372087.0,pu
8704,5,0.9986638,0.0012011585,8.358372e-05,5.1492763e-05,disp_p,413372087.0,pu
8704,6,0.99892765,0.000976916,6.5221575e-05,3.0189532e-05,disp_p,413372087.0,pu
8704,7,0.99315274,0.006561399,0.00014980891,0.00013604412,disp_p,413372087.0,pu
8704,8,0.9987484,0.0011429093,6.680972e-05,4.186839e-05,disp_p,413372087.0,pu
8704,9,0.9984598,0.0014548058,6.723592e-05,1.8163717e-05,disp_p,413372087.0,pu
8704,10,0.9989685,0.0009081925,8.6068496e-05,3.7208552e-05,disp_p,413372087.0,pu
5720,1,0.9865068,0.011847191,0.00073344004,0.0009124688,disp_p,164260243.0,pu
5720,2,0.98693746,0.012889262,0.00012143265,5.1890227e-05,disp_p,164260243.0,pu
5720,3,0.9680082,0.031622283,0.00024792,0.00012169317,disp_p,164260243.0,pu
5720,4,0.9623699,0.036257233,0.00080698816,0.0005659204,disp_p,164260243.0,pu
5720,5,0.9816958,0.018091545,0.00014987355,6.282001e-05,disp_p,164260243.0,pu
5720,6,0.99136156,0.008487739,0.000110697554,3.996115e-05,disp_p,164260243.0,pu
5720,7,0.9820565,0.016355779,0.00069541734,0.0008922427,disp_p,164260243.0,pu
5720,8,0.98230815,0.017458225,0.00014702295,8.649935e-05,disp_p,164260243.0,pu
5720,9,0.9640986,0.035652373,0.0002077868,4.1331004e-05,disp_p,164260243.0,pu
5720,10,0.98532933,0.014348602,0.00025158838,7.044188e-05,disp_p,164260243.0,pu
7745,1,0.9958947,0.00354938,0.0002385134,0.00031739447,disp_p,332534326.0,pu
7745,2,0.9992631,0.0007210527,1.1146825e-05,4.5910324e-06,disp_p,332534326.0,pu
7745,3,0.9978527,0.002101524,3.1471012e-05,1.4327089e-05,disp_p,332534326.0,pu
7745,4,0.9953496,0.004387365,0.00015714653,0.00010593075,disp_p,332534326.0,pu
7745,5,0.99900925,0.0009655881,1.7497432e-05,7.638277e-06,disp_p,332534326.0,pu
7745,6,0.9994604,0.00052396196,1.1621944e-05,3.9568795e-06,disp_p,332534326.0,pu
7745,7,0.99542737,0.004112973,0.00018438147,0.00027527986,disp_p,332534326.0,pu
7745,8,0.9989642,0.0010119196,1.5615373e-05,8.33422e-06,disp_p,332534326.0,pu
7745,9,0.9978212,0.0021510501,2.3660785e-05,4.114817e-06,disp_p,332534326.0,pu
7745,10,0.99917763,0.00078243314,3.1853022e-05,8.141989e-06,disp_p,332534326.0,pu
28084,1,0.0021226418,0.004137096,0.0010853237,0.99265504,disp_j,37918491.0,
28084,2,0.0021388973,0.0026934468,0.0005377349,0.99463,disp_j,37918491.0,
28084,3,0.0028772692,0.0042696362,0.0014818887,0.99137115,disp_j,37918491.0,
28084,4,0.0015888158,0.0050823595,0.0010481206,0.99228066,disp_j,37918491.0,
28084,5,0.0022678121,0.0029226374,0.0008632792,0.9939464,disp_j,37918491.0,
28084,6,0.0038615188,0.0033955723,0.0013201395,0.9914227,disp_j,37918491.0,
28084,7,0.0013445423,0.0047735195,0.001051808,0.9928302,disp_j,37918491.0,
28084,8,0.0033919273,0.001973772,0.0010612432,0.993573,disp_j,37918491.0,
28084,9,0.0019253904,0.00214826,0.00046325702,0.9954631,disp_j,37918491.0,
28084,10,0.003834645,0.0031029077,0.00094210746,0.99212027,disp_j,37918491.0,
6183,1,0.9962656,0.0031359065,0.0002454931,0.00035307396,disp_p,214243287.0,pu
6183,2,0.9880805,0.011700971,0.00015476733,6.376497e-05,disp_p,214243287.0,pu
6183,3,0.9688108,0.030731404,0.00030509545,0.00015272465,disp_p,214243287.0,pu
6183,4,0.98368883,0.015439466,0.00051386165,0.00035790598,disp_p,214243287.0,pu
6183,5,0.98063743,0.019050814,0.0002100863,0.00010170956,disp_p,214243287.0,pu
6183,6,0.99158657,0.008171259,0.00017464935,6.7649016e-05,disp_p,214243287.0,pu
6183,7,0.99275994,0.006228407,0.0003890921,0.0006225563,disp_p,214243287.0,pu
6183,8,0.98016995,0.019492375,0.00020930398,0.00012841486,disp_p,214243287.0,pu
6183,9,0.98495805,0.014848556,0.0001558502,3.7527276e-05,disp_p,214243287.0,pu
6183,10,0.9844169,0.015162641,0.00032203685,9.841257e-05,disp_p,214243287.0,pu
3957,1,0.9978671,0.0012192536,0.00025856795,0.0006550279,disp_p,9701368.0,pu
3957,2,0.9997485,0.00024002601,7.703683e-06,3.6567951e-06,disp_p,9701368.0,pu
3957,3,0.99929976,0.0006704807,1.9550576e-05,1.0216203e-05,disp_p,9701368.0,pu
3957,4,0.99817,0.0015559525,0.00014598049,0.00012801388,disp_p,9701368.0,pu
3957,5,0.9996865,0.00028967243,1.531257e-05,8.5877045e-06,disp_p,9701368.0,pu
3957,6,0.999808,0.0001780682,9.871723e-06,4.05715e-06,disp_p,9701368.0,pu
3957,7,0.99700195,0.002028842,0.00028303784,0.000686258,disp_p,9701368.0,pu
3957,8,0.9997011,0.00028131367,1.116036e-05,6.42346e-06,disp_p,9701368.0,pu
3957,9,0.99943453,0.0005485096,1.3764133e-05,3.0977233e-06,disp_p,9701368.0,pu
3957,10,0.99968123,0.00028945386,2.1235717e-05,8.125695e-06,disp_p,9701368.0,pu
26555,1,0.0006725447,0.0018310789,0.00028308597,0.9972133,disp_j,136845362.0,
26555,2,0.0008424294,0.0013629129,0.00013214712,0.99766254,disp_j,136845362.0,
26555,3,0.00079743174,0.0020581684,0.00030609965,0.99683833,disp_j,136845362.0,
26555,4,0.00043353043,0.001173357,0.00019694777,0.9981962,disp_j,136845362.0,
26555,5,0.0009943793,0.0015288042,0.00028403744,0.9971928,disp_j,136845362.0,
26555,6,0.001128788,0.00091097056,0.0002575553,0.9977028,disp_j,136845362.0,
26555,7,0.0005836679,0.0026112534,0.00061056914,0.9961946,disp_j,136845362.0,
26555,8,0.0014986573,0.0014078596,0.00045005916,0.9966434,disp_j,136845362.0,
26555,9,0.00043697242,0.0011475311,0.00013963606,0.9982759,disp_j,136845362.0,
26555,10,0.0013620079,0.0016986515,0.00025857057,0.9966807,disp_j,136845362.0,
857,1,2.4240035e-05,0.9999641,3.1831291e-06,8.428811e-06,disp_e,279323859.0,et
857,2,0.00046157718,0.999025,0.00011786386,0.00039559367,disp_e,279323859.0,et
857,3,0.00062580383,0.99880123,6.491703e-05,0.0005080505,disp_e,279323859.0,et
857,4,8.531652e-05,0.9997521,3.127874e-05,0.00013136154,disp_e,279323859.0,et
857,5,0.0006106691,0.9987908,0.00010106402,0.00049748,disp_e,279323859.0,et
857,6,0.0005648108,0.9988734,0.00022325838,0.00033851844,disp_e,279323859.0,et
857,7,3.6252655e-05,0.99994147,5.631082e-06,1.6733326e-05,disp_e,279323859.0,et
857,8,0.0006143906,0.9986696,0.0001619451,0.00055410387,disp_e,279323859.0,et
857,9,0.00055740523,0.9982487,0.00014993692,0.0010440202,disp_e,279323859.0,et
857,10,0.00051909895,0.9990767,7.5301425e-05,0.00032886863,disp_e,279323859.0,et
7274,1,0.989801,0.0074855452,0.00085543544,0.001857986,disp_p,294691204.0,pu
7274,2,0.9961409,0.0026398303,0.00046615215,0.00075309305,disp_p,294691204.0,pu
7274,3,0.99215347,0.005630984,0.0008831521,0.0013324097,disp_p,294691204.0,pu
7274,4,0.9954027,0.0037699053,0.00043609034,0.0003912792,disp_p,294691204.0,pu
7274,5,0.9953864,0.0028154121,0.00077778945,0.0010203186,disp_p,294691204.0,pu
7274,6,0.9969554,0.0021677094,0.00044336618,0.00043343692,disp_p,294691204.0,pu
7274,7,0.98856187,0.008915767,0.00092534773,0.0015969747,disp_p,294691204.0,pu
7274,8,0.9948361,0.0032207302,0.00080212916,0.0011409946,disp_p,294691204.0,pu
7274,9,0.9938757,0.004704746,0.00068494823,0.0007346055,disp_p,294691204.0,pu
7274,10,0.9966635,0.002048245,0.0005950211,0.00069326,disp_p,294691204.0,pu
1792,1,0.047513094,0.94827396,0.0017370885,0.0024758505,disp_e,47954292.0,eb
1792,2,0.10109113,0.83983713,0.01242543,0.046646368,disp_e,47954292.0,eb
1792,3,0.11061669,0.84137094,0.008277865,0.03973457,disp_e,47954292.0,eb
1792,4,0.04305501,0.94732946,0.0035630544,0.006052506,disp_e,47954292.0,eb
1792,5,0.058847602,0.906051,0.007591109,0.027510338,disp_e,47954292.0,eb
1792,6,0.06694954,0.8998634,0.009468635,0.023718428,disp_e,47954292.0,eb
1792,7,0.034984555,0.95968604,0.0022368026,0.0030925449,disp_e,47954292.0,eb
1792,8,0.06147045,0.8782706,0.008924912,0.05133395,disp_e,47954292.0,eb
1792,9,0.07391011,0.8908414,0.0072126472,0.028035859,disp_e,47954292.0,eb
1792,10,0.077566765,0.874428,0.007092799,0.040912356,disp_e,47954292.0,eb
4443,1,0.99862194,0.0008471278,0.00016839543,0.00036254578,disp_p,53365065.0,pu
4443,2,0.99976116,0.00022830283,7.1240916e-06,3.4255058e-06,disp_p,53365065.0,pu
4443,3,0.9994261,0.00054813846,1.7254102e-05,8.516746e-06,disp_p,53365065.0,pu
4443,4,0.9985532,0.0012402687,0.00011502366,9.1498354e-05,disp_p,53365065.0,pu
4443,5,0.9997271,0.0002547282,1.1842058e-05,6.4203878e-06,disp_p,53365065.0,pu
4443,6,0.99984014,0.00014863953,8.055118e-06,3.1450993e-06,disp_p,53365065.0,pu
4443,7,0.99805474,0.0014153139,0.00016873548,0.00036126797,disp_p,53365065.0,pu
4443,8,0.9996846,0.00030009088,9.95835e-06,5.3042713e-06,disp_p,53365065.0,pu
4443,9,0.99951565,0.0004680065,1.3650211e-05,2.645909e-06,disp_p,53365065.0,pu
4443,10,0.9997271,0.00024686934,1.9795662e-05,6.262085e-06,disp_p,53365065.0,pu
1551,1,0.006700758,0.9932481,2.5951324e-05,2.5206868e-05,disp_e,411924206.0,eb
1551,2,0.0013697178,0.99821544,0.00018256907,0.0002322572,disp_e,411924206.0,eb
1551,3,0.003478996,0.9956201,0.00024013408,0.0006607345,disp_e,411924206.0,eb
1551,4,0.008417639,0.99114347,0.00015980365,0.0002790463,disp_e,411924206.0,eb
1551,5,0.0014994977,0.9980738,0.00010876442,0.00031796645,disp_e,411924206.0,eb
1551,6,0.0009691759,0.998771,0.00011999306,0.00013983915,disp_e,411924206.0,eb
1551,7,0.00900802,0.99081814,9.206482e-05,8.189321e-05,disp_e,411924206.0,eb
1551,8,0.0005316985,0.99924123,5.454329e-05,0.000172589,disp_e,411924206.0,eb
1551,9,0.0045845388,0.9944739,0.00032629227,0.00061527325,disp_e,411924206.0,eb
1551,10,0.00074367464,0.99905294,6.536975e-05,0.0001380174,disp_e,411924206.0,eb
1292,1,0.0026474255,0.9973334,1.2860639e-05,6.3513053e-06,disp_e,364872760.0,et
1292,2,0.0062224646,0.99277896,0.0005927721,0.00040584736,disp_e,364872760.0,et
1292,3,0.008554844,0.9905408,0.0003903874,0.000513884,disp_e,364872760.0,et
1292,4,0.0076474347,0.9919714,0.000261391,0.00011979216,disp_e,364872760.0,et
1292,5,0.005560093,0.9936906,0.00039026755,0.00035899092,disp_e,364872760.0,et
1292,6,0.0063111316,0.99261874,0.0006863708,0.00038375118,disp_e,364872760.0,et
1292,7,0.002805936,0.99714905,3.0473046e-05,1.4456865e-05,disp_e,364872760.0,et
1292,8,0.0042332024,0.99498403,0.00030111746,0.00048170684,disp_e,364872760.0,et
1292,9,0.009049687,0.98996335,0.000530063,0.00045691914,disp_e,364872760.0,et
1292,10,0.00585657,0.9934377,0.00040508463,0.00030055316,disp_e,364872760.0,et
7936,1,0.85085505,0.02939883,0.010518352,0.10922778,disp_p,350618622.0,pu
7936,2,0.9622325,0.016986791,0.0034662953,0.017314434,disp_p,350618622.0,pu
7936,3,0.9314365,0.02847315,0.00610783,0.033982527,disp_p,350618622.0,pu
7936,4,0.871486,0.045405373,0.00944047,0.07366809,disp_p,350618622.0,pu
7936,5,0.93228334,0.03238867,0.007465966,0.027862031,disp_p,350618622.0,pu
7936,6,0.9535448,0.02246044,0.00513075,0.018863985,disp_p,350618622.0,pu
7936,7,0.6812777,0.055214807,0.022276921,0.24123053,disp_p,350618622.0,pu
7936,8,0.7358713,0.032472048,0.01640985,0.21524678,disp_p,350618622.0,pu
7936,9,0.90813714,0.055725984,0.0069206026,0.029216273,disp_p,350618622.0,pu
7936,10,0.957125,0.015135398,0.004341615,0.023397967,disp_p,350618622.0,pu
2783,1,0.066369064,0.9221624,0.004742734,0.006725799,disp_e,306388620.0,jj
2783,2,0.04861077,0.9196847,0.011423845,0.020280745,disp_e,306388620.0,jj
2783,3,0.049167555,0.9068285,0.010257878,0.03374609,disp_e,306388620.0,jj
2783,4,0.030163337,0.9487067,0.006520029,0.014609934,disp_e,306388620.0,jj
2783,5,0.037615832,0.9339024,0.00878356,0.019698223,disp_e,306388620.0,jj
2783,6,0.0337746,0.93565613,0.010307712,0.020261621,disp_e,306388620.0,jj
2783,7,0.048560716,0.9296177,0.008121599,0.013700025,disp_e,306388620.0,jj
2783,8,0.035519816,0.9234729,0.010552951,0.030454364,disp_e,306388620.0,jj
2783,9,0.047391858,0.90527767,0.011392401,0.035938065,disp_e,306388620.0,jj
2783,10,0.053568836,0.9218505,0.0076089627,0.016971683,disp_e,306388620.0,jj
2428,1,0.032642104,0.9642476,0.0015075422,0.0016026543,disp_e,234539661.0,eb
2428,2,0.019675871,0.9733256,0.0033666657,0.0036318009,disp_e,234539661.0,eb
2428,3,0.026816336,0.96784884,0.0022604787,0.0030743782,disp_e,234539661.0,eb
2428,4,0.023779893,0.97250825,0.001854511,0.0018573154,disp_e,234539661.0,eb
2428,5,0.021386955,0.97280777,0.002637964,0.0031672867,disp_e,234539661.0,eb
2428,6,0.018589959,0.97576684,0.0028863454,0.0027569383,disp_e,234539661.0,eb
2428,7,0.021516817,0.9758682,0.0014450008,0.0011699428,disp_e,234539661.0,eb
2428,8,0.020686366,0.9694975,0.0033623015,0.0064538424,disp_e,234539661.0,eb
2428,9,0.020519989,0.9732382,0.002762064,0.0034797615,disp_e,234539661.0,eb
2428,10,0.025041964,0.96691895,0.003536547,0.004502471,disp_e,234539661.0,eb
5715,1,0.9980123,0.0016201693,0.00015157253,0.00021593523,disp_p,163260812.0,pu
5715,2,0.9994543,0.0005354235,7.5555913e-06,2.7744222e-06,disp_p,163260812.0,pu
5715,3,0.998078,0.0018926938,2.0803665e-05,8.503919e-06,disp_p,163260812.0,pu
5715,4,0.99580485,0.003930805,0.0001620563,0.000102383696,disp_p,163260812.0,pu
5715,5,0.99927455,0.00070984947,1.1195586e-05,4.3650753e-06,disp_p,163260812.0,pu
5715,6,0.99960035,0.00038944188,7.873352e-06,2.3112295e-06,disp_p,163260812.0,pu
5715,7,0.9972308,0.0023322199,0.00015678575,0.0002802054,disp_p,163260812.0,pu
5715,8,0.9992111,0.000774988,9.642931e-06,4.298022e-06,disp_p,163260812.0,pu
5715,9,0.99832886,0.001654154,1.4819175e-05,2.1294752e-06,disp_p,163260812.0,pu
5715,10,0.9993612,0.000610906,2.2887201e-05,5.041777e-06,disp_p,163260812.0,pu
7364,1,0.9809924,0.005643959,0.002071263,0.011292322,disp_p,302419660.0,pu
7364,2,0.96667796,0.013695732,0.004068645,0.015557686,disp_p,302419660.0,pu
7364,3,0.9585873,0.015280004,0.0041307504,0.022002025,disp_p,302419660.0,pu
7364,4,0.9843434,0.00589615,0.002267237,0.0074932226,disp_p,302419660.0,pu
7364,5,0.9750304,0.01253524,0.003763893,0.008670474,disp_p,302419660.0,pu
7364,6,0.9736536,0.011041035,0.003913142,0.011392277,disp_p,302419660.0,pu
7364,7,0.9721791,0.008642765,0.003325464,0.015852682,disp_p,302419660.0,pu
7364,8,0.9808468,0.009590575,0.0027310075,0.0068315505,disp_p,302419660.0,pu
7364,9,0.9690545,0.013599844,0.0036942728,0.013651373,disp_p,302419660.0,pu
7364,10,0.97423786,0.011649664,0.002783516,0.011328923,disp_p,302419660.0,pu
9510,1,0.9995715,4.2267962e-05,2.8017328e-05,0.000358225,disp_p,,
9510,2,0.9998623,2.2155038e-05,1.2424897e-05,0.00010307712,disp_p,,
9510,3,0.9999113,2.8995333e-05,1.1777188e-05,4.7902337e-05,disp_p,,
9510,4,0.99966514,0.00010059616,4.0213283e-05,0.00019413991,disp_p,,
9510,5,0.9998079,2.9842755e-05,1.6930588e-05,0.00014541416,disp_p,,
9510,6,0.9998312,3.7197347e-05,1.8504577e-05,0.000113136986,disp_p,,
9510,7,0.9995474,8.395988e-05,3.9202685e-05,0.00032935356,disp_p,,
9510,8,0.99979335,4.2559994e-05,2.9099083e-05,0.00013499649,disp_p,,
9510,9,0.99980885,5.6650017e-05,2.4633695e-05,0.00010988837,disp_p,,
9510,10,0.999741,3.1694664e-05,2.9706624e-05,0.00019754644,disp_p,,
10400,1,0.9996897,0.00011039466,3.8948063e-05,0.00016093226,disp_p,,
10400,2,0.99737525,0.00059187104,0.00016391925,0.0018689837,disp_p,,
10400,3,0.99827945,0.0011379156,0.00020276042,0.00037990292,disp_p,,
10400,4,0.99890053,0.0005950089,0.00012704979,0.00037742392,disp_p,,
10400,5,0.99692494,0.0010498922,0.00021712008,0.0018079878,disp_p,,
10400,6,0.9969863,0.0009049938,0.0001784336,0.0019303247,disp_p,,
10400,7,0.99929917,0.0003370707,8.517935e-05,0.00027855657,disp_p,,
10400,8,0.9969457,0.0013121567,0.00029451182,0.0014476681,disp_p,,
10400,9,0.9971373,0.0015499634,0.00023602428,0.0010767068,disp_p,,
10400,10,0.99683726,0.00063570286,0.00023436322,0.002292733,disp_p,,
967,1,0.99256694,0.0067809257,0.00031195162,0.00034021313,disp_p,300291839.0,eb
967,2,0.99758315,0.002319223,7.0319315e-05,2.737695e-05,disp_p,300291839.0,eb
967,3,0.99614894,0.0037118648,9.298873e-05,4.6221787e-05,disp_p,300291839.0,eb
967,4,0.9910453,0.008528748,0.00028759168,0.0001383836,disp_p,300291839.0,eb
967,5,0.9969229,0.0029403716,9.131726e-05,4.5406363e-05,disp_p,300291839.0,eb
967,6,0.99658716,0.0032924276,8.866636e-05,3.1776923e-05,disp_p,300291839.0,eb
967,7,0.9909252,0.008486743,0.0002780743,0.00031000702,disp_p,300291839.0,eb
967,8,0.99639374,0.0034645454,9.196611e-05,4.9834478e-05,disp_p,300291839.0,eb
967,9,0.9965178,0.0033982901,6.881879e-05,1.5138605e-05,disp_p,300291839.0,eb
967,10,0.9972517,0.0025609564,0.00013978897,4.759634e-05,disp_p,300291839.0,eb
28718,1,7.042087e-05,2.7512757e-14,1.9369894e-15,0.99992955,disp_j,686044669.0,J
28718,2,4.464419e-05,5.9544706e-16,2.0122725e-17,0.9999553,disp_j,686044669.0,J
28718,3,1.3560839e-06,1.04650866e-13,5.4182267e-15,0.9999987,disp_j,686044669.0,J
28718,4,6.957511e-07,3.8550485e-15,8.241031e-17,0.9999993,disp_j,686044669.0,J
28718,5,0.01342646,2.8561915e-17,6.1336984e-17,0.9865736,disp_j,686044669.0,J
28718,6,0.0008212003,1.28521335e-17,1.662858e-19,0.9991788,disp_j,686044669.0,J
28718,7,1.9622677e-08,2.2672094e-16,2.2519076e-18,1.0,disp_j,686044669.0,J
28718,8,2.158541e-06,5.6762743e-16,2.7148227e-17,0.99999785,disp_j,686044669.0,J
28718,9,1.2963252e-06,6.349036e-16,7.705013e-18,0.9999987,disp_j,686044669.0,J
28718,10,0.87058,3.1713784e-17,6.163099e-17,0.12941991,disp_p,686044669.0,J
8270,1,0.9910541,0.008012535,0.00042182038,0.00051159423,disp_p,376632626.0,pu
8270,2,0.9924043,0.0074827494,7.897044e-05,3.3954948e-05,disp_p,376632626.0,pu
8270,3,0.97823226,0.021505142,0.00017213218,9.045159e-05,disp_p,376632626.0,pu
8270,4,0.9834389,0.015851485,0.00042147405,0.0002881641,disp_p,376632626.0,pu
8270,5,0.9889866,0.010870255,9.909341e-05,4.400185e-05,disp_p,376632626.0,pu
8270,6,0.99317884,0.006701924,8.8443136e-05,3.083498e-05,disp_p,376632626.0,pu
8270,7,0.98949325,0.009722708,0.00033797347,0.00044615625,disp_p,376632626.0,pu
8270,8,0.99216545,0.007724855,6.979803e-05,3.9869636e-05,disp_p,376632626.0,pu
8270,9,0.9803858,0.01944882,0.00013572768,2.970643e-05,disp_p,376632626.0,pu
8270,10,0.9904695,0.009337365,0.00014985209,4.333685e-05,disp_p,376632626.0,pu
1519,1,0.029110843,0.95776975,0.0036171349,0.009502329,disp_e,407146722.0,et
1519,2,0.034323037,0.9526252,0.004679329,0.008372471,disp_e,407146722.0,et
1519,3,0.03121515,0.9602488,0.0023653237,0.0061706565,disp_e,407146722.0,et
1519,4,0.070462935,0.90770733,0.004791863,0.017037919,disp_e,407146722.0,et
1519,5,0.03145515,0.9548556,0.0039402633,0.009748978,disp_e,407146722.0,et
1519,6,0.049122006,0.92988855,0.0076050046,0.013384509,disp_e,407146722.0,et
1519,7,0.031225428,0.9566699,0.004193866,0.007910816,disp_e,407146722.0,et
1519,8,0.038851503,0.9429712,0.0050730975,0.013104155,disp_e,407146722.0,et
1519,9,0.02094355,0.9669443,0.0036806674,0.008431517,disp_e,407146722.0,et
1519,10,0.03563153,0.9492332,0.0049386877,0.010196598,disp_e,407146722.0,et
28291,1,0.19049937,0.0044496255,0.0072739664,0.79777706,disp_j,421340564.0,J
28291,2,0.058086284,0.008060014,0.003992181,0.9298615,disp_j,421340564.0,J
28291,3,0.04535384,0.004099678,0.004919839,0.9456267,disp_j,421340564.0,J
28291,4,0.04234391,0.0044672457,0.0035816,0.9496072,disp_j,421340564.0,J
28291,5,0.048898425,0.006179312,0.00537016,0.939552,disp_j,421340564.0,J
28291,6,0.07257723,0.004454624,0.004015921,0.91895217,disp_j,421340564.0,J
28291,7,0.06616977,0.0037276715,0.0035942823,0.9265083,disp_j,421340564.0,J
28291,8,0.04236476,0.006700086,0.0050833314,0.94585174,disp_j,421340564.0,J
28291,9,0.04118508,0.0052196747,0.0033975032,0.95019776,disp_j,421340564.0,J
28291,10,0.07016955,0.0076312367,0.003693399,0.9185058,disp_j,421340564.0,J
3876,1,0.97855544,0.020591168,0.00045924564,0.00039415775,disp_p,1528696.0,pu
3876,2,0.98078376,0.01862605,0.00040241223,0.00018774498,disp_p,1528696.0,pu
3876,3,0.9760166,0.02333983,0.00041693315,0.00022664016,disp_p,1528696.0,pu
3876,4,0.97879773,0.020559259,0.0004408361,0.00020213555,disp_p,1528696.0,pu
3876,5,0.96684384,0.032370303,0.00050594675,0.0002798218,disp_p,1528696.0,pu
3876,6,0.98059696,0.018841855,0.00040259887,0.00015852852,disp_p,1528696.0,pu
3876,7,0.97670585,0.022604525,0.00036783447,0.00032179893,disp_p,1528696.0,pu
3876,8,0.96859735,0.03066057,0.00044756784,0.0002945496,disp_p,1528696.0,pu
3876,9,0.9692662,0.030245686,0.00038303458,0.000105087085,disp_p,1528696.0,pu
3876,10,0.9766922,0.022463894,0.0006253802,0.00021854084,disp_p,1528696.0,pu
28402,1,0.00023038822,0.0007070833,0.00010324461,0.9989592,disp_j,446368071.0,
28402,2,0.00034250107,0.0005306162,3.7328333e-05,0.9990896,disp_j,446368071.0,
28402,3,0.0002896249,0.0009372873,0.00012060623,0.9986525,disp_j,446368071.0,
28402,4,0.00016189499,0.00061719597,7.91618e-05,0.9991417,disp_j,446368071.0,
28402,5,0.0003987694,0.00084873196,0.00010610459,0.99864644,disp_j,446368071.0,
28402,6,0.00036187706,0.0003295118,7.032168e-05,0.9992384,disp_j,446368071.0,
28402,7,0.00022321628,0.001138227,0.0002192758,0.9984193,disp_j,446368071.0,
28402,8,0.00046489408,0.00073343323,0.00014421619,0.99865746,disp_j,446368071.0,
28402,9,0.00019567182,0.00054255244,4.8776714e-05,0.999213,disp_j,446368071.0,
28402,10,0.0005420164,0.0006427064,7.680888e-05,0.99873847,disp_j,446368071.0,
4078,1,0.9975681,0.0016763877,0.00022426536,0.0005312088,disp_p,21505121.0,pu
4078,2,0.9968591,0.002096996,0.00035969415,0.00068420556,disp_p,21505121.0,pu
4078,3,0.99629325,0.0024474289,0.00045303092,0.000806277,disp_p,21505121.0,pu
4078,4,0.998184,0.0012673312,0.00022991346,0.00031876797,disp_p,21505121.0,pu
4078,5,0.9965953,0.001980771,0.0005077735,0.00091612374,disp_p,21505121.0,pu
4078,6,0.99791557,0.0010674612,0.00038165026,0.00063538837,disp_p,21505121.0,pu
4078,7,0.99748623,0.0018505872,0.00018834694,0.00047485353,disp_p,21505121.0,pu
4078,8,0.9972505,0.0018161375,0.00036288856,0.00057042425,disp_p,21505121.0,pu
4078,9,0.9957229,0.0029324887,0.000568761,0.00077575777,disp_p,21505121.0,pu
4078,10,0.9972109,0.0018206504,0.00039635276,0.000572094,disp_p,21505121.0,pu
7653,1,0.94223195,0.05683903,0.000532177,0.00039689837,disp_p,322862882.0,pu
7653,2,0.9637491,0.03565334,0.0004185642,0.00017903684,disp_p,322862882.0,pu
7653,3,0.94530475,0.0539249,0.0005115854,0.0002586808,disp_p,322862882.0,pu
7653,4,0.9473331,0.051879115,0.0005555122,0.00023226965,disp_p,322862882.0,pu
7653,5,0.94329274,0.055947453,0.00051015755,0.00024965,disp_p,322862882.0,pu
7653,6,0.95660204,0.04268694,0.00052392547,0.00018711468,disp_p,322862882.0,pu
7653,7,0.9436204,0.055591382,0.0004534542,0.0003347333,disp_p,322862882.0,pu
7653,8,0.94781476,0.05145377,0.00044504617,0.00028636676,disp_p,322862882.0,pu
7653,9,0.9407768,0.058690622,0.00043043177,0.00010208996,disp_p,322862882.0,pu
7653,10,0.9488071,0.050250463,0.0007053128,0.00023709286,disp_p,322862882.0,pu
501,1,0.18948272,0.8095269,0.0006268285,0.00036355443,disp_e,161041306.0,et
501,2,0.13281575,0.86456805,0.0017837523,0.0008324474,disp_e,161041306.0,et
501,3,0.0990475,0.8988202,0.0012532055,0.00087919086,disp_e,161041306.0,et
501,4,0.17468843,0.82297814,0.0015914671,0.0007420151,disp_e,161041306.0,et
501,5,0.10222732,0.89586085,0.0012115762,0.0007002057,disp_e,161041306.0,et
501,6,0.12230167,0.8747338,0.0021288702,0.0008356664,disp_e,161041306.0,et
501,7,0.13105905,0.8679601,0.0006425025,0.00033831724,disp_e,161041306.0,et
501,8,0.11678274,0.88073945,0.0012831762,0.0011947247,disp_e,161041306.0,et
501,9,0.114713155,0.8834184,0.0013343812,0.00053406,disp_e,161041306.0,et
501,10,0.1274815,0.8698663,0.0018546794,0.0007975033,disp_e,161041306.0,et
8524,1,0.98975426,0.008989809,0.0005349346,0.0007208964,disp_p,399642071.0,pu
8524,2,0.9948549,0.0043868455,0.00040112785,0.00035706206,disp_p,399642071.0,pu
8524,3,0.99221694,0.006724113,0.00053178566,0.00052718155,disp_p,399642071.0,pu
8524,4,0.987145,0.011566711,0.00071789586,0.00057040784,disp_p,399642071.0,pu
8524,5,0.9954116,0.0037437452,0.00041272744,0.0004319841,disp_p,399642071.0,pu
8524,6,0.9947747,0.0043952353,0.00046724902,0.00036278614,disp_p,399642071.0,pu
8524,7,0.9837986,0.014705322,0.0006172354,0.0008787889,disp_p,399642071.0,pu
8524,8,0.99527305,0.0040213447,0.00035438497,0.00035126047,disp_p,399642071.0,pu
8524,9,0.99265736,0.0064502885,0.00057042635,0.00032190574,disp_p,399642071.0,pu
8524,10,0.9960641,0.0032435216,0.00039858578,0.0002937271,disp_p,399642071.0,pu
8248,1,0.9965497,0.0030142022,0.00020862544,0.0002274573,disp_p,374778982.0,pu
8248,2,0.9973224,0.002298513,0.00022611543,0.00015299008,disp_p,374778982.0,pu
8248,3,0.9971288,0.0024420617,0.00024083168,0.00018831446,disp_p,374778982.0,pu
8248,4,0.9966383,0.0029709437,0.00024144202,0.0001493048,disp_p,374778982.0,pu
8248,5,0.9972549,0.0022668848,0.0002697278,0.00020852852,disp_p,374778982.0,pu
8248,6,0.99716395,0.002402293,0.00026605747,0.00016772437,disp_p,374778982.0,pu
8248,7,0.99567527,0.003932573,0.0001734097,0.00021872904,disp_p,374778982.0,pu
8248,8,0.9972084,0.0024587207,0.00018287587,0.00015002328,disp_p,374778982.0,pu
8248,9,0.99661785,0.0029992806,0.0002653858,0.00011751799,disp_p,374778982.0,pu
8248,10,0.9977543,0.001852469,0.00025020557,0.00014305448,disp_p,374778982.0,pu
9595,1,1.0,0.0,0.0,2.0729559e-26,disp_p,,
9595,2,1.0,9.74632e-38,0.0,5.287469e-24,disp_p,,
9595,3,1.0,0.0,0.0,1.2239019e-33,disp_p,,
9595,4,1.0,6.7920087e-34,0.0,1.2141193e-31,disp_p,,
9595,5,1.0,0.0,0.0,1.5316984e-21,disp_p,,
9595,6,1.0,0.0,0.0,3.2606063e-27,disp_p,,
9595,7,1.0,7.125672e-36,0.0,1.0155316e-21,disp_p,,
9595,8,1.0,0.0,0.0,0.0,disp_p,,
9595,9,1.0,0.0,0.0,1.5152508e-30,disp_p,,
9595,10,1.0,0.0,0.0,5.649531e-20,disp_p,,
10257,1,0.9995478,3.942941e-08,8.533421e-09,0.0004521324,disp_p,,
10257,2,0.9999578,2.353308e-10,5.6641236e-10,4.217882e-05,disp_p,,
10257,3,0.99944574,1.4115808e-07,1.03481085e-07,0.0005540444,disp_p,,
10257,4,0.99994624,5.444919e-07,3.1634226e-08,5.3237967e-05,disp_p,,
10257,5,0.9993944,6.991952e-08,7.2322244e-08,0.00060538197,disp_p,,
10257,6,0.9965581,5.4496687e-09,5.3936313e-09,0.0034418534,disp_p,,
10257,7,0.99987745,2.1037665e-09,1.2069861e-09,0.00012256854,disp_p,,
10257,8,0.99943024,1.7018168e-08,6.2232983e-09,0.0005697544,disp_p,,
10257,9,0.9996736,5.881714e-08,3.3677093e-08,0.0003263857,disp_p,,
10257,10,0.9998423,5.4591354e-09,1.1884406e-08,0.0001576965,disp_p,,
5585,1,0.9991002,0.00032058955,0.000102525206,0.0004767215,disp_p,154741689.0,pu
5585,2,0.9993869,0.0004214726,7.733748e-05,0.00011427307,disp_p,154741689.0,pu
5585,3,0.99902916,0.0006372954,0.00014020718,0.00019339146,disp_p,154741689.0,pu
5585,4,0.9990177,0.0006024456,0.0001541663,0.00022559288,disp_p,154741689.0,pu
5585,5,0.9994273,0.0003251088,0.00010804302,0.00013956268,disp_p,154741689.0,pu
5585,6,0.9995473,0.00026378772,8.8418186e-05,0.00010043439,disp_p,154741689.0,pu
5585,7,0.9986486,0.00069527904,0.000144611,0.00051156624,disp_p,154741689.0,pu
5585,8,0.9995396,0.0003072788,7.002669e-05,8.312213e-05,disp_p,154741689.0,pu
5585,9,0.9992981,0.000477706,0.00010970923,0.00011447703,disp_p,154741689.0,pu
5585,10,0.99964356,0.00020554705,7.234411e-05,7.8509256e-05,disp_p,154741689.0,pu
8004,1,0.9993304,0.00052776467,5.7158293e-05,8.4647545e-05,disp_p,356206412.0,pu
8004,2,0.9999131,8.306878e-05,2.567437e-06,1.167212e-06,disp_p,356206412.0,pu
8004,3,0.9998306,0.00016040697,6.063934e-06,2.8518018e-06,disp_p,356206412.0,pu
8004,4,0.99957436,0.0003823893,2.6819023e-05,1.6397471e-05,disp_p,356206412.0,pu
8004,5,0.99991965,7.4015756e-05,4.143231e-06,2.1034673e-06,disp_p,356206412.0,pu
8004,6,0.99994564,5.0517418e-05,2.7479484e-06,1.0925872e-06,disp_p,356206412.0,pu
8004,7,0.9992623,0.00062763115,3.969809e-05,7.046717e-05,disp_p,356206412.0,pu
8004,8,0.9998834,0.00011172113,3.1712918e-06,1.6578875e-06,disp_p,356206412.0,pu
8004,9,0.99983287,0.00016019637,5.8164237e-06,1.0159013e-06,disp_p,356206412.0,pu
8004,10,0.9999031,8.708634e-05,7.71898e-06,2.0518944e-06,disp_p,356206412.0,pu
1518,1,0.018017733,0.96659017,0.0039090062,0.011483124,disp_e,407146714.0,eb
1518,2,0.017465305,0.97297645,0.0035162682,0.0060419035,disp_e,407146714.0,eb
1518,3,0.019089807,0.97404885,0.0018754228,0.0049859076,disp_e,407146714.0,eb
1518,4,0.021978253,0.9657584,0.0029157216,0.00934764,disp_e,407146714.0,eb
1518,5,0.01673629,0.97300285,0.002917798,0.0073430063,disp_e,407146714.0,eb
1518,6,0.015840663,0.9728476,0.0045130234,0.0067987726,disp_e,407146714.0,eb
1518,7,0.017097762,0.971791,0.0036457996,0.007465408,disp_e,407146714.0,eb
1518,8,0.01787191,0.9677998,0.003823946,0.010504365,disp_e,407146714.0,eb
1518,9,0.013031262,0.97657007,0.0030860398,0.0073126303,disp_e,407146714.0,eb
1518,10,0.01957837,0.9683912,0.0039086803,0.008121771,disp_e,407146714.0,eb
4628,1,0.9921619,0.007103507,0.0003348425,0.00039978456,disp_p,70899085.0,pu
4628,2,0.99615127,0.003723016,8.815485e-05,3.7597416e-05,disp_p,70899085.0,pu
4628,3,0.98821706,0.011488598,0.0001911511,0.000103168546,disp_p,70899085.0,pu
4628,4,0.9846777,0.014542367,0.0005000508,0.00027995315,disp_p,70899085.0,pu
4628,5,0.99409,0.0057129334,0.00012977672,6.725053e-05,disp_p,70899085.0,pu
4628,6,0.9956533,0.00419239,0.000111976,4.237321e-05,disp_p,70899085.0,pu
4628,7,0.9900067,0.009147733,0.00037778943,0.0004678126,disp_p,70899085.0,pu
4628,8,0.994418,0.005384914,0.00012515964,7.18684e-05,disp_p,70899085.0,pu
4628,9,0.9916781,0.008174718,0.00011835308,2.8811872e-05,disp_p,70899085.0,pu
4628,10,0.9945045,0.0052303905,0.00019484063,7.030663e-05,disp_p,70899085.0,pu
10381,1,0.9894191,0.0010009196,0.0008658979,0.00871406,disp_p,,
10381,2,0.9642964,0.0019749266,0.0016613271,0.032067433,disp_p,,
10381,3,0.97064394,0.0035304471,0.002386131,0.023439424,disp_p,,
10381,4,0.98428786,0.0031834524,0.002135371,0.010393336,disp_p,,
10381,5,0.9614488,0.0023235574,0.0029890744,0.033238504,disp_p,,
10381,6,0.968874,0.0026694685,0.0024590408,0.02599749,disp_p,,
10381,7,0.9840741,0.0021826255,0.0016922824,0.012050915,disp_p,,
10381,8,0.95823514,0.0041496446,0.0038668967,0.033748228,disp_p,,
10381,9,0.96806806,0.003751054,0.0028647985,0.025316155,disp_p,,
10381,10,0.9407105,0.0033700136,0.0029248234,0.05299464,disp_p,,
7879,1,0.99721885,0.0013592714,0.00036752672,0.001054318,disp_p,347013211.0,pu
7879,2,0.99913317,0.0008037897,4.1471194e-05,2.1672258e-05,disp_p,347013211.0,pu
7879,3,0.9980963,0.0017715086,8.435391e-05,4.7838053e-05,disp_p,347013211.0,pu
7879,4,0.9971265,0.0022201007,0.00030274823,0.00035062185,disp_p,347013211.0,pu
7879,5,0.99846315,0.0014109528,7.611178e-05,4.9797545e-05,disp_p,347013211.0,pu
7879,6,0.99916077,0.0007431948,6.224981e-05,3.3759046e-05,disp_p,347013211.0,pu
7879,7,0.99628216,0.0022191484,0.00040973967,0.0010890214,disp_p,347013211.0,pu
7879,8,0.9987552,0.0011437004,6.0867278e-05,4.0255265e-05,disp_p,347013211.0,pu
7879,9,0.99837375,0.001520565,8.060349e-05,2.5040927e-05,disp_p,347013211.0,pu
7879,10,0.9988256,0.00103802,9.713538e-05,3.91495e-05,disp_p,347013211.0,pu
1797,1,0.033560604,0.95562804,0.0035550457,0.00725633,disp_e,48292396.0,eb
1797,2,0.010693852,0.98095345,0.002959042,0.0053935563,disp_e,48292396.0,eb
1797,3,0.012972008,0.9782547,0.0021806108,0.0065926723,disp_e,48292396.0,eb
1797,4,0.021185834,0.9645233,0.0041170833,0.010173785,disp_e,48292396.0,eb
1797,5,0.009842281,0.97964466,0.0026797259,0.007833367,disp_e,48292396.0,eb
1797,6,0.010524365,0.9784616,0.0036972368,0.007316722,disp_e,48292396.0,eb
1797,7,0.018957477,0.9702055,0.0040362705,0.0068007433,disp_e,48292396.0,eb
1797,8,0.0066495566,0.98116106,0.0025980533,0.009591338,disp_e,48292396.0,eb
1797,9,0.010866086,0.97808963,0.0029075053,0.0081367735,disp_e,48292396.0,eb
1797,10,0.008558661,0.98356485,0.0018922345,0.0059842835,disp_e,48292396.0,eb
6561,1,0.9987878,0.00075250806,0.00012404534,0.00033557563,disp_p,241638905.0,pu
6561,2,0.9989717,0.0007335028,0.00011183374,0.00018295759,disp_p,241638905.0,pu
6561,3,0.9981645,0.0013720697,0.00019422172,0.00026933863,disp_p,241638905.0,pu
6561,4,0.9988411,0.0008616043,0.00012885826,0.00016844942,disp_p,241638905.0,pu
6561,5,0.99902785,0.00063782994,0.00013847458,0.00019582298,disp_p,241638905.0,pu
6561,6,0.99934906,0.00041295507,0.000107379026,0.000130628,disp_p,241638905.0,pu
6561,7,0.99840766,0.0011539883,0.0001236913,0.00031475356,disp_p,241638905.0,pu
6561,8,0.9991116,0.0006591952,0.000100078214,0.00012920848,disp_p,241638905.0,pu
6561,9,0.9985057,0.0011699224,0.00017168853,0.00015273559,disp_p,241638905.0,pu
6561,10,0.99933535,0.00045073434,0.000110444926,0.000103471,disp_p,241638905.0,pu
7667,1,0.9963282,0.002373474,0.00038706878,0.00091125624,disp_p,324426685.0,pu
7667,2,0.99854964,0.0013940039,3.8595485e-05,1.7786686e-05,disp_p,324426685.0,pu
7667,3,0.9955764,0.0042949254,8.118918e-05,4.7582314e-05,disp_p,324426685.0,pu
7667,4,0.99264914,0.0065492536,0.0004338248,0.00036777108,disp_p,324426685.0,pu
7667,5,0.99802643,0.0018753845,6.108142e-05,3.708823e-05,disp_p,324426685.0,pu
7667,6,0.9985813,0.0013483516,4.9034392e-05,2.1274955e-05,disp_p,324426685.0,pu
7667,7,0.993743,0.004586831,0.0005057744,0.0011644593,disp_p,324426685.0,pu
7667,8,0.9987507,0.001187551,3.9007784e-05,2.2693617e-05,disp_p,324426685.0,pu
7667,9,0.9956707,0.0042432337,6.82998e-05,1.7870056e-05,disp_p,324426685.0,pu
7667,10,0.9982956,0.0015818491,8.509072e-05,3.74409e-05,disp_p,324426685.0,pu
3968,1,0.99777883,0.001399348,0.00022500994,0.00059680885,disp_p,10593553.0,pu
3968,2,0.9979684,0.0018803165,8.768321e-05,6.366077e-05,disp_p,10593553.0,pu
3968,3,0.99743026,0.0023416665,0.00012336143,0.00010475911,disp_p,10593553.0,pu
3968,4,0.99793553,0.0016657948,0.00018440798,0.00021428961,disp_p,10593553.0,pu
3968,5,0.99804866,0.0017329116,0.00012146777,9.69908e-05,disp_p,10593553.0,pu
3968,6,0.9982821,0.0015360196,0.000107855936,7.412053e-05,disp_p,10593553.0,pu
3968,7,0.99758196,0.0017331232,0.00020231755,0.00048260385,disp_p,10593553.0,pu
3968,8,0.99732155,0.0024841342,0.00010267301,9.164453e-05,disp_p,10593553.0,pu
3968,9,0.9976895,0.0021406831,0.000114592556,5.5259134e-05,disp_p,10593553.0,pu
3968,10,0.9979956,0.0018098891,0.0001176873,7.68735e-05,disp_p,10593553.0,pu
3102,1,0.013764019,0.007207698,0.0031880243,0.9758403,disp_j,341557177.0,eus
3102,2,0.00819827,0.0048262756,0.0009295812,0.9860458,disp_j,341557177.0,eus
3102,3,0.00633565,0.008333505,0.0019818149,0.9833491,disp_j,341557177.0,eus
3102,4,0.0066853883,0.012205747,0.002650984,0.978458,disp_j,341557177.0,eus
3102,5,0.012482219,0.007222925,0.0016559989,0.9786388,disp_j,341557177.0,eus
3102,6,0.00776562,0.0033693714,0.00090133253,0.9879637,disp_j,341557177.0,eus
3102,7,0.0072209854,0.0055338135,0.0025784273,0.9846667,disp_j,341557177.0,eus
3102,8,0.005800383,0.006510574,0.0010214078,0.9866676,disp_j,341557177.0,eus
3102,9,0.0047464734,0.0038488698,0.00077907735,0.9906256,disp_j,341557177.0,eus
3102,10,0.017253693,0.0076939324,0.001026639,0.9740258,disp_j,341557177.0,eus
8185,1,0.98835105,0.011147558,0.00026317645,0.00023821087,disp_p,370123525.0,pu
8185,2,0.99764675,0.0022804919,5.0128572e-05,2.254642e-05,disp_p,370123525.0,pu
8185,3,0.9966562,0.0032475055,6.322107e-05,3.313019e-05,disp_p,370123525.0,pu
8185,4,0.9910288,0.008728611,0.00016387523,7.868618e-05,disp_p,370123525.0,pu
8185,5,0.99662673,0.0032550711,7.9400896e-05,3.8875045e-05,disp_p,370123525.0,pu
8185,6,0.99823713,0.0017008865,4.4580152e-05,1.7377588e-05,disp_p,370123525.0,pu
8185,7,0.9858187,0.013780079,0.00020815335,0.00019311074,disp_p,370123525.0,pu
8185,8,0.9953311,0.0045505557,7.32655e-05,4.5103323e-05,disp_p,370123525.0,pu
8185,9,0.99571437,0.004210012,6.22336e-05,1.3349929e-05,disp_p,370123525.0,pu
8185,10,0.9970674,0.0027958099,0.00010228138,3.45005e-05,disp_p,370123525.0,pu
27706,1,0.00067498884,0.0017284747,0.0002583188,0.99733824,disp_j,299885013.0,
27706,2,0.0011593986,0.0023405321,0.00021058583,0.9962895,disp_j,299885013.0,
27706,3,0.0015926023,0.0028169733,0.00066642335,0.99492395,disp_j,299885013.0,
27706,4,0.0005530174,0.0016009668,0.0002533443,0.9975926,disp_j,299885013.0,
27706,5,0.001045942,0.0020084106,0.0003753753,0.9965702,disp_j,299885013.0,
27706,6,0.0016297775,0.0010334043,0.00042927024,0.99690753,disp_j,299885013.0,
27706,7,0.00057223754,0.0017969132,0.0005003097,0.9971306,disp_j,299885013.0,
27706,8,0.001323156,0.001333262,0.0005571604,0.9967865,disp_j,299885013.0,
27706,9,0.000852614,0.001133513,0.0002006784,0.9978132,disp_j,299885013.0,
27706,10,0.0022256346,0.0029590747,0.0006048478,0.9942105,disp_j,299885013.0,
2784,1,0.015496975,0.9810315,0.0013099894,0.0021615194,disp_e,306420962.0,eb
2784,2,0.014406663,0.9818553,0.0015767085,0.0021614146,disp_e,306420962.0,eb
2784,3,0.010003913,0.98781836,0.00069356593,0.0014840836,disp_e,306420962.0,eb
2784,4,0.0124451425,0.9853448,0.00084239454,0.0013676262,disp_e,306420962.0,eb
2784,5,0.012249772,0.9848317,0.0011474281,0.0017711135,disp_e,306420962.0,eb
2784,6,0.010280987,0.98715544,0.0012707637,0.0012928377,disp_e,306420962.0,eb
2784,7,0.012676395,0.9844295,0.0012552883,0.0016388717,disp_e,306420962.0,eb
2784,8,0.011660523,0.9827628,0.0017144942,0.0038620809,disp_e,306420962.0,eb
2784,9,0.009704824,0.98726684,0.0011179033,0.0019103717,disp_e,306420962.0,eb
2784,10,0.012525932,0.9840517,0.0012148775,0.0022075241,disp_e,306420962.0,eb
1146,1,0.0001573981,0.99981934,1.0136903e-05,1.3125671e-05,disp_e,339397374.0,et
1146,2,0.0017929516,0.997271,0.00038452636,0.0005514719,disp_e,339397374.0,et
1146,3,0.001746305,0.9976605,0.00017454867,0.00041866396,disp_e,339397374.0,et
1146,4,0.00051626447,0.9992737,8.448178e-05,0.00012555305,disp_e,339397374.0,et
1146,5,0.0019945158,0.9972247,0.0002838897,0.00049686385,disp_e,339397374.0,et
1146,6,0.0016692478,0.99743867,0.00045916295,0.00043293857,disp_e,339397374.0,et
1146,7,0.0002887816,0.9996668,2.1423242e-05,2.2943248e-05,disp_e,339397374.0,et
1146,8,0.0017938551,0.9970112,0.00036163424,0.0008332862,disp_e,339397374.0,et
1146,9,0.0016486697,0.99745256,0.00031630127,0.0005824643,disp_e,339397374.0,et
1146,10,0.002094346,0.9970921,0.0003081684,0.0005053407,disp_e,339397374.0,et
3477,1,0.06699167,0.9307329,0.0010442492,0.0012312817,disp_e,422284689.0,et
3477,2,0.085043184,0.9011484,0.0061608534,0.007647578,disp_e,422284689.0,et
3477,3,0.0677858,0.9215221,0.004507604,0.0061845523,disp_e,422284689.0,et
3477,4,0.061098147,0.93440855,0.0022768911,0.0022164069,disp_e,422284689.0,et
3477,5,0.070311435,0.9204116,0.003834834,0.0054422207,disp_e,422284689.0,et
3477,6,0.10303353,0.8847498,0.0064442614,0.0057724407,disp_e,422284689.0,et
3477,7,0.044808906,0.95349884,0.0010879047,0.0006043662,disp_e,422284689.0,et
3477,8,0.06583004,0.917032,0.0057704994,0.011367507,disp_e,422284689.0,et
3477,9,0.060246877,0.93030435,0.0039164857,0.0055323197,disp_e,422284689.0,et
3477,10,0.10551614,0.8822132,0.0055283643,0.006742272,disp_e,422284689.0,et
26414,1,4.9254777e-06,6.643544e-07,1.0229865e-07,0.9999943,disp_j,113126621.0,
26414,2,1.4597923e-06,2.9784118e-07,3.7093382e-09,0.99999833,disp_j,113126621.0,
26414,3,2.3648706e-06,5.0568224e-07,3.7140506e-08,0.99999714,disp_j,113126621.0,
26414,4,1.611676e-06,1.2368174e-06,8.800065e-09,0.99999714,disp_j,113126621.0,
26414,5,1.0034208e-06,3.504942e-08,1.5130588e-09,0.99999905,disp_j,113126621.0,
26414,6,4.5648417e-06,7.9612946e-08,3.888046e-09,0.99999535,disp_j,113126621.0,
26414,7,2.9002417e-06,2.99623e-07,1.2329857e-08,0.9999968,disp_j,113126621.0,
26414,8,4.4218873e-06,7.666254e-08,1.1186181e-08,0.99999547,disp_j,113126621.0,
26414,9,9.4227954e-07,1.714306e-07,3.909096e-09,0.9999989,disp_j,113126621.0,
26414,10,2.30168e-06,2.1511309e-07,1.05013305e-08,0.9999975,disp_j,113126621.0,
1303,1,0.12850058,0.8698345,0.0009007372,0.00076425215,disp_e,365725094.0,eb
1303,2,0.057070762,0.9373012,0.0031656623,0.002462352,disp_e,365725094.0,eb
1303,3,0.06789025,0.92756045,0.0020123264,0.0025369665,disp_e,365725094.0,eb
1303,4,0.10236547,0.8941443,0.0021559985,0.0013341662,disp_e,365725094.0,eb
1303,5,0.041324522,0.9545035,0.0019882568,0.0021837675,disp_e,365725094.0,eb
1303,6,0.06534997,0.92788124,0.004019803,0.0027489027,disp_e,365725094.0,eb
1303,7,0.09117503,0.90687656,0.0011686595,0.00077983586,disp_e,365725094.0,eb
1303,8,0.028224695,0.96617746,0.0019033981,0.0036944463,disp_e,365725094.0,eb
1303,9,0.07134023,0.9236485,0.0026417838,0.0023694849,disp_e,365725094.0,eb
1303,10,0.04113391,0.9543193,0.0021330395,0.0024136761,disp_e,365725094.0,eb
3624,1,0.03513834,0.93686,0.006848147,0.0211535,disp_e,450949884.0,eb
3624,2,0.037754685,0.91894585,0.012222237,0.031077249,disp_e,450949884.0,eb
3624,3,0.04207504,0.9222822,0.008020499,0.027622301,disp_e,450949884.0,eb
3624,4,0.040865585,0.9297909,0.0071087126,0.0222348,disp_e,450949884.0,eb
3624,5,0.03040516,0.92941225,0.010288326,0.02989423,disp_e,450949884.0,eb
3624,6,0.037128754,0.9154724,0.013945196,0.03345366,disp_e,450949884.0,eb
3624,7,0.025704427,0.9536195,0.007062406,0.013613624,disp_e,450949884.0,eb
3624,8,0.040560395,0.9180587,0.010701081,0.030679809,disp_e,450949884.0,eb
3624,9,0.032146003,0.9161839,0.011955684,0.03971453,disp_e,450949884.0,eb
3624,10,0.029477153,0.9381944,0.0076840045,0.024644518,disp_e,450949884.0,eb
8979,1,0.9955448,0.0016797502,0.0005536624,0.0022217757,disp_p,441587756.0,pu
8979,2,0.9949633,0.0028010723,0.00074454484,0.0014911154,disp_p,441587756.0,pu
8979,3,0.99322814,0.0038807075,0.000981118,0.0019101048,disp_p,441587756.0,pu
8979,4,0.9951717,0.0024020122,0.0007905973,0.0016356455,disp_p,441587756.0,pu
8979,5,0.9957813,0.0019558314,0.0008045235,0.0014583678,disp_p,441587756.0,pu
8979,6,0.99695516,0.0013957628,0.0005974313,0.0010516852,disp_p,441587756.0,pu
8979,7,0.9896163,0.004492412,0.0011127355,0.0047785873,disp_p,441587756.0,pu
8979,8,0.9966037,0.0017551878,0.0006161727,0.0010249106,disp_p,441587756.0,pu
8979,9,0.99378705,0.0037906393,0.0009231546,0.0014992126,disp_p,441587756.0,pu
8979,10,0.9972429,0.0015495763,0.00048071484,0.0007267863,disp_p,441587756.0,pu
9439,1,0.9832276,0.0016559028,0.0017999667,0.013316541,disp_p,,
9439,2,0.9863279,0.0018548536,0.0010034039,0.010813885,disp_p,,
9439,3,0.9802981,0.0051165484,0.003406344,0.011179011,disp_p,,
9439,4,0.9837097,0.002287587,0.0012040364,0.012798718,disp_p,,
9439,5,0.9835385,0.0021485598,0.0010704985,0.013242474,disp_p,,
9439,6,0.9883614,0.0013385646,0.0008791347,0.009420785,disp_p,,
9439,7,0.9826004,0.0018282438,0.0012939259,0.014277532,disp_p,,
9439,8,0.98579574,0.0018296775,0.0010150517,0.011359508,disp_p,,
9439,9,0.9845465,0.002623211,0.0014757412,0.011354502,disp_p,,
9439,10,0.98939884,0.0009953886,0.0010771769,0.00852854,disp_p,,
6997,1,0.99613744,0.0028608036,0.000279777,0.00072196685,disp_p,277987172.0,pu
6997,2,0.99642617,0.0023142966,0.0003910957,0.00086843997,disp_p,277987172.0,pu
6997,3,0.9949315,0.003141095,0.00055365235,0.0013736713,disp_p,277987172.0,pu
6997,4,0.9973117,0.0019362479,0.00029821054,0.00045387348,disp_p,277987172.0,pu
6997,5,0.9959966,0.002256336,0.0005889637,0.0011581092,disp_p,277987172.0,pu
6997,6,0.99669373,0.0020387575,0.0004586273,0.000808828,disp_p,277987172.0,pu
6997,7,0.9963845,0.0028290846,0.00024938598,0.000537021,disp_p,277987172.0,pu
6997,8,0.99606895,0.0026132734,0.0004621728,0.00085563597,disp_p,277987172.0,pu
6997,9,0.9960212,0.0026568938,0.0004862914,0.0008356173,disp_p,277987172.0,pu
6997,10,0.9969031,0.0018512481,0.00039425833,0.0008513227,disp_p,277987172.0,pu
10101,1,0.9997396,4.894388e-05,2.5747742e-05,0.00018569537,disp_p,,
10101,2,0.99972683,8.63122e-05,2.829411e-05,0.00015863893,disp_p,,
10101,3,0.9997987,0.0001242716,2.789967e-05,4.917158e-05,disp_p,,
10101,4,0.9994861,0.000184088,5.2526797e-05,0.00027722804,disp_p,,
10101,5,0.9994591,0.00021622494,5.35108e-05,0.000271249,disp_p,,
10101,6,0.9995371,0.00017293096,4.061046e-05,0.00024938348,disp_p,,
10101,7,0.99950564,0.00012944965,3.9380644e-05,0.00032547617,disp_p,,
10101,8,0.9994344,0.0003015861,6.96788e-05,0.00019428696,disp_p,,
10101,9,0.99971265,0.00017263535,3.2674114e-05,8.203148e-05,disp_p,,
10101,10,0.99940217,0.00013639273,6.646275e-05,0.00039502114,disp_p,,
3813,1,0.04927888,0.6018305,0.019322254,0.3295684,disp_e,467902598.0,jj
3813,2,0.03263155,0.28757474,0.014082639,0.6657111,disp_e,467902598.0,jj
3813,3,0.030569365,0.33858895,0.01755491,0.61328685,disp_e,467902598.0,jj
3813,4,0.042173516,0.4643927,0.015083443,0.4783504,disp_e,467902598.0,jj
3813,5,0.035074327,0.31791592,0.0173803,0.62962943,disp_e,467902598.0,jj
3813,6,0.024476154,0.18719715,0.018931057,0.7693957,disp_j,467902598.0,jj
3813,7,0.040675946,0.53035957,0.023556983,0.4054075,disp_e,467902598.0,jj
3813,8,0.030756619,0.2965271,0.018835343,0.65388095,disp_e,467902598.0,jj
3813,9,0.021532182,0.31202507,0.012936755,0.65350604,disp_e,467902598.0,jj
3813,10,0.02872478,0.35832357,0.015081499,0.59787023,disp_e,467902598.0,jj
9862,1,0.99972004,0.00010454806,3.6444275e-05,0.00013887494,disp_p,,
9862,2,0.9986482,0.0002448496,0.00010378089,0.0010031176,disp_p,,
9862,3,0.9988839,0.0006089129,0.00016951996,0.0003376795,disp_p,,
9862,4,0.99904364,0.00052306365,0.000117789205,0.00031549696,disp_p,,
9862,5,0.9987606,0.00039422486,0.00012935884,0.0007159636,disp_p,,
9862,6,0.9980983,0.00051331095,0.00017134442,0.0012169993,disp_p,,
9862,7,0.9995017,0.00024198243,5.8058835e-05,0.00019824984,disp_p,,
9862,8,0.9988078,0.0006437322,0.00012942134,0.00041907505,disp_p,,
9862,9,0.9983323,0.0008478494,0.00018245744,0.00063740683,disp_p,,
9862,10,0.99792296,0.00030957625,0.00018004203,0.0015874754,disp_p,,
26524,1,0.6179936,0.056365956,0.019677835,0.3059626,disp_p,129115637.0,J
26524,2,0.34833473,0.5368682,0.016489426,0.09830758,disp_e,129115637.0,J
26524,3,0.36594468,0.560991,0.012578377,0.06048593,disp_e,129115637.0,J
26524,4,0.5880901,0.16472538,0.017063012,0.23012154,disp_p,129115637.0,J
26524,5,0.21922879,0.70028865,0.011679449,0.068803035,disp_e,129115637.0,J
26524,6,0.4318306,0.44508818,0.019762283,0.103318915,disp_e,129115637.0,J
26524,7,0.554576,0.06733892,0.02015658,0.35792854,disp_p,129115637.0,J
26524,8,0.2905442,0.49714023,0.01825031,0.19406524,disp_e,129115637.0,J
26524,9,0.27426848,0.6306937,0.01358832,0.081449494,disp_e,129115637.0,J
26524,10,0.2167467,0.6969696,0.01178321,0.07450044,disp_e,129115637.0,J
5562,1,0.99544466,0.0038297921,0.00030311968,0.00042243837,disp_p,153896150.0,pu
5562,2,0.9982003,0.0016250901,0.00010813258,6.6441346e-05,disp_p,153896150.0,pu
5562,3,0.9975696,0.0021943222,0.00014176063,9.429031e-05,disp_p,153896150.0,pu
5562,4,0.9967493,0.002947331,0.00018992212,0.00011352812,disp_p,153896150.0,pu
5562,5,0.99819785,0.0015431445,0.00015486273,0.00010423378,disp_p,153896150.0,pu
5562,6,0.9984855,0.0013152617,0.00012498065,7.432727e-05,disp_p,153896150.0,pu
5562,7,0.9936241,0.0057129245,0.00027971217,0.000383319,disp_p,153896150.0,pu
5562,8,0.9984503,0.0013890878,9.4245835e-05,6.628518e-05,disp_p,153896150.0,pu
5562,9,0.99773896,0.002077806,0.00013359792,4.965443e-05,disp_p,153896150.0,pu
5562,10,0.9985318,0.0012606906,0.00013659429,7.085263e-05,disp_p,153896150.0,pu
8578,1,0.99345475,0.0058270344,0.00030988475,0.00040830884,disp_p,403507814.0,pu
8578,2,0.9958461,0.0041026776,3.6772934e-05,1.4391716e-05,disp_p,403507814.0,pu
8578,3,0.989417,0.010463241,8.043995e-05,3.9343904e-05,disp_p,403507814.0,pu
8578,4,0.98585516,0.013685382,0.00028238713,0.00017708556,disp_p,403507814.0,pu
8578,5,0.9944396,0.005490947,4.892238e-05,2.0549054e-05,disp_p,403507814.0,pu
8578,6,0.9965148,0.0034306129,4.0954026e-05,1.3607672e-05,disp_p,403507814.0,pu
8578,7,0.99079216,0.008535962,0.00028833156,0.00038364582,disp_p,403507814.0,pu
8578,8,0.9955622,0.0043821717,3.6043526e-05,1.961706e-05,disp_p,403507814.0,pu
8578,9,0.98847485,0.011446941,6.545723e-05,1.2780076e-05,disp_p,403507814.0,pu
8578,10,0.9954856,0.004412939,8.056531e-05,2.0830286e-05,disp_p,403507814.0,pu
1452,1,0.8995092,0.09552773,0.0017318256,0.0032311454,disp_p,393876901.0,eb
1452,2,0.9058394,0.090561,0.0017628184,0.0018368016,disp_p,393876901.0,eb
1452,3,0.90141565,0.094042346,0.0020093466,0.0025327243,disp_p,393876901.0,eb
1452,4,0.8822115,0.1120671,0.0024886078,0.0032328092,disp_p,393876901.0,eb
1452,5,0.8864714,0.10853128,0.0023455296,0.0026516786,disp_p,393876901.0,eb
1452,6,0.76674545,0.22739264,0.003029623,0.0028322544,disp_e,393876901.0,eb
1452,7,0.8484391,0.1438367,0.0028494918,0.0048747463,disp_p,393876901.0,eb
1452,8,0.8473942,0.14578035,0.002974368,0.0038510768,disp_p,393876901.0,eb
1452,9,0.9150949,0.08222527,0.0014644266,0.0012154601,disp_p,393876901.0,eb
1452,10,0.93133634,0.06487648,0.0019120388,0.001875079,disp_p,393876901.0,eb
9310,1,0.9977702,0.0017943118,0.00019312049,0.00024232233,disp_p,704012376.0,pu
9310,2,0.9982162,0.0015363132,0.00014181423,0.00010555084,disp_p,704012376.0,pu
9310,3,0.99743503,0.002217191,0.00019786973,0.0001499116,disp_p,704012376.0,pu
9310,4,0.9979615,0.0017054278,0.00019068392,0.00014236485,disp_p,704012376.0,pu
9310,5,0.9979711,0.0016543926,0.00020635374,0.00016812368,disp_p,704012376.0,pu
9310,6,0.9983347,0.0013438995,0.00019362986,0.00012782539,disp_p,704012376.0,pu
9310,7,0.9966562,0.002889735,0.00018458672,0.00026946564,disp_p,704012376.0,pu
9310,8,0.9983375,0.001459082,0.00011088508,9.24767e-05,disp_p,704012376.0,pu
9310,9,0.9968144,0.0027904795,0.00026350567,0.00013155401,disp_p,704012376.0,pu
9310,10,0.9986975,0.0010660597,0.00015155456,8.488673e-05,disp_p,704012376.0,pu
7603,1,0.9653095,0.033639036,0.00053678825,0.00051464804,disp_p,319735319.0,pu
7603,2,0.9953134,0.0044614905,0.00014452667,8.055153e-05,disp_p,319735319.0,pu
7603,3,0.99291635,0.0067776353,0.00018199882,0.0001240077,disp_p,319735319.0,pu
7603,4,0.98315907,0.01644461,0.00026344464,0.00013285772,disp_p,319735319.0,pu
7603,5,0.99371135,0.0059840316,0.0001875939,0.00011699694,disp_p,319735319.0,pu
7603,6,0.9959507,0.0038515336,0.00013164287,6.608154e-05,disp_p,319735319.0,pu
7603,7,0.9699237,0.029274693,0.0004071041,0.0003944855,disp_p,319735319.0,pu
7603,8,0.99469995,0.0050492226,0.00014608611,0.00010470295,disp_p,319735319.0,pu
7603,9,0.9931458,0.0066673085,0.00014210574,4.476591e-05,disp_p,319735319.0,pu
7603,10,0.9958365,0.0038572415,0.00021395352,9.233005e-05,disp_p,319735319.0,pu
6529,1,0.996635,0.0026941446,0.00030544793,0.00036543075,disp_p,239541449.0,pu
6529,2,0.99818367,0.0016681027,9.7760625e-05,5.0390572e-05,disp_p,239541449.0,pu
6529,3,0.99734664,0.0024386665,0.00013928062,7.540992e-05,disp_p,239541449.0,pu
6529,4,0.9970161,0.0026240558,0.00022475558,0.00013516874,disp_p,239541449.0,pu
6529,5,0.99779034,0.0019884566,0.00013851306,8.2683524e-05,disp_p,239541449.0,pu
6529,6,0.99847823,0.0013698948,0.000103150815,4.869564e-05,disp_p,239541449.0,pu
6529,7,0.9962005,0.003247126,0.00023700646,0.00031530586,disp_p,239541449.0,pu
6529,8,0.9975051,0.002298131,0.00012052386,7.616365e-05,disp_p,239541449.0,pu
6529,9,0.99725467,0.002580089,0.00012926188,3.607768e-05,disp_p,239541449.0,pu
6529,10,0.99822384,0.0015326225,0.00017472521,6.883793e-05,disp_p,239541449.0,pu
7649,1,0.96169966,0.009035727,0.0029056745,0.026359025,disp_p,322593401.0,pu
7649,2,0.98206276,0.0058150874,0.001967558,0.010154612,disp_p,322593401.0,pu
7649,3,0.9848573,0.005075951,0.0018400898,0.008226609,disp_p,322593401.0,pu
7649,4,0.98331416,0.0072448216,0.001976653,0.0074642757,disp_p,322593401.0,pu
7649,5,0.988425,0.0040786336,0.0018964343,0.0055999267,disp_p,322593401.0,pu
7649,6,0.9920815,0.0024922688,0.0011595488,0.0042665675,disp_p,322593401.0,pu
7649,7,0.9618325,0.012669983,0.0038275658,0.021669913,disp_p,322593401.0,pu
7649,8,0.97925264,0.007057874,0.0031546797,0.0105348425,disp_p,322593401.0,pu
7649,9,0.9753211,0.00967937,0.0027890224,0.012210561,disp_p,322593401.0,pu
7649,10,0.99351114,0.002516164,0.00084642746,0.0031262732,disp_p,322593401.0,pu
7927,1,0.960761,0.019468093,0.004092141,0.01567884,disp_p,350043412.0,pu
7927,2,0.97571987,0.014884664,0.0027341873,0.00666124,disp_p,350043412.0,pu
7927,3,0.980375,0.012141238,0.0021377841,0.005345942,disp_p,350043412.0,pu
7927,4,0.9822297,0.01236177,0.0021386342,0.0032698936,disp_p,350043412.0,pu
7927,5,0.9744641,0.01476993,0.0036399763,0.00712599,disp_p,350043412.0,pu
7927,6,0.97241306,0.020201337,0.0029390035,0.004446502,disp_p,350043412.0,pu
7927,7,0.95640486,0.024538418,0.005339762,0.0137169985,disp_p,350043412.0,pu
7927,8,0.9697767,0.014811519,0.0043356037,0.011076228,disp_p,350043412.0,pu
7927,9,0.97559094,0.016591908,0.0025505598,0.0052665607,disp_p,350043412.0,pu
7927,10,0.9780928,0.0129825035,0.0027088805,0.006215751,disp_p,350043412.0,pu
10230,1,0.9951934,0.0008644196,0.0002932882,0.0036488476,disp_p,,
10230,2,0.9887673,0.0028316735,0.0006859014,0.007715163,disp_p,,
10230,3,0.99431956,0.0027703308,0.0005840045,0.0023260433,disp_p,,
10230,4,0.98611265,0.0068376833,0.0008007895,0.006248912,disp_p,,
10230,5,0.98285896,0.007376664,0.0010220062,0.008742373,disp_p,,
10230,6,0.97510874,0.007582843,0.00108994,0.016218523,disp_p,,
10230,7,0.99174786,0.002030862,0.0005103325,0.005710896,disp_p,,
10230,8,0.9745078,0.011641245,0.0013586754,0.012492173,disp_p,,
10230,9,0.99248177,0.0034406476,0.0005158167,0.0035616714,disp_p,,
10230,10,0.9781567,0.0036764839,0.0014376896,0.01672906,disp_p,,
108,1,0.0037186006,0.99609584,0.00010404386,8.1563165e-05,disp_e,127713554.0,et
108,2,0.0032354668,0.99597317,0.00041636612,0.00037493047,disp_e,127713554.0,et
108,3,0.0043382114,0.9948172,0.00028210453,0.00056248077,disp_e,127713554.0,et
108,4,0.0026322987,0.99677,0.0002921843,0.00030548667,disp_e,127713554.0,et
108,5,0.0031599193,0.9960724,0.00035029912,0.00041737471,disp_e,127713554.0,et
108,6,0.0030433421,0.99610364,0.0005421604,0.00031089864,disp_e,127713554.0,et
108,7,0.0040401206,0.9956873,0.00015778276,0.000114829134,disp_e,127713554.0,et
108,8,0.0034924652,0.995478,0.00035091955,0.00067869347,disp_e,127713554.0,et
108,9,0.0042006965,0.99495983,0.00037203988,0.00046745254,disp_e,127713554.0,et
108,10,0.0038389592,0.9955651,0.0002777773,0.00031802076,disp_e,127713554.0,et
2159,1,0.033774916,0.9480368,0.0022682792,0.015919907,disp_e,166618539.0,eb
2159,2,0.018110555,0.9333052,0.0038867448,0.04469751,disp_e,166618539.0,eb
2159,3,0.022153933,0.93008214,0.0036523463,0.044111654,disp_e,166618539.0,eb
2159,4,0.023267983,0.9536368,0.0014046318,0.021690557,disp_e,166618539.0,eb
2159,5,0.019778902,0.94096404,0.0022596589,0.0369974,disp_e,166618539.0,eb
2159,6,0.014268659,0.95611066,0.0023525502,0.0272681,disp_e,166618539.0,eb
2159,7,0.03715697,0.9426542,0.0027491571,0.017439602,disp_e,166618539.0,eb
2159,8,0.014266891,0.9490123,0.0028813232,0.033839505,disp_e,166618539.0,eb
2159,9,0.01704807,0.9171542,0.0036128233,0.062184885,disp_e,166618539.0,eb
2159,10,0.012339704,0.9544747,0.001958194,0.031227425,disp_e,166618539.0,eb
7598,1,0.9980129,0.0010482611,0.00023998345,0.0006988361,disp_p,319294834.0,pu
7598,2,0.998367,0.001230943,0.00017452442,0.00022762515,disp_p,319294834.0,pu
7598,3,0.9976205,0.0018065159,0.000256113,0.00031676085,disp_p,319294834.0,pu
7598,4,0.9984024,0.0012126407,0.00018780646,0.00019715686,disp_p,319294834.0,pu
7598,5,0.99826604,0.001189551,0.00024208141,0.00030238973,disp_p,319294834.0,pu
7598,6,0.99876714,0.0008042868,0.00020706402,0.00022158508,disp_p,319294834.0,pu
7598,7,0.9969502,0.0019569858,0.0003293629,0.00076348,disp_p,319294834.0,pu
7598,8,0.9983038,0.0013035008,0.00018109489,0.00021156714,disp_p,319294834.0,pu
7598,9,0.99832827,0.0013096116,0.00019612884,0.00016602056,disp_p,319294834.0,pu
7598,10,0.99848074,0.0010552878,0.00022530719,0.00023861427,disp_p,319294834.0,pu
6032,1,0.99335563,0.0056700753,0.00043745965,0.00053692964,disp_p,193641523.0,pu
6032,2,0.9902503,0.008911308,0.00048763788,0.00035081516,disp_p,193641523.0,pu
6032,3,0.9899929,0.009185796,0.0004799917,0.00034135877,disp_p,193641523.0,pu
6032,4,0.99365085,0.0056586317,0.00039988273,0.0002905816,disp_p,193641523.0,pu
6032,5,0.98809403,0.010861983,0.0005892432,0.00045479505,disp_p,193641523.0,pu
6032,6,0.9913475,0.0077290605,0.00055028306,0.0003732073,disp_p,193641523.0,pu
6032,7,0.9924746,0.006612989,0.00038428337,0.0005280418,disp_p,193641523.0,pu
6032,8,0.9864666,0.012551631,0.00055220164,0.00042958514,disp_p,193641523.0,pu
6032,9,0.9848813,0.014289107,0.0005751117,0.00025458052,disp_p,193641523.0,pu
6032,10,0.9908159,0.008279803,0.0005938803,0.0003103692,disp_p,193641523.0,pu
7498,1,0.96452653,0.021029461,0.004044338,0.010399705,disp_p,311130133.0,pu
7498,2,0.9384008,0.032776743,0.008649446,0.020172963,disp_p,311130133.0,pu
7498,3,0.94208413,0.03536477,0.0072172703,0.015333825,disp_p,311130133.0,pu
7498,4,0.9535103,0.026675897,0.0066590942,0.013154764,disp_p,311130133.0,pu
7498,5,0.9451896,0.026654689,0.008808198,0.01934754,disp_p,311130133.0,pu
7498,6,0.9606044,0.021292899,0.00620872,0.011893961,disp_p,311130133.0,pu
7498,7,0.94828737,0.02865906,0.0060826084,0.016970994,disp_p,311130133.0,pu
7498,8,0.9257806,0.036363553,0.01123254,0.026623355,disp_p,311130133.0,pu
7498,9,0.93000555,0.04523903,0.008705076,0.016050413,disp_p,311130133.0,pu
7498,10,0.9577217,0.026612328,0.005251579,0.010414378,disp_p,311130133.0,pu
28512,1,0.5641803,0.2128312,0.017710844,0.20527765,disp_p,469970443.0,J
28512,2,0.2764683,0.058374982,0.011151525,0.65400517,disp_j,469970443.0,J
28512,3,0.1759724,0.04676401,0.015088375,0.7621752,disp_j,469970443.0,J
28512,4,0.3666997,0.2904452,0.0149540575,0.3279011,disp_e,469970443.0,J
28512,5,0.20222124,0.05916872,0.013749037,0.72486097,disp_j,469970443.0,J
28512,6,0.21802168,0.08829618,0.012398797,0.6812833,disp_j,469970443.0,J
28512,7,0.39009947,0.16012305,0.027159387,0.4226181,disp_j,469970443.0,J
28512,8,0.10592751,0.035964333,0.010031077,0.848077,disp_j,469970443.0,J
28512,9,0.18758881,0.049609363,0.011266256,0.75153553,disp_j,469970443.0,J
28512,10,0.27099547,0.07449257,0.011241606,0.6432703,disp_j,469970443.0,J
2677,1,0.781312,0.2118593,0.002879492,0.0039491183,disp_p,289431048.0,eb
2677,2,0.8742355,0.11352944,0.0048980014,0.0073371045,disp_p,289431048.0,eb
2677,3,0.8841099,0.104540564,0.003854199,0.007495361,disp_p,289431048.0,eb
2677,4,0.8981085,0.09772469,0.002075348,0.0020915596,disp_p,289431048.0,eb
2677,5,0.81152123,0.16973048,0.0074170544,0.011331244,disp_p,289431048.0,eb
2677,6,0.8631924,0.124132805,0.005592686,0.0070821736,disp_p,289431048.0,eb
2677,7,0.80046505,0.19131501,0.0031428032,0.005077076,disp_p,289431048.0,eb
2677,8,0.8081739,0.1721283,0.007420769,0.012277073,disp_p,289431048.0,eb
2677,9,0.7852943,0.20139204,0.0056785275,0.007635106,disp_p,289431048.0,eb
2677,10,0.9114009,0.07800296,0.003860509,0.0067356606,disp_p,289431048.0,eb
734,1,0.9800178,0.011686903,0.0015225697,0.006772758,disp_p,257642093.0,pb
734,2,0.9530313,0.044586796,0.0011870505,0.0011949473,disp_p,257642093.0,pb
734,3,0.89589787,0.09999577,0.0018646906,0.0022416636,disp_p,257642093.0,pb
734,4,0.9595696,0.033576295,0.0022926005,0.004561516,disp_p,257642093.0,pb
734,5,0.94532055,0.051831555,0.0013864721,0.0014614987,disp_p,257642093.0,pb
734,6,0.9471662,0.04885703,0.0020349943,0.0019417218,disp_p,257642093.0,pb
734,7,0.95979387,0.027294537,0.0030487843,0.009862879,disp_p,257642093.0,pb
734,8,0.93926513,0.05775633,0.0014001931,0.0015783696,disp_p,257642093.0,pb
734,9,0.90490407,0.09197214,0.0017681991,0.0013557111,disp_p,257642093.0,pb
734,10,0.9559246,0.04144968,0.001392233,0.0012336053,disp_p,257642093.0,pb
6291,1,0.9820102,0.017247664,0.0004166883,0.00032548208,disp_p,229490898.0,pu
6291,2,0.99654084,0.0033328258,8.937698e-05,3.701431e-05,disp_p,229490898.0,pu
6291,3,0.9936243,0.0061660297,0.0001408804,6.877312e-05,disp_p,229490898.0,pu
6291,4,0.9871481,0.012529066,0.0002341528,8.868355e-05,disp_p,229490898.0,pu
6291,5,0.9941387,0.005659766,0.00013698716,6.45519e-05,disp_p,229490898.0,pu
6291,6,0.99589854,0.0039598583,0.00010421111,3.7289534e-05,disp_p,229490898.0,pu
6291,7,0.975588,0.023862237,0.00030881303,0.0002410294,disp_p,229490898.0,pu
6291,8,0.99314827,0.006664932,0.00011871553,6.810526e-05,disp_p,229490898.0,pu
6291,9,0.991943,0.007898344,0.00013105202,2.7643919e-05,disp_p,229490898.0,pu
6291,10,0.99597037,0.0038109217,0.00016787769,5.0867144e-05,disp_p,229490898.0,pu
6903,1,0.9962722,0.003350164,0.00018381132,0.0001938367,disp_p,271307949.0,pu
6903,2,0.9990484,0.0009091339,2.9485518e-05,1.2914861e-05,disp_p,271307949.0,pu
6903,3,0.9986041,0.0013360722,4.0486862e-05,1.9334117e-05,disp_p,271307949.0,pu
6903,4,0.996271,0.0035425432,0.00012802685,5.8348312e-05,disp_p,271307949.0,pu
6903,5,0.99872154,0.001212982,4.3536973e-05,2.1926324e-05,disp_p,271307949.0,pu
6903,6,0.99909043,0.0008631004,3.379561e-05,1.2629353e-05,disp_p,271307949.0,pu
6903,7,0.99567753,0.0040587042,0.00012238914,0.00014136347,disp_p,271307949.0,pu
6903,8,0.99834394,0.0015886374,4.348641e-05,2.4025212e-05,disp_p,271307949.0,pu
6903,9,0.99841,0.0015463387,3.6104495e-05,7.5750045e-06,disp_p,271307949.0,pu
6903,10,0.99886405,0.0010468144,6.785958e-05,2.1236094e-05,disp_p,271307949.0,pu
10316,1,0.9238549,0.003760181,0.0049534263,0.06743147,disp_p,,
10316,2,0.9280357,0.0077595273,0.003709122,0.060495745,disp_p,,
10316,3,0.90221894,0.012005367,0.008783136,0.07699258,disp_p,,
10316,4,0.9501093,0.0054375627,0.0028133378,0.04163984,disp_p,,
10316,5,0.9458052,0.004707466,0.0021006127,0.047386747,disp_p,,
10316,6,0.9344836,0.0030699044,0.0018596951,0.060586795,disp_p,,
10316,7,0.936858,0.003496188,0.0027210703,0.05692475,disp_p,,
10316,8,0.92997664,0.0056694676,0.0032642477,0.06108961,disp_p,,
10316,9,0.91706306,0.006271505,0.0037587709,0.07290666,disp_p,,
10316,10,0.9522693,0.0041275136,0.0029866311,0.04061656,disp_p,,
28774,1,0.00020444178,6.088781e-05,5.454888e-05,0.99968016,disp_j,74195235.0,J
28774,2,0.00061193574,1.9472147e-05,1.2524831e-05,0.9993561,disp_j,74195235.0,J
28774,3,0.00035192166,1.7587807e-05,3.2301457e-05,0.9995982,disp_j,74195235.0,J
28774,4,0.0004982955,0.00010347234,5.274327e-05,0.9993455,disp_j,74195235.0,J
28774,5,0.00052955106,2.5877363e-05,3.0482499e-05,0.9994141,disp_j,74195235.0,J
28774,6,0.00066084863,3.0357545e-05,1.9591113e-05,0.99928916,disp_j,74195235.0,J
28774,7,0.0001849176,0.00010843574,5.2026895e-05,0.99965465,disp_j,74195235.0,J
28774,8,0.00022417746,1.33405265e-05,1.822636e-05,0.99974424,disp_j,74195235.0,J
28774,9,0.0012773405,2.2706346e-05,1.973851e-05,0.9986802,disp_j,74195235.0,J
28774,10,0.0011595911,3.0425013e-05,2.2105874e-05,0.9987878,disp_j,74195235.0,J
